row_index,source_id,company,comment,segment,reason,referenced_text
0,YouTube:0,YouTube,docu 1-3,docu 1-3,documentary_note,"Your use of the Service is subject to these terms, the YouTube Community Guidelines andthe Policy, Safety and Copyright Policies (together, the ""Agreement""). Your Agreement with us will also include the Advertising on YouTube Policies if you provide advertising or sponsorships to the Service or incorporate paid promotions in your Content."
1,YouTube:1,YouTube,uncle,uncle,unclear_or_legal_savings_fragment,as permitted by applicable law;
2,YouTube:2,YouTube,docu 4,docu 4,documentary_note,run contests on or through the Service that do not comply with YouTube’s contest policies and guidelines;
4,YouTube:4,YouTube,uncle,uncle,unclear_or_legal_savings_fragment,"operability issues. We’ll also provide you with an opportunity to export your Content using Google Takeout, subject to applicable law and policies."
7,YouTube:7,YouTube,cnt_del 0; cnt_modr 0,cnt_modr 0,unknown_code_or_free_text,"If we reasonably believe that any of your Content (1) is in breach of this Agreement or (2) may cause harm to YouTube, our users, or third parties, we reserve the right to remove or take down some or all of such Content. We will notify you with the reason for our action unless we reasonably believe that to do so: (a) would violate the law or the direction of a legal enforcement authority, or would otherwise risk legal liability for YouTube or our Afﬁliates; (b) would compromise an investigation or the integrity or operation of the Service; or (c) would cause harm to any user, other third party, YouTube or our Afﬁliates. You can learn more about reporting and enforcement, including how to appeal on the Troubleshooting page of our Help Center."
8,YouTube:8,YouTube,docu 5 ,docu 5,documentary_note,Community Guidelines Strikes Basics 
10,YouTube:10,YouTube,uncle,uncle,unclear_or_legal_savings_fragment,"To the extent permitted by applicable law,"
12,YouTube:12,YouTube,uncle,uncle,unclear_or_legal_savings_fragment,to the extent permitted by applicable law
14,YouTube:14,YouTube,contr_chg 0; „how we do business”,„how we do business”,unknown_code_or_free_text,"We may change this Agreement (1) to reﬂect changes to our Service or how we do business - for example, when we add new products or features or remove old ones, (2) for legal, regulatory, or security reasons, or (3) to prevent abuse or harm."
17,SQUARE ENIX:0,SQUARE ENIX,docu 1,docu 1,documentary_note,"Additional Terms, and you acknowledge that you have read and understand the Square Enix Privacy Notice. If you do not agree to these Terms of Service or any Additional"
19,SQUARE ENIX:2,SQUARE ENIX,uncle 1,uncle 1,unclear_or_legal_savings_fragment,except to the extent enforcement of the foregoing is prohibited by applicable law
20,SQUARE ENIX:3,SQUARE ENIX,uncle 2,uncle 2,unclear_or_legal_savings_fragment,as may be required by law
22,SQUARE ENIX:5,SQUARE ENIX,virtu,virtu,unknown_code_or_free_text,"Square Enix may allow you to use “Virtual Credits” to redeem certain digital items and online services. Virtual Credits may have different names, such as, “Crysta®,” “coins,” “points,” or “gold.” Virtual Credits are not currency or property and have no monetary value. Square Enix retains all ownership of Virtual Credits and has the absolute right to manage and change Virtual Credits and all licenses for digital items and services redeemed using Virtual Credits. Your use of Virtual Credits is subject to a personal, non- commercial, non-exclusive, non-assignable, non-sublicensable, non-transferable, cancelable license. Except where explicitly authorized by Square Enix, exchanging, seeking to exchange, or facilitating the exchanging of Virtual Credits or other virtual items for money or any other form of property is strictly forbidden and considered a breach of these Terms of Service."
24,SQUARE ENIX:8,SQUARE ENIX,uncle 3,uncle 3,unclear_or_legal_savings_fragment,Except as where may be required by law
25,SQUARE ENIX:6,SQUARE ENIX,virtu,virtu,unknown_code_or_free_text,"Where permitted by Square Enix, you may add Virtual Credits to an Account by using the applicable payment methods for the platform you are using to access the Services.Square Enix reserves the right to adjust the price for Virtual Credits at any time, in its sole discretion, without notice or reimbursement. You are responsible for the payment of any taxes or other charges relating to the purchase or redemption of Virtual Credits. Except as where may be required by law, you have no right to receive a refund for unused Virtual Credits."
26,SQUARE ENIX:9,SQUARE ENIX,docu 2,docu 2,documentary_note,Terms and Conditions of Sale
27,SQUARE ENIX:10,SQUARE ENIX,uncle 4,uncle 4,unclear_or_legal_savings_fragment,without affecting your rights as a consumer under local law
28,SQUARE ENIX:11,SQUARE ENIX,pato,pato,unknown_code_or_free_text,"If you place an order with Square Enix, we may, solely in our discretion, reject your order or limit the quantity of products you may purchase. "
29,SQUARE ENIX:12,SQUARE ENIX,uncle 5,uncle 5,unclear_or_legal_savings_fragment,Subject to your local law
30,SQUARE ENIX:13,SQUARE ENIX,uncle 6,uncle 6,unclear_or_legal_savings_fragment,NOTHING IN THESE TERMS OF SERVICE AFFECTS YOUR RIGHTS AS A CONSUMER UNDER LOCAL LAW
31,SQUARE ENIX:14,SQUARE ENIX,uncle 7,uncle 7,unclear_or_legal_savings_fragment,Subject to your local law
32,SQUARE ENIX:15,SQUARE ENIX,ip -1; shad_ip,shad_ip,unknown_code_or_free_text,"you grant Square Enix the unrestricted, worldwide, irrevocable, perpetual, and cost-free right to use, copy, modify, distribute, disclose, sell, sublicense, display, publicly perform, publish, broadcast, translate, make derivative works of, promote, and otherwise exploit your User-Generated Content without any compensation, notice, or attribution to you, and to allow other third parties to do the same. "
33,SQUARE ENIX:16,SQUARE ENIX,uncle 8,uncle 8,unclear_or_legal_savings_fragment,To the maximum extent permitted by your local law
34,SQUARE ENIX:17,SQUARE ENIX,shad_ip; against Art. 16 of the Polish Law on copyright and related rights,shad_ip,unknown_code_or_free_text,"To the maximum extent permitted by your local law, you waive any moral rights you have in User-Generated Content."
34,SQUARE ENIX:17,SQUARE ENIX,shad_ip; against Art. 16 of the Polish Law on copyright and related rights,against Art. 16 of the Polish Law on copyright and related rights,unknown_code_or_free_text,"To the maximum extent permitted by your local law, you waive any moral rights you have in User-Generated Content."
35,SQUARE ENIX:18,SQUARE ENIX,cnt_del -1; cnt_modr 0,cnt_modr 0,unknown_code_or_free_text,"Square Enix may—but does not have an obligation to—delete, remove, edit, or refuse to post User-Generated Content in our sole discretion. We do not accept any liability for removing, or not removing, any User-Generated Content."
36,SQUARE ENIX:19,SQUARE ENIX,uncle 9,uncle 9,unclear_or_legal_savings_fragment,To the extent that any maintenance or support is required under applicable law
37,SQUARE ENIX:20,SQUARE ENIX,uncle 10,uncle 10,unclear_or_legal_savings_fragment,and/or cannot be disclaimed under applicable law
38,SQUARE ENIX:21,SQUARE ENIX,uncle 11,uncle 11,unclear_or_legal_savings_fragment,To the maximum extent permitted by applicable law
39,SQUARE ENIX:22,SQUARE ENIX,uncle 12,uncle 12,unclear_or_legal_savings_fragment,To the maximum extent allowed by applicable law
40,SQUARE ENIX:23,SQUARE ENIX,docu 3,docu 3,documentary_note,PlayStation™Network Terms of Service 
41,SQUARE ENIX:24,SQUARE ENIX,docu 4,docu 4,documentary_note,User Agreement
43,SQUARE ENIX:26,SQUARE ENIX,uncle 13,uncle 13,unclear_or_legal_savings_fragment,or except where otherwise prohibited by your local law
45,SQUARE ENIX:28,SQUARE ENIX,uncle 14,uncle 14,unclear_or_legal_savings_fragment,TO THE MAXIMUM EXTENT PERMITTED BY LAW
46,SQUARE ENIX:29,SQUARE ENIX,uncle 15,uncle 15,unclear_or_legal_savings_fragment,"SOME JURISDICTIONS LIMIT OR DO NOT ALLOW THE DISCLAIMER OF IMPLIED OR OTHER WARRANTIES, IN WHICH CASE THE FOREGOING DISCLAIMERS MAY NOT APPLY TO YOU"
47,SQUARE ENIX:30,SQUARE ENIX,uncle 16,uncle 16,unclear_or_legal_savings_fragment,IN A JURISDICTION THAT PROVIDES STATUTORY OR OTHER GUARANTEES UNDER APPLICABLE LAW
48,SQUARE ENIX:31,SQUARE ENIX,uncle 17,uncle 17,unclear_or_legal_savings_fragment,TO THE FULLEST EXTENT PERMITTED BY APPLICABLE LAW
50,SQUARE ENIX:33,SQUARE ENIX,uncle 18,uncle 18,unclear_or_legal_savings_fragment,TO THE FULLEST EXTENT PERMITTED BY APPLICABLE LAW
52,SQUARE ENIX:35,SQUARE ENIX,uncle 19,uncle 19,unclear_or_legal_savings_fragment,"NOTHING IN THESE TERMS AFFECTS YOUR LEGAL RIGHTS IN YOUR PLACE OF RESIDENCE. IN THE EVENT OF A CONFLICT BETWEEN YOUR RIGHTS UNDER APPLICABLE LOCAL LAW AND THESE TERMS OF SERVICE, YOUR RIGHTS UNDER APPLICABLE LOCAL LAW WILL PREVAIL."
53,SQUARE ENIX:36,SQUARE ENIX,uncle 20,uncle 20,unclear_or_legal_savings_fragment,"If you are located in the European Union, or in another jurisdiction that does not allow the exclusion or limitation of incidental or consequential damages of the sort that are described in this Section 16, then such exclusions and limitations may not apply to you."
54,SQUARE ENIX:37,SQUARE ENIX,uncle 21,uncle 21,unclear_or_legal_savings_fragment,breach of any term implied by applicable law 
55,SQUARE ENIX:38,SQUARE ENIX,uncle 22,uncle 22,unclear_or_legal_savings_fragment,"any other liability that, by law, may not be limited or excluded"
56,SQUARE ENIX:39,SQUARE ENIX,pato,pato,unknown_code_or_free_text,"IF YOU CLAIM TO HAVE INCURRED ANY LOSSES, DAMAGES, OR INJURIES, THEY WILL NOT BE IRREPARABLE OR SUFFICIENT TO ENTITLE YOU TO AN INJUNCTION OR OTHER EQUITABLE RELIEF. THIS MEANS THAT, IN CONNECTION WITH YOUR CLAIM, YOU AGREE THAT YOU WILL NOT SEEK ANY COURT OR OTHER ACTION THAT MAY INTERFERE WITH OR PREVENT THE DEVELOPMENT OR EXPLOITATION OF ANY PRODUCT, GAME, SERVICE, OR OTHER INTELLECTUAL PROPERTY OWNED, LICENSED, USED, OR CONTROLLED BY SQUARE ENIX."
57,SQUARE ENIX:41,SQUARE ENIX,uncle 23,uncle 23,unclear_or_legal_savings_fragment,subject to applicable law
59,SQUARE ENIX:43,SQUARE ENIX,uncle 24,uncle 24,unclear_or_legal_savings_fragment,"except that if you live in a country of the European Union other than England (which, for the purpose of this paragraph, includes Scotland and Northern Ireland) there may be certain mandatory applicable laws of your country that apply for your beneﬁt and protection in addition to or instead of certain provisions of English law"
61,SQUARE ENIX:44,SQUARE ENIX,ind 0,ind 0,unknown_code_or_free_text,". You agree to defend, indemnify, reimburse, and hold harmless the Square Enix Parties from and against any and all claims, demands, losses, liabilities, or expenses (including attorneys’ fees) incurred in connection with your User-Generated Content, use of the Services, violation of these Terms of Service, or violation of any person or entity’s intellectual property rights or other rights. We retain the exclusive right to assume the defense and control of any matter that is otherwise subject to indemniﬁcation by you under this paragraph, and you agree to cooperate with Square Enix in asserting any available defenses"
63,SQUARE ENIX:46,SQUARE ENIX,uncle 25,uncle 25,unclear_or_legal_savings_fragment,To the extent permitted by applicable law
64,SQUARE ENIX:47,SQUARE ENIX,pato,pato,unknown_code_or_free_text,"To the extent permitted by applicable law, you waive any rights under applicable statutory or common law that may permit a contract to be construed against its drafter."
65,SQUARE ENIX:48,SQUARE ENIX,inter -1,inter -1,unknown_code_or_free_text,"To the extent permitted by applicable law, you waive any rights under applicable statutory or common law that may permit a contract to be construed against its drafter. "
66,SQUARE ENIX:49,SQUARE ENIX,uncle 26,uncle 26,unclear_or_legal_savings_fragment,Subject to applicable law
67,SQUARE ENIX:50,SQUARE ENIX,uncle 27,uncle 27,unclear_or_legal_savings_fragment,unless prohibited by law
69,SQUARE ENIX:52,SQUARE ENIX,docu 5,docu 5,documentary_note,Additional Terms
70,Vinted:0,Vinted,docu 1,docu 1,documentary_note,Polityką Prywatności 
71,Vinted:1,Vinted,what,what,unknown_code_or_free_text,Witryna umożliwia Użytkownikowi wymianę i/lub sprzedaż i/lub zakup Przedmiotów oraz korzystania z innych Usług Dodatkowych oferowanych przez Witrynę.
73,Vinted:3,Vinted,docu 2,docu 2,documentary_note,zasad korzystania z Katalogu 
74,Vinted:4,Vinted,docu 3,docu 3,documentary_note,tutaj;
75,Vinted:5,Vinted,docu 4,docu 4,documentary_note,ceny płatnych Usług VINTED
76,Vinted:6,Vinted,docu 5,docu 5,documentary_note,dokument 
77,Vinted:7,Vinted,what,what,unknown_code_or_free_text,"Usługi Główne – oznaczają oferowaną przez VINTED Użytkownikom i Odwiedzającym możliwość, w szczególności nieograniczoną możliwość umieszczania Przedmiotów w odpowiednim Katalogu, przeglądania Przedmiotów, bezpośredniego uczestniczenia w wymianie lub zakupie-sprzedaży lub innych Transakcjach, korzystania ze Zintegrowanych Usług Płatności i Wysyłki oraz komunikowania się między nimi prywatnie i/lub publicznie, w szczególności za pośrednictwem Forum;"
78,Vinted:8,Vinted,core,core,unknown_code_or_free_text,"VINTED jest internetowym pośredniczącym serwisem hostingowym oferującym Użytkownikom wirtualne forum wymiany, czyli Witrynę, usystematyzowany Katalog i Forum. Użytkownicy mają możliwość umieszczenia swoich Przedmiotów w odpowiednim Katalogu na Witrynie, wymiany, kupna lub sprzedaży Przedmiotów, korzystania ze Zintegrowanej Usługi Płatności i Wysyłki, komunikowania się poprzez wysyłanie Wiadomości Prywatnych, komunikowania się na Forum oraz korzystania z innych UsługDodatkowych oferowanych przez Witrynę. VINTED nie jest stroną żadnej Transakcji pomiędzy Użytkownikami. W żadnym wypadku VINTED nie będzie kupować, sprzedawać lub wymieniać Przedmiotów znajdujących się na Witrynie, ani nie będzie do tego dążyć. VINTED oferuje Usługi ułatwiające zawieranie Transakcji."
79,Vinted:9,Vinted,docu 6,docu 6,documentary_note,Listy Produktów i Usług Niedozwolonych Adyen N.V.
81,Vinted:11,Vinted,docu 7,docu 7,documentary_note,ogólne warunki korzystania tego dostawcy usług. 
82,Vinted:12,Vinted,uncle 1,uncle 1,unclear_or_legal_savings_fragment,w pełnym zakresie dozwolonym przez obowiązujące przepisy prawa 
87,Vinted:17,Vinted,pato,pato,unknown_code_or_free_text,"Jeżeli Kupujący nie skontaktuje się z VINTED w ciągu 2 dni, jak określono w pkt. 8.1.1. lub 8.1.2., lub nie potwierdzi na Witrynie, że otrzymany Przedmiot został zaakceptowany (w ciągu tego 2-dniowego terminu), Transakcja zostanie zakończona, a ochrona zwrotu kosztów Kupującego wygasa. W takim przypadku Kupujący nie będzie uprawniony do zwrotu kosztów przez VINTED."
88,Vinted:18,Vinted,cnt_modr 0,cnt_modr 0,unknown_code_or_free_text,"Wykorzystując algorytmy, VINTED używa automatycznego oprogramowania, aby umożliwić wykrycie wszelkich komentarzy sprzecznych z dobrymi standardami moralnymi i porządkiem publicznym, lub takich, które są niewłaściwe, obraźliwe lub zniesławiające i wysyłane przez Użytkownika za pośrednictwem Wiadomości Prywatnych. W przypadku wykrycia przez oprogramowanie automatyczne Wiadomości Prywatnej zawierającej takie komentarze, Wiadomość Prywatna może zostać automatycznie zablokowana i/lub ukryta przed Użytkownikiem otrzymującym tę Wiadomość Prywatną. "
89,Vinted:19,Vinted,pato,pato,unknown_code_or_free_text,"VINTED nigdy nie ma dostępu do treści Wiadomości Prywatnych, w tym wiadomości zablokowanych i/lub ukrytych przez oprogramowanie automatyczne."
90,Vinted:20,Vinted,sugg 0,sugg 0,unknown_code_or_free_text,Użytkownikom lub VINTED nie należy się wynagrodzenie w zamian za ich opinie online.
93,Vinted:23,Vinted,may infringe Annex 1(n) Directive 93/13,may infringe Annex 1(n) Directive 93/13,unknown_code_or_free_text,"VINTED nie będzie ponosić odpowiedzialności za: (i) działania lub zaniechania Odwiedzających i Użytkowników, (ii) Informacje zamieszczone na Witrynie przez Użytkowników i Odwiedzających, ich tematy, dokładność, kompletność i/lub zgodność z obowiązującymi przepisami lub (iii) jakość i ilość Przedmiotów, które sprzedają lub kupują za pośrednictwem Witryny, ani też ich zgodność z podanym opisem."
95,Vinted:25,Vinted,acc_sus 0; immediate account suspension is justified here,immediate account suspension is justified here,unknown_code_or_free_text,"We wszystkich tych przypadkach VINTED natychmiast zawiesi konto danego Użytkownika, jak również transakcje będące w toku, na czas oczekiwania na wyniki prowadzonego dochodzenia."
96,Vinted:26,Vinted,uncle 2,uncle 2,unclear_or_legal_savings_fragment,W granicach obowiązującego prawa
97,Vinted:27,Vinted,docu 8,docu 8,documentary_note,Polityka Bezpieczeństwa 
109,Dailymotion:1,Dailymotion,disc -1,disc -1,unknown_code_or_free_text,signiﬁcant period of time
111,Dailymotion:2,Dailymotion,docu,docu,documentary_note,"You signify Your express and unconditional agreement to (1) these terms of use, and (2) all other policies of Dailymotion, including but not limited to the Dailymotion privacy and cookie policies, as accessible at any"
114,Dailymotion:5,Dailymotion,acc_del 0; cnt_modr 0,cnt_modr 0,unknown_code_or_free_text,"In its capacity as a web hosting service provider, Dailymotion is under no legal obligation to monitor content uploaded on the Dailymotion Service, nor obligated to actively seek facts or circumstances indicating illegal content but shall forthwith remove or disable access from its Dailymotion Service to any infringing content once having been notiﬁed of its existence. Furthermore, Dailymotion does not, and has no legal obligation to, review or inspect content for possible illegality or infringement prior to its being viewable on the Dailymotion website."
117,Dailymotion:8,Dailymotion,uncle,uncle,unclear_or_legal_savings_fragment,to the fullest extent permissible under applicable law
118,Dailymotion:9,Dailymotion,uncle,uncle,unclear_or_legal_savings_fragment,Nothing herein shall exclude or limit Dailymotion’s liability for losses which may not be lawfully excluded or limited by applicable law
120,Dailymotion:11,Dailymotion,uncle,uncle,unclear_or_legal_savings_fragment,"Some jurisdictions limit or do not allow the disclaimer of warranties or damages, so the above disclaimer may not apply to the extent such jurisdiction’s law applies to the Terms."
122,Dailymotion:13,Dailymotion,ind 0,ind 0,unknown_code_or_free_text,"You agree to and shall indemnify and hold DM Parties harmless from and against any liability, loss, damages (including punitive damages), claim, settlement payment, cost and expense, interest, award, judgment, diminution in value, ﬁne, fee (including reasonable attorneys’ fees), and penalty, or other charge (including reasonable attorneys’ fees and all other cost of investigating, defending or asserting any claim for indemniﬁcation under the Terms) arising from or relating to (i) Your Content, (ii) Your violation of the Terms; (iii) Your use of the Dailymotion Service; and (iv) Your violation of any third-party rights, including without limitation any copyright, property, publicity or privacy rights."
123,Dailymotion:14,Dailymotion,docu 2-3,docu 2-3,documentary_note,Such processes to report prohibited content are described in detail at the followingURL: http://www.dailymotion.com/legal/prohibited and within our Help Center at the following URL: https://faq.dailymotion.com/hc/en-us/sections/200384117-Community-guidelines.
127,MyTaxi:0,MyTaxi,core,core,unknown_code_or_free_text,The main service that FREE NOW renders on the basis of the GTC-P is the service of making the App available.
128,MyTaxi:1,MyTaxi,what,what,unknown_code_or_free_text,"“Additional Mobility Services” means mobility services including i.a. the possibility of renting electric scooters, electric mopeds, carsharing, which are provided by other providers of mobility services, which cooperate with FREE NOW and which services may be intermediated via App and are accessible via App"
129,MyTaxi:2,MyTaxi,core,core,unknown_code_or_free_text,"FREE NOW does not charge the User any fees for the use of the FREE NOW Services, unless otherwise agreed and/or prescribed in these GTC-P (e.g. cancellation fees, section VII)."
132,MyTaxi:5,MyTaxi,core,core,unknown_code_or_free_text,"If the User uses the intermediary service and requests a ride via the App , FREE NOW forwards the request to a potential carrier. With respect to carriages FREE NOW provides the User with the use of the App only an intermediation service for the carriage of persons, consisting in enabling the execution of an agreement for the carriage of persons between the User and the carrier and payment of the fee for carriage by the User, and no other services. In particular, use of the App does not result in execution of the transportation contract between FREE NOW and the User. Any claims related to carriage ordered through the App will result exclusively from the agreement of carriage of persons executed betweenthe User and the carrier. Due to the fact that FREE NOW, as an intermediary, is not a party to the agreement of carriage of persons, FREE NOW may not be held liable for claims arising from such agreement."
133,MyTaxi:6,MyTaxi,pato,pato,unknown_code_or_free_text,"The User agrees that the intermediary service is carried out immediately after its commissioning via the App. After FREE NOW’s service had been performed, i.e. after accepting the order by the carrier or after accepting the oﬀer for Additional Mobility Service, the User loses the right to withdraw from the intermediation contract, as it is executed."
134,MyTaxi:7,MyTaxi,what,what,unknown_code_or_free_text,"The rides can also be booked and billed as business trips under the contract concluded between FREE NOW and a business client, which can authorize their personnel or other natural persons to have a trip billed as business trip under the business account."
135,MyTaxi:8,MyTaxi,pato,pato,unknown_code_or_free_text,"In the course of using Additional Mobility Services, FREE NOW acts as an intermediary of a service contract with the respective Mobility Services Provider and neither providesAdditional Mobility Services nor becomes a contractual partner of the User. The contractual partner of the User is the respective Mobility Services Providers"
138,MyTaxi:11,MyTaxi,cnt_del 0; cnt_modr 0,cnt_modr 0,unknown_code_or_free_text,FREE NOW is entitled to remove immediately any published material that violates the law.
141,MyTaxi:14,MyTaxi,docu 1,docu 1,documentary_note,Privacy Policy 
143,Pracuj.pl:0,Pracuj.pl,what,what,unknown_code_or_free_text,Usługi – wszelkie usługi świadczone drogą elektroniczną przez Usługodawcę na rzecz Użytkowników i Użytkowników niezalogowanych w oparciu o Regulamin. Wykaz i opis Usług umieszczony został w Załączniku nr 1 do Regulaminu i stanowi jego integralną część. Użytkownik może samodzielnie modyﬁkować zakres Usług za pomocą odpowiednich ustawień w Ustawieniach (Prywatność).
144,Pracuj.pl:2,Pracuj.pl,disc -1,disc -1,unknown_code_or_free_text,uzasadnione interesy Usługodawcy
146,Pracuj.pl:3,Pracuj.pl,core,core,unknown_code_or_free_text,"Usługodawca zobowiązuje się do rozpoczęcia świadczenia Usług wybranych przez Użytkownika niezwłocznie, a Usług wybranych przez Użytkownika niezalogowanego nie później niż w ciągu 24 godzin od momentu zawarcia umowy o świadczenie Usług. Jeżeli zawarcie umowy o świadczenie Usług z Użytkownikiem niezalogowanym nastąpiło w dzień ustawowo wolny od pracy, wówczas rozpoczęcie świadczenia Usług nastąpi najpóźniej do końca pierwszego dnia roboczego, następującego po dniu ustawowo wolnym od pracy."
147,Pracuj.pl:4,Pracuj.pl,core,core,unknown_code_or_free_text,Usługodawca zobowiązuje się do stałego i nieprzerwanego świadczenia Usług.
148,Pracuj.pl:5,Pracuj.pl,disc -1; pato,disc -1,unknown_code_or_free_text,"odmowy świadczenia Usług jeżeli Użytkownik lub Użytkownik niezalogowany narusza Regulamin,"
148,Pracuj.pl:5,Pracuj.pl,disc -1; pato,pato,unknown_code_or_free_text,"odmowy świadczenia Usług jeżeli Użytkownik lub Użytkownik niezalogowany narusza Regulamin,"
152,Pracuj.pl:9,Pracuj.pl,uncle 1,uncle 1,unclear_or_legal_savings_fragment,wszelkich innych dozwolonych prawem czynności związanych z Serwisami
155,Pracuj.pl:12,Pracuj.pl,cnt_modr 0,cnt_modr 0,unknown_code_or_free_text,"Usługodawca po otrzymaniu takiego zawiadomienia podejmie przewidziane prawem działania, w tym niezwłocznie uniemożliwi dostęp do określonych danych, informacji lub działań."
156,Pracuj.pl:13,Pracuj.pl,acc_sus 0; immediate account suspension is justified here,immediate account suspension is justified here,unknown_code_or_free_text,"Niezależnie od postanowień ust. 10 powyżej Usługodawca zastrzega sobie prawo do zablokowania dostępu do zasobów Użytkownika oraz Użytkownika niezalogowanego, zawierających treści niezgodne z Regulaminem, w tym treści erotyczne, pornograﬁczne, zawierające nielegalne oprogramowanie lub informację na temat jego pozyskania, oraz inne treści sprzeczne z prawem, dobrymi obyczajami lub uzasadnionymi interesami Usługodawcy, w razie powzięcia wiarygodnych, uzasadnionych informacji na ten temat."
157,Pracuj.pl:14,Pracuj.pl,core,core,unknown_code_or_free_text,Usługi świadczone są przez Usługodawcę nieodpłatnie.
159,Pracuj.pl:16,Pracuj.pl,docu 1,docu 1,documentary_note,Polityka Prywatności.
161,Pracuj.pl:19,Pracuj.pl,disc -1,disc -1,unknown_code_or_free_text,"wykorzystywania przez Użytkownika lub Użytkownika niezalogowanego Usług niezgodnie ze ich przeznaczeniem,"
163,Pracuj.pl:20,Pracuj.pl,contr_chg 0; d) is vague,d) is vague,unknown_code_or_free_text,"Usługodawca zastrzega sobie prawo do zmiany Regulaminu z niżej wskazanych, ważnych przyczyn:jeżeli zmiana Regulaminu jest konieczna ze względu na zmianę przepisów powszechnie obowiązującego prawa,realizacji obowiązku wynikającego z prawomocnego orzeczenia sądu lub decyzji organów administracji,zmian wynikających ze względów bezpieczeństwa, w tym mających na celu uniemożliwienie korzystania z Serwisów, w sposób sprzeczny z przepisami prawa lub z Regulaminem,wprowadzenia istotnych zmian w funkcjonowaniu Serwisów oraz którejkolwiek z Usług, w tym związanych z postępem technicznym lub technologicznym, obejmujących zmiany w systemach Usługodawcy."
168,Pracuj.pl:23,Pracuj.pl,what,what,unknown_code_or_free_text,"WYKAZ I OPIS USŁUGUsługi dostępne dla UżytkownikówKonto Pracuj.plKonto, za pomocą którego Użytkownik przechowuje swoje dane związane z historią edukacji i przebiegiem kariery zawodowej oraz korzysta ze wszystkich, aktualnie dostępnych funkcjonalności Konta.Korzystanie z niektórych funkcjonalności Konta może być uzależnione od:wypełnienia określonych pól w Koncie – w takim przypadku Usługodawca zobowiązuje się wyraźnie oznaczyć wymagane pola,zamieszczenia stosownych plików w określonym przez Usługodawcę formacie i nie większych niż określony przez Usługodawcę limit wielkości zamieszczanych plików,podania odpowiednich treści i formy danych, które muszą być adekwatne do określonej przez Usługodawcę specyﬁki i przeznaczenia danych (np. zdjęcie proﬁlowe musi przedstawiać wizerunek Użytkownika w sposób umożliwiający jego rozpoznanie).W ramach Usługi Konto Pracuj.pl Usługodawca zapewnia następujące funkcjonalności:Aplikowanie ProﬁlemSkorzystanie z Aplikowania Proﬁlem możliwe jest wyłącznie po uzupełnieniu przez Użytkownika w Proﬁlu danych osobowych. Aplikowanie Proﬁlem polega na wygenerowaniu, w oparciu o podane przez Użytkownika informacje, CV w formacie PDF i przesłanie go w ramach wybranej przez Użytkownika rekrutacji. Aplikowanie Proﬁlem stanowi alternatywę dla aplikowania przy wykorzystaniu CV przygotowanego samodzielnie przez Użytkownika. Użytkownik przed wysłaniem wygenerowanego CV uzyskuje podgląd jego treści.Rekomendowane oferty pracyUsługodawca informuje Użytkownika – za pomocą specjalnego, indywidualnego raportu – o ofertach pracy publikowanych w Serwisie, dopasowanych do preferencji i zainteresowań Użytkownika. Raport tworzony jest dla indywidualnego Użytkownika na podstawie analizy jego preferencji i zainteresowań, w tym ofert pracy, które Użytkownik oglądał i na które wysyłał aplikacje oraz informacji przetwarzanych w związku z innymi Usługami świadczonymi przez Usługodawcę. Do tworzenia raportu mogą być wykorzystywane również dane zawarte w Proﬁlu Użytkownika lub w CV zapisanym przez Użytkownika w Koncie. Rekomendowane oferty pracy są prezentowane Użytkownikowi przez Usługodawcę w formie wiadomości e-mail przesyłanych na udostępniony przez Użytkownika adres poczty elektronicznej, w formie powiadomień w aplikacji mobilnej lub za pomocą powiadomień wyświetlanych w przeglądarce (zgodnie z ustawieniami przeglądarki). Użytkownik może zrezygnować z otrzymywania takich powiadomień w Ustawieniach (Prywatność) lub w innym miejscu wskazanym w Serwisach.Informowanie o statusie aplikacjiUsługodawca informuje Użytkownika o statusie złożonej aplikacji na ofertę pracy opublikowaną w Serwisach, na podstawie aktywności Pracodawcy, począwszy od momentu odebrania aplikacji przez Pracodawcę do momentu jej rozpatrzenia. Usługodawca udostępnia Użytkownikowi podsumowanie statusów złożonych aplikacji oraz danych statystycznych wskazujących na szanse Użytkownika wśród innych kandydatów, o ile Pracodawca umożliwi Usługodawcy podanie takich informacji. Usługodawca może przekazać Użytkownikowi informacje, o których mowa powyżej, w czasie przez siebie wybranym, w szczególności za pomocą: specjalnych dedykowanych wiadomości e-mail przesyłanych na udostępniony przez Użytkownika adres poczty elektronicznej, poprzez kontakt telefoniczny na udostępniony przez Użytkownika numer telefonu (w tym poprzez wysłanie wiadomości SMS), w formie powiadomień w aplikacji mobilnej lub za pomocą powiadomień wyświetlanych w przeglądarce (zgodnie z ustawieniami przeglądarki). Użytkownik może zrezygnować z otrzymywania takich powiadomień w Ustawieniach (Prywatność) lub w innym miejscu wskazanym w Serwisach.Wypełnianie Proﬁlu danymi o UżytkownikuWypełnienie Proﬁlu dokumentem CV, a także udostępnienie przez Użytkownika w Serwisie innych danych, może pozwalać na automatyczne stworzenie lub uzupełnienie Proﬁlu w oparciu o dane zawarte w CV zapisanym przez Użytkownika w Koncie oraz udostępnione przez Użytkownika w Serwisie.Użytkownik ma możliwość skorzystania z tej funkcjonalności:przy tworzeniu Konta (niezależnie od stopnia uzupełnienia Proﬁlu) – w tym celu Użytkownik powinien wybrać odpowiednią opcję i załączyć plik CV w formacie i maksymalnym rozmiarze wskazanym przez Usługodawcę. W razie niezgodności lub niekompletności danych, Użytkownik może je samodzielnie uzupełnić,w ramach korzystania z Aplikowania Proﬁlem,udzielając odpowiedzi na pytania zadane przez Usługodawcę w Serwisie,wykorzystując odpowiednią funkcję udostępnianą przez Usługodawcę w wybranych przez niego miejscach Serwisu.W efekcie skorzystania z funkcjonalności skorzystania z funkcjonalności, dane zawarte w CV lub podane przez Użytkownika w inny sposób mogą zostać automatycznie przeniesione do jego Proﬁlu i być w nim prezentowane.WiadomościUżytkownik, który zaaplikował na wybraną ofertę pracy opublikowaną przez Pracodawcę w Serwisie lub którego Proﬁl został udostępniony Pracodawcy w wyniku realizacji Usługi Udostępnienia Proﬁlu(Automatycznego Dopasowania), ma możliwość prowadzenia korespondencji z tym Pracodawcą przy wykorzystaniu funkcjonalności Wiadomości. Funkcjonalność pozwala na otrzymywane przez Użytkownika wiadomości od Pracodawcy i wysyłanie na nie odpowiedzi za pośrednictwem Serwisu. Kontakt z Użytkownikiem w ramach funkcjonalności może zostać zainicjowany wyłącznie przez Pracodawcę, który korzysta z systemu Usługodawcy do zarządzania aplikacjami Użytkowników.Usługodawca może również udostępnić funkcjonalność dla Użytkowników w aplikacji mobilnej.W ramach funkcjonalności Usługodawca może informować Użytkownika za pomocą wiadomości e-mail wysyłanych na udostępniony przez Użytkownika adres poczty elektronicznej lub w formie powiadomień w Serwisie lub aplikacji mobilnej, o nowych wiadomościach nadesłanych przez Pracodawcę. Użytkownik może zrezygnować z otrzymywania takich powiadomień w Ustawieniach (Prywatność) oraz w innym miejscu wskazanym w Serwisie lub aplikacji mobilnej.Zapisane oferty pracyUżytkownik ma możliwość zapisania wybranych przez siebie ofert pracy w celu ich wyróżnienia na wynikach wyszukiwania i na podglądzie oferty pracy, jak również w celu ułatwienia dostępu do nich. Zapisane oferty pracy będą dostępne w dedykowanej zakładce w Koncie. Użytkownik ma możliwość zarządzania swoimi zapisanymi ofertami pracy za pośrednictwem Konta, w szczególności może je usuwać i przechowywać przy nich notatki. Usługodawca zachowuje prawo do usunięcia oferty z Zapisanych ofert pracy wraz z terminem zakończenia publikacji oferty pracy w Serwisie. Usługodawca może przekazać Użytkownikowi informacje o Zapisanych ofertach pracy w formie wiadomości e-mail przesyłanych na udostępniony przez Użytkownika adres poczty elektronicznej, w formie powiadomień w aplikacji mobilnej lub za pomocą powiadomień wyświetlanych w przeglądarce (zgodnie z ustawieniami przeglądarki). Użytkownik może zrezygnować z otrzymywania takich powiadomień w Ustawieniach (Prywatność) lub w innym miejscu wskazanym w Serwisach.Historia aplikowania na oferty pracyUżytkownik ma możliwość przechowywania historii aplikowania na oferty pracy. W przypadku ofert pracy, na które aplikacje zostały wysłane za pomocą formularza dostarczonego przez Usługodawcę lub Pracodawców korzystających z wybranych zewnętrznych systemów rekrutacyjnych, fakt zaaplikowania na ofertę pracy, liczba wysłanych aplikacji oraz daty ich wysłania są automatycznie zapisywane w Koncie.Udostępnianie ProﬁluUdostępnianie Proﬁlu to Usługa, w ramach której Użytkownik może udostępnić swój Proﬁl Pracodawcom. Usługa może być świadczona przez Usługodawcę, działającego jako agencja doradztwa personalnego, w następujący sposób:Usługodawca może automatycznie dopasować Proﬁl Użytkownika do ofert pracy opublikowanych przez Pracodawców w Serwisie i udostępnić go Pracodawcom („Automatyczne Dopasowanie”);Usługodawca może udostępnić Pracodawcom Proﬁl Użytkownika bez dopasowania, umożliwiając Pracodawcom samodzielne wyszukanie Użytkownika na potrzeby prowadzonych przez siebie rekrutacji („Wyszukanie Użytkownika”);Usługodawca, korzystając z pomocy rekrutera, może dopasować Proﬁl Użytkownika do ofert pracy opublikowanych w Serwisie lub potrzeb rekrutacyjnych Pracodawcy i udostępnić go Pracodawcom („Preselekcja”).Warunkiem skorzystania z Udostępniania Proﬁlu przez Użytkownika w każdym wariancie jest zamówienie Usługi na ekranie rejestracji Użytkownika lub w Ustawieniach (Prywatność) lub w innym miejscu wskazanym w Serwisie.Udostępnianie Proﬁlu zostanie wyłączone, jeżeli Użytkownik zrezygnuje z tej Usługi. Rezygnacja oznacza, że dane osobowe Użytkownika zawarte w Proﬁlu nie będą udostępnione Pracodawcom. Jeżeli jednak Użytkownik zrezygnuje z Usługi po ich udostępnieniu do Pracodawcy, jego dane osobowe mogą być przetwarzane przez Pracodawcę (jako odrębnego administratora danych) na zasadach przez niego określonych.Usługodawca nie gwarantuje, że dojdzie do udostępnienia Proﬁlu Użytkownika Pracodawcom, ani że Pracodawcy po jego otrzymaniu skontaktują się z Użytkownikiem.Automatyczne DopasowanieAutomatyczne Dopasowanie polega na stworzeniu przez Usługodawcę w sposób zautomatyzowany proﬁlu zawodowego Użytkownika na podstawie danych podanych przez Użytkownika przy zakładaniu Konta, podanych w Proﬁlu oraz danych o aktywności Użytkownika w Serwisie (m.in. historii aplikowania na oferty pracy). Na podstawie tych informacji Usługodawca porówna proﬁl zawodowy Użytkownika z ofertami pracy Pracodawców opublikowanymi w Serwisie. Usługodawca może udostępnić Pracodawcom Proﬁl, który według Usługodawcy jest dopasowany do opublikowanych przez nich ofert pracy.W ramach Automatycznego Dopasowania, dane osobowe Użytkownika udostępniane będą potencjalnie wszystkim Pracodawcom publikującym oferty pracy w Serwisie, których lista znajduje się tutaj. Użytkownik ma możliwość wskazania Pracodawców, którym nie chce udostępniać Proﬁlu (ograniczona widoczność Proﬁlu). Aby włączyć ograniczoną widoczność Proﬁlu dla konkretnych Pracodawców, Użytkownik powinien w oznaczonym miejscu w Serwisie określić nazwę Pracodawcy, któremu nie chce udostępniać swojego Proﬁlu. Usługodawca zobowiązuje się do włączenia ograniczonej widoczności Proﬁlu dla wykluczonych przez Użytkownika Pracodawców niezwłocznie, nie później jednak niż w ciągu kolejnych 24 godzin od momentu, w którym Użytkownik uzupełni dane tych Pracodawców i poprzez funkcję dodaj (oznaczoną ikoną plusa) wyrazi chęć włączenia ograniczonej widoczności Proﬁlu.W ramach Automatycznego Dopasowania, Usługodawca może wysłać do Użytkownika wiadomość e-mail o aktywności Pracodawców, w szczególności o poleceniu lub obejrzeniu Proﬁlu przez Pracodawcę . Takie powiadomienia Usługodawca może przysyłać także na numer telefonu Użytkownika (w tym poprzez wysyłanie wiadomości SMS), w formie powiadomień w aplikacji mobilnej lub za pomocą powiadomień wyświetlanych w przeglądarce (zgodnie z ustawieniami przeglądarki). Użytkownik może zrezygnować z otrzymywania takich powiadomień, nie rezygnując jednocześnie z korzystania z tej Usługi.W przypadku zainteresowania danego Pracodawcy Użytkownikiem i chęci zaproszeniago do udziału w rekrutacji, Usługodawca może poinformować o tym Użytkownika w formie wiadomości e- mail. Użytkownik, za pomocą przycisków zamieszczonych w przesłanej wiadomości e-mail, może potwierdzić chęć udziału w rekrutacji na daną ofertę pracy lub ją odrzucić. Informacja ta zostanie przekazana Pracodawcy, który zamieścił określoną ofertę pracy.Wyszukanie UżytkownikaWyszukanie Użytkownika polega na udostępnieniu Pracodawcom Proﬁlu Użytkownika w systemie informatycznym Usługodawcy, na zasadach przez niego określonych. Pracodawcy mogą w nim samodzielnie wyszukać Użytkownika, na potrzeby prowadzonych przez siebie rekrutacji.W ramach Wyszukania Użytkownika, dane osobowe Użytkownika udostępniane będą potencjalnie wszystkim Pracodawcom publikującym oferty pracy w Serwisie, których lista znajduje się tutaj. Użytkownik ma możliwość wskazania Pracodawców, którym nie chce udostępniać Proﬁlu (ograniczona widoczność Proﬁlu). Włączenie ograniczonej widoczności Proﬁlu dla wskazanych Pracodawców jest możliwe na takich samych zasadach, jak w przypadku Automatycznego Dopasowania.Usługodawca może wysłać wiadomość e-mail do Użytkownika z informacją o Pracodawcy, któremu udostępniono Proﬁl Użytkownika.PreselekcjaPreselekcja polega na udostępnieniu Pracodawcom Proﬁlu Użytkownika po jego dopasowaniu przez rekrutera Usługodawcy do ofert pracy opublikowanych w Serwisie lub potrzeb rekrutacyjnych Pracodawcy.W ramach Preselekcji rekruter może kontaktować się z Użytkownikiem w formie telefonicznej lub wiadomości e-mail, w szczególności w celu uzyskania informacji, czy Użytkownik jest zainteresowany daną rekrutacją i czy spełnia wymagania określone przez Pracodawcę. Kontaktując się z Użytkownikiem, Usługodawca, w razie potrzeby, może zebrać również dodatkowe informacje o Użytkowniku.Usługodawca może udostępnić Pracodawcy Proﬁl Użytkownika zainteresowanego rekrutacją oraz inne informacje zebrane przez rekrutera w ramach kontaktuz Użytkownikiem, po uzyskaniu na to zgody Użytkownika.Zapisane wyszukiwaniaUżytkownik może zlecić Usługodawcy powiadamianie go o pojawieniu się w Serwisie nowych ofert pracy.Prezentując oferty pracy Usługodawca uwzględniać będziew szczególności słowa klucze podawane przez Użytkownika oraz informacje o aktywności Użytkownika w Serwisach. Użytkownik otrzymuje te informacje za pomocą wiadomości e-mail przesyłanych na udostępniony przez Użytkownika adres poczty elektronicznej lub w formie powiadomień w aplikacji mobilnej, jak również może otrzymywać takie informacje za pomocą powiadomień wyświetlanych w przeglądarce (zgodnie z ustawieniami przeglądarki).Kryteria wyboru ofert pracy wysyłanych w ramach Zapisanych wyszukiwań są samodzielnie wybierane przez Użytkownika i są one tożsame z kryteriami oferowanymi w Wyszukiwarce ofert w Serwisach.Użytkownik może również określić częstotliwość przesyłanych powiadomień spośród opcji udostępnionych przez Usługodawcę. Użytkownik może też zrezygnować z otrzymywania takich powiadomień w Ustawieniach (Prywatność) lub w innym miejscu wskazanym w Serwisach.Aplikowanie na oferty pracyAplikowanie na oferty pracy to Usługa, która umożliwia Użytkownikowi przesyłanie Pracodawcom odpowiedzi na oferty pracy wraz z dokumentami rekrutacyjnymi (w tym CV) za pomocą Serwisu. Aby skorzystać z Aplikowania na oferty pracy wymagane jest posiadanie Konta i uzupełnienie formularza aplikacyjnego. Uzupełnienie formularza aplikacyjnego polega w szczególności na podaniu następujących danych:imię i nazwisko,adres e-mail,numer telefonu,załączeniu CV lub innych dokumentów rekrutacyjnych – jeśli wymaga tego Pracodawca.W wybranych przypadkach:skorzystanie z Aplikowania na oferty pracy jest możliwe bez logowania się do Konta lub bez potwierdzenia założenia Konta. W takim przypadku Usługodawca tworzy dla Użytkownika Konto niepotwierdzone.nie jest wymagane uzupełnienie formularza aplikacyjnego, o którym mowa powyżej,skorzystanie z Aplikowania na oferty pracy może wymagać posiadania lub założenia konta i uzupełnienie formularza w zewnętrznym systemie rekrutacyjnym Pracodawcy,przesłanie odpowiedzi na ofertę pracy może nastąpić bezpośrednio na adres poczty elektronicznej Pracodawcy,jeżeli Użytkownik jest zalogowany do Konta, formularz aplikacyjny może zostać automatycznieuzupełniony danymi Użytkownika zawartymi w jego Proﬁlu oraz mogą być do niego dołączone dokumenty zapisane przez Użytkownika w Koncie (np. jego CV),jeżeli Użytkownik jest zalogowany do Konta, dane z formularza aplikacyjnego wraz z dokumentami rekrutacyjnymi (w tym CV) są zapisywane automatycznie w Koncie.Odpowiedzi na pytania PracodawcyUżytkownik (w tym również Użytkownik posiadający Konto niepotwierdzone), w celu usprawnienia procesu rekrutacji, bezpośrednio po zaaplikowaniu na ofertę pracy opublikowaną przez danego Pracodawcę w Serwisie, może udzielić odpowiedzi na ewentualne dodatkowe pytania zadane przez tego Pracodawcę. Odpowiedzi Użytkownika zostaną następnie przekazane przez Usługodawcę do tego Pracodawcy.Po udzieleniu przez Użytkownika odpowiedzi na pytania Pracodawcy, Usługodawca udostępni Użytkownikowi w Koncie informacje o tym, jak Użytkownik wypada na tle innych kandydatów, którzy również zaaplikowali na ofertę pracy tego Pracodawcy.Odpowiedzi Użytkownika będą przechowywane w Koncie Użytkownika do czasu jego usunięcia. W przypadku późniejszego zaaplikowania przez Użytkownika na inną ofertę pracy, dla której dany Pracodawca również przewidział dodatkowe pytania, pola odpowiedzi na pytania mogą zostać automatycznie uzupełnione wcześniejszymi odpowiedziami Użytkownika na tożsame pytania związane z innymi ofertami pracy, na które zaaplikował uprzednio Użytkownik. Przed wysłaniem odpowiedzi Użytkownikowi przysługuje jednak każdorazowo prawo do edytowania lub zmiany odpowiedzi.Pytania mogą być zadawane wyłącznie przez tych Pracodawców, którzy korzystają z systemu Usługodawcy do zarządzania aplikacjami Użytkowników i możliwości zadania pytań Użytkownikom aplikującym na ich ofertę pracy.Usługodawca nie ponosi odpowiedzialności za treść pytań wybranych przez Pracodawców, ani za wynik procesów rekrutacyjnych przeprowadzonych przez Pracodawców na podstawie odpowiedzi udzielonych przez UżytkownikówRaporty o zarobkachUżytkownik ma możliwość sprawdzenia przeciętnych zarobków na wybranym przez siebie stanowisku pracy i wygenerowania raportu płacowego w tym zakresie. Raport umożliwia poznanie przeciętnej wysokości wynagrodzeń w zależności od wybranych kryteriów takich jak: obszar specjalizacji, poziom stanowiska, poziom doświadczenia, lokalizacja, wielkość ﬁrmy, itp. Usługodawca może prezentować Użytkownikowi Raport o zarobkach po uprzednim wypełnieniu przez Użytkownika odpowiedniej ankiety znajdującej się na stronach Serwisu, na podstawie uzupełnionych przez Użytkownika danych w Proﬁlu lub na podstawie danych zawartych w CV zapisanym przez Użytkownika w Koncie. Usługodawca może wykorzystywać dane ozarobkach w celu prezentowania Użytkownikowi Rekomendowanych ofert pracy. Dane te będą automatycznie przetwarzane przez Usługodawcę w celach statystycznych i analitycznych. Użytkownik może aktualizować swoje dane o zarobkach zgromadzone w Koncie.W ramach tej Usługi Usługodawca może informować Użytkownika za pomocą wiadomości e-mail wysyłanych na udostępniony przez Użytkownika adres poczty elektronicznej lub w formie powiadomień w aplikacji mobilnej, o zbliżającym się końcu ważności ankiety wypełnionej przez Użytkownika, o aktualizacji raportu płacowego w związku z aktualizacją bazy danych Usługodawcy, jak również o zmianach funkcjonalności tej Usługi. Użytkownik może zrezygnować z otrzymywania takich powiadomień, nie rezygnując jednocześnie z korzystania z Usługi.Kreator CVUżytkownik ma możliwość przygotowania profesjonalnego CV, wybierając udostępniony przez Usługodawcę szablon w Serwisie lub aplikacji mobilnej. Warunkiem skorzystania z tej Usługi jest wypełnienie przez Użytkownika odpowiednich formularzy znajdujących się na stronach Serwisów lub w aplikacji mobilnej.Gotowy dokument CV Użytkownik może zapisać w swoim Koncie lub pobrać z Serwisu lub aplikacji mobilnej w formacie PDF.Możliwość udziału w Wydarzeniu Jobicon (dotyczy wydarzenia w formie stacjonarnej)Wydarzenie Jobicon to festiwal pracy organizowany przez Usługodawcę w terminach i miejscach wskazanych każdorazowo przez Usługodawcę m.in. za pośrednictwem danego Serwisu lub Serwisów lub mediów społecznościowych Usługodawcy. Poszczególne Wydarzenia Jobicon skierowane są do Pracodawców oraz Użytkowników (w szczególności studentów i absolwentów w wieku 19-30 lat). Podczas poszczególnych Wydarzeń Jobicon Pracodawcy mają możliwość spotkania się z kandydatami i rekrutowania ich do pracy, a także mają możliwość budowania i umacniania pozytywnego wizerunek swojej marki.Użytkownik ma możliwość pobrania imiennego biletu i udziału w danym Wydarzeniu Jobicon. W ramach wstępu na dane Wydarzenie Jobicon Użytkownik otrzymuje m.in:możliwość spotkania się z Pracodawcami i poznania ich aktualnych ofert pracy;możliwość wzięcia udziału w wykładach (m.in. spotkania z gośćmi ze świata biznesu, nauki i mediów, którzy podzielą się swoimi zawodowymi historiami), warsztatach i szkoleniach organizowanych przez Usługodawcę.Użytkownik może przebywać na terenie danego Wydarzenia Jobicon tylko w dniu tego wydarzenia i tylko w czasie jego trwania.Na terenie i podczas poszczególnych Wydarzeń Jobicon Użytkownika obowiązuje całkowity zakaz:wnoszenia i używania broni, amunicji i materiałów pirotechnicznych, oraz substancji chemicznych,stanowiących zagrożenie pożarowe, zagrożenie uszkodzenia mienia oraz stwarzających niebezpieczeństwo dla życia i zdrowia osób przebywających na terenie poszczególnych Wydarzeń Jobicon;wnoszenia i spożywania alkoholu oraz środków odurzających i substancji psychotropowych;palenia tytoniu i używania otwartego ognia;korzystania z e-papierosów lub podgrzewaczy tytoniu;zakłócania porządku publicznego (np. głośne zachowania);niszczenia infrastruktury festiwalu (np. obklejania reklamami ścian, podłogi);zanieczyszczanie hal i terenów otwartych odpadami wygenerowanymi przez siebie (opakowania po napojach i jedzeniu, niedopałki, gumy do żucia itp.);opierania się o elementy zabudowy stoisk, konstrukcje reklamowe i inne elementy aranżacji przestrzeni danego Wydarzenia Jobicon;prowadzenia jakichkolwiek działań komercyjnych, akwizycyjnych, a także agitacyjnych oraz zbiórek pieniężnych, jak również działań niezgodnych z obowiązującymi przepisami prawa.Usługodawca zastrzega sobie prawo do usunięcia z danego Wydarzenia Jobicon Użytkowników, którzy swoim zachowaniem naruszają powyższe postanowienia, w tym przepisy porządkowe obowiązujące w miejscu, w którym organizowane jest to Wydarzenie Jobicon, jak również Użytkowników, którzy swoim zachowaniem utrudniają lub uniemożliwiają prawidłowy przebieg tego Wydarzenia Jobicon.Poprzez wzięciu udziału w danym Wydarzeniu Jobicon, Użytkownik na podstawie art. 81 Ustawy o prawie autorskim i prawach pokrewnych i niezależnie od postanowień Regulaminu w przedmiotowym zakresie, wyraża zgodę na nieodpłatne utrwalanie, zwielokrotnianie i rozpowszechnianie swojego Wizerunku (w tym głosu) przez Usługodawcę, utrwalonego w ramach materiałów lub Utworów powstałych podczas tego Wydarzenia Jobicon. Wizerunek będzie rozpowszechniany bez ograniczeń czasowych i terytorialnych. Usługodawca oświadcza, że Wizerunek będzie wykorzystywany w kontekście sprawozdania z danego Wydarzenia Jobicon, w którym wziął udział Użytkownik oraz w celach promocyjnych, reklamowych i marketingowych Usługodawcy, w szczególności poprzez jego zamieszczenie na Serwisach, w ramach mediów społecznościowych Usługodawcy, w materiałach handlowych Usługodawcy lub poprzez jego udostępnienie w sieci Internet, tak aby każdy mógł mieć do niego dostęp w miejscu i czasie przez siebie wybranym. Niezależnie od powyższego, w przypadku utrwalania Wizerunku w ramach Utworów, Wizerunek będzie wykorzystywany na polach eksploatacji określonych w Regulaminie właściwych dla Utworów. Jednocześnie Użytkownik wyraża zgodę na zestawienia swojego Wizerunku z wypowiedziami lub wizerunkami innych osób lub ze znakami towarowymi Usługodawcy lub innych podmiotów uczestniczących w danym Wydarzeniu Jobicon.Usługodawca zastrzega sobie prawo do weryﬁkacji w dowolnym momencie dokumentów Użytkownika, uprawniających do przebywania na terenie danego Wydarzenia Jobicon, a w przypadku potwierdzenia lub uprawdopodobnienia posługiwania się dokumentami innego Użytkownika, bądź ich podrobienia, do usunięcia Użytkownika, u którego stwierdzono powyższe naruszenia, z miejsca w którym odbywa się to Wydarzenie Jobicon i na jego koszt.Użytkownik zobowiązany jest do zabezpieczenia własnego mienia wnoszonego na teren danego Wydarzenia Jobicon przed ewentualnymi szkodami lub utratą, na własny koszt i ryzyko.Użytkownik ponosi odpowiedzialność za wszelkie szkody, wynikające z niestosowania się do powyższych postanowień dotyczących Wydarzenia Jobicon.Usługi dostępne dla Użytkowników i Użytkowników niezalogowanychRekomendowane oferty pracy w SerwisachUsługodawca informuje Użytkownika lub Użytkownika niezalogowanego – za pomocą specjalnego, indywidualnego raportu – o ofertach pracy publikowanych w Serwisie, dopasowanych do preferencji i zainteresowań Użytkownika lub Użytkownika niezalogowanego. Raport tworzony jest dla indywidualnego Użytkownika lub Użytkownika niezalogowanego na podstawie analizy jego preferencji i zainteresowań, w tym ofert pracy, które Użytkownik lub Użytkownik niezalogowany oglądał i na które wysyłał aplikacje oraz informacji przetwarzanych w związku z innymi Usługami świadczonymi przez Usługodawcę. Do tworzenia raportu mogą być wykorzystywane również dane zawarte w Proﬁlu Użytkownika lub w CV zapisanym przez Użytkownika w Koncie. Rekomendowane oferty pracy są prezentowane Użytkownikowi lub Użytkownikowi niezalogowanemu przez Usługodawcę w różnych miejscach w Serwisach lub za pomocą powiadomień wyświetlanych w przeglądarce (zgodnie z ustawieniami przeglądarki).Aplikacja mobilna „Pracuj.pl oferty pracy”Aplikacja mobilna Usługodawcy umożliwiająca Użytkownikowi lub Użytkownikowi niezalogowanemu korzystanie za pomocą wybranych urządzeń mobilnych z wybranych funkcjonalności Konta i Usług.Wzory CV i listów motywacyjnych, dokumenty i poradnikiUżytkownik lub Użytkownik niezalogowany ma możliwość pobrania dokumentów udostępnionych przez Usługodawcę w Serwisach, a w szczególności przykładowych wzorów CV i listów motywacyjnych.Usługodawca zastrzega sobie prawo do zmiany zakresu i formy udostępnionych dokumentów w dowolnie wybranym terminie.Usługodawca nie bierze odpowiedzialności za wynik procesu rekrutacyjnego, w którym Użytkownik lub Użytkownik niezalogowany posłużył się wzorami dokumentów oferowanymi przez Usługodawcę.Wyszukiwarka ofert w SerwisachUżytkownik lub Użytkownik niezalogowany ma możliwość wyszukiwania oraz przeglądania opublikowanych w Serwisach ofert pracy według udostępnionych kryteriów. W celu wyszukiwania ofert pracy Użytkownik lubUżytkownik niezalogowany może także skorzystać z chatbota dostępnego w aplikacji Facebook Messenger.Jeżeli Użytkownik lub Użytkownik niezalogowany korzysta z aplikacji mobilnej Usługodawcy ma również możliwość wyszukiwania ofert pracy na mapie.Kalkulator wynagrodzeńUżytkownik lub Użytkownik niezalogowany ma możliwość w Serwisie dokonywania poglądowych obliczeń kwot wynagrodzenia netto i brutto. Usługodawca nie gwarantuje poprawności wyników oraz nie ponosi odpowiedzialności za użycie kalkulatora do rozliczeń pomiędzy Pracodawcą a pracownikiem. Usługa może być dostępna również w formie mobilnej (Aplikacja mobilna „Kalkulator wynagrodzeń”).Ścieżki karieryUżytkownik lub Użytkownik niezalogowany ma możliwość uzyskania informacji o wykonywaniu danego zawodu w praktyce. Usługa skierowana jest w szczególności do studentów, którzy mogą dzięki niej zaczerpnąć informacje na temat stanowiska, na którym chcieliby pracować w przyszłości.Ich znalezienie jest możliwe za pomocą wyszukiwarki Ścieżek kariery, w której należy podać nazwę danego zawodu lub kierunku studiów.Usługa umożliwia zapoznanie się ze ścieżką dotarcia do danego stanowiska, umiejętnościami posiadanymi przez osoby wykonujące wybrany zawód lub ukończonymi przez nie kursami. W ramach Ścieżek kariery Usługodawca może przedstawić również opis pracy na danym stanowisku, informacje o przeciętnych zarobkach osiąganych na tym stanowisku oraz nazwy podobnych zawodów.Do tworzenia Ścieżek kariery mogą być wykorzystywane informacje zawarte w Proﬁlu Użytkownika, takie jak: dane dotyczące wykształcenia, umiejętności, przebytych kursów zawodowych oraz zajmowanych stanowisk.Usługodawca nie gwarantuje poprawności, prawdziwości, rzetelności i dokładności informacji prezentowanych w ramach Usługi."
169,Oktawave:1,Oktawave,site not found,site not found,unknown_code_or_free_text,"Price Listprice list for access to the Services. The prices in the Price List include VAT. The Price List is available at [http://www.oktawave.com/en/pricelist.htm], also in a PDF format;"
170,Oktawave:2,Oktawave,what,what,unknown_code_or_free_text,"Cloudorganized IT system, including in particular hardware, software and telecommunication network, intended for providing the Services by the Service Provider;"
171,Oktawave:3,Oktawave,site not found,site not found,unknown_code_or_free_text,http://www.oktawave.com/en/termsconditions.htm
172,Oktawave:4,Oktawave,site not found,site not found,unknown_code_or_free_text,http://www.oktawave.com/en/termsconditions.htm
173,Oktawave:5,Oktawave,site not found,site not found,unknown_code_or_free_text,[http://www.oktawave.com/en/termsconditions.htm
174,Oktawave:6,Oktawave,what,what,unknown_code_or_free_text,"Serviceservices consisting in providing the User with access to the Cloud resources (virtual applications, cloud computing, data base services, virtual servers), virtual discs and private networks (fordata storage, sharing and processing) in accordance withtechnical conditions laid down by the Service Provider;"
175,Oktawave:8,Oktawave,docu 1,docu 1,documentary_note,SLA
176,Oktawave:9,Oktawave,docu 2,docu 2,documentary_note,Price List
177,Oktawave:11,Oktawave,core,core,unknown_code_or_free_text,"The Service Provider provides the User with access to the Cloud and the Services, including the hardware infrastructure and computing power (including processors and operational memory) in accordance with the provisions of SLA, specified in Section 13 of these Terms and Conditions."
178,Oktawave:12,Oktawave,core,core,unknown_code_or_free_text,"The Service Provider also provides the Standard Technical Assistance via the User Account, e-mail or by telephone."
179,Oktawave:17,Oktawave,"possibly an unfair term (Annex 1(c), Annex 1 (d), Annex 1 (o) Directive 93/13); pato",possibly an unfair term (Annex 1(c),unknown_code_or_free_text,The Tariff Units are settled against a fee and are not subject to reimbursement (one cannot demand reimbursement of the amount for which they were bought).
179,Oktawave:17,Oktawave,"possibly an unfair term (Annex 1(c), Annex 1 (d), Annex 1 (o) Directive 93/13); pato",Annex 1 (d),unknown_code_or_free_text,The Tariff Units are settled against a fee and are not subject to reimbursement (one cannot demand reimbursement of the amount for which they were bought).
179,Oktawave:17,Oktawave,"possibly an unfair term (Annex 1(c), Annex 1 (d), Annex 1 (o) Directive 93/13); pato",Annex 1 (o) Directive 93/13),unknown_code_or_free_text,The Tariff Units are settled against a fee and are not subject to reimbursement (one cannot demand reimbursement of the amount for which they were bought).
179,Oktawave:17,Oktawave,"possibly an unfair term (Annex 1(c), Annex 1 (d), Annex 1 (o) Directive 93/13); pato",pato,unknown_code_or_free_text,The Tariff Units are settled against a fee and are not subject to reimbursement (one cannot demand reimbursement of the amount for which they were bought).
180,Oktawave:19,Oktawave,"cnt_modr 0; acc_sus 0; sometimes immediate account suspension (without notice period) might be desired, for example, to protect other users against spam or uploading harmful or infringing others’ rights content",cnt_modr 0,unknown_code_or_free_text,"SUSPENSION OF ACCESS TO THE SERVICESIn relation to the Providing Electronic Services Act of 18 July 2002, the Service Provider may suspend the User’s access to the Cloud or the Services or the User Data if at least one of the following events takes place:an official note or reliable information has been received or there is a justified suspicion that the Services have been used not in compliance with these Terms and Conditions, or applicable legislation, principles of social coexistence or good practice,the User does not cooperate in cases where such cooperation is needed in order to determine whether the Services were accessed or used not in compliance with these Terms and Conditions, or applicable law, principles of social coexistence or good practice,the Service Provider has a justified suspicion that the User Account or the Services have been accessed without the User’s authorization or that the Services have been used without the User’s authorization,the Service Provider has a justified suspicion that it is necessary to suspend the Services in order to protect the integrity, accessibility and security of the Cloud or other User,the Fee for the Services has not been paid,such an obligation has arisen under applicable law or as a result of a decision of public authorities or courts.The User will be notified about the suspension and its reasons immediately after access to the Services has been suspended."
180,Oktawave:19,Oktawave,"cnt_modr 0; acc_sus 0; sometimes immediate account suspension (without notice period) might be desired, for example, to protect other users against spam or uploading harmful or infringing others’ rights content",sometimes immediate account suspension (without notice period) might be desired,unknown_code_or_free_text,"SUSPENSION OF ACCESS TO THE SERVICESIn relation to the Providing Electronic Services Act of 18 July 2002, the Service Provider may suspend the User’s access to the Cloud or the Services or the User Data if at least one of the following events takes place:an official note or reliable information has been received or there is a justified suspicion that the Services have been used not in compliance with these Terms and Conditions, or applicable legislation, principles of social coexistence or good practice,the User does not cooperate in cases where such cooperation is needed in order to determine whether the Services were accessed or used not in compliance with these Terms and Conditions, or applicable law, principles of social coexistence or good practice,the Service Provider has a justified suspicion that the User Account or the Services have been accessed without the User’s authorization or that the Services have been used without the User’s authorization,the Service Provider has a justified suspicion that it is necessary to suspend the Services in order to protect the integrity, accessibility and security of the Cloud or other User,the Fee for the Services has not been paid,such an obligation has arisen under applicable law or as a result of a decision of public authorities or courts.The User will be notified about the suspension and its reasons immediately after access to the Services has been suspended."
180,Oktawave:19,Oktawave,"cnt_modr 0; acc_sus 0; sometimes immediate account suspension (without notice period) might be desired, for example, to protect other users against spam or uploading harmful or infringing others’ rights content",for example,unknown_code_or_free_text,"SUSPENSION OF ACCESS TO THE SERVICESIn relation to the Providing Electronic Services Act of 18 July 2002, the Service Provider may suspend the User’s access to the Cloud or the Services or the User Data if at least one of the following events takes place:an official note or reliable information has been received or there is a justified suspicion that the Services have been used not in compliance with these Terms and Conditions, or applicable legislation, principles of social coexistence or good practice,the User does not cooperate in cases where such cooperation is needed in order to determine whether the Services were accessed or used not in compliance with these Terms and Conditions, or applicable law, principles of social coexistence or good practice,the Service Provider has a justified suspicion that the User Account or the Services have been accessed without the User’s authorization or that the Services have been used without the User’s authorization,the Service Provider has a justified suspicion that it is necessary to suspend the Services in order to protect the integrity, accessibility and security of the Cloud or other User,the Fee for the Services has not been paid,such an obligation has arisen under applicable law or as a result of a decision of public authorities or courts.The User will be notified about the suspension and its reasons immediately after access to the Services has been suspended."
180,Oktawave:19,Oktawave,"cnt_modr 0; acc_sus 0; sometimes immediate account suspension (without notice period) might be desired, for example, to protect other users against spam or uploading harmful or infringing others’ rights content",to protect other users against spam or uploading harmful or infringing others’ rights content,unknown_code_or_free_text,"SUSPENSION OF ACCESS TO THE SERVICESIn relation to the Providing Electronic Services Act of 18 July 2002, the Service Provider may suspend the User’s access to the Cloud or the Services or the User Data if at least one of the following events takes place:an official note or reliable information has been received or there is a justified suspicion that the Services have been used not in compliance with these Terms and Conditions, or applicable legislation, principles of social coexistence or good practice,the User does not cooperate in cases where such cooperation is needed in order to determine whether the Services were accessed or used not in compliance with these Terms and Conditions, or applicable law, principles of social coexistence or good practice,the Service Provider has a justified suspicion that the User Account or the Services have been accessed without the User’s authorization or that the Services have been used without the User’s authorization,the Service Provider has a justified suspicion that it is necessary to suspend the Services in order to protect the integrity, accessibility and security of the Cloud or other User,the Fee for the Services has not been paid,such an obligation has arisen under applicable law or as a result of a decision of public authorities or courts.The User will be notified about the suspension and its reasons immediately after access to the Services has been suspended."
183,Oktawave:27,Oktawave,site not found,site not found,unknown_code_or_free_text,http://www.oktawave.com/en/termsconditions.htm
188,Oktawave:44,Oktawave,contr_chg 0; other important causes are vague; price_chg 0,other important causes are vague,unknown_code_or_free_text,"The Service Provider reserves the right to amend these Terms and Conditions in case of a need to adjust these Terms and Conditions to: (i) law amendments, procedures of state bodies or case law of common courts and arbitration tribunals;(ii) changes of market practices or changes in technology; (iii) changes of business plans concerning the provision of the Services, (iv) changes of regulations and agreements entered into with entities cooperating with the Service Provider, (v) any other important causes. Each material amendment will be notified to the User by sending information to the User Account within the Cloud or by e-mail to the e- mail address indicated for contacts in the User Account at least thirty (30) days before an amendment to these Terms and Conditions takes effect."
189,FollowMyHealth:0,FollowMyHealth,what,what,unknown_code_or_free_text,"PHR. ""PHR"" means Personal Health Record. A PHR is an electronic health data application that can help you collect, manage, and share your health information. The FollowMyHealth Universal Health Record is a PHR. "
190,FollowMyHealth:1,FollowMyHealth,docu 1,docu 1,documentary_note,FollowMyHealth Privacy Policy
192,FollowMyHealth:3,FollowMyHealth,disc -1; pato,disc -1,unknown_code_or_free_text,Allscripts reserves the right in its sole discretion to determine who may qualify for an account and reserves the right to reject or revoke any account at any time without liability.
192,FollowMyHealth:3,FollowMyHealth,disc -1; pato,pato,unknown_code_or_free_text,Allscripts reserves the right in its sole discretion to determine who may qualify for an account and reserves the right to reject or revoke any account at any time without liability.
193,FollowMyHealth:4,FollowMyHealth,core,core,unknown_code_or_free_text,Allscripts currently provides you with general use of and access to the Service free of charge. 
197,FollowMyHealth:8,FollowMyHealth,may infringe Annex 1(n) Directive 93/13,may infringe Annex 1(n) Directive 93/13,unknown_code_or_free_text,USE OF THIRD-PARTY SERVICES AND RELIANCE ON THEIR CONTENT IS SOLELY AT YOUR OWN RISK. ALLSCRIPTS MAY NOT BE HELD LIABLE FOR ANY DAMAGES ARISING OUT OF OR RELATED TO YOUR USE OF ANY THIRD-PARTY SERVICE OR CONTENT.
198,FollowMyHealth:9,FollowMyHealth,disc -1,disc -1,unknown_code_or_free_text,"as determined by Allscripts, may harm Allscripts "
200,FollowMyHealth:11,FollowMyHealth,acc_del 0; cnt_del 0; cnt_modr 0; cnt_retr -1,cnt_modr 0,unknown_code_or_free_text,"Allscripts may cancel your account and delete all data associated with your account at any time, and without notice, if we deem that you have violated the terms of this agreement. "
203,FollowMyHealth:14,FollowMyHealth,pato,pato,unknown_code_or_free_text,"NEITHER ALLSCRIPTS NOR ANY OF ITS LICENSORS OR SERVICE PROVIDERS MAY BE HELD LIABLE UNDER THIS AGREEMENT FOR ANY DAMAGES OF ANY KIND, UNDER ANY LEGAL THEORY"
206,FollowMyHealth:17,FollowMyHealth,uncle 1,uncle 1,unclear_or_legal_savings_fragment,THE LIMITATIONS IN THIS SECTION APPLY TO YOU ONLY TO THE EXTENT THEY ARE LAWFUL IN YOUR JURISDICTION.
211,Spotify:1,Spotify,It would be desired to explain which are free-of-charge and which require payment,It would be desired to explain which are free-of-charge and which require payment,unknown_code_or_free_text,"Certain Spotify Service options are provided free-of-charge, while other options require payment before they can be accessed (the ""Paid Subscriptions"")."
212,Spotify:2,Spotify,docu 1,docu 1,documentary_note,Spotify Premium Promotional Offer Terms
214,Spotify:4,Spotify,uncle 1,uncle 1,unclear_or_legal_savings_fragment,subject to applicable laws
215,Spotify:5,Spotify,docu 2,docu 2,documentary_note,Spotify User Guidelines 
216,Spotify:6,Spotify,docu 3,docu 3,documentary_note,Card Terms
218,Spotify:8,Spotify,uncle 2,uncle 2,unclear_or_legal_savings_fragment,Subject to applicable law
220,Spotify:9,Spotify,cnt_modr 0,cnt_modr 0,unknown_code_or_free_text,"Monitoring user contentSpotify may, but has no obligation to, monitor or review User Content. Spotify reserves the right to remove or disable access to any User Content for any or no reason. Spotify may take these actions without prior notification to you."
222,Spotify:12,Spotify,uncle 3,uncle 3,unclear_or_legal_savings_fragment,Where applicable and to the extent permitted under applicable law
223,Spotify:14,Spotify,violating art. 16 of Polish Law on copyright and related rights,violating art. 16 of Polish Law on copyright and related rights,unknown_code_or_free_text,"you also agree to waive, and not to enforce, any ""moral rights"" or equivalent rights, such as your right to be identified as the author of any User Content"
224,Spotify:13,Spotify,shad_ip1,shad_ip1,unknown_code_or_free_text,"Where applicable and to the extent permitted under applicable law, you also agree to waive, and not to enforce, any ""moral rights"" or equivalent rights, such as your right to be identified as the author of any User Content, including Feedback, and your right to object to derogatory treatment of such User Content"
225,Spotify:15,Spotify,sugg 0,sugg 0,unknown_code_or_free_text,"If you provide ideas, suggestions, or other feedback in connection with your use of the Spotify Service or any Content (""Feedback""), such Feedback is not confidential and may be used by Spotify without restriction and without payment to you"
226,Spotify:16,Spotify,docu 4,docu 4,documentary_note,Spotify Privacy Policy
227,Spotify:17,Spotify,docu 5,docu 5,documentary_note,Spotify Copyright Policy.
228,Spotify:18,Spotify,docu 6,docu 6,documentary_note,Community Terms
229,Spotify:20,Spotify,disc -1,disc -1,unknown_code_or_free_text,if we believe you have breached any of these Terms
230,Spotify:21,Spotify,uncle 4,uncle 4,unclear_or_legal_savings_fragment,applicable law
232,Spotify:22,Spotify,uncle 5,uncle 5,unclear_or_legal_savings_fragment,subject to applicable laws
233,Spotify:23,Spotify,unfair term according to paragraph 1(f) of the Annex to Directive 93/13,unfair term according to paragraph 1(f) of the Annex to Directive 93/13,unknown_code_or_free_text,Spotify will not refund any amounts that you have already paid
235,Spotify:25,Spotify,uncle 6,uncle 6,unclear_or_legal_savings_fragment,This section applies to the fullest extent permitted by applicable law
236,Spotify:26,Spotify,uncle 7,uncle 7,unclear_or_legal_savings_fragment,"Some jurisdictions do not allow the exclusion of implied warranties or limitations on applicable statutory rights of a consumer, so the exclusion and limitations in this section may not apply to you and nothing will affect your statutory rights"
237,Spotify:27,Spotify,uncle 8,uncle 8,unclear_or_legal_savings_fragment,Subject to applicable law
238,Spotify:28,Spotify,pato1,pato1,unknown_code_or_free_text,you agree that your sole and exclusive remedy for any problems or dissatisfaction with the Spotify Service is to uninstall any Spotify software and to stop using the Spotify Service
241,Spotify:31,Spotify,uncle 9,uncle 9,unclear_or_legal_savings_fragment,to the extent that applicable law would prohibit such a limitation
242,Spotify:32,Spotify,uncle 10,uncle 10,unclear_or_legal_savings_fragment,by applicable law
243,Spotify:33,Spotify,uncle 11,uncle 11,unclear_or_legal_savings_fragment,Except where such restriction is prohibited under applicable law
246,Spotify:36,Spotify,uncle 12,uncle 12,unclear_or_legal_savings_fragment,to the maximum extent permitted by applicable law
247,Spotify:37,Spotify,ind 0,ind 0,unknown_code_or_free_text,"You agree to indemnify and hold Spotify harmless from and against any reasonably foreseeable direct losses, damages, and reasonable expenses (including reasonable attorney fees and costs) suffered or incurred by Spotify arising out of or related to: (1) your breach of any of these Terms (including any additional Spotify terms and conditions incorporated herein); (2) any User Content you post or otherwise contribute; (3) any activity in which you engage on or through the Spotify Service; and (4) your violation of any law or the rights of a third party"
248,Spotify:38,Spotify,uncle 13,uncle 13,unclear_or_legal_savings_fragment,Unless otherwise required by mandatory laws in your country of residence
249,Spotify:39,Spotify,uncle 14,uncle 14,unclear_or_legal_savings_fragment,except where under applicable mandatory laws
251,Spotify:41,Spotify,uncle 15,uncle 15,unclear_or_legal_savings_fragment,WHERE PERMITTED UNDER THE APPLICABLE LAW
253,Spotify:43,Spotify,uncle 16,uncle 16,unclear_or_legal_savings_fragment,in a jurisdiction in which this Section 6.3. is enforceable
255,Spotify:45,Spotify,uncle 17,uncle 17,unclear_or_legal_savings_fragment,unless otherwise required by a mandatory law of a member state of the European Union or any other jurisdiction
257,Spotify:47,Spotify,uncle 18,uncle 18,unclear_or_legal_savings_fragment,If applicable law prohibits 
258,Spotify:48,Spotify,uncle 19,uncle 19,unclear_or_legal_savings_fragment,permitted by applicable law
261,Spotify:51,Spotify,uncle 20,uncle 20,unclear_or_legal_savings_fragment,Under applicable law
264,Spotify:54,Spotify,uncle 21,uncle 21,unclear_or_legal_savings_fragment,to the extent permitted by law
266,Badoo:0,Badoo,what,what,unknown_code_or_free_text,"Badoo is a social media website and app designed as a forum for meeting new people, a place to have discussions and to share photos, news and information."
267,Badoo:1,Badoo,what,what,unknown_code_or_free_text,"You are able to post or upload all kinds of things on Badoo, including photographs, emails, messages and other content (“Content”)."
270,Badoo:6,Badoo,disc -1,disc -1,unknown_code_or_free_text,if we believe it violates the Terms 
271,Badoo:2,Badoo,cnt_modr 0,cnt_modr 0,unknown_code_or_free_text,"We use a combination of automated systems and a team of moderators to monitor and review accounts and messages for content that indicates breaches of these Terms. If you repeatedly infringe our rules, you may be prevented from using Badoo and we may restrict your access to Badoo, disable your account or block you from further use of Badoo. We may remove any Content you submit to Badoo if we believe it violates the Terms or we are required to do so by applicable law."
273,Badoo:7,Badoo,docu 1,docu 1,documentary_note,Guidelines and Safety Tips
275,Badoo:9,Badoo,infringing art. 16 of the Polish Act on Copyright and Related Rights; pato,infringing art. 16 of the Polish Act on Copyright and Related Rights,unknown_code_or_free_text,"you agree that you waive any and all moral rights relating to that Content (including, without limitation, any rights to be identified as the author);"
275,Badoo:9,Badoo,infringing art. 16 of the Polish Act on Copyright and Related Rights; pato,pato,unknown_code_or_free_text,"you agree that you waive any and all moral rights relating to that Content (including, without limitation, any rights to be identified as the author);"
278,Badoo:12,Badoo,what,what,unknown_code_or_free_text,"Badoo’s premium services include various opportunities to find and meet additional people, to customise your profile and to boost your profile so more people find you. Badoo also offers the ability to play various games on the site. "
280,Badoo:14,Badoo,docu 2,docu 2,documentary_note,Service Conditions
284,Badoo:18,Badoo,docu 3,docu 3,documentary_note,Privacy Policy
285,Badoo:19,Badoo,uncle 1,uncle 1,unclear_or_legal_savings_fragment,any liability which cannot be limited or excluded by law
286,Badoo:20,Badoo,uncle 2,uncle 2,unclear_or_legal_savings_fragment,To the fullest extent permitted by law
289,Badoo:23,Badoo,pato,pato,unknown_code_or_free_text,"You accept that Badoo will not be provided uninterrupted or error free, that defects may not be corrected or that Badoo, or the server that makes it available, are free of viruses or bugs, spyware, Trojan horses or any similar malicious software."
290,Badoo:24,Badoo,ind 0,ind 0,unknown_code_or_free_text,"You agree to hold harmless and indemnify us and our officers, directors, employees, agents, representatives and licensors from and against any third party claims, damages (actual and/or consequential), actions, proceedings, demands, losses, liabilities, costs and expenses (including reasonable solicitors’ fees) suffered or reasonably incurred by us arising as a result of, or in connection with, your access to and use of Badoo, the uploading or submission of Content to Badoo by you or your conduct, other than in accordance with the Terms or any applicable law or regulation (“Claim”). Badoo retains the exclusive right to settle, compromise and pay any and all Claims or causes of action which are brought against us without your prior consent."
294,Allegro:0,Allegro,what,what,unknown_code_or_free_text,ALLEGROan online marketplace of an open character available in the allegro.pl domain and operated by Allegro.pl pursuant to the Terms & Conditions
295,Allegro:1,Allegro,what,what,unknown_code_or_free_text,"ALLEGRO BIZNESA mode of use of Allegro, available to Business Account holders, containing features dedicated only to entities using Allegro in connection with the business activity they pursue"
296,Allegro:2,Allegro,what,what,unknown_code_or_free_text,"THE FAMILY GROUP FUNCTIONALITYA functionality of Allegro available to Users with Regular Accounts and Junior Accounts who are family members related by blood or marriage, which enables them to create Family Groups and add Accounts (Users) to a Family Group, within which the Family Group Manager and Family Group Members can use the options available."
297,Allegro:3,Allegro,uncle 1,uncle 1,unclear_or_legal_savings_fragment,other information as required by law
298,Allegro:4,Allegro,uncle 2,uncle 2,unclear_or_legal_savings_fragment,and other information as required by law
300,Allegro:6,Allegro,docu 1,docu 1,documentary_note,Terms and Conditions of Deferred Payment for Businesses
301,Allegro:7,Allegro,ind 0,ind 0,unknown_code_or_free_text,they shall indemnify and hold Allegro.pl harmless from and against any liability arising in connection with any use of the data on Allegro or via Allegro.pl which is unlawful or violates the rights of the data subject.
302,Allegro:8,Allegro,pato,pato,unknown_code_or_free_text,"The aim of the Offers displayed in the listing categories: “Cars”, “Real Estate”, “Holidays”, “Live Animals”, “Machinery”, “Trailers, Semitrailers”, “Other Vehicles and Boats”, “Motorcycles and Quads”, “Services” and “Tickets” is not to conclude an agreement. These Offers are only classified ads. The Offers referred to in the previous sentence may not include more than one unit of the Goods."
304,Allegro:10,Allegro,"ip -1, no purposes",no purposes,unknown_code_or_free_text,"Upon posting within the Offer (upon its publication on Allegro) any content being the subject of copyright law, in particular, such as signs, logos, images, descriptions, or photos (“Content”), the User allows Allegro.pl to use this Content free of charge, non- exclusively and without time and territory constraints, within the scope of:its storing and multiplying by using any techniques, including its recording and duplication into paper, electronic, magnetic, and optic medium copies;its reproduction via telecommunications networks (including the Internet and GSM networks) by any means and techniques, in particular, such as its reproduction in such a way that anybody can access the Content at any chosen time and place; its exploitation in other communications networks, regardless of any possible use of access restrictions; its public viewing and reproduction also done by websites content auto-run mechanisms;its public performance, display, viewing, reproduction, transmission, and rebroadcasting;its lending and its introduction to public trading.The User consent covers preparation of the Content analyses by Allegro.pl, their use in the scope in which Allegro.pl is authorized to use the Content, and giving further consents to the extent of the agreement with Allegro.pl.The User gives his consent to exercise his personal copyrights to the Content by Allegro.pl and declares that they will not exercise these personal copyrights against Allegro.pl or against entities given by Allegro.pl further consent to use the Content."
305,Allegro:11,Allegro,shad_ip,shad_ip,unknown_code_or_free_text,The User gives his consent to exercise his personal copyrights to the Content by Allegro.pl and declares that they will not exercise these personal copyrights against Allegro.pl or against entities given by Allegro.pl further consent to use the Content.
306,Allegro:12,Allegro,ind 0,ind 0,unknown_code_or_free_text,The User shall release Allegro.pl and entities given by Allegro.pl further consent to use the Content from any liability arising from the use of the Content in accordance with the Terms & Conditions
307,Allegro:13,Allegro,docu 2,docu 2,documentary_note,https://allegro.pl/dlasprzedajacych/wysylka-tego-samego-dnia-dla-wybranych-przez-ciebieprzewoznikow- i-dni-tygodnia-2YRGlGOgLfR#wymagania-jakie-nalezy-spelnic-abykupujacy-zobaczyli-informacje-o- wysylce-tego-samego-dnia-w-twoich-ofertach
308,Allegro:14,Allegro,core,core,unknown_code_or_free_text,"Allegro.pl is not a party to any Goods sale agreements made between Users and does not ensure that the Sellers and the Buyers are authorized to enter into and perform such agreements. Where a Userconcludes an agreement with another User that has its registered office or habitual residence outside Poland, this might result in the Transaction being covered by the provisions of foreign law"
309,Allegro:15,Allegro,pato,pato,unknown_code_or_free_text,"The Buyer’s failure to pay for the Goods in a timely manner will result in Allegro.pl automatically canceling the Transaction (except for the “OTC drugs” category), which has no impact on the civil-law effects of the sale contract concluded between the Users and does not release them from the obligation to render performances towards each other under the legal relation arisen."
310,Allegro:16,Allegro,core,core,unknown_code_or_free_text,"Allegro.pl shall not be held liable for Users’ conduct on Allegro and for the undue performance or failure to perform Transaction-related agreements, and also for the consequences of actions performed by Users or third parties which violate the provisions hereof. In particular, Allegro.pl shall not be held liable for the quality, safety, and legality of Goods sold in Offers, Sellers’ capacity to sell, Buyers’ solvency, and the veracity and accuracy of data and other contents provided/submitted by Users within Allegro."
311,Allegro:17,Allegro,uncle 3,uncle 3,unclear_or_legal_savings_fragment,", in accordance with generally applicable laws and regulations "
313,Allegro:19,Allegro,cnt_modr 0; acc_sus 0,cnt_modr 0,unknown_code_or_free_text,"In case of repeated or material violations of the Terms & Conditions understood asfailure to pay the amounts due to Allegro.pl within the set time limit,the provision by the User of incomplete or false contact details (e.g. name, company, address) in the Account settings,disposal of the Account by the User without Allegro.pl consent,making the Account available by the User to other persons contrary to paragraph 2.10 of the Terms & Conditions,Publication of Offers, the subject of which is Forbidden Goods specified in Attachment No. 1 to the Terms & Conditions or Restricted Goods, where the User has not fulfilled the conditions necessary to list such Goods, which are specified in Attachment No. 1 to the Terms & Conditions,Infringing the rules on posting Offers set forth in Appendix No. 2 to the Terms & Conditions,Registration of multiple Accounts and their use contrary to the rules specified in paragraph 2.9 of the Terms & Conditions,Sending spam messages to other Users,Decrease of the overall quality (in the “My Sales Quality” tab) to the “Requires improvement” or to the “Unacceptable” level,Taking actions to avoid the payment of fees or sales commissions billed by Allegro.pl,Infringing on the rating system rules set forth in Section 11 of the Terms & Conditions,Making purchases for purposes other than completing a Transaction,Infringing the rules on ordering Allegro.pl to post Offers set forth in paragraph 5.4. of the Terms & Conditions,Infringing the rules on rejecting bids made by Bidders set forth in paragraph 6.5. of the Terms & Conditions,Infringing the rules set forth in paragraphs 10.1., 10.3, and 10.10 of the Terms & Conditions, Allegro.pl may:temporarily restrict the User’s access to respective services provided on Allegro, in particular, restrict the User Account’s functionality for a definite or indefinite period;suspend one, more, or all of the User’s Accounts for a definite or indefinite period.Allegro.pl shall notify the User about the suspension of the Account or restriction of access to specific services via email, indicating the reasons for the suspension or restriction of access to the Account. The User may appeal against the decision of Allegro.pl in accordance with the provisions of Section 16 of the Terms & Conditions."
314,Allegro:20,Allegro,core,core,unknown_code_or_free_text,Services provided on Allegro by Allegro.pl shall be paid services. The Seller shall be charged with all fees and sales commissions. Such amounts payable shall be charged on an ongoing basis and presented for payment for consecutive settlement periods. The settlement period shall be a calendar month.
316,Allegro:22,Allegro,cnbt_del 0,cnbt_del 0,unknown_code_or_free_text,"Allegro.pl reserves the right to edit or delete reviews in justified cases, when a review:is a subsequent review referring to the same Goods;refers to a different Goods than the reviewed one;violate the rules set forth in Section 11 paragraph 11.12.;violates applicable provisions of law, good practice or offends religious feelings;infringes patent rights, copyrights, business secrets or other intellectual property rights, or personal data protection rights;is only a summary of a film, book or record, etc.;is fully or partially copied from other Users, the manufacturer of the reviewed Goods or from other available sources;it contains characters that make the review illegible; this shall not apply, however, to the diacritica characters specific to the language in which the opinion was published."
317,Allegro:23,Allegro,uncle 4,uncle 4,unclear_or_legal_savings_fragment,pursuant to the applicable provisions of law 
323,Allegro:29,Allegro,uncle 5,uncle 5,unclear_or_legal_savings_fragment,"In the case of Users who are consumers, the above choice of law shall not exclude the protection afforded to the Users by mandatorily applicable laws of the country in which the User has its habitual residence."
325,Allegro:31,Allegro,docu 3-26,docu 3-26,documentary_note,Appendix No. 1: Forbidden and restricted items;Appendix No. 2: Rules on creating Offer description;Appendix No. 3: Policy on technical breaks and compensation for technical failures; Appendix No. 4: Fees and sales commissions;Appendix No. 5: Privacy protection policy; Appendix No. 6: Junior account principles;Appendix No. 7A: Terms & Conditions of PayU service; Appendix No. 7B: Terms & Conditions of Przelewy 24 service; Appendix No. 7C: Allegro Finance Terms & Conditions;Appendix No. 8: Notes of guidance on agreement renouncement and draft renouncement statement; Appendix No. 9: Buyer Protection Program;Appendix No. 10: Adding Products;Appendix No. 11: Use of databases of Allegro.pl and available in Allegro;Appendix No. 12: Terms & Conditions of the “Allegro Smart!” service for the Sellers; Appendix No. 13: Allegro Lokalnie;Appendix No. 14: General Terms & Conditions of the Cooperation Related to the Mail Order Sales of Medicinal Products;Appendix No. 15: Allegro Community;Appendix No. 16: General Terms & Conditions of Delivery Service;Appendix No. 16A: General Terms & Conditions of the Delivery Service for Allegro Lokalnie; Appendix No. 17: Charity Offers;Appendix No. 18: General Terms & Conditions of the Cooperation Related to the Sales of Vouchers Exchangeable for Medical Services;Appendix No. 19: Data processing Agreement.Appendix No. 20. Transactions subject to the obligation of archiving or VAT settlement through Allegro.pl Appendix No. 21: Details of Allegro Prices program
328,Snapchat:0,Snapchat,pato,pato,unknown_code_or_free_text,and “look and feel” of the Services
329,Snapchat:1,Snapchat,docu 2,docu 2,documentary_note,"Services in a way that these Terms and our policies, such as our Community Guidelines and Sounds on Snapchat Guidelines, allow. You may not use the Services in ways that are not authorised by these T"
330,Snapchat:2,Snapchat,docu 1,docu 1,documentary_note,"Services in a way that these Terms and our policies, such as our Community Guidelines and Sounds on Snapchat Guidelines, allow. You may not use the Services in ways that are not authorised by these T"
332,Snapchat:5,Snapchat,docu 3,docu 3,documentary_note,our Privacy Policy 
333,Snapchat:6,Snapchat,docu 4,docu 4,documentary_note,Support Site
335,Snapchat:7,Snapchat,uncle 1,uncle 1,unclear_or_legal_savings_fragment,To the extent permissible by law
336,Snapchat:8,Snapchat,infringing Art. 16 of Polish Law on copyright and related rights,infringing Art. 16 of Polish Law on copyright and related rights,unknown_code_or_free_text,you irrevocably waive—or agree not to assert against Snap or its afﬁliates—any moral rights or equivalent rights you may have in content you share on the Services throughout the world.
337,Snapchat:9,Snapchat,cnt_del 0; cnt_modr 0,cnt_modr 0,unknown_code_or_free_text,"While we’re not required to do so, we reserve the right to access, review, screen, and delete any content (i) which we think violates these Terms, including any additional terms referenced in Section 4, or our policies, such as our Community Guidelines, or (ii) if necessary to comply with our legal obligations. However, you alone remain responsible for the content you create, upload, post, send or store through the Service."
339,Snapchat:11,Snapchat,sugg 0,sugg 0,unknown_code_or_free_text,"We always love to hear from our users. But if you provide feedback or suggestions, just know that we can use them without compensating you and without any restriction or obligation to you. You agree that we will own all rights in any materials or items we develop based on such feedback or suggestions."
340,Snapchat:12,Snapchat,docu 5,docu 5,documentary_note,Snapchat Brand Guidelines
341,Snapchat:13,Snapchat,docu 6,docu 6,documentary_note,Bitmoji Brand Guidelines
344,Snapchat:16,Snapchat,what,what,unknown_code_or_free_text,"Memories is our data-storage service that makes it easier for you to reminisce anytime, anywhere. By agreeing to these Terms, you automatically enable Memories. Once Memories is enabled, it will remain enabled for as long as you maintain your Snapchat account. But you can always turn off certain Memories features through Settings."
350,Snapchat:22,Snapchat,pato,pato,unknown_code_or_free_text,"For example, we may deactivate your account due to prolonged inactivity, and we may reclaim your username at any time for any reason."
351,Snapchat:24,Snapchat,uncle 2,uncle 2,unclear_or_legal_savings_fragment,to the extent permitted by law
352,Snapchat:23,Snapchat,ind 0,ind 0,unknown_code_or_free_text,"You agree, to the extent permitted by law, to indemnify, defend, and hold harmless Snap, our afﬁliates, directors, ofﬁcers, stockholders, employees, licensors, and agents from and against any and all complaints, charges, claims, damages, losses, costs, liabilities, and expenses (including attorneys’ fees) due to, arising out of, or relating in any way to: (a) your access to or use of the Services; (b) your content, including infringement claims related to your content; (c) your breach of these Terms or any applicable law or regulation; or (d) your negligence or wilful misconduct."
354,Snapchat:26,Snapchat,uncle 3,uncle 3,unclear_or_legal_savings_fragment,to the extent permitted by law 
355,Snapchat:27,Snapchat,uncle 4,uncle 4,unclear_or_legal_savings_fragment,"IF THE LAW OF THE COUNTRY WHERE YOU LIVE DOES NOT ALLOW THE EXCLUSIONS OF LIABILITY PROVIDED FOR IN THIS CLAUSE, THOSE EXCLUSIONS SHALL NOT APPLY TO THE EXTENT PROHIBITED."
356,Snapchat:28,Snapchat,uncle 5,uncle 5,unclear_or_legal_savings_fragment,To the fullest extent permitted by law
357,Snapchat:29,Snapchat,uncle 6,uncle 6,unclear_or_legal_savings_fragment,Nothing in these Terms will exclude or limit any responsibility we may have to remove content if so required by the law of the country where you live.
360,Snapchat:32,Snapchat,uncle 7,uncle 7,unclear_or_legal_savings_fragment,c) any other liability to the extent that such liability may not be excluded or limited as a matter of law.
361,Snapchat:33,Snapchat,uncle 8,uncle 8,unclear_or_legal_savings_fragment,"Further, nothing in these Terms affects your statutory rights as a consumer."
362,Snapchat:34,Snapchat,uncle 9,uncle 9,unclear_or_legal_savings_fragment,"IF THE LAW OF THE COUNTRY WHERE YOU LIVE DOES NOT ALLOW ANY LIMITATION OF LIABILITY PROVIDED FOR IN THIS CLAUSE, THAT LIMITATION WILL NOT APPLY."
363,Snapchat:36,Snapchat,uncle 10,uncle 10,unclear_or_legal_savings_fragment,to the extent permitted by law
366,Snapchat:38,Snapchat,uncle 11,uncle 11,unclear_or_legal_savings_fragment,unless this is prohibited by the laws of the country where you reside
368,Snapchat:40,Snapchat,uncle 12,uncle 12,unclear_or_legal_savings_fragment,"The courts in some countries may not apply the laws of England and Wales to some disputes related to these Terms. If you reside in one of those countries, the laws of your home country may apply to those disputes."
371,Tinder:0,Tinder,docu 1-5,docu 1-5,documentary_note,"Privacy Policy, Cookie Policy, Arbitration Procedures (if applicable to you), Safety Tips, and Community Guidelines"
373,Tinder:2,Tinder,uncle 1,uncle 1,unclear_or_legal_savings_fragment,unless we’re unable to do so under applicable law
375,Tinder:4,Tinder,acc_del -; may infringe Annex1(d) Directive 93/13,acc_del -,known_code_without_valid_score,"Tinder may terminate your account at any time without notice if it believes that you have violated this Agreement. Upon such termination, you will not be entitled to any refund for purchases."
375,Tinder:4,Tinder,acc_del -; may infringe Annex1(d) Directive 93/13,may infringe Annex1(d) Directive 93/13,unknown_code_or_free_text,"Tinder may terminate your account at any time without notice if it believes that you have violated this Agreement. Upon such termination, you will not be entitled to any refund for purchases."
377,Tinder:7,Tinder,uncle 2,uncle 2,unclear_or_legal_savings_fragment,Our license to your Content is subject to your rights under applicable law
379,Tinder:10,Tinder,disc -1,disc -1,unknown_code_or_free_text,in our sole judgment
380,Tinder:9,Tinder,disc -1,disc -1,unknown_code_or_free_text,that in our sole judgment violates this Agreement or may harm the reputation of the Service
381,Tinder:8,Tinder,cnt_del 0; cnt_modr 0,cnt_modr 0,unknown_code_or_free_text,"You understand and agree that we may monitor or review any Content you post as part of a Service. We may delete any Content, in whole or in part, that in our sole judgment violates this Agreement or may harm the reputation of the Service."
383,Tinder:12,Tinder,sugg 0,sugg 0,unknown_code_or_free_text,"By submitting suggestions or feedback to Tinder regarding our Service, you agree that Tinder may use and share such feedback for any purpose without compensating you."
384,Tinder:14,Tinder,may infringe Annex 1(d) Directive 93/13,may infringe Annex 1(d) Directive 93/13,unknown_code_or_free_text,without a refund of any purchases 
385,Tinder:15,Tinder,disc -1,disc -1,unknown_code_or_free_text,or behaved in a way that Tinder regards as inappropriate or unlawful
389,Tinder:18,Tinder,virtu,virtu,unknown_code_or_free_text,"From time to time, you may be able to purchase or earn a limited, personal, non-transferable, non-sublicensable, revocable license to use ""virtual items"", which could include virtual products or virtual “coins” or other units that are exchangeable within the Service for virtual products (collectively, ""Virtual Items""). Any Virtual Item balance shown in your account does not constitute a real-world balance or reflect any stored value, but instead constitutes a measurement of the extent of your license. Virtual Items do not incur fees for non-use, however, the license granted to you in Virtual Items will terminate in accordance with the terms of this Agreement, when Tinder ceases providing the Service or your account is otherwise closed or terminated. Tinder, in its sole discretion, reserves the right to charge fees for the right to access or use Virtual Items and may distribute Virtual Items with or without charge. Tinder may manage, regulate, control, modify or eliminate Virtual Items at any time. Tinder shall have no liability to you or any third party in the event that Tinder exercises any such rights. Virtual Items may only be redeemed through the Service. ALL PURCHASES AND REDEMPTIONS OF VIRTUAL ITEMS MADE THROUGH THE SERVICE ARE FINAL AND NON-REFUNDABLE. The provision of Virtual Items for use in the Service is a service that commences immediately upon the acceptance of your purchase of such Virtual Items. YOU ACKNOWLEDGE THAT TINDER IS NOT REQUIRED TO PROVIDE A REFUND IN RESPECT OF VIRTUAL ITEMS FOR ANY REASON, AND THAT YOU WILL NOT RECEIVE MONEY OR OTHER COMPENSATION FOR UNUSED VIRTUAL ITEMS WHEN AN ACCOUNT IS CLOSED, WHETHER SUCH CLOSURE WAS VOLUNTARY OR INVOLUNTARY."
390,Tinder:19,Tinder,pato,pato,unknown_code_or_free_text,"YOU ACKNOWLEDGE THAT TINDER IS NOT REQUIRED TO PROVIDE A REFUND IN RESPECT OF VIRTUAL ITEMS FOR ANY REASON, AND THAT YOU WILL NOT RECEIVE MONEY OR OTHER COMPENSATION FOR UNUSED VIRTUAL ITEMS WHEN AN ACCOUNT IS CLOSED, WHETHER SUCH CLOSURE WAS VOLUNTARY OR INVOLUNTARY."
391,Tinder:20,Tinder,may infringe Annex 1(d) Directive 93/13 ,may infringe Annex 1(d) Directive 93/13,unknown_code_or_free_text,"Generally, all charges for purchases are nonrefundable, and there are no refunds or credits for partially used periods. "
392,Tinder:21,Tinder,uncle 3,uncle 3,unclear_or_legal_savings_fragment,or if the laws applicable in your jurisdiction provide for refunds.
395,Tinder:24,Tinder,uncle 4,uncle 4,unclear_or_legal_savings_fragment,TO THE EXTENT PERMITTED BY APPLICABLE LAW
396,Tinder:25,Tinder,uncle 5,uncle 5,unclear_or_legal_savings_fragment,TO THE FULLEST EXTENT PERMITTED BY APPLICABLE LAW
399,Tinder:28,Tinder,uncle 6,uncle 6,unclear_or_legal_savings_fragment,"SOME JURISDICTIONS DO NOT ALLOW THE EXCLUSION OR LIMITATION OF CERTAIN DAMAGES, SO SOME OR ALL OF THE EXCLUSIONS AND LIMITATIONS IN THIS SECTION MAY NOT APPLY TO YOU."
400,Tinder:29,Tinder,uncle 7,uncle 7,unclear_or_legal_savings_fragment,elsewhere where prohibited by applicable law
403,Tinder:32,Tinder,pato,pato,unknown_code_or_free_text,The online dispute settlement platform of the European Commission is available under http://ec.europa.eu/odr. Tinder does not take part in dispute settlement procedures in front of a consumer arbitration entity for members residing in the EU or European Economic Area.
404,Tinder:33,Tinder,uncle 8,uncle 8,unclear_or_legal_savings_fragment,or elsewhere where our arbitration agreement is prohibited by law
406,Tinder:35,Tinder,uncle 9,uncle 9,unclear_or_legal_savings_fragment,the choice of Texas governing law shall not supersede any mandatory consumer protection legislation in such jurisdictions.
408,Tinder:38,Tinder,uncle 10,uncle 10,unclear_or_legal_savings_fragment,to the extent permitted under applicable law
409,Tinder:37,Tinder,ind 0,ind 0,unknown_code_or_free_text,"You agree, to the extent permitted under applicable law, to indemnify, defend and hold harmless Tinder, our affiliates, and their and our respective officers, directors, agents, and employees from and against any and all complaints, demands, claims, damages, losses, costs, liabilities and expenses, including attorney’s fees due to, arising out of, or relating in any way to your access to or use of the Service, your Content, or your breach of this Agreement."
411,Viber:0,Viber,docu 1-3,docu 1-3,documentary_note,"these Terms to apply (and by these Terms we also mean our Privacy Policy, Cookies and Tracking Technologies Policy, DMCA Policy, and other policies on our policies page, which are incorporated herein"
412,Viber:1,Viber,docu,docu,documentary_note,"Some features of our Services may be subject to additional terms and conditions, which you should read before making use of those features, and they add up to these Terms."
415,Viber:4,Viber,what,what,unknown_code_or_free_text,"As part of our Service, we offer you to call your friends who use Viber, through our Service, free of charge (calls use your data plan unless connected to Wiﬁ). Viber also offers you the opportunity to become a premium “Viber Out” user, which allows you to call non-Viber users (landlines or mobiles) around the world at such rates as presentedherein https://account.viber.com/en/rates-index.In addition, you are allowing certain incoming calls generated outside the Viber network, by your friends or other people calling your number, to be received by your mobile device or desktop through the Licensed Application (hereinafter: “Viber In”). “Viber In” is provided to you for free and you may disable the ‘Viber In’ service at any time by changing the application settings"
417,Viber:6,Viber, docu 4,docu 4,documentary_note,Fair Usage Principles.
421,Viber:10,Viber,docu 5,docu 5,documentary_note,Payments Policy
423,Viber:13,Viber,disc -1,disc -1,unknown_code_or_free_text,in the event that Viber determines (in its reasonable discretion) that you are abusing the terms of the offer
424,Viber:12,Viber,pato1,pato1,unknown_code_or_free_text,"Viber reserves the right to charge you for such products (at the normal rate) in the event that Viber determines (in its reasonable discretion) that you are abusing the terms of the offer, including if you are using any service, proxy or other device or anonymous IP address that prevents us from locating you"
425,Viber:14,Viber,pato2,pato2,unknown_code_or_free_text,You agree that you are not relying on the future availability of any feature or product offered through the Service in agreeing to or making payments hereunder
428,Viber:17,Viber,pato3; disc -1,pato3,unknown_code_or_free_text,"In the event of any errors relating to the pricing or speciﬁcations, Viber shall have the right to refuse or cancel any orders in its sole discretion"
428,Viber:17,Viber,pato3; disc -1,disc -1,unknown_code_or_free_text,"In the event of any errors relating to the pricing or speciﬁcations, Viber shall have the right to refuse or cancel any orders in its sole discretion"
429,Viber:18,Viber,pato4,pato4,unknown_code_or_free_text,"If we charged your credit card or other account prior to cancellation, we will issue a credit to your account in the amount of the charge"
430,Viber:19,Viber,docu,docu,documentary_note,Additional Terms may apply
431,Viber:20,Viber,uncle 1,uncle 1,unclear_or_legal_savings_fragment,Except as provided by law
432,Viber:21,Viber,pato5,pato5,unknown_code_or_free_text,"If you believe that Viber has charged you in error, you must contact Viber within 90 days of such charge. No refunds will be given for any charges more than 90 days old"
433,Viber:22,Viber,pato6; explicitly contradicting directive 2019/770,pato6,unknown_code_or_free_text,"If you purchase any digital content from Viber, any right you may have to withdraw from or cancel the purchase will terminate once the digital content has been delivered to you upon your request, and you will not be entitled to claim any refund, except where you believe Viber has charged you in error"
433,Viber:22,Viber,pato6; explicitly contradicting directive 2019/770,explicitly contradicting directive 2019/770,unknown_code_or_free_text,"If you purchase any digital content from Viber, any right you may have to withdraw from or cancel the purchase will terminate once the digital content has been delivered to you upon your request, and you will not be entitled to claim any refund, except where you believe Viber has charged you in error"
434,Viber:23,Viber,uncle 2,uncle 2,unclear_or_legal_savings_fragment,This refund policy does not affect any of your statutory rights to pursue a claim.
435,Viber:24,Viber,pato7,pato7,unknown_code_or_free_text,"VIBER DOES NOT UNDERTAKE TO MONITOR OR REVIEW FORUMS, AND THE CONTENT OF FORUMS IS NOT THE RESPONSIBILITY OF VIBER"
436,Viber:25,Viber,cnt_del -1; cnt_modr 0; disc -1 ,cnt_modr 0,unknown_code_or_free_text,"VIBER MAY BLOCK, REMOVE OR MODIFY ANY CONTENT WITHOUT NOTICE OR LIABILITY AT ANY TIME IN VIBER’S SOLE DISCRETION"
436,Viber:25,Viber,cnt_del -1; cnt_modr 0; disc -1 ,disc -1,unknown_code_or_free_text,"VIBER MAY BLOCK, REMOVE OR MODIFY ANY CONTENT WITHOUT NOTICE OR LIABILITY AT ANY TIME IN VIBER’S SOLE DISCRETION"
438,Viber:27,Viber,"acc_del -1; acc_sus -1; sometimes such immediate account suspension might be desired, for example, to protect other users against spam, uploading harmful or infringing others’ rights content",sometimes such immediate account suspension might be desired,unknown_code_or_free_text,"to suspend or terminate users, and to block participants of our Forums"
438,Viber:27,Viber,"acc_del -1; acc_sus -1; sometimes such immediate account suspension might be desired, for example, to protect other users against spam, uploading harmful or infringing others’ rights content",for example,unknown_code_or_free_text,"to suspend or terminate users, and to block participants of our Forums"
438,Viber:27,Viber,"acc_del -1; acc_sus -1; sometimes such immediate account suspension might be desired, for example, to protect other users against spam, uploading harmful or infringing others’ rights content",to protect other users against spam,unknown_code_or_free_text,"to suspend or terminate users, and to block participants of our Forums"
438,Viber:27,Viber,"acc_del -1; acc_sus -1; sometimes such immediate account suspension might be desired, for example, to protect other users against spam, uploading harmful or infringing others’ rights content",uploading harmful or infringing others’ rights content,unknown_code_or_free_text,"to suspend or terminate users, and to block participants of our Forums"
439,Viber:28,Viber,disc -1,disc -1,unknown_code_or_free_text,"in our sole discretion, violates these Terms, including these House Rules, the Public Account, Public Chat, Bot, Community and Channels and VAP Terms & Guidelines, these "
440,Viber:29,Viber,docu 5,docu 5,documentary_note,"discretion, violates these Terms, including these House Rules, the Public Account, Public Chat, Bot, Community and Channels and VAP Terms & Guidelines, these "
441,Viber:30,Viber,docu 6,docu 6,documentary_note,Content Guidelines 
442,Viber:31,Viber,uncle 3,uncle 3,unclear_or_legal_savings_fragment,applicable laws
443,Viber:32,Viber,uncle 4,uncle 4,unclear_or_legal_savings_fragment,"under any applicable international or local laws, rules and regulations"
445,Viber:34,Viber,sugg 0,sugg 0,unknown_code_or_free_text,"Viber will consider anything you provide to Viber, including feedback, ideas or suggestions and/or contribute to this Service as available for our use free of any obligations to you (including any payment)"
446,Viber:35,Viber,pato8,pato8,unknown_code_or_free_text,Under no circumstances will we pay you for the use of your ideas or submissions
448,Viber:37,Viber,uncle 5,uncle 5,unclear_or_legal_savings_fragment,Where permissible under the law
451,Viber:40,Viber,uncle 6,uncle 6,unclear_or_legal_savings_fragment,TO THE FULLEST EXTENT PERMISSIBLE PURSUANT TO APPLICABLE LAW
452,Viber:41,Viber,pato9,pato9,unknown_code_or_free_text,"THE VIBER GROUP DOES NOT WARRANT THAT THE FUNCTIONS CONTAINED ON OR THROUGH THIS SERVICE WILL BE AVAILABLE, UNINTERRUPTED OR ERROR-FREE, THAT DEFECTS WILL BE CORRECTED, OR THAT THE SERVICE OR THE SERVERS THAT MAKE THE SERVICE AVAILABLE ARE FREE OF VIRUSES OR OTHER HARMFUL COMPONENTS"
453,Viber:42,Viber,uncle 7,uncle 7,unclear_or_legal_savings_fragment,"IF APPLICABLE LAW DOES NOT ALLOW THE EXCLUSION OF SOME OR ALL OF THE ABOVE IMPLIED WARRANTIES TO APPLY TO YOU, THE ABOVE EXCLUSIONS WILL APPLY TO YOU ONLY TO THE EXTENT PERMITTED BY APPLICABLE LAW"
455,Viber:44,Viber,uncle 8,uncle 8,unclear_or_legal_savings_fragment,"IF APPLICABLE LAW DOES NOT ALLOW ALL OR ANY PART OF THE ABOVE LIMITATION OF LIABILITY TO APPLY TO YOU, THE LIMITATIONS WILL APPLY TO YOU ONLY TO THE EXTENT PERMITTED BY APPLICABLE LAW"
456,Viber:45,Viber,uncle 9,uncle 9,unclear_or_legal_savings_fragment,other than as may be required by applicable law in cases involving personal injury
458,Viber:47,Viber,ind 0,ind 0,unknown_code_or_free_text,"You agree to indemnify and hold harmless The Viber Group from and against any and all claims, demands, liabilities, costs or expenses, including reasonable attorney’s fees, resulting from your breach of these Terms, including any of the foregoing provisions, representations or warranties, from your placement or transmission of any content onto Viber’s servers and/or from any and all use of your User Account"
459,Viber:48,Viber,ind 0,ind 0,unknown_code_or_free_text,"If you have a dispute with one or more users (including game developers and/or merchants), you release The Viber Group from claims, demands, liabilities, costs, or expenses and damages (actual and consequential of every kind and nature, known and unknown, arising out of or in any way connected with such disputes)"
460,Viber:49,Viber,uncle 10,uncle 10,unclear_or_legal_savings_fragment,to the extent permitted by applicable law
463,Viber:52,Viber,disc -1,disc -1,unknown_code_or_free_text,in its sole discretion
464,Viber:53,Viber,cnt_modr 0,cnt_modr 0,unknown_code_or_free_text,or take other corrective action
465,Viber:54,Viber,ind 0,ind 0,unknown_code_or_free_text,BY ACCEPTING THIS AGREEMENT YOU WAIVE AND HOLD HARMLESS ALL MEMBERS OF THE VIBER GROUP FROM ANY CLAIMS RESULTING FROM ANY ACTION TAKEN BY ANY MEMBER OF THE VIBER GROUP DURING OR AS A RESULT OF ITS INVESTIGATIONS AND/OR FROM ANY ACTIONS TAKEN AS A CONSEQUENCE OF INVESTIGATIONS BY EITHER A MEMBER OF THE VIBER GROUP OR LAW ENFORCEMENT AUTHORITIES
468,Viber:57,Viber,uncle 11,uncle 11,unclear_or_legal_savings_fragment,"We make no representation that our Service is available for use or permitted by law in any particular location. To the extent you choose to access our Service, you do so at your own initiative and are responsible for compliance with any applicable laws, including but not limited to applicable local laws. You are responsible for complying with local laws, if and to the extent local laws are applicable. You speciﬁcally agree to comply with all applicable laws concerning the transmission of technical data exported from the United States or the country you reside in"
469,Viber:58,Viber,uncle 12,uncle 12,unclear_or_legal_savings_fragment,To the extent permitted by law
473,Viber:62,Viber,uncle 13,uncle 13,unclear_or_legal_savings_fragment,To the fullest extent permissible by law
474,Viber:63,Viber,uncle 14,uncle 14,unclear_or_legal_savings_fragment,pursuant to law
476,Twitch:0,Twitch,docu,docu,documentary_note,Community Guidelines 
477,Twitch:1,Twitch,docu,docu,documentary_note,Twitch Terms of Sale 
478,Twitch:2,Twitch,docu,docu,documentary_note,Privacy Notice 
479,Twitch:3,Twitch,docu,docu,documentary_note,Privacy Choices 
481,Twitch:6,Twitch,uncle,uncle,unclear_or_legal_savings_fragment,to the furthest extent and for the maximum duration permitted by applicable law
482,Twitch:5,Twitch,Ip -1,Ip -1,known_code_without_valid_score,"Unless otherwise agreed to in a written agreement between you and Twitch that was signed by an authorized representative of Twitch, if you submit, transmit, display, perform, post, or store User Content using the Twitch Services, you grant Twitch and its sub-licensees, to the furthest extent and for the maximum duration permitted by applicable law (including in perpetuity if permitted under applicable law), an unrestricted, worldwide, irrevocable, fully sub-licenseable, nonexclusive, and royalty-free right to: (a) use, reproduce, modify, adapt, publish, translate, create derivative works from, distribute, perform, and display such User Content (including without limitation for promoting and redistributing part or all of the Twitch Services (and derivative works thereof) in any form, format, media, or media channels now known or later developed or discovered; and (b) use the name, identity, likeness, and voice (or other biographical information) that you submit in connection with such User Content. Should such User Content contain the name, identity, likeness, and voice (or other biographical information) of third parties, you represent and warrant that you have obtained the appropriate consents and/or licenses for your use of such features and that Twitch and its sub-licensees are allowed to use them to the extent indicated in these Terms of Service."
483,Twitch:7,Twitch,uncle,uncle,unclear_or_legal_savings_fragment,To the furthest extent permitted by applicable law
485,Twitch:9,Twitch,docu,docu,documentary_note,FTC’s Guidelines Concerning the Use of Testimonials and
486,Twitch:10,Twitch,docu,docu,documentary_note,Disclosures Guide
487,Twitch:11,Twitch,docu,docu,documentary_note,Native Advertising Guidelines
488,Twitch:12,Twitch,uncle,uncle,unclear_or_legal_savings_fragment,To the extent permitted by applicable law
489,Twitch:13,Twitch,uncle,uncle,unclear_or_legal_savings_fragment,To the fullest extent permitted by applicable law
490,Twitch:14,Twitch,cnt_del -1; cnt_modr 0,cnt_modr 0,unknown_code_or_free_text,"To the fullest extent permitted by applicable law, Twitch reserves the right to remove, screen, or edit any User Content posted or stored on the Twitch Services at any time and without notice, including where such User Content violates these Terms of Service or applicable law, and you are solely responsible for creating backup copies of and replacing any User Content you post or store on the Twitch Services at your sole cost and expense. Any use of the Twitch Services in violation of the foregoing violates these Terms of Service and may result in, among other things, termination or suspension of your rights to use the Twitch Services."
492,Twitch:16,Twitch,docu,docu,documentary_note,DMCA Guidelines
493,Twitch:17,Twitch,docu,docu,documentary_note,Trademark Guidelines
494,Twitch:18,Twitch,sugg 0,sugg 0,unknown_code_or_free_text,"By submitting ideas, suggestions, documents, and/or proposals (the “Submissions”) to Twitch or its employees, you acknowledge and agree that Twitch shall be entitled to use or disclose such Submissions for any purpose in any way without providing compensation or credit to you."
495,Twitch:19,Twitch,uncle,uncle,unclear_or_legal_savings_fragment,To the fullest extent permitted by applicable law
497,Twitch:21,Twitch,uncle,uncle,unclear_or_legal_savings_fragment,To the fullest extent permitted by applicable law
498,Twitch:22,Twitch,uncle,uncle,unclear_or_legal_savings_fragment,To the fullest extent permitted by applicable law
499,Twitch:23,Twitch,ind 0,ind 0,unknown_code_or_free_text,"To the fullest extent permitted by applicable law, you agree to indemnify, defend, and hold harmless Twitch, its aﬃliated companies, and each of our respective contractors, employees, oﬃcers, directors, agents, third-party suppliers, licensors, and partners (individually and collectively, the “Twitch Parties”) from any claims, losses, damages, demands, expenses, costs, and liabilities, including legal fees and expenses, arising out of or related to your access, use, or misuse of the Twitch Services, any User Content you post, store, or otherwise transmit in or through the Twitch Services, your violation of the rights"
500,Twitch:24,Twitch,uncle,uncle,unclear_or_legal_savings_fragment,TO THE FULLEST EXTENT PERMITTED BY APPLICABLE LAW
502,Twitch:26,Twitch,uncle,uncle,unclear_or_legal_savings_fragment,TO THE FULLEST EXTENT PERMITTED BY APPLICABLE LAW
505,Twitch:29,Twitch,uncle,uncle,unclear_or_legal_savings_fragment,"TO THE EXTENT THAT APPLICABLE LAW PROHIBITS LIMITATION OF SUCH LIABILITY, TWITCH SHALL LIMIT ITS LIABILITY TO THE FULL EXTENT ALLOWED BY APPLICABLE LAW."
506,Twitch:30,Twitch,uncle,uncle,unclear_or_legal_savings_fragment,To the fullest extent permitted by applicable law
514,Twitch:38,Twitch,docu,docu,documentary_note,Music Guidelines 
516,MultiSport:0,MultiSport,docu 1,docu 1,documentary_note,"""Terms and Conditions of Use of MultiSport Programme Cards"" document, available at https://www.benefitsystems.pl/dla-ciebie/multisport/,"
517,MultiSport:1,MultiSport,docu 2,docu 2,documentary_note,"“Terms and Conditions of Use of the MultiLife Programme” available at https://www.benefitsystems.pl/dla-ciebie/multilife/,"
518,MultiSport:2,MultiSport,core,core,unknown_code_or_free_text,"Account Agreement – means a free-of-charge agreement of electronically supplied services, which is concluded between the Service User and Benefit Systems for an indefinite period of time, the object of which is to maintain the Account for the Service User,"
519,MultiSport:3,MultiSport,core,core,unknown_code_or_free_text,"Upon the moment the Website or the Application is actually used by an unregistered Service User, an agreement of electronically supplied services is concluded, under which functionalities of the Website or the Application can be used in accordance with provisions of the Terms and Conditions. The agreement is terminated upon the moment the service is actually performed."
522,MultiSport:6,MultiSport,docu 3,docu 3,documentary_note,Detailed information on personal data processing is available at: https://www.kartamultisport.pl/obowiazek-informacyjny
528,MultiSport:12,MultiSport,uncle 1 ,uncle 1,unclear_or_legal_savings_fragment,These Terms and Conditions do not restrict or waive any rights of Service Users inuring to them under unconditionally applicable laws.
529,MultiSport:13,MultiSport,core,core,unknown_code_or_free_text,"Product Use Agreement – means an agreement for the provision of services under the MultiSport Programme or MultiLife Programme concluded between the Client and the Operator electronically via the Account under the rules set out in the Terms and Conditions, based on which the Operator provides the User with a service of membership in the MultiSport Programme or MultiLife Programme and delivers the ordered MultiSport Cards or MultiLife Services respectively that entitle the User to use the services set out in the MultiSport Programme or MultiLife Programme, and the Client, by making the Payment, finances or co-finances the cost of membership in the Programme. The Client may conclude the Product Use Agreement only if the Customer makes it possible for the Client under the Master Agreement,"
530,MultiSport:14,MultiSport,what,what,unknown_code_or_free_text,"The Client may use the following functionalities of the Platform: enter into Product Use Agreement or place Product Orders, order a Product duplicate, activate and deactivate the Product, perform other functionalities described on the Platform; the scope of functionalities available to the Client is defined in the Master Agreement."
534,MultiSport:18,MultiSport,what,what,unknown_code_or_free_text,"In case of unregistered Service Users, the Application enables searching for Facilities and sharing the Application with other Service Users, as well as Service Users can browse selected content, including information about the MultiSport Programme, contact details and FAQ.A Service User registered and logged in to the Application may use all features available to unregistered Service Users and the following features available only to registered Service Users: Service User’s Account,pedometer,evaluating the Application and leaving comments about the Application in the additional “Rate Application” module,other services described in the Application for logged-in Service Users.A Service User registered and logged in to the Application who holds an active MultiSport Card may use the features specified in subpara. 1-2 above, and the following additional features:access to the video content,adding Facilities searched in the search engine to the “Favourites"" category and giving opinions on the Facilities,connecting the Mobile Kids Card to the Service User Account – feature available only to Employee Service Users,making the Mobile Kids Card available to other Service Users registered in the Application (excluding other Kids Card Service Users) – feature available only to Employee Users,Confirmed Identity,other services described in the Application for logged-in Service Users who hold an active MultiSport Card."
535,MultiSport:19,MultiSport,what,what,unknown_code_or_free_text,"When searching for a Facility, the Application uses the geolocation feature. The geolocation feature is disabled by default. The Service User may manually enable geolocation by granting consent to save the location of their mobile device. Geolocation is not necessary for using the search engine."
537,EliteSingles:0,EliteSingles,docu 1,docu 1,documentary_note,"For information on how to use the service or for a simple cancellation of your membership, please see our help section"
538,EliteSingles:1,EliteSingles,docu 2,docu 2,documentary_note,"The following information, together with the PrivacyI amaa manPolicy deﬁnes the conditions under which the use "
539,EliteSingles:2,EliteSingles,what,what,unknown_code_or_free_text,"ELITESINGLES operates an Internet online dating and matchmaking platform, and provides customers with both free and paid services. The customer receives access to the ELITESINGLES database that contains proﬁles and information about other members."
541,EliteSingles:4,EliteSingles,cnt_del 0; cnt_modr 0,cnt_modr 0,unknown_code_or_free_text,"ELITESINGLES will block or remove from its site any offensive or incorrect communication or information, and any communication or information which it reasonably suspects infringes any applicable laws, regulations or third party rights (such as material that is obscene, indecent, pornographic, seditious, offensive, defamatory, threatening, liable to incite racial hatred, menacing, blasphemous or in breach of any third party intellectual property rights) that becomes known to it"
542,EliteSingles:5,EliteSingles,what,what,unknown_code_or_free_text,"ELITESINGLES ensures service availability for 99.7% of the calendar year. This does not include failures of the service, for example for essential maintenance or technical failures of the Internet."
543,EliteSingles:6,EliteSingles,what,what,unknown_code_or_free_text,"An order for paid membership is conﬁrmed once the registered customer clicks the ﬁnal payment button “Purchase (via secure server)”, after entering their payment information. This customer then enters into another contractual relationship with ELITESINGLES, in addition to the free membership."
547,EliteSingles:10,EliteSingles,uncle 1,uncle 1,unclear_or_legal_savings_fragment,any other liability which cannot be limited or excluded by applicable law.
550,Uber:0,Uber,docu 1,docu 1,documentary_note,Community Guidelines 
551,Uber:1,Uber,core,core,unknown_code_or_free_text,"For any Third Party Services other than in the field of passenger transportation, Uber acts as the agent for the Third Party Providers for Third Party Services and as the service provider for Uber Provided Services (see clause 4 below)."
552,Uber:2,Uber,core,core,unknown_code_or_free_text,"For the Third Party Services in the field of passenger transportation, Uber Poland acts as the agent for the Third Party Providers for Third Party Services and as the service provider for Uber Provided Services (see clause 4 below)."
553,Uber:3,Uber,what,what,unknown_code_or_free_text,"The services provided to you by Uber consist of:Access to and use of Uber's mobile applications and/or websites which enable you to request and receive Third Party Services and/or Uber Provided Services; andPayment collection and payment processing services (including issuing invoices and receipts on behalf of Third Party Providers) allowing us to charge you and to pay charges into the bank account of Third Party Providers for Third Party Services or Uber for Uber Provided Services (Uber B.V. may engage affiliates or third parties to provide these services on its behalf) (together the ""App/Website Services"")."
554,Uber:4,Uber,what,what,unknown_code_or_free_text,The Services of intermediating passenger transportation are provided to you by Uber Poland and consist of:Enabling you to request and receive Third Party Services and/or Uber Provided Services; and2.1.2. Enabling you to enter into direct contracts for transportation with Third Party Providers and/or to settle fares for transportation (together the “Intermediation Services”).
555,Uber:5,Uber,pato,pato,unknown_code_or_free_text,Third Party Providers (for Third Party Services) and Uber (for Uber Provided Services) are free to decide to accept or reject a request.
556,Uber:6,Uber,what,what,unknown_code_or_free_text,You may be asked to rate the Third Party Provider whose services you requested. The Third Party Provider may also be able to give you a rating. Third Party Providers will see the rating in the Uber’s applications and/or websites and this rating may affect whether or not they decide to provide Third Party Services to you. 
557,Uber:7,Uber,acc_sus 0; cnt_modr 0,cnt_modr 0,unknown_code_or_free_text,"We may temporarily restrict your access to and use of the App(s)/Website(s) Services if there is a suspected breach of your obligations (see clause 6 below) or of these Terms, including where we receive a complaint in relation to fraud"
559,Uber:9,Uber,pato,pato,unknown_code_or_free_text,"Please be aware that the final amount charged to you may be different from the estimate. You may be charged supplementary charges, costs and/or fines by Third Party Providers, for your use or misuse of Third Party Services (such as repair or cleaning fees) or by Uber for your use or misuse of Uber Provided Services."
560,Uber:10,Uber,docu 2-3,docu 2-3,documentary_note,Cancellation Policy for Rides and the Cancellation Policy for Eats
561,Uber:11,Uber,uncle 1,uncle 1,unclear_or_legal_savings_fragment,except as allowed under law
562,Uber:12,Uber,docu 4,docu 4,documentary_note,"We collect, use and disclose information from or about you as described in our Privacy Notice. Additional privacy notices may apply, including from third party controllers, for "
563,Uber:13,Uber,ind 0,ind 0,unknown_code_or_free_text,"In order to have access to the App(s)/Websites(s) Services, you agree to indemnify, defend (at our option) and hold us and our respective officers, directors, and employees harmless from and against all claims, liabilities, expenses, damages, penalties, fines, social security contributions and taxes arising out of or related to a breach of these Terms, breach of applicable law or third party claims directly or indirectly related to your use of the Third Party Services, the Uber Provided Services or your use of the Services generally."
565,Uber:15,Uber,uncle 2,uncle 2,unclear_or_legal_savings_fragment,Nothing in these Terms limits and excludes any liability which cannot legally be limited or excluded
566,Uber:16,Uber,uncle 3,uncle 3,unclear_or_legal_savings_fragment,that cannot be excluded under applicable law
569,Uber:19,Uber,uncle 4,uncle 4,unclear_or_legal_savings_fragment,To the extent permitted by law
576,Uber:26,Uber,uncle 5,uncle 5,unclear_or_legal_savings_fragment,"if you reside in the EU, statutory consumer protection regulations in your country of residence contain provisions that are more beneficial for you, in which case those provisions may apply"
578,trivago:0,trivago,what,what,unknown_code_or_free_text,"trivago is a hotel search and offers users information about different types of accommodation (such as hotels, holiday homes, etc.), travel areas and services associated with travel."
580,trivago:2,trivago,docu 1,docu 1,documentary_note,privacy policy
581,trivago:3,trivago,docu 2,docu 2,documentary_note,the use of cookies.
582,trivago:4,trivago,what,what,unknown_code_or_free_text,"On the trivago website, you have the ability to compare third party services via the trivago system."
583,trivago:5,trivago,core,core,unknown_code_or_free_text,"In addition, for some hotels, users have the possibility of booking the selected hotel through a direct connection to the hotel booking sites (third parties) (‘trivago Express Booking’ Booking’ and ‘trivago Book & Go’). As a result, the booking will be made directly on the hotel booking site and not on the trivago sites. In such cases, trivago is not the travel operator or the contractual party for the user, but only an agent providing the technical connection to the hotel booking site of a third party. "
584,trivago:6,trivago,what,what,unknown_code_or_free_text,"Furthermore, you may also search for travel destination products such as, e.g., tours, events, attractions, cruises and others on the trivago website. trivago does not provide, own or control any of the destination travel products, but the travel destination products are owned, controlled or made available by third parties, either directly (e.g., a tour operator) or through a facilitator (e.g., an online travel company) via a booking site. Bookings will be made directly with the third parties as set out on the booking site."
585,trivago:7,trivago,what,what,unknown_code_or_free_text,"Users have the option of joining the trivago Community (hereafter “Community”) and/ or creating a member account within the trivago Member Area. Users who register for the Community can publish self-generated content, as well as actively participate in the platform’s development via the administrative functions. Unregistered users may read the content on trivago for free."
586,trivago:8,trivago,what,what,unknown_code_or_free_text,Using the trivago Member Area users have the option to administer and store their searches. 
587,trivago:9,trivago,cnt_del 0; cnt_moder 0,cnt_moder 0,unknown_code_or_free_text,"If there is a breach in the terms and conditions, trivago reserves the right to remove content without declaration of reason"
590,trivago:12,trivago,core,core,unknown_code_or_free_text,"All agreements that arise through this service are between the trivago user and the respective external contracting booking site. In particular, trivago does not act as organiser or travel agency at any time."
591,trivago:13,trivago,what,what,unknown_code_or_free_text,"For technical reasons, no updating of the prices we receive from booking sites are done in real time. Therefore it is possible that the price that appears on the booking site does not correspond to the price specified on the trivago sites. trivago does not guarantee the accuracy of information, in particular prices and availability."
595,Bolt:0,Bolt,core; pato,core,unknown_code_or_free_text,Bolt provides an information society service through Bolt app that enables mediation of the requests for transport services between the passengers and drivers and Bolt does not provide transport services
595,Bolt:0,Bolt,core; pato,pato,unknown_code_or_free_text,Bolt provides an information society service through Bolt app that enables mediation of the requests for transport services between the passengers and drivers and Bolt does not provide transport services
596,Bolt:1,Bolt,may be considered an unfair contract term according to Annex(1)(n) of the Directive 93/13,may be considered an unfair contract term according to Annex(1)(n) of the Directive 93/13,unknown_code_or_free_text,Bolt is not responsible in any way for the fulfilment of the contract entered into between the passenger (you) and the driver
597,Bolt:2,Bolt,what ,what,unknown_code_or_free_text,Data regarding the drivers and their transport service is available in the Bolt app and receipts for journeys are sent to the email address listed in passenger’s profile
598,Bolt:3,Bolt,docu 1,docu 1,documentary_note,separate agreement for Business journeys
599,Bolt:4,Bolt,core,core,unknown_code_or_free_text,"By providing Bolt in-App Payment service, Bolt acts as commercial agent for the providers of the transport services. Every driver has authorised Bolt as their commercial agent for the mediation of conclusion of contracts between the driver and the passenger, including the power to accept payments from the passengers and to forward the payments to the driver. Your obligation to the provider of the transport service will be fulfilled when the payment order is given to transfer funds to Bolts’ bank account. You, as a passenger are responsible for ensuring that the payment takes place and ensuring that sufficient funds are available"
600,Bolt:5,Bolt,disc -1,disc -1,unknown_code_or_free_text,"Bolt reserves the right to withhold the Tip, if the payment of the Tip is suspected as being"
601,Bolt:6,Bolt,to whom,to whom,unknown_code_or_free_text,to pay a cancellation fee
604,Bolt:9,Bolt,"again, may be considered an unfair contract term according to Annex(1)(n) of the Directive 93/13",again,unknown_code_or_free_text,please note that Bolt is not responsible for such situations
604,Bolt:9,Bolt,"again, may be considered an unfair contract term according to Annex(1)(n) of the Directive 93/13",may be considered an unfair contract term according to Annex(1)(n) of the Directive 93/13,unknown_code_or_free_text,please note that Bolt is not responsible for such situations
605,Bolt:10,Bolt,may become an unfair contract term according to Annex(1)(e) of the Directive 93/13,may become an unfair contract term according to Annex(1)(e) of the Directive 93/13,unknown_code_or_free_text,a penalty of 50 EUR and require compensation for any damages exceeding the penalty
606,Bolt:11,Bolt,docu 2,docu 2,documentary_note,the Privacy Notice 
608,Bolt:13,Bolt,"again, an unfair contract term according to Annex(1)(n) of the Directive 93/13; pato2",again,unknown_code_or_free_text,"As the Bolt app is an information society service (a means of communication) between passengers and drivers, we cannot guarantee or take any responsibility for the quality orthe absence of defects in the provision of transport services. As the usage of Bolt app for requesting transport services depends on the behaviour of the drivers, Bolt does not guarantee that you will always have offers available for the provision of the transport services"
608,Bolt:13,Bolt,"again, an unfair contract term according to Annex(1)(n) of the Directive 93/13; pato2",an unfair contract term according to Annex(1)(n) of the Directive 93/13,unknown_code_or_free_text,"As the Bolt app is an information society service (a means of communication) between passengers and drivers, we cannot guarantee or take any responsibility for the quality orthe absence of defects in the provision of transport services. As the usage of Bolt app for requesting transport services depends on the behaviour of the drivers, Bolt does not guarantee that you will always have offers available for the provision of the transport services"
608,Bolt:13,Bolt,"again, an unfair contract term according to Annex(1)(n) of the Directive 93/13; pato2",pato2,unknown_code_or_free_text,"As the Bolt app is an information society service (a means of communication) between passengers and drivers, we cannot guarantee or take any responsibility for the quality orthe absence of defects in the provision of transport services. As the usage of Bolt app for requesting transport services depends on the behaviour of the drivers, Bolt does not guarantee that you will always have offers available for the provision of the transport services"
609,Bolt:14,Bolt,"so, the consumer’s right of refund is completely waived? seems like an unfair contract term",so,unknown_code_or_free_text,The consumer’s right of refund is not applied to Bolt app orders
609,Bolt:14,Bolt,"so, the consumer’s right of refund is completely waived? seems like an unfair contract term",the consumer’s right of refund is completely waived? seems like an unfair contract term,unknown_code_or_free_text,The consumer’s right of refund is not applied to Bolt app orders
613,Bolt:18,Bolt,"again, may be an unfair contract term according to Annex(1)(n) of the Directive 93/13",again,unknown_code_or_free_text,Bolt will not be liable for the actions or inactions of the driver and will not be liable for damages that the driver causes to the passengers
613,Bolt:18,Bolt,"again, may be an unfair contract term according to Annex(1)(n) of the Directive 93/13",may be an unfair contract term according to Annex(1)(n) of the Directive 93/13,unknown_code_or_free_text,Bolt will not be liable for the actions or inactions of the driver and will not be liable for damages that the driver causes to the passengers
614,Bolt:19,Bolt,ind 0,ind 0,unknown_code_or_free_text,You agree to fully indemnify
615,Bolt:21,Bolt,disc -1,disc -1,unknown_code_or_free_text,we consider it necessary 
617,Bolt:22,Bolt,sugg 1,sugg 1,unknown_code_or_free_text,We ask to fill out a feedback form in the Bolt app. This enables us to offer suggestionsto the drivers for improving the quality of their service.
623,Wolt:0,Wolt,docu 1,docu 1,documentary_note,Wolt Corporate Terms & Conditions
624,Wolt:1,Wolt,what,what,unknown_code_or_free_text,"3.1. Wolt provides a platform on which the User can purchase food and other products or services from the Partner of their choice as well as possible delivery services either from the Partner or Wolt, as applicable. In certain countries Partners charge Users a delivery fee and service fee for the delivery services as defined in more detail in the Wolt Service where relevant."
625,Wolt:3,Wolt,uncle 1,uncle 1,unclear_or_legal_savings_fragment,", unless regulation in the country where the User is located requires that the Partner provides the receipt directly to the User, for the products and, to the extent applicable, for the delivery services"
626,Wolt:2,Wolt,what,what,unknown_code_or_free_text,"When selecting the Partner’s products and services that the User wishes to purchase from the Partner, the User makes a binding order to purchase the products and services from the Partner on the terms and conditions presented to the User herein and in the Wolt Service before placing the order (“the Order”). After having received the Order, Wolt will transmit the details of the Order to the Partner. When the Order is accepted by the Partner and Wolt has provided the User with an order confirmation on behalf of the Partner, the User or the Customer Organization and the Partner enter into the Purchase Agreement for the purchase of the Partner's products and, if applicable, delivery or other services. In some cases, the Purchase Agreement for the purchase of the delivery service is entered into with Wolt instead of the Partner, as reflected on the receipt. Wolt will provide the User with a receipt on behalf of the Partner, unless regulation in the country where the User is located requires that the Partner provides the receipt directly to the User, for the products and, to the extent applicable, for the delivery services"
627,Wolt:4,Wolt,may infringe Annex 1(n) Directive 93/13,may infringe Annex 1(n) Directive 93/13,unknown_code_or_free_text,The Partner selected by the User will prepare and/or collect and pack the products set out on the Order. Wolt is not responsible or liable towards the User for the proper execution of the Purchase Agreement by the Partner
628,Wolt:5,Wolt,uncle 2,uncle 2,unclear_or_legal_savings_fragment,in accordance with the statutory provisions of the country where you are located
629,Wolt:6,Wolt,acc_del 0; cnt_modr 0,cnt_modr 0,unknown_code_or_free_text,Wolt will take appropriate measures which may include disabling the cash option from the User or even disabling the User's account in the Wolt Service for further Orders. 
630,Wolt:7,Wolt,virtu,virtu,unknown_code_or_free_text,"7. Wolt credits and tokens7.1. The Users of the Wolt Service can obtain Wolt credits or tokens e.g. by inviting new users to sign up to the Wolt Service. The User can use Wolt credits and tokens to get a discount on their purchases in the Wolt Service.7.2. For Users in Denmark section 7.1. is not applicable. For Users in Denmark, you can share your code on social media or as a message by pasting the link from your user profile and inserting it where you wish. Your friends will get Wolt credits when they use your code for their first order. 7.3. Wolt may unilaterally determine the conditions applicable to the granting, use and validity of the Wolt credits and tokens.7.4. Any signing-up bonus credits or tokens can be used only once.7.5. Wolt credits and tokens cannot be exchanged to cash.7.6. The Wolt credits and tokens will be nullified if Wolt detects any abuse of Wolt credits or tokens or suspects or detects that Wolt credits or tokens have been granted on incorrect grounds. In such cases, Wolt shall invoice the amount that was paid using such Wolt credits or tokens."
631,Wolt:8,Wolt,pato,pato,unknown_code_or_free_text,Any delivery time or pick-up time or other time estimate communicated to the User by the Partner or Wolt in the Wolt Service are only estimated times. There is no guarantee that the Order will be delivered or available for pick-up or consumption at the estimated time
632,Wolt:10,Wolt,sugg 0,sugg 0,unknown_code_or_free_text,"feedback, suggestions"
636,Wolt:13,Wolt,docu 2,docu 2,documentary_note,Wolt Privacy Statement.
637,Wolt:14,Wolt,pato,pato,unknown_code_or_free_text,The User can discontinue the use of the Wolt Service at any time. Wolt can discontinue providing the Wolt Service permanently or temporarily at any time
639,Wolt:16,Wolt,uncle 3,uncle 3,unclear_or_legal_savings_fragment,in accordance with applicaple laws
640,Wolt:17,Wolt,uncle 4,uncle 4,unclear_or_legal_savings_fragment,To the extent that any maintenance or support is required by applicable law
641,Wolt:18,Wolt,uncle 5,uncle 5,unclear_or_legal_savings_fragment,To the extent any warranty exists under law that cannot be disclaimed
643,Wolt:20,Wolt,uncle 6,uncle 6,unclear_or_legal_savings_fragment,"If you are a consumer, please note that you cannot be deprived of the rights granted to you by the mandatory consumer protection laws of your country of domicile"
647,Ubisoft:0,Ubisoft,docu 1-4,docu 1-4,documentary_note,"Additional terms may be applicable to a specific Service, including for example the Terms of Sale of the Ubisoft Store, the End User License Agreement and code(s) of conduct (“Code of Conduct”). In addition, our Privacy Policy "
648,Ubisoft:2,Ubisoft,uncle 1,uncle 1,unclear_or_legal_savings_fragment,except if required by law
649,Ubisoft:1,Ubisoft,virtu,virtu,unknown_code_or_free_text,"We may license to you access or use of online or off-line elements of Services, including without limitation virtual points, coins or currencies (collectively ""Ubisoft Virtual Currency""). When you obtain Ubisoft Virtual Currency from us or our authorized partners, you receive a personal, limited, non-assignable, non-exclusive, revocable license to access and select the Ubisoft Virtual Currency that we expressly make available to you.Ubisoft Virtual Currency has no monetary value and has no value outside of our Services. Ubisoft Virtual Currency cannot be sold, traded, transferred, or exchanged for cash; it only may be redeemed for Content available on the Services. Ubisoft Virtual Currency is non-refundable, and you are not entitled to a refund for any unused Ubisoft Virtual Currency, except if required by law. Once you redeem Ubisoft Virtual Currency for Content, that Content is not returnable, exchangeable, or refundable."
650,Ubisoft:3,Ubisoft,uncle 2,uncle 2,unclear_or_legal_savings_fragment,unless required by law
654,Ubisoft:7,Ubisoft,cnt_modr 0; acc_sus 0; acc_del 0,cnt_modr 0,unknown_code_or_free_text,"We may apply sanctions, in the event of violation of the Terms and/or of a Code of Conduct. The sanctions are decided on a case- by-case basis, based on multiple criteria, including but not limited to, the seriousness of the violation, the number of violations, and the impact of the violations on the Services, on other users and/or on our representatives.Here is a non-exhaustive list of sanctions we may apply:Issuance of a warning,Disability of any username, avatar or password,Reset of your in-game progress to a previous state,Decrease of your Account level or of your level/points associated to a given Service,Remove your Access from particular features (including chats) on one or several Services,Issuance of a temporary ban of your Account from one or several Services,Issuance of a long-term ban of your Account from one or several Services,Prevention from accessing a specific or several Services on a particular device, and/orSuspension or closing of your Account and/or your ability to use one or more Services, or part of the Services, as further described in Article 8.2."
656,Ubisoft:9,Ubisoft,disc -1,disc -1,unknown_code_or_free_text,at our sole discretion 
659,Ubisoft:12,Ubisoft,uncle 3,uncle 3,unclear_or_legal_savings_fragment,As far as is permitted by law
660,Ubisoft:13,Ubisoft,sugg 0,sugg 0,unknown_code_or_free_text,"You may submit reviews, comments, suggestions, proposals, materials or other feedback (“Submissions”) on or outside the Services. We appreciate your enthusiasm but you acknowledge that we have no obligation concerning unsolicited Submissions, including but not limited to, no obligation to accept, consider, review or return any materials or acknowledge receipt of any Submissions. You agree that products, services or features developed or published by us might appear to be similar or identical to such unsolicited Submissions."
662,Ubisoft:15,Ubisoft,shad_ip,shad_ip,unknown_code_or_free_text,"In the event that a competent court rules that some or all of your rights in Derived UGC cannot be validly transferred to us, you hereby grant us a perpetual, royalty-free, exclusive, irrevocable, transferable, sublicensable to other users, worldwide licence to use, copy, host, reproduce, represent, modify, display, distribute, publicly perform, publicly display and, in general, otherwise exploit, online and offline, Derived UGC for any purpose, without you necessarily being mentioned as the source of such Derived UGC."
663,Ubisoft:16,Ubisoft,ind 0,ind 0,unknown_code_or_free_text,"and you indemnify us for any losses which we may incur in the event of a complaint, action or claim by such other person concerning the use by us of his/her image, derived from your UGC."
664,Ubisoft:17,Ubisoft,ip -1; shad_ip,shad_ip,unknown_code_or_free_text,"You hereby grant us, and our licensees, distributors, partners, agents, representatives a perpetual, royalty-free, non-exclusive, irrevocable, transferable (in whole or part) worldwide licence to use, copy, host, reproduce, represent, modify, display, distribute, publicly perform, publicly display and, in general, otherwise exploit, online and offline, Independent UGC (including all Intellectual Property Rights therein) in whole or in part, for any purpose."
665,Ubisoft:18,Ubisoft,uncle 4,uncle 4,unclear_or_legal_savings_fragment,To the extent permissible under applicable law
666,Ubisoft:19,Ubisoft,against Art. 16 of the Polish Law on copyright and related rights; shad_ip,against Art. 16 of the Polish Law on copyright and related rights,unknown_code_or_free_text,"To the extent permissible under applicable law, you waive your moral rights in all your UGC and any broadly equivalent rights you may have in any territory of the world, and you vouch for the obtaining of the same agreement from any other person who might invoke moral rights over your UGC."
666,Ubisoft:19,Ubisoft,against Art. 16 of the Polish Law on copyright and related rights; shad_ip,shad_ip,unknown_code_or_free_text,"To the extent permissible under applicable law, you waive your moral rights in all your UGC and any broadly equivalent rights you may have in any territory of the world, and you vouch for the obtaining of the same agreement from any other person who might invoke moral rights over your UGC."
669,Ubisoft:22,Ubisoft,uncle 5,uncle 5,unclear_or_legal_savings_fragment,Subject to the applicable legal requirements
670,Ubisoft:23,Ubisoft,may infringe Annex 1(n) Directive 93/13,may infringe Annex 1(n) Directive 93/13,unknown_code_or_free_text,"We may also display certain third party products, services and/or content by inserting, in our Services, promotional links, advertising banners or any other advertising and promotional element, and may also carry out cross-marketing operations with any partner of our choice.In both cases, we may not be held responsible for such third party services, products and/or content."
673,Ubisoft:26,Ubisoft,pato,pato,unknown_code_or_free_text,"When we acknowledge that a Content you purchased is unusable due to our fault, our liability will be limited to providing you with a Content of an equivalent value, chosen by us."
674,Ubisoft:27,Ubisoft,uncle 6,uncle 6,unclear_or_legal_savings_fragment,", nor any other liability which cannot be excluded or limited under applicable law"
675,Ubisoft:28,Ubisoft,uncle 7,uncle 7,unclear_or_legal_savings_fragment,"Nothing in these Terms restricts, excludes or modifies, or purports to restrict, exclude or modify and statutory consumer rights under any applicable law including the Australian Competition and Consumer Act 2010 (Cth)"
676,Ubisoft:29,Ubisoft,uncle 8,uncle 8,unclear_or_legal_savings_fragment,To the extent permitted by law
677,Ubisoft:30,Ubisoft,uncle 9,uncle 9,unclear_or_legal_savings_fragment,To the extent permitted by law
678,Ubisoft:31,Ubisoft,uncle 10,uncle 10,unclear_or_legal_savings_fragment,Our goods come with guarantees that cannot be excluded under the Australian consumer law
679,Ubisoft:32,Ubisoft,uncle 11,uncle 11,unclear_or_legal_savings_fragment,Subject to applicable laws 
680,Ubisoft:33,Ubisoft,uncle 12,uncle 12,unclear_or_legal_savings_fragment,nor any other liability which cannot be excluded or limited under applicable law
681,Ubisoft:34,Ubisoft,ind 0,ind 0,unknown_code_or_free_text,"You agree to defend, indemnify and keep us and our licensors, licensees, assignees and successors in title and their respective employees, officers or directors, our respective subcontractors and Content suppliers (collectively the “Affiliates”) indemnified from and against any claim or alleged claim, all liabilities and damages and all costs, including lawyers’ fees, following and/or resulting from a violation of these Terms for which you are responsible, or related to your behaviour on the Services, including relating to your UGC.Without limiting the generality of the foregoing, you agree to defend, indemnify and keep indemnified us and our Affiliates in the event of inappropriate or illegal use of your Account, including by someone you have authorised to use your Account. You agree to be held personally responsible for your use of the Services and for all your communications and activities on the Services, including the Forums.We reserve the right to take sole conduct, at our own expense, of any claim which you have indemnified us of or which may give rise to compensation by you. You agree in such case to fully collaborate with us upon request in defense of our interests."
684,Ubisoft:37,Ubisoft,inter -1,inter -1,unknown_code_or_free_text,to reflect our initial intentions.
687,Ubisoft:40,Ubisoft,uncle 13,uncle 13,unclear_or_legal_savings_fragment,THESE TERMS ARE APPLICABLE ONLY TO THE EXTENT AUTHORISED BY LAW.
688,vod.mdag.pl:0,vod.mdag.pl,what,what,unknown_code_or_free_text,"provides access to purchasable or free ﬁlm content (in the form of ﬁlms available on the VOD platform), or the “Service”, particularly by means of electronically providing purchasable or free tickets (“E-tickets”) and passes (“E-passes”) granting access to ﬁlms hosted on the vod.mdag.pl platform located at vod.mdag.pl (the “Platform”)."
691,vod.mdag.pl:3,vod.mdag.pl,docu 1,docu 1,documentary_note,Privacy Policy 
692,vod.mdag.pl:4,vod.mdag.pl,what,what,unknown_code_or_free_text,An E-ticket allows its holder to watch a ﬁlm within 24 hours of purchasing an E-ticket or downloading a free E- ticket; the purchaser or downloader will have access to the given ﬁlm for 12 hours from the moment of conﬁrming the “Play” command in the pop-up on the Film Subpage or from the moment of clicking the “Watch” and “Play” buttons associated with the given ﬁlm on the My Account subpage.
694,vod.mdag.pl:5,vod.mdag.pl,what,what,unknown_code_or_free_text,"Various types of E-passes are available for purchase. The Platform Owner speciﬁes that the User may hold a maximum of one active E-pass of a given type; holding more than one active E-pass is only possible if the User purchased two or more E-passes of different types and the Platform Owner enabled this purchase in the System. After an E-pass is exhausted, another E-pass of the speciﬁc type may be purchased.The User may not purchase single E-tickets granting access to speciﬁc ﬁlms while holding an active E-pass allowing access to the given ﬁlms; if the active E-pass does not allow access to the given ﬁlm, a single E-ticket may be purchased. The User may purchase single E-tickets once the E-pass is exhausted, unless the Platform Owner decides otherwise.An E-pass allows the streaming of a set number of ﬁlms hosted on the Platform throughout the access period obtained in accordance with the information in §1 Art. 7 of these Terms, subject to the provisions of §4 Art. 10 of these Terms.The purchaser of an E-pass may watch the ﬁlms covered by the E-pass either by accessing the Film Subpage or by clicking the “Watch with your E-pass” button next to the ﬁlms tagged by the User as “To Watch” on the My Account subpage.The number of E-passes and the availability of speciﬁc ﬁlms through an E-pass may be limited; further access to these ﬁlms will be impossible after the limit is reached. Information about limited availability or unavailability is listed on the Buy Access subpage."
695,vod.mdag.pl:7,vod.mdag.pl,what,what,unknown_code_or_free_text,"After creating an E-ticket with an active E-pass, the User has 12 hours to watch the ﬁlm after clicking the “Watch with your E-pass” button on the Film Subpage or after clicking the “Watch with your E-pass” button next to the ﬁlms tagged by the User as “To Watch” on the My Account subpage."
696,vod.mdag.pl:8,vod.mdag.pl,may infringe Annex 1(n) Directive 93/13,may infringe Annex 1(n) Directive 93/13,unknown_code_or_free_text,"Against Gravity is not responsible for any consequence of malfunctions of the payment system maintained by the Payment System Operator covered by §5 Art. 1 above, nor for any action or neglect on the part of the Payment System Operator."
698,vod.mdag.pl:10,vod.mdag.pl,what,what,unknown_code_or_free_text,Films and other audiovisual materials are accessible via the Platform.Access to the ﬁlms on the Platform may also be gained by receiving an access code allowing authorized access to said content in accordance with the terms set by the Platform Owner.
700,vod.mdag.pl:12,vod.mdag.pl,no acc_sus as requiring notice period would not make sense in this situation,no acc_sus as requiring notice period would not make sense in this situation,unknown_code_or_free_text,"Access to the Service may be restricted in case of attempting to access the Service simultaneously on several devices or in case of attempting unauthorized access to the User Account on the Platform. Information about restrictions will be provided in the form of a pop-up on the Platform. If access is restricted, the Customer should contact Against Gravity."
702,vod.mdag.pl:14,vod.mdag.pl,what,what,unknown_code_or_free_text,"The ﬁlms hosted on the Platform are available with Polish subtitles or in Polish. A subset of the ﬁlms is available with Polish and English subtitles. While streaming a ﬁlm where Polish and English subtitles are available, the User may select Polish or English subtitles; however, some ﬁlms may be screened withpermanent subtitles. Audio descriptions are available for a subset of the ﬁlms; this information is listed on the Film Subpage. Children’s ﬁlms hosted on the Platform may be voice-overed."
706,vod.mdag.pl:18,vod.mdag.pl,what,what,unknown_code_or_free_text,"The newsletter is a promotional publication covering products, services, and events organized by Against Gravity and third parties collaborating with Against Gravity."
708,vod.mdag.pl:21,vod.mdag.pl,uncle 1,uncle 1,unclear_or_legal_savings_fragment,within the scope of the law currently in force. 
710,vod.mdag.pl:22,vod.mdag.pl,may infringe Annex 1(d) Directive 93/13; pato,may infringe Annex 1(d) Directive 93/13,unknown_code_or_free_text,Users removing their User Accounts or terminating their Agreements for causes unrelated to Against Gravity are not entitled to refunds for purchased services remaining active at the time of termination.
710,vod.mdag.pl:22,vod.mdag.pl,may infringe Annex 1(d) Directive 93/13; pato,pato,unknown_code_or_free_text,Users removing their User Accounts or terminating their Agreements for causes unrelated to Against Gravity are not entitled to refunds for purchased services remaining active at the time of termination.
711,ZnanyLekarz:0,ZnanyLekarz,what,what,unknown_code_or_free_text,"Usługodawca świadczy między innymi następujące Usługi:umożliwia Użytkownikom publikowanie informacji i opinii o Profesjonalistach skatalogowanych według województw, miast i kategorii;udostępnia wyszukiwarkę Profesjonalistów i Placówek;powiadamia o nowych informacjach i opiniach;umożliwia Użytkownikom zadawanie pytań zweryfikowanym Profesjonalistom;umożliwia zweryfikowanym Profesjonalistom podawanie i korygowanie informacji o sobie, odnoszenie się do opinii Użytkowników oraz odpowiadanie na zadane pytania;umożliwia rezerwację terminu u Profesjonalistów i w Placówkach, które udostępniły taką możliwość."
712,ZnanyLekarz:1,ZnanyLekarz,what,what,unknown_code_or_free_text,ZnanyLekarz świadczy usługi polegające na informowaniu Użytkowników Internetu o praktyce zawodowej Profesjonalistów poprzez umieszczanie informacji o takiej praktyce w Internecie. Na życzenie Profesjonalistów ZnanyLekarz umieszcza również informacje o praktyce zawodowej Profesjonalistów na mapach internetowych oraz tworzy konta dla Profesjonalistów do zarządzania informacjami umieszczonymi na mapach. Na mapach internetowych umieszczony zostanie odnośnik (link) do Profilu Profesjonalisty w Serwisie.
713,ZnanyLekarz:3,ZnanyLekarz,pato,pato,unknown_code_or_free_text,oraz zawarta z Usługodawcą odpłatna umowa.
714,ZnanyLekarz:2,ZnanyLekarz,what,what,unknown_code_or_free_text,"Informacje i opinie o Profesjonalistach i Placówkach publikowane są w formie rankingów, w których miejsce na liście zależy m.in. od otrzymanych opinii.Pozycja Profesjonalisty w wynikach wyszukiwania w Serwisie może zależeć w szczególności od takich czynników jak dostępność terminów w Kalendarzu Wizyt, poziom lub jakości uzupełnienia Profilu oraz zawarta z Usługodawcą odpłatna umowa."
715,ZnanyLekarz:4,ZnanyLekarz,core,core,unknown_code_or_free_text,"Dostęp do większości usług Serwisu jest bezpłatny, w szczególności nie są pobierane opłaty za rejestrację oraz publikowanie podstawowych informacji o Profesjonalistach i Placówkach. Usługodawca nie pobiera opłat za opinie i komentarze zamieszczane w Serwisie."
717,ZnanyLekarz:6,ZnanyLekarz,pato,pato,unknown_code_or_free_text,Profesjonalista ma możliwość zablokowania wybranym przez siebie Użytkownikom rezerwacji terminów wizyt za pomocą Kalendarza Wizyt. Usługodawca nie odpowiada za niedogodności jakie mogą wystąpić w związku z tym dla Użytkowników.
718,ZnanyLekarz:7,ZnanyLekarz,cnt_del 0; cnt_modr 0,cnt_modr 0,unknown_code_or_free_text,"Usługodawca ma prawo odmówić opublikowania opinii, komentarzy i informacji, a już opublikowane opinie, komentarze i informacje usunąć, jeżeli są sprzeczne z niniejszym Regulaminem lub przepisami prawa. W przypadku usunięcia opinii, komentarzy lub informacji Użytkownikowi w stosunku do Usługodawcy nie przysługuje jakiekolwiek roszczenie."
726,ZnanyLekarz:15,ZnanyLekarz,pato,pato,unknown_code_or_free_text,Usługodawca nie odpowiada za wady fizyczne i prawne oferowanych Usług bezpłatnych oraz za należytą jakość towarów i usług bezpłatnych
727,ZnanyLekarz:16,ZnanyLekarz,may infringe Annex 1(n) Directive 93/13,may infringe Annex 1(n) Directive 93/13,unknown_code_or_free_text,"Usługodawca nie odpowiada za wady fizyczne i prawne oferowanych Usług bezpłatnych oraz za należytą jakość towarów i usług bezpłatnych. Usługodawca nie odpowiada także za skutki niewykonania lub nienależytego wykonania zaciągniętych przez kogokolwiek, za pośrednictwem Serwisu, zobowiązań oraz zdolności tych osób do zaciągania zobowiązań."
728,ZnanyLekarz:17,ZnanyLekarz,pato; uncle 1,pato,unknown_code_or_free_text,"Odpowiedzialność Usługodawcy za należytą jakość towarów i usług odpłatnych określają przepisy szczególne, stanowiące podstawę świadczeń odpłatnych"
728,ZnanyLekarz:17,ZnanyLekarz,pato; uncle 1,uncle 1,unclear_or_legal_savings_fragment,"Odpowiedzialność Usługodawcy za należytą jakość towarów i usług odpłatnych określają przepisy szczególne, stanowiące podstawę świadczeń odpłatnych"
734,ZnanyLekarz:23,ZnanyLekarz,pato,pato,unknown_code_or_free_text,"ZnanyLekarz informuje, a Usługobiorca przyjmuje do wiadomości i akceptuje fakt, że w tym samym czasie u różnych Użytkowników Serwisu Profil danego Profesjonalisty może mieć różną pozycję w wynikach wyszukiwania."
736,iCloud:0,iCloud,what,what,unknown_code_or_free_text,"Apple is the provider of the Service, which permits you to utilize certain Internet services, including storing your personal content (such as contacts, calendars, photos, notes, reminders, documents, app data, and iCloud email) and making it accessible on your compatible devices and computers, and certain location based services"
740,iCloud:4,iCloud,docu 1,docu 1,documentary_note,Apple Media Services Terms and Conditions
741,iCloud:5,iCloud,disc -1,disc -1,unknown_code_or_free_text,or otherwise objectionable
744,iCloud:8,iCloud,uncle 1,uncle 1,unclear_or_legal_savings_fragment,TO THE GREATEST EXTENT PERMISSIBLE BY APPLICABLE LAW
750,iCloud:15,iCloud,disc -1,disc -1,unknown_code_or_free_text,Apple reserves the right at all times to determine whether Content is appropriate and in compliance with this Agreement
751,iCloud:16,iCloud,disc -1,disc -1,unknown_code_or_free_text,otherwise objectionable
752,iCloud:14,iCloud,cnt_modr 0; cnt_del -1,cnt_modr 0,unknown_code_or_free_text,"However, Apple reserves the right at all times to determine whether Content is appropriate and in compliance with this Agreement, and may screen, move, refuse, modify and/or remove Content at any time, without prior notice and in its sole discretion, if such Content is found to be in violation of this Agreement or is otherwise objectionable."
754,iCloud:18,iCloud,disc -1,disc -1,unknown_code_or_free_text,as Apple believes is reasonably necessary or appropriate
755,iCloud:19,iCloud,uncle 2,uncle 2,unclear_or_legal_savings_fragment,as required or permitted by law
756,iCloud:20,iCloud,docu 2,docu 2,documentary_note,Copyright Policy
759,iCloud:24,iCloud,disc -1,disc -1,unknown_code_or_free_text,"or otherwise be obscene, objectionable, or in poor taste"
760,iCloud:23,iCloud,pato,pato,unknown_code_or_free_text,"You agree that any Content submitted or posted by you shall be your sole responsibility, shall not infringe or violate the rights of any other party or violate any laws, contribute to or encourage infringing or otherwise unlawful conduct, or otherwise be obscene, objectionable, or in poor taste."
761,iCloud:25,iCloud,against Article 8 (1)(d) Directive 2019/770; pato,against Article 8 (1)(d) Directive 2019/770,unknown_code_or_free_text,"You acknowledge that Apple has no obligation to provide a commercial version of the Beta Features, and that should such a commercial version be made available, it may have features or functionality different than that contained in the Beta Features."
761,iCloud:25,iCloud,against Article 8 (1)(d) Directive 2019/770; pato,pato,unknown_code_or_free_text,"You acknowledge that Apple has no obligation to provide a commercial version of the Beta Features, and that should such a commercial version be made available, it may have features or functionality different than that contained in the Beta Features."
762,iCloud:26,iCloud,sugg 0,sugg 0,unknown_code_or_free_text,"As part of the Program, Apple will provide you with the opportunity to submit comments, suggestions, or other feedback regarding your use of the Beta Features. You agree that in the absence of a separate written agreement to the contrary, Apple will be free to use any feedback you provide for any purpose."
763,iCloud:27,iCloud,may infringe Annex 1(d) Directive 93/13,may infringe Annex 1(d) Directive 93/13,unknown_code_or_free_text,Any fees paid by you prior to your termination are nonrefundable 
765,iCloud:29,iCloud,disc -1,disc -1,unknown_code_or_free_text,Any such termination or suspension shall be made by Apple in its sole discretion
769,iCloud:33,iCloud,may infringe Annex 1(n) Directive 93/13,may infringe Annex 1(n) Directive 93/13,unknown_code_or_free_text,"Certain Content, components or features of the Service may include materials from third parties and/or hyperlinks to other web sites, resources or Content. Because Apple may have no control over such third party sites and/or materials, you acknowledge and agree that Apple is not responsible for the availability of such sites or resources, and does not endorse or warrant the accuracy of any such sites or resources, and shall in no way be liable or responsible for any Content, advertising, products or materials on or available from such sites or resources. You further acknowledge and agree that Apple shall not be responsible or liable in any way for any damages you incur or allege to have incurred, either directly or indirectly, as a result of your use and/or reliance upon any such Content, advertising, products or materials on or available from such sites or resources."
770,iCloud:34,iCloud,uncle 3,uncle 3,unclear_or_legal_savings_fragment,"SOME JURISDICTIONS DO NOT ALLOW THE EXCLUSION OF CERTAIN WARRANTIES, AS SUCH, TO THE EXTENT SUCH EXCLUSIONS ARE SPECIFICALLY PROHIBITED BY APPLICABLE LAW, SOME OF THE EXCLUSIONS SET FORTH BELOW MAY NOT APPLY TO YOU."
772,iCloud:36,iCloud,uncle 4,uncle 4,unclear_or_legal_savings_fragment,"SOME JURISDICTIONS DO NOT ALLOW THE EXCLUSION OR LIMITATION OF LIABILITY BY SERVICE PROVIDERS. TO THE EXTENT SUCH EXCLUSIONS OR LIMITATIONS ARE SPECIFICALLY PROHIBITED BY APPLICABLE LAW, SOME OF THE EXCLUSIONS OR LIMITATIONS SET FORTH BELOW MAY NOT APPLY TO YOU."
774,iCloud:38,iCloud,ind 0,ind 0,unknown_code_or_free_text,"You agree to defend, indemnify and hold Apple, its affiliates, subsidiaries, directors, officers, employees, agents, partners, contractors, and licensors harmless from any claim or demand, including reasonable attorneys’ fees, made by a third party, relating to or arising from: (a) any Content you submit, post, transmit, or otherwise make available through the Service; (b) your use of the Service; (c) any violation by you of this Agreement; (d) any action taken by Apple as part of its investigation of a suspected violation of this Agreement or as a result of its finding or decision that a violation of this Agreement has occurred; or (e) your violation of any rights of another. "
776,iCloud:41,iCloud,inter 0,inter 0,unknown_code_or_free_text,"in a manner consistent with applicable law to reflect, as nearly as possible, the original intentions of the parties"
778,iCloud:42,iCloud,docu 3,docu 3,documentary_note,Apple’s Privacy Policy
779,HBO GO:0,HBO GO,what,what,unknown_code_or_free_text,"HBO Europe s.r.o. with its registered office at Jankovcova 1037/49, Praha 7, Postcode: 170 00, the Czech Republic, registered in the commercial register administered by the City Court in Praha, Section C, Insert 29418 (hereinafter ”HBO”) provides (i) an on demand audiovisual media service; and (ii) the linear audiovisual media services: HBO, HBO2 and HBO3 channels, currently jointly known as “HBO GO”, to be made available at www.hbogo.pl or another website or application designated by HBO (hereinafter the ”Website”) with the linear and on-demand content as applicable (hereinafter the ”Service”)."
781,HBO GO:2,HBO GO,docu 1,docu 1,documentary_note,Personal Data Policy 
782,HBO GO:3,HBO GO,what,what,unknown_code_or_free_text,"On the Website the Service contains movies, series, documentaries and other programs available:as the live channels: “HBO”, “HBO2” and “HBO3” channels (the “Channels”); andon-demand basis included by HBO at its sole discretion from time to time."
784,HBO GO:6,HBO GO,uncle 1,uncle 1,unclear_or_legal_savings_fragment,unless applicable law requires otherwise.
785,HBO GO:5,HBO GO,pato,pato,unknown_code_or_free_text,". Changes, modifications to, or updates of, the on-demand content of the Service and other changes to the appearance of the Website are not to be deemed to constitute a modification of the Agreement or the Service unless applicable law requires otherwise."
786,HBO GO:7,HBO GO,what,what,unknown_code_or_free_text,"Most of the programming included in the Service is available in Polish language (either voiced-over or dubbed and/or subtitled), however some programming may only be available in original language."
788,HBO GO:9,HBO GO,core,core,unknown_code_or_free_text,"For a monthly fee, the User may subscribe and obtain access to the full content of the Service or selected tier of the Service, if made available."
790,HBO GO:11,HBO GO,disc -1,disc -1,unknown_code_or_free_text,. HBO shall be entitled from time to time to determine which device that is to be regarded as approved based on current technical development and standards. 
791,HBO GO:12,HBO GO,pato,pato,unknown_code_or_free_text,HBO shall be entitled from time to time to determine which device that is to be regarded as approved based on current technical development and standards. HBO does not provide its own devices and assumes no responsibility for any approved device’s performance or its continuous compatibility with the Service and updates thereof.
793,HBO GO:14,HBO GO,uncle 2,uncle 2,unclear_or_legal_savings_fragment,To the extent permitted by the applicable law
795,HBO GO:16,HBO GO,disc -1,disc -1,unknown_code_or_free_text,or unsuitable purpose
799,HBO GO:20,HBO GO,pato,pato,unknown_code_or_free_text,"For the purpose of section 9.2, a change which relates to the content is significant where the volume of the content covered by the Service is drastically reduced or the overall orientation of the content is significantly changed. The expiry or termination of a license for a certain program or series, or the decision not to produce or include further seasons of a certain series shall not be deemed a significant change. The significant change shall be only such change, which will result in significant decrease of the titles of the films and/or series included in the Service. The significant decrease shall mean the decrease by 50% or more of all titles of films and/or series on the overall content covered by the Service."
800,HBO GO:21,HBO GO,uncle 3,uncle 3,unclear_or_legal_savings_fragment,in compliance with the applicable laws
804,HBO GO:25,HBO GO,ind 0,ind 0,unknown_code_or_free_text,"The User consents to compensate and hold HBO, its subsidiaries, employees, board members and licensors harmless for any losses, expenses or demands arising as a result of, or in conjunction with, the User's breach of the Agreement, the User's violation of applicable laws or the User's violations of third-party rights."
807,HBO GO:28,HBO GO,uncle 4,uncle 4,unclear_or_legal_savings_fragment,You may also be entitled to certain consumer protection rights and other mandatory provisions under the laws of Polish jurisdiction
808,KAYAK:0,KAYAK,docu,docu,documentary_note,Privacy Policy
812,KAYAK:4,KAYAK,cnt_del -1; cnt_modr 0,cnt_modr 0,unknown_code_or_free_text,". However, we reserve the right to review, edit, or delete any Trips information or your account at any time."
814,KAYAK:7,KAYAK,uncle,uncle,unclear_or_legal_savings_fragment,to the extent permitted by law
816,KAYAK:8,KAYAK,uncle,uncle,unclear_or_legal_savings_fragment,"Some states or countries do not allow this limitation of liability, so the limitations above may not apply or apply only partially to you."
817,KAYAK:9,KAYAK,ind 0,ind 0,unknown_code_or_free_text,"Subject to these Terms, you will defend, indemnify and hold us and each of our oﬃcers, directors, employees and agents harmless from and against any claim, cause of action, liability, expense, loss or demand, including—without limitation—reasonable legal and accounting fees, arising out of, or in any way connected with your breach of these Terms"
821,KAYAK:13,KAYAK,uncle,uncle,unclear_or_legal_savings_fragment,To the extent permitted by law
824,KAYAK:16,KAYAK,uncle,uncle,unclear_or_legal_savings_fragment,"if you are a consumer, the law may allow you "
825,KAYAK:17,KAYAK,uncle,uncle,unclear_or_legal_savings_fragment,To the extent permitted by law
827,KAYAK:19,KAYAK,sugg 0,sugg 0,unknown_code_or_free_text,"We encourage you to share your comments and questions with us here, but we may not be able to respond to all of them. Please note that we assume no responsibility for reviewing unsolicited ideas for our business (like product or advertising ideas) and will not incur any liability as a result of any similarities between those ideas and materials that may appear in future KAYAK products or services. Also, please remember that you are responsible for whatever material you submit, including its reliability, originality, and copyright. Please do not reveal trade secrets or other conﬁdential information in your messages. Any and all rights to materials submitted to us become the exclusive property of KAYAK. Furthermore, by submitting Feedback, you are granting us an irrevocable,"
828,PayPal:0,PayPal,docu,docu,documentary_note,Fees page
829,PayPal:1,PayPal,docu,docu,documentary_note,PayPal's Buyer Protection program
830,PayPal:2,PayPal,docu,docu,documentary_note,PayPal's Seller Protection program
831,PayPal:3,PayPal,docu,docu,documentary_note,Acceptable Use Policy
832,PayPal:4,PayPal,docu,docu,documentary_note,Alternative Payment Methods Agreement
833,PayPal:5,PayPal,docu,docu,documentary_note,Policy Update 
835,PayPal:7,PayPal,docu ,docu,documentary_note,Commercial Entity Agreements 
836,PayPal:8,PayPal,docu,docu,documentary_note,Key Payment and Service Information 
841,PayPal:22,PayPal,docu,docu,documentary_note,the PayPal Payouts Agreement 
842,PayPal:27,PayPal,docu,docu,documentary_note,Chargeback fee table 
847,PayPal:42,PayPal,Ind 0,Ind 0,unknown_code_or_free_text,You must indemnify PayPal for actions related to your PayPal account and your use of the PayPal services.
853,PayPal:50,PayPal,c_law,c_law,known_code_without_valid_score,"This user agreement and the relationship between us is governed by the laws of England and Wales. However, if you are a consumer, nothing in this Agreement shall deprive you of the protection granted by the provisions of Polish law which are mandatory (in particular those defining consumer rights)."
854,DoorDash:0,DoorDash,what,what,unknown_code_or_free_text,"DoorDash, including its wholly-owned subsidiary Caviar, provides an online marketplace connection, using web-based technology that connects you and other consumers, restaurants and/or other businesses and independent delivery contractors (“Contractors”). DoorDash’s software permits consumers to place orders for food and/or other goods from various restaurants and businesses, either for delivery or pickup (the “Software”). Once a delivery order is made, the Software notiﬁes Contractors that a delivery opportunity is available and the Software facilitates completion of the delivery to the consumer. Once a pickup order is made, the Software communicates with the customer regarding the availability of the order for pickup. DoorDash is not a restaurant, delivery service, or food preparation business"
856,DoorDash:2,DoorDash,docu 1,docu 1,documentary_note,"collection, use, and disclosure of your personal information in accordance with DoorDash’s Privacy Policy, which is incorporated in this Agreement by reference. You also agree to abide by any "
858,DoorDash:5,DoorDash,may infringe Annex 1(n) Directive 93/13,may infringe Annex 1(n) Directive 93/13,unknown_code_or_free_text,"You agree that DoorDash is not responsible for the Merchants’ food preparation or the safety of the food or whether the photographs or images displayed through the Services accurately reﬂect the food prepared by the Merchants and/or delivered by the Contractor, and does not verify Merchants’ compliance with applicable laws or regulations. DoorDash has no responsibility or liability for acts or omissions by any Merchant or Contractor"
859,DoorDash:4,DoorDash,what,what,unknown_code_or_free_text,"You understand and agree that DoorDash provides a technology platform connecting you with independent food service providers and others that provide the products offered through the Services (“Merchants”), and independent third-party contractors who provide delivery services (“Contractors”). You acknowledge and agree that DoorDash does not itself prepare food or offer delivery services, and has no responsibility or liability for the acts or omissions of any Merchant or any Contractor. Merchant is the retailer; the services offered by DoorDash pursuant to this Agreement do not include any retail services or any food preparation services. DoorDash is not in the delivery business nor is it a common carrier.DoorDash provides a technology platform facilitating the transmission of orders by Users to Merchants for pickup or delivery by Contractors. DoorDash will not assess or guarantee the suitability, legality or ability of any Contractor or Merchant. You agree that DoorDash is not responsible for the Merchants’ food preparation or the safety of the food or whether the photographs or images displayed through the Services accurately reﬂect the food prepared by the Merchants and/or delivered by the Contractor, and does not verify Merchants’ compliance with applicable laws or regulations. DoorDash has no responsibility or liability for acts or omissions by any Merchant or Contractor."
861,DoorDash:7,DoorDash,ip -1; shad_ip,shad_ip,unknown_code_or_free_text,"You hereby grant DoorDash a perpetual, irrevocable, transferable, fully paid, royalty-free, non-exclusive, worldwide, fully sublicenseable right and license to use, copy, display, publish, modify, remove, publicly perform, translate, create derivative works, distribute and/or otherwise use the User Content in connection with DoorDash’s business and in all forms now known or hereafter invented (“Uses”), without notiﬁcation to and/or approval by you. "
862,DoorDash:9,DoorDash,disc -1,disc -1,unknown_code_or_free_text,we consider to be objectionable 
863,DoorDash:8,DoorDash,cnt_del -1; acc_sus -1; acc_del -1; cnt_modr 0,cnt_modr 0,unknown_code_or_free_text,"DoorDash reserves the right in its sole discretion to remove or disable access to any User Content from the Services, suspend or terminate your account at any time, or pursue any other remedy or relief available under equity or law if you post any User Content that violates this Agreement or any community or content guidelines we may publish or that we consider to be objectionable for any reason."
864,DoorDash:10,DoorDash,sugg 0,sugg 0,unknown_code_or_free_text,"Feedback. You agree that any submission of any ideas, suggestions, and/or proposals to DoorDash through its suggestion, feedback, wiki, forum or similar pages (“Feedback”) is at your own risk and that DoorDash has no obligations (including without limitation, obligations of conﬁdentiality) with respect to such Feedback. You represent and warrant that you have all rights necessary to submit the Feedback and you hereby grant to DoorDash a perpetual, irrevocable, transferable, fully paid, royalty-free, non- exclusive, worldwide, fully sublicenseable right and license to use, copy, display, publish, modify, remove, publicly perform, translate, create derivative works, distribute and/or otherwise use such Feedback."
865,DoorDash:11,DoorDash,may infringe Annex 1(d) Directive 93/13,may infringe Annex 1(d) Directive 93/13,unknown_code_or_free_text,"No Refunds. Charges paid by you for completed and delivered orders are ﬁnal and non-refundable. DoorDash has no obligation to provide refunds or credits, but may grant them, in each case in DoorDash’s sole discretion."
866,DoorDash:12,DoorDash,docu 2,docu 2,documentary_note,DoorDash’s Terms and Conditions for Promotional Offers and Credits 
867,DoorDash:13,DoorDash,uncle 1,uncle 1,unclear_or_legal_savings_fragment,except to the extent prohibited under applicable law 
869,DoorDash:15,DoorDash,docu 3,docu 3,documentary_note,DoorDash’s Referral Program Terms and Conditions 
870,DoorDash:16,DoorDash,uncle 2,uncle 2,unclear_or_legal_savings_fragment,ONLY TO THE EXTENT REQUIRED BY APPLICABLE LAW
871,DoorDash:17,DoorDash,docu 4-7,docu 4-7,documentary_note,Chase Sapphire Reserve®Chase Sapphire® & Chase Sapphire Preferred® Chase FreedomChase Slate
874,DoorDash:20,DoorDash,uncle 3,uncle 3,unclear_or_legal_savings_fragment,except when required by applicable law
877,DoorDash:23,DoorDash,may infringe Annex 1(n) Directive 93/13,may infringe Annex 1(n) Directive 93/13,unknown_code_or_free_text,"Third-Party Websites, Applications and Advertisements. The Services may contain links to third- party websites (“Third-Party Websites”) and applications (“Third-Party Applications”) and advertisements (“Third-Party Advertisements”) (collectively, “Third-Party Websites & Advertisements”). When you click on a link to a Third-Party Website, Third-Party Application or Third- Party Advertisement, DoorDash will not warn you that you have left DoorDash’s website or Services and will not warn you that you are subject to the terms and conditions (including privacy policies) of another website or destination. Such Third-Party Websites & Advertisements are not under the control of DoorDash. DoorDash is not responsible for any Third-Party Websites, Third-Party Applications or any Third-Party Advertisements. DoorDash does not review, approve, monitor, endorse, warrant, or make any representations with respect to such Third-Party Websites & Advertisements, or their products or services. You use all links in Third-Party Websites & Advertisements at your own risk. You should review applicable terms and policies, including privacy and data gathering practices of any Third-Party Websites or Third-Party Applications, and make whatever investigation you feel necessary or appropriate before proceeding with any transaction with any third party."
878,DoorDash:24,DoorDash,docu 8,docu 8,documentary_note,Social Media Community Guidelines
879,DoorDash:25,DoorDash,ind 0,ind 0,unknown_code_or_free_text,"You agree to indemnify and hold harmless DoorDash and its ofﬁcers, directors, employees, agents and afﬁliates (each, an “Indemniﬁed Party”), from and against any losses, claims, actions, costs, damages, penalties, ﬁnes and expenses, including without limitation, attorneys’ fees and expenses, that may be incurred by an Indemniﬁed Party arising out of, relating to or resulting from (a) your User Content; (b) your misuse of the Software or Services; (c) your breach of this Agreement or any representation, warranty or covenant in this Agreement; or (d) your violation of any applicable laws, rules or regulations through or related to the use of the Software or Services. In the event of any claim, allegation, suit or proceeding alleging any matter potentially covered by the agreements in this Section, you agree to pay for the defense of the Indemniﬁed Party, including reasonable costs and attorneys’ fees incurred by the Indemniﬁed Party. DoorDash reserves the right, at its own cost, to assume the exclusive defense and control of any matter otherwise subject to indemniﬁcation by you, in which event you will fully cooperate with DoorDash in asserting any available defenses. This provision does not require you to indemnify any Indemniﬁed Party for any unconscionable commercial practice by such party, or for such party’s negligence, fraud, deception, false promise, misrepresentation or concealment, suppression oromission of any material fact in connection with the Software or Services. You agree that the provisions in this section will survive any termination of your account, this Agreement, or your access to the Software and/or Services."
880,DoorDash:26,DoorDash,uncle 4,uncle 4,unclear_or_legal_savings_fragment,TO THE FULLEST EXTENT OF LAW
883,DoorDash:29,DoorDash,uncle 5,uncle 5,unclear_or_legal_savings_fragment,or as otherwise required by applicable law
884,DoorDash:30,DoorDash,unlce 6,unlce 6,unknown_code_or_free_text,TO THE FULLEST EXTENT PERMITTED BY LAW
886,DoorDash:32,DoorDash,uncle 7,uncle 7,unclear_or_legal_savings_fragment,TO THE FULLEST EXTENT OF LAW
892,DoorDash:38,DoorDash,uncle 8,uncle 8,unclear_or_legal_savings_fragment,to the fullest extent permitted by law
896,PayPay:2,PayPay,pato,pato,unknown_code_or_free_text,"Our Company prohibits members of anti-social force (including any person who was such member at any point in its past) and their aﬃliates, persons who are likely to launder money or otherwise abuse services, or users who bring troubles on third parties from utilising services."
897,PayPay:3,PayPay,disc -1,disc -1,unknown_code_or_free_text,; infringes any rights of Our Company or a third party; brings any trouble on a third party; or is otherwise inappropriate
898,PayPay:4,PayPay,pato,pato,unknown_code_or_free_text,"Act of posting etc. of enquiries or complaints relating to Our Companyʼs services, function of such services, and accuracy of information provided by such services."
899,PayPay:5,PayPay,disc -1,disc -1,unknown_code_or_free_text,Act of posting etc. of something containing any contents which is or may be against a subject or purpose of Our Companyʼs services.
900,PayPay:6,PayPay,ind 0,ind 0,unknown_code_or_free_text,"In the event that Our Company has borne any cost or paid any compensation in connection with the complaint caused by a userʼs act, such user shall bear the cost, compensation, etc. which Our Company has paid (including attorney fees which Our Company has paid)."
902,PayPay:8,PayPay,shad_ip ,shad_ip,unknown_code_or_free_text,"Further, such users shall not exercise a moral right of author."
903,PayPay:9,PayPay,cnt_modr 0; cnt_del 0; acc_sus 0; acc_del 0,cnt_modr 0,unknown_code_or_free_text,"Our Company may, in order to properly operate the services which it provides, in the event that it falls into any of the following items, implement measures such as deleting any data or contents, denying utilisation of all or part of Our Companyʼs services, deleting any userʼs Account, or any other measures which Our Company reasonably determines it is necessary and appropriate, without any prior notice"
905,PayPay:11,PayPay,disc -1,disc -1,unknown_code_or_free_text,or Our Company determines that there is a suspicion thereof
910,PayPay:16,PayPay,may infringe Annex 1(n) Directive 93/13,may infringe Annex 1(n) Directive 93/13,unknown_code_or_free_text,"Our Company never makes any warranty and assumes any responsibility on quality, trustworthiness, adequateness, etc. of the Mini-Application."
916,Discord:0,Discord,docu 1,docu 1,documentary_note,Privacy Policy 
918,Discord:2,Discord,what,what,unknown_code_or_free_text,The Service provides a chat and social platform. The Service may allow you to participate in public and private chat rooms and to utilize messaging features to communicate with other users of the Service
920,Discord:4,Discord,pato,pato,unknown_code_or_free_text,"The Company reserves the right to refuse any user access to the Services without notice for any reason, including but not limited to a violation of the Terms"
922,Discord:6,Discord,pato,pato,unknown_code_or_free_text,"We reserve the right to reject any username or to terminate your username or prevent use of a username in our sole discretion, and without any liability to you"
923,Discord:7,Discord,pato,pato,unknown_code_or_free_text,"By using the Service or providing information to us, you agree that we may communicate with you electronically regarding security, privacy, and administrative issues relating to your use of the Service, and that all agreements, notices, disclosures, and other communications that Discord provides to you electronically satisfy any legal requirements that such communications be in writing."
925,Discord:9,Discord,cnt_del -1; cnt_modr 0; pato,cnt_modr 0,unknown_code_or_free_text,The Company reserves the right to remove and permanently delete Your Content from the Service with or without notice for any reason or no reason.
925,Discord:9,Discord,cnt_del -1; cnt_modr 0; pato,pato,unknown_code_or_free_text,The Company reserves the right to remove and permanently delete Your Content from the Service with or without notice for any reason or no reason.
927,Discord:11,Discord,docu 2,docu 2,documentary_note,Community Guidelines 
928,Discord:12,Discord,disc -1,disc -1,unknown_code_or_free_text,"we reserve the right to determine what conduct we consider to be a violation of the Terms, Community Guidelines or improper use of the Service "
929,Discord:13,Discord,sugg 0,sugg 0,unknown_code_or_free_text,"We appreciate hearing from our users and welcome your comments regarding the Service. If you choose to provide feedback, comments or suggestions for improvements to the Service or otherwise (in written or oral form) (“Feedback”), you represent and warrant that (a) you have the right to disclose the Feedback, (b) the Feedback does not violate the rights of any other person or entity, and (c) your Feedback does not contain the confidential or proprietary information of any third party or parties.By sending us any Feedback, you further (i) agree that we are under no obligation of confidentiality, express or implied, with respect to the Feedback, (ii) acknowledge that we may have something similar to the Feedback already under consideration or in development, (iii) grant us anirrevocable, non-exclusive, royalty-free, perpetual, worldwide license to use, modify, prepare derivative works from, publish, distribute and sublicense the Feedback, and (iv) irrevocably waive, and cause to be waived, against Discord and its users any claims and assertions of any moral rights contained in such Feedback. This Feedback section shall survive any termination of your account or the Services.All rights in this section are granted without the need for additional compensation of any sort to you."
930,Discord:14,Discord,may infringe Annex 1(n) Directive 93/13,may infringe Annex 1(n) Directive 93/13,unknown_code_or_free_text,"We use third-party services to help us provide the Service, but such use does not indicate that we endorse them or are responsible or liable for their actions. In addition, the Service may link to third-party websites to facilitate its provision of services to you. If you use these links, you will leave the Service. Please note that your use of such third-party services will be governed by the terms and privacy policy applicable to the corresponding third party. Some of these third-party websites may use Service Materials under license from us. We are not responsible for nor do we endorse these third-party websites or the organizations sponsoring such third-party websites or their products or services, whether or not we are affiliated with such third-party websites. You agree that we are not responsible or liable for any loss or damage of any sort incurred as a result of any such dealings you may have on or through a third-party website or as a result of the presence of any third-party advertising on the Service."
935,Discord:19,Discord,uncle 1,uncle 1,unclear_or_legal_savings_fragment,THE FOREGOING DISCLAIMERS SHALL APPLY TO THE EXTENT PERMITTED BY APPLICABLE LAW.
936,Discord:20,Discord,uncle 2,uncle 2,unclear_or_legal_savings_fragment,TO THE MAXIMUM EXTENT PERMITTED BY LAW
939,Discord:23,Discord,uncle 3,uncle 3,unclear_or_legal_savings_fragment,THE LIMITATIONS AND DISCLAIMERS IN THESE TERMS DO NOT PURPORT TO LIMIT LIABILITY OR ALTER RIGHTS THAT CANNOT BE EXCLUDED UNDER APPLICABLE LAW
940,Discord:24,Discord,uncle 4,uncle 4,unclear_or_legal_savings_fragment,"SOME JURISDICTIONS DO NOT ALLOW THE EXCLUSION OF IMPLIED WARRANTIES OR LIMITATION OF LIABILITY FOR INCIDENTAL OR CONSEQUENTIAL DAMAGES, WHICH MEANS THAT SOME OF THE ABOVE DISCLAIMERS AND LIMITATIONS MAY NOT APPLY TO YOU. IN THESE JURISDICTIONS, DISCORD’S LIABILITY WILL BE LIMITED TO THE GREATEST EXTENT PERMITTED BY LAW."
941,Discord:25,Discord,ind 0,ind 0,unknown_code_or_free_text,"You agree to indemnify and hold the Company, harmless from and against any loss, liability, claim, demand, damages, costs and expenses, including reasonable attorney's fees, arising out of or in connection with (i) your use of and access to the Service; (ii) your violation of any term of these Terms; (iii) your violation of any third party right, including without limitation any copyright, property, or privacy right or any third party agreement; or (iv) any of Your Content or information in your Account or any other information you post or share on or through the Service. As used in this section, ""you"" shall include anyone accessing the Service using your password"
942,Discord:26,Discord,virtu,virtu,unknown_code_or_free_text,"The Service may include an opportunity to obtain virtual currency (""Virtual Currency"") or virtual goods (""Virtual Goods"") that may require you to pay a fee using legal tender (that is, ""real money"") to obtain the Virtual Currency or Virtual Goods. Your purchase of Virtual Currency is final and is not refundable, exchangeable, transferable, except in the Company’s or the platform provider’s sole discretion. You may not purchase, sell, or exchange Virtual Currency outside the Service. Doing so is a violation of the Terms and may result in termination of your Account with the Service and/or legal action. The Company retains the right to modify, manage, control and/or eliminate Virtual Currency and/or Virtual Goods at its sole discretion. Prices and availability of Virtual Goods are subject to change without notice. We shall have no liability to you or any third party for the exercise of such rights. You shall have a limited, personal, non-transferable, non-sublicensable permission to use solely within the Service Virtual Goods and Virtual Currency that you have earned, purchased or otherwise obtained in a manner authorized by the Company. You have no other right, title or interest in or to any such Virtual Goods or Virtual Currency appearing or originating in the Service."
943,Discord:27,Discord,pato,pato,unknown_code_or_free_text,"Discord reserves the right, with or without prior notice, to: change descriptions or references to products and/or services; limit the available quantity of any product or service; honor, or refuse to honor, any coupon, coupon code, promotional code or other similar promotions; and/or refuse to provide any visitor to, or use of the Service with any product or service."
944,Discord:28,Discord,pato,pato,unknown_code_or_free_text,"If a product’s correct price is higher than the listed price, we will either confirm that we’ll provide the item at the price listed or cancel your order and notify you of such cancellation."
945,Discord:29,Discord,pato,pato,unknown_code_or_free_text,"We may, in our sole discretion, cancel your payment at any time by providing notice to you through your contact information or by a notice when you attempt to make a payment. We may cancel a payment or prevent you from initiating future payments for any reason"
946,Discord:30,Discord,docu 3,docu 3,documentary_note,refund policy 
948,Discord:32,Discord,uncle 5,uncle 5,unclear_or_legal_savings_fragment,As permitted by local law
950,Discord:34,Discord,?,?,unknown_code_or_free_text,For residents outside the United States
951,Discord:35,Discord,uncle 6,uncle 6,unclear_or_legal_savings_fragment,unless Discord is specifically required to pay such fees under applicable law
953,Discord:37,Discord,uncle 7,uncle 7,unclear_or_legal_savings_fragment,To the maximum extent permitted by applicable law
956,Discord:41,Discord,inter 0,inter 0,unknown_code_or_free_text,that the court should endeavor to give effect to the parties' intentions as reflected in the provision
959,Discord:43,Discord,inter -1,inter -1,unknown_code_or_free_text,Interpretation. You agree that these Terms will not be construed against the Company by virtue of having drafted them.
960,Amazon:0,Amazon,docu 1,docu 1,documentary_note, Informacji o prywatności 
961,Amazon:1,Amazon,docu 2,docu 2,documentary_note,Informacji o plikach cookie i reklamie internetowej.
962,Amazon:2,Amazon,uncle 1,uncle 1,unclear_or_legal_savings_fragment,"poza przypadkami, w których bezwzględnie obowiązujące przepisy prawa wymagać będą innej formy komunikacji."
964,Amazon:5,Amazon,it should be included in the ToS,it should be included in the ToS,unknown_code_or_free_text,"naszych wytycznych lub zasad, których treść dostępna jest na naszej stronie internetowej."
966,Amazon:6,Amazon,cnt_del 0; cnt_modr 0,cnt_modr 0,unknown_code_or_free_text,"Zastrzegamy sobie prawo usunięcia lub edycji tego rodzaju treści (przy czym, o ile nie otrzymamy Formularza zgłoszenia, nie jesteśmy do tego zobowiązani). "
967,Amazon:7,Amazon,ip -1; shad_ip,shad_ip,unknown_code_or_free_text,"W braku odmiennego wskazania przez Amazon, umieszczając na stronie jakiekolwiek treści lub nadsyłając materiały, udzielasz: (a) Amazon niewyłącznego, nieodpłatnego i w pełni przenoszalnego prawa (wraz z pełnym prawem do udzielania sublicencji) do korzystania, zwielokrotniania, modyfikowania, adaptacji, publikacji, tłumaczenia, dystrybucji i wyświetlania oraz tworzenia opracowań takich treści lub materiałów na całym świecie oraz na dowolnych nośnikach, a także (b) Amazon, sublicencjobiorcom i nabywcom praw Amazon - prawa do wykorzystywania, zgodnie z wyborem ww. podmiotów, nazwy bądź imienia i nazwiska podanego przez Ciebie w związku z zamieszczeniem danej treści. Niniejszy zapis nie stanowi podstawy przeniesienia autorskich praw osobistych."
968,Amazon:9,Amazon,uncle 2,uncle 2,unclear_or_legal_savings_fragment,W zakresie dozwolonym przepisami prawa
969,Amazon:10,Amazon,infringing Art. 16 of the Polish Law on copyright and related rights,infringing Art. 16 of the Polish Law on copyright and related rights,unknown_code_or_free_text,", zobowiązujesz się nie wykonywać przysługującego Ci prawa do wskazywania Cię jako autora takich treści oraz prawa zgłaszania sprzeciwu wobec działań naruszających ich integralność."
970,Amazon:8,Amazon,shad_ip,shad_ip,unknown_code_or_free_text,"Dokonane powyżej udzielenie praw ma charakter nieodwołalny przez cały okres ochrony praw własności intelektualnej przysługujących Ci wobec danej treści lub materiałów, na co niniejszym wyrażasz zgodę. W zakresie dozwolonym przepisami prawa, zobowiązujesz się nie wykonywać przysługującego Ci prawa do wskazywania Cię jako autora takich treści oraz prawa zgłaszania sprzeciwu wobec działań naruszających ich integralność. Wyrażasz zgodę na dokonanie wszelkich dalszych czynności koniecznych do nadania skuteczności powyższym prawom udzielonym przez Ciebie Amazon, w tym podpisanie, na wniosek Amazon, dodatkowych dokumentów."
971,Amazon:11,Amazon,docu 3,docu 3,documentary_note,pod tym linkiem.
972,Amazon:12,Amazon,may infringe Annex 1(n) Directive 03/13; pato,may infringe Annex 1(n) Directive 03/13,unknown_code_or_free_text,"Działalność związaną z prowadzeniem sklepów, świadczeniem usług i sprzedażą produktów na niniejszej stronie prowadzą również podmioty inne niż Amazon. Ponadto, zamieszczamy odnośniki do stron internetowych podmiotów powiązanych i innych przedsiębiorców. Nie jesteśmy odpowiedzialni za badanie ani ocenę tych przedsiębiorców lub osób ani treści umieszczanych na ich stronach, jak również nie udzielamy jakichkolwiek gwarancji w odniesieniu do ich oferty. Amazon nie ponosi odpowiedzialności za działania którejkolwiek z powyższych osób lub jakichkolwiek innych osób trzecich, ani też za zamieszczane przez nie produkty lub treści."
972,Amazon:12,Amazon,may infringe Annex 1(n) Directive 03/13; pato,pato,unknown_code_or_free_text,"Działalność związaną z prowadzeniem sklepów, świadczeniem usług i sprzedażą produktów na niniejszej stronie prowadzą również podmioty inne niż Amazon. Ponadto, zamieszczamy odnośniki do stron internetowych podmiotów powiązanych i innych przedsiębiorców. Nie jesteśmy odpowiedzialni za badanie ani ocenę tych przedsiębiorców lub osób ani treści umieszczanych na ich stronach, jak również nie udzielamy jakichkolwiek gwarancji w odniesieniu do ich oferty. Amazon nie ponosi odpowiedzialności za działania którejkolwiek z powyższych osób lub jakichkolwiek innych osób trzecich, ani też za zamieszczane przez nie produkty lub treści."
973,Amazon:13,Amazon,core,core,unknown_code_or_free_text,"Amazon umożliwia zewnętrznym sprzedawcom wystawianie i sprzedaż produktów na stronie Amazon.pl. W takim przypadku stosowna informacja jest każdorazowo zamieszczana na odpowiedniej stronie szczegółowej produktu. Jakkolwiek Amazon ułatwia zawieranie transakcji poprzez platformę Amazon Marketplace, nie występuje jako sprzedawca ani nabywca w odniesieniu do produktów oferowanych przez sprzedawcę. Amazon udostępnia platformę umożliwiającą sprzedawcom i nabywcom negocjowanie i realizację transakcji. W związku z powyższym, stronami umowy zawieranej w związku ze sprzedażą produktów osób trzecich są wyłącznie sprzedawca i nabywca. Amazon nie jest stroną takiej umowy oraz nie przyjmuje na siebie odpowiedzialności z jej tytułu lub w związku z nią, ani też nie występuje w roli agenta ani pośrednika sprzedawcy."
974,Amazon:14,Amazon,docu 4,docu 4,documentary_note, Gwarancji od a do z
975,Amazon:16,Amazon,uncle 3,uncle 3,unclear_or_legal_savings_fragment,"Przepisy prawa obowiązujące w niektórych krajach nie zezwalają na zastosowanie wszystkich lub niektórych z powyższych ograniczeń. Jeżeli takie przepisy obowiązują w Twoim przypadku, wówczas niektóre lub wszystkie powyższe ograniczenia mogą nie mieć do Ciebie zastosowania oraz mogą Ci przysługiwać dodatkowe prawa."
979,Amazon:19,Amazon,pato,pato,unknown_code_or_free_text,"Ze względu na to, że preferujemy rozstrzyganie zgłoszeń w bezpośrednim kontakcie z naszymi użytkownikami, nie uczestniczymy w procedurach alternatywnego rozstrzygania sporów konsumenckich. "
980,Amazon:20,Amazon,what does it mean and who defines it?,what does it mean and who defines it?,unknown_code_or_free_text,w sposób niesprawiedliwy
983,Amazon:23,Amazon,cnt_modr 0,cnt_modr 0,unknown_code_or_free_text,"Po otrzymaniu skargi możemy podjąć stosowne działania, włącznie z usunięciem określonej informacji lub pozycji oraz, w stosownych okolicznościach, wykluczeniem sprawców wielokrotnych naruszeń. "
985,Amazon:26,Amazon,contrary to Art. 66[1] of the Polish Civil Code; pato,contrary to Art. 66[1] of the Polish Civil Code,unknown_code_or_free_text,"Po złożeniu przez Ciebie zamówienia na zakup produktu od Amazon prześlemy Ci powiadomienie z potwierdzeniem otrzymania Twojego zamówienia i szczegółowym opisem zamówienia („Potwierdzenie Zamówienia”). Jeżeli korzystasz z określonych Usług Amazon (np. aplikacji mobilnych Amazon), Potwierdzenie Zamówienia może zostać umieszczone w Centrum Powiadomień na stronie internetowej. Potwierdzenie Zamówienia stanowi oświadczenie, że wpłynęło do nas Twoje zamówienie, nie stanowi natomiast przyjęcia złożonej przez Ciebie oferty zakupu zamówionych produktów lub usług. Przyjęcie Twojej oferty i zawarcie umowy sprzedaży zamówionego przez Ciebie produktu następuje dopiero z chwilą wysłania do Ciebie produktu oraz przesłania Ci wiadomości e-mail lub umieszczenia powiadomienia w Centrum Powiadomień na stronie internetowej, z potwierdzeniem wysyłki produktu do Ciebie („Potwierdzenie Wysyłki”). "
985,Amazon:26,Amazon,contrary to Art. 66[1] of the Polish Civil Code; pato,pato,unknown_code_or_free_text,"Po złożeniu przez Ciebie zamówienia na zakup produktu od Amazon prześlemy Ci powiadomienie z potwierdzeniem otrzymania Twojego zamówienia i szczegółowym opisem zamówienia („Potwierdzenie Zamówienia”). Jeżeli korzystasz z określonych Usług Amazon (np. aplikacji mobilnych Amazon), Potwierdzenie Zamówienia może zostać umieszczone w Centrum Powiadomień na stronie internetowej. Potwierdzenie Zamówienia stanowi oświadczenie, że wpłynęło do nas Twoje zamówienie, nie stanowi natomiast przyjęcia złożonej przez Ciebie oferty zakupu zamówionych produktów lub usług. Przyjęcie Twojej oferty i zawarcie umowy sprzedaży zamówionego przez Ciebie produktu następuje dopiero z chwilą wysłania do Ciebie produktu oraz przesłania Ci wiadomości e-mail lub umieszczenia powiadomienia w Centrum Powiadomień na stronie internetowej, z potwierdzeniem wysyłki produktu do Ciebie („Potwierdzenie Wysyłki”). "
986,Amazon:25,Amazon,core,core,unknown_code_or_free_text,"Składając zamówienie składasz Amazon ofertę nabycia produktu lub produktów wskazanych w Twoim zamówieniu. Po złożeniu przez Ciebie zamówienia na zakup produktu od Amazon prześlemy Ci powiadomienie z potwierdzeniem otrzymania Twojego zamówienia i szczegółowym opisem zamówienia („Potwierdzenie Zamówienia”). Jeżeli korzystasz z określonych Usług Amazon (np. aplikacji mobilnych Amazon), Potwierdzenie Zamówienia może zostać umieszczone w Centrum Powiadomień na stronie internetowej. Potwierdzenie Zamówienia stanowi oświadczenie, że wpłynęło do nas Twoje zamówienie, nie stanowi natomiast przyjęcia złożonej przez Ciebie oferty zakupu zamówionych produktów lub usług. Przyjęcie Twojej oferty i zawarcie umowy sprzedaży zamówionego przez Ciebie produktu następuje dopiero z chwilą wysłania do Ciebie produktu oraz przesłania Ci wiadomości e-mail lub umieszczenia powiadomienia w Centrum Powiadomień na stronie internetowej, z potwierdzeniem wysyłki produktu do Ciebie („Potwierdzenie Wysyłki”). Jeżeli w ramach realizacji Twojego zamówienia wysłana została więcej niż jedna przesyłka, wówczas dla każdej przesyłki możesz otrzymać oddzielne Potwierdzenie Wysyłki, a każde Potwierdzenie Wysyłki i odpowiadająca mu przesyłka stanowić będą odrębną umowę sprzedaży zawartą pomiędzy nami w odniesieniu do produktu lub produktów wskazanych w danym Potwierdzeniu Wysyłki. Podmiotem, z którym zawierasz umowę, jest Amazon EU SARL. "
987,Amazon:27,Amazon,infringing Art. 9 Directive 2011/83/EU,infringing Art. 9 Directive 2011/83/EU,unknown_code_or_free_text,a zwrot towarów poprzez nasze Centrum Zwrotów Online został dokonany we wskazanym poniżej terminie.
988,Amazon:28,Amazon,docu 5,docu 5,documentary_note,warunkach dotyczących zwrotu.
989,Amazon:29,Amazon,pato,pato,unknown_code_or_free_text,"Pomimo naszych najlepszych starań istnieje ryzyko, że w przypadku niewielkiej liczby artykułów widniejących w naszym katalogu ich ceny mogły zostać podane w sposób nieprawidłowy. Podczas realizacji Twojego zamówienia, przed przyjęciem od Ciebie płatności, zweryfikujemy prawidłowość podanej ceny. Jeżeli okaże się, że po naszej stronie wystąpił błąd, a prawidłowa cena produktu jest znacznie wyższa od ceny podanej na stronie internetowej, a różnica w cenie jest oczywistym błędem cenowym (błędem, który mógł być łatwo przez Ciebie zauważony), zwrócimy się do Ciebie przed dokonaniem wysyłki z pytaniem, czy wyrażasz wolę zakupu produktu za prawidłową cenę, lub aby poinformować Cię o anulowaniu Twojego zamówienia."
990,Amazon:30,Amazon,uncle 4,uncle 4,unclear_or_legal_savings_fragment,. Powyższa sytuacja nie będzie miała wpływu na Twoje ustawowe prawa.
991,Amazon:31,Amazon,…,…,unknown_code_or_free_text,Jako podmiot przywiązujący dużą wagę do prywatności
995,Amazon:35,Amazon,"no contr_chg, as in this case sales contract is not a contract of indeterminate duration",no contr_chg,unknown_code_or_free_text,"Zastrzegamy sobie prawo do dokonywania w dowolnym czasie zmian zawartości naszej strony internetowej, jak również naszych zasad i warunków, w tym niniejszych Warunków Sprzedaży. "
995,Amazon:35,Amazon,"no contr_chg, as in this case sales contract is not a contract of indeterminate duration",as in this case sales contract is not a contract of indeterminate duration,unknown_code_or_free_text,"Zastrzegamy sobie prawo do dokonywania w dowolnym czasie zmian zawartości naszej strony internetowej, jak również naszych zasad i warunków, w tym niniejszych Warunków Sprzedaży. "
997,Maya:0,Maya,docu 1,docu 1,documentary_note,the Privacy Policy available here http://plackal.in/terms-and- privacy-policy/. 
1000,Maya:3,Maya,what,what,unknown_code_or_free_text,"The Company offers You a technology platform via the Application which facilitates You to update Your information to help You track Your period cycles (“Cycles”), flow duration and also help predict Your next Cycle contingent to the information update by You."
1002,Maya:5,Maya,what,what,unknown_code_or_free_text,You may use our premium services by paying an amount as specified in the Application to avail exclusive premium services.
1003,Maya:6,Maya,may infringe Annex 1(d) Directive 93/13; pato,may infringe Annex 1(d) Directive 93/13,unknown_code_or_free_text,Any payments made to the Company in respect of premium services are non-refundable and there are no refunds or credits for partially used periods.
1003,Maya:6,Maya,may infringe Annex 1(d) Directive 93/13; pato,pato,unknown_code_or_free_text,Any payments made to the Company in respect of premium services are non-refundable and there are no refunds or credits for partially used periods.
1008,Maya:11,Maya,may infringe Annex 1(d) Directive 93/13,may infringe Annex 1(d) Directive 93/13,unknown_code_or_free_text,The Company however does not offer any refunds.
1009,Maya:13,Maya,disc -1,disc -1,unknown_code_or_free_text,"if the Company believes that You have breached any of these Terms, the Privacy Policy"
1011,Maya:14,Maya,acc_del 0; disc -1,disc -1,unknown_code_or_free_text,"The Company reserves the right to cancel delete or deactivate Your Account, if it believes the same has been compromised, or is being used fraudulently, at its own discretion."
1014,Maya:17,Maya,uncle 1,uncle 1,unclear_or_legal_savings_fragment,SUBJECT TO APPLICABLE LAWS
1016,Maya:19,Maya,uncle 2,uncle 2,unclear_or_legal_savings_fragment,"Some jurisdictions do not allow the exclusion of certain warranties or the limitation or exclusion of liability for incidental or consequential damages. Accordingly, in certain jurisdictions, some of the above limitations of liability may not apply to You; all other provisions of these Terms remain in full force and effect."
1017,Maya:20,Maya,ind 0,ind 0,unknown_code_or_free_text,"You agree to defend, indemnify and hold harmless the Company, its subsidiaries, affiliates, subcontractors, officers, directors, employees, consultants, representatives and agents, from and against any and all claims, damages, obligations, losses, liabilities, costs or expenses (including but not limited to attorneys’ fees and costs) arising from:Your use of and access to the Application;Your violation of any Terms and the Privacy Policy contained herein;Your violation of any third party right, including without limitation any copyright, property, or privacy right."
1020,Maya:23,Maya,sever 0; inter 0,inter 0,unknown_code_or_free_text,"If any provision of these Terms is found by a court of competent jurisdiction to be invalid, the Parties nevertheless agree that the court should endeavour to give effect to the Parties’ intentions as reflected in the provision, and the other provisions of this Agreement remain in full force and effect."
1023,TikTok:0,TikTok,what,what,unknown_code_or_free_text,TikTok is a leading platform for creating and sharing short-form videos (the “Platform”).
1024,TikTok:2,TikTok,docu 1,docu 1,documentary_note,Virtual Items Policy 
1025,TikTok:4,TikTok,docu 2,docu 2,documentary_note,Privacy Policy
1027,TikTok:1,TikTok,what,what,unknown_code_or_free_text,"The Services allow you to create, publish and share short-form videos and to consume videos other users have created and interact with those videos and other users.Create and share videos: In particular:You can record or import videos into the Services.You can edit videos and enrich them with ﬁlters and additional elements.You can also include content from other users in your videos, provided the creator of the respective video allows the use of their content for such purposes. Other users can use your content in their videos, if you allow the use of your content for such purposes.You can publish videos in the Services so that other users can consume your videos. Videos you publish publicly will be available in the App and on the Website.You can share your videos, or videos of others that have enabled sharing, via various messaging services and on third-party social media platforms (e.g. Instagram, Facebook, YouTube, Twitter) in accordance with the respective terms of service.You can enter a video description, tags and various privacy settings when publishing a video.You can enter a short biography text and proﬁle picture in your public user proﬁle.Subject to the conditions of our Virtual Items Policy you can live stream, use live streaming features, purchase coins and exchange coins for gifts (the “Live Stream Program”).Consume videos: You can consume videos of other users of the Services. In particular:You can consume videos that other users have shared publicly or by users you follow.The Service provides you with a customised “For You” page in which the Service selects videos to show you based on what the Service determines could be interesting for you. For further information, please see the Privacy Policy.The Service provides other ways to ﬁnd content for you to consume, e.g. a list of other users’ videos on their proﬁle, a search function, and category selection.You can watch live streams of other users.Interact with other users: You can interact with users’ content and other users. In particular:Direct messages: You can send direct messages to users if they follow you.Likes: You can like videos.Comments: Subject to users’ settings, you can post comments on their videos.Follows: You can follow users. If users restrict their proﬁle, you can only follow users if they approve your request to follow.“Find Friends” functionality: You can ﬁnd friends through your phone address book and through Facebook."
1028,TikTok:5,TikTok,what,what,unknown_code_or_free_text,"Pro Accounts: You can also upgrade your user account to a free “Pro Account”. A Pro Account gives you access to additional features, such as aggregated statistics about your content. If you participate in the TikTok Creator Marketplace (“Marketplace”), you can use the Pro Account menu to access settings and manage requests relating to Marketplace functions."
1029,TikTok:6,TikTok,docu 3,docu 3,documentary_note,"Your access to and use of our Services is also subject to our Community Guidelines and our Virtual Items Policy, the terms of which can be found directly on the Platform, or where the Platform is made available "
1031,TikTok:8,TikTok,acc_sus -1; acc_del -1; cnt_modr 0,cnt_modr 0,unknown_code_or_free_text,We reserve the right to temporarily or permanently suspend or terminate your user account or impose limits on or restrict your access to parts or all of the Services with or without notice at any time for any or no reason including:
1032,TikTok:9,TikTok,uncle 1,uncle 1,unclear_or_legal_savings_fragment,Subject to any statutory rights you might have
1035,TikTok:12,TikTok,disc -1,disc -1,unknown_code_or_free_text,"any material that, in the sole judgment of TikTok, is objectionable "
1036,TikTok:14,TikTok,disc -1,disc -1,unknown_code_or_free_text,"access to content if in our sole opinion the content violates or potentially violates these Terms or our Community Guidelines, third party rights (including intellectual property rights), applicable laws or regulations or is otherwise"
1038,TikTok:15,TikTok,pato,pato,unknown_code_or_free_text,"You acknowledge and agree that we may generate revenues, increase goodwill or otherwise increase our value from your use of the Services, including, by way of example and not limitation, through the sale of advertising, sponsorships, promotions, usage data and gifts and except as speciﬁcally permitted by us in these Terms or in another agreement you enter into with us, you will have no right to share in any such revenue, goodwill or value whatsoever. You further acknowledge that, except as speciﬁcally permitted by us in these Terms or in another agreement you enter into with us, you (i) have no right to receive any income or other consideration from any User Content (deﬁned below) or your use of any musical works, sound recordings or audiovisual clips made available to you on or through the Services, including in any User Content created by you, and (ii) are prohibited from exercising any rights to monetizeor obtain consideration from any User Content within the Services or on any third party service (including, without limitation, YouTube, Facebook, Instagram, Twitter or any other social media platform) to the extent that such User Content has been in any way edited or otherwise altered through the Services (including through the use of TikTok Elements (as deﬁned below))."
1040,TikTok:17,TikTok,may infringe Annex 1(n) Directive 93/13,may infringe Annex 1(n) Directive 93/13,unknown_code_or_free_text,"Where the Services contain links to other sites and resources provided by third parties, these links are provided for your information only. We have no visibility or control over the contents on or available through those sites or resources and you acknowledge and agree that we have no liability for any such content. Such links should not be interpreted as approval by us of those linked websites or information you may obtain on or through them. "
1041,TikTok:18,TikTok,ind 0,ind 0,unknown_code_or_free_text,and you will be liable to us and indemnify us for any breach of that warranty
1042,TikTok:19,TikTok,ip -1; shad_ip,shad_ip,unknown_code_or_free_text,"but by submitting User Content via the Services, you hereby grant (i) to us and our afﬁliates, agents, services providers, partners and other connected third parties an unconditional irrevocable, non- exclusive, royalty-free, fully transferable (including sub-licensable), perpetual worldwide licence to use, modify, adapt, reproduce, make derivative works of, publish and/or transmit, and/or distribute and to authorise others users of the Services and other third-parties to view, access, use, download, modify, adapt, reproduce, make derivative works of, publish and/or transmit your User Content in any format and on any platform, either now known or hereinafter invented; (ii) to other users of the Services an unconditional irrevocable, non-exclusive, royalty-free, perpetual worldwide licence to use, modify, adapt, reproduce, make derivative works of, download, publishand/or transmit, and/or distribute some or all of your User Content in any format and on any platform, either now known or hereinafter invented for the purpose of generating other User Content or viewing your User Content for entertainment or other private, non-commercial purposes."
1043,TikTok:21,TikTok,uncle 2,uncle 2,unclear_or_legal_savings_fragment,to the extent permitted by applicable law
1044,TikTok:22,TikTok,uncle 3,uncle 3,unclear_or_legal_savings_fragment,to the extent permitted by applicable law
1045,TikTok:20,TikTok,shad_ip,shad_ip,unknown_code_or_free_text,"Waiver of Rights to User Content. By posting User Content to or through the Services, you waive any rights to prior inspection or approval of any marketing or promotional materials related to such User Content. You also waive (to the extent permitted by applicable law) any and all rights of privacy, publicity, or any other rights of a similar nature in connection with your User Content, or any portion thereof. You hereby waive (to the extent permitted by applicable law) and agree never to assert any and all moral rights you may have in or with respect of any of the User Content you upload or otherwise make available through the Services, or to support, maintain or permit any action based on any such moral rights."
1046,TikTok:24,TikTok,disc -1,disc -1,unknown_code_or_free_text,that we consider to violate these Terms
1048,TikTok:25,TikTok,sugg 0,sugg 0,unknown_code_or_free_text,"While our own staff is continually working to develop and evaluate our own product ideas and features, we pride ourselves on paying close attention to the interests, feedback, comments, and suggestions we receive from the user community. If you choose to contribute by sending us or our employees any ideas for products, services, features, modiﬁcations, enhancements, content, reﬁnements, technologies, content offerings (such as audio, visual, games, or other types of content), promotions, strategies, or product/feature names, or any related documentation, artwork, computer code, diagrams, or other materials (collectively “Feedback”), then regardless of what your accompanying communication may say, the following terms will apply, so that the status of such Feedback is clearly understood by you and us. Accordingly, by sending Feedback to us, you agree that:we have no obligation to review, consider, or implement your Feedback, or to return to you all or part of any Feedback for any reason;Feedback is provided on a non-conﬁdential basis, and we are not under any obligation to keep any Feedback you send conﬁdential or to refrain from using or disclosing it in any way; andyou irrevocably grant us an unconditional, non-exclusive, royalty free, fully transferable (including sub-licensable), perpetual worldwide and unlimited license to adapt, reproduce, distribute, create derivative works of, modify, publicly perform (including on a through-to-the- audience basis), communicate to the public, make available, publicly display, and otherwise useand exploit the Feedback and derivatives thereof for any purpose and without restriction, free of charge and without attribution of any kind, including by making, using, selling, offering for sale, importing, and promoting commercial products and services that incorporate or embody Feedback, whether in whole or in part, and whether as provided or as modiﬁed."
1049,TikTok:26,TikTok,ind 0,ind 0,unknown_code_or_free_text,"You agree to defend, indemnify, and hold harmless TikTok, its parents, subsidiaries, and afﬁliates, and each of their respective ofﬁcers, directors, employees, agents and advisors from any and all claims, liabilities, costs, damages, losses and expenses (including, but not limited to, attorneys’ fees and expenses) arising out of or in connection with any breach by you (or any user of your account for any of the Services) of these Terms, including but not limited to a breach of your obligations, representation and warranties."
1050,TikTok:27,TikTok,uncle 4,uncle 4,unclear_or_legal_savings_fragment,NOTHING IN THESE TERMS SHALL AFFECT ANY STATUTORY RIGHTS THAT YOU: (I) CANNOT CONTRACTUALLY AGREE TO ALTER OR WAIVE; AND (II) ARE LEGALLY ALWAYS ENTITLED TO AS A CONSUMER.
1052,TikTok:29,TikTok,uncle 5,uncle 5,unclear_or_legal_savings_fragment,TO THE EXTENT ALLOWED UNDER APPLICABLE LAW
1054,TikTok:31,TikTok,uncle 6,uncle 6,unclear_or_legal_savings_fragment,NOTHING IN THESE TERMS SHALL EXCLUDE OR LIMIT OUR LIABILITY FOR LOSSES WHICH MAY NOT BE LAWFULLY EXCLUDED OR LIMITED BY APPLICABLE LAW
1057,TikTok:34,TikTok,pato,pato,unknown_code_or_free_text,PLEASE NOTE THAT WE ONLY PROVIDE OUR PLATFORM FOR DOMESTIC AND PRIVATE USE. YOU AGREE NOT TO USE OUR PLATFORM FOR ANY COMMERCIAL OR BUSINESS PURPOSES UNLESS WE HAVE GRANTED EXPRESS WRITTEN CONSENT.
1058,TikTok:36,TikTok,uncle 7,uncle 7,unclear_or_legal_savings_fragment,subject only to any applicable mandatory law in the country in which you reside
1059,TikTok:37,TikTok,uncle 8 ,uncle 8,unclear_or_legal_savings_fragment,subject only to any applicable mandatory law in the country in which you reside or choice of jurisdiction provisions that cannot be varied by contract
1061,TikTok:38,TikTok,docu 4,docu 4,documentary_note,"software is subject to its own applicable license terms, which can be found in our Open Source Policy."
1063,TikTok:40,TikTok,uncle 9,uncle 9,unclear_or_legal_savings_fragment,To the extent permitted by applicable law
1064,TikTok:41,TikTok,uncle 10,uncle 10,unclear_or_legal_savings_fragment,To the maximumextent permitted by applicable law
1065,Lyft:0,Lyft,docu 1,docu 1,documentary_note,Community Guidelines
1068,Lyft:3,Lyft,docu 2,docu 2,documentary_note,Driver Addendum
1069,Lyft:4,Lyft,docu 3,docu 3,documentary_note,participation in the Referral Program is subject to this Agreement and the additional Referral Program rules.
1070,Lyft:5,Lyft,docu 4-6,docu 4-6,documentary_note,You will not discriminate against Riders with disabilities and agree to review Lyft’s Anti- Discrimination Policies. You will make reasonable accommodation as required by law and our Service Animal Policy and Wheelchair Policy 
1071,Lyft:6,Lyft,sugg 0,sugg 0,unknown_code_or_free_text,"You acknowledge and agree that any questions, comments, suggestions, ideas, feedback or other information (“Submissions”) provided by you to us are non-conﬁdential and shall become the sole property of Lyft. "
1072,Lyft:7,Lyft,acc_del 0; cnt_modr 0,cnt_modr 0,unknown_code_or_free_text,"Violation of any provision of this License may result in immediate termination of the License, "
1073,Lyft:8,Lyft,docu 7,docu 7,documentary_note,view our Copyright Policy f
1075,Lyft:10,Lyft,uncle 1,uncle 1,unclear_or_legal_savings_fragment,To the fullest extent permitted by law
1076,Lyft:11,Lyft,docu 8,docu 8,documentary_note,www.lyft.com/terms/disclosures
1077,Lyft:12,Lyft,ind 0,ind 0,unknown_code_or_free_text,"You will defend, indemnify, and hold Lyft including our afﬁliates, subsidiaries, parents, successors and assigns, and each of our respective ofﬁcers, directors, employees, agents, or shareholders harmless from any claims, actions, suits, losses, costs, liabilities and expenses (including reasonable attorneys’ fees) relating to or arising out of your use of the Lyft Platform and participation in the Rideshare Services, including: (1) your breach of this Agreement or the documents it incorporates by reference; (2) your violation of any law or the rights of a third party, including, Drivers, Riders, other motorists, and pedestrians, as a result of your own interaction with such third party; (3) any allegation that any materials that you submit to us or transmit through the Lyft Platform or to us infringe or otherwise violate the copyright, trademark, trade secret or other intellectual property or other rights of any third party; (4) your ownership, use or operation of a motor vehicle or passenger vehicle, including your provision of Rideshare Services as a Driver; and/or (5) any other activities in connection with the Rideshare Services. This indemnity shall be applicable without regard to the negligence of any party, including any indemniﬁed person."
1078,Lyft:14,Lyft,uncle 2,uncle 2,unclear_or_legal_savings_fragment,CERTAIN JURISDICTIONS MAY NOT ALLOW THE EXCLUSION OR LIMITATION OF CERTAIN DAMAGES
1081,Lyft:17,Lyft,disc -1,disc -1,unknown_code_or_free_text,Lyft’s reasonable satisfaction 
1082,Lyft:16,Lyft,acc_sus 1; acc_ del 1,acc_ del 1,unknown_code_or_free_text,"Lyft may terminate this Agreement or deactivate your User account immediately in the event: (1) you no longer qualify to provide Rideshare Services or to operate the approved vehicle under applicable law, rule, permit, ordinance or regulation; (2) you fall below Lyft’s star rating or cancellation threshold; (3) Lyft has the good faith belief that such action is necessary to protect the safety of the Lyft community or third parties, provided that in the event of a deactivation pursuant to (1)-(3) above, you will be given notice of the potential or actual deactivation and an opportunity to attempt to cure the issue to Lyft’s reasonable satisfaction prior to Lyft permanently terminating the Agreement. For all other breaches of this Agreement, you will be provided notice and an opportunity to cure the breach. If the breach is cured in a timely manner and to Lyft’s satisfaction, this Agreement will not be permanently terminated. Sections 2, 6, 7 (with respect to the license), 11-12, 14-19, and 21 shall survive any termination or expiration of this Agreement."
1085,Lyft:20,Lyft,uncle 3,uncle 3,unclear_or_legal_savings_fragment,to the fullest extent possible
1086,Lyft:21,Lyft,uncle 4,uncle 4,unclear_or_legal_savings_fragment,to the fullest extent permitted by law
1087,Lyft:22,Lyft,uncle 5,uncle 5,unclear_or_legal_savings_fragment,to the extent required by applicable law
1088,Lyft:23,Lyft,uncle 6,uncle 6,unclear_or_legal_savings_fragment,to the extent authorized by applicable law
1090,Lyft:25,Lyft,docu 9,docu 9,documentary_note,ADT Mobile Security Monitoring Terms
1093,Sleep Cycle:0,Sleep Cycle,docu 1,docu 1,documentary_note,Privacy Policy
1099,Crypto.com:4,Crypto.com,docu,docu,documentary_note,The Exchange FAQs.
1100,Crypto.com:5,Crypto.com,docu,docu,documentary_note,Any Addendum with respect to the suite of services (other than your use of the Exchange and/or the Account) offered through the Exchange.
1101,Crypto.com:12,Crypto.com,uncle,uncle,unclear_or_legal_savings_fragment,"Subject to the application of any mandatory provisions of any Applicable Law, if there is any inconsistency between:"
1103,Crypto.com:24,Crypto.com,uncle,uncle,unclear_or_legal_savings_fragment,"If you are a resident of a particular Available Jurisdiction, or have a relevant connection to a particular jurisdiction, additional terms and conditions may apply as notified by us at any time."
1105,Crypto.com:30,Crypto.com,uncle,uncle,unclear_or_legal_savings_fragment,"Without limiting our other rights or obligations under the Agreement, and subject to Applicable Law:"
1106,Crypto.com:35,Crypto.com,uncle,uncle,unclear_or_legal_savings_fragment,"otherwise in accordance with your Instructions, subject to Applicable Law."
1107,Crypto.com:40,Crypto.com,uncle,uncle,unclear_or_legal_savings_fragment,To the extent applicable
1108,Crypto.com:44,Crypto.com,uncle,uncle,unclear_or_legal_savings_fragment,(aa)the Instruction could result in a breach of any Applicable Law;
1109,Crypto.com:45,Crypto.com,uncle,uncle,unclear_or_legal_savings_fragment,that we incur in relation to any action taken under that clause or any Applicable Law.
1110,Crypto.com:53,Crypto.com,uncle,uncle,unclear_or_legal_savings_fragment,or similar right or requirement to which we are at any time otherwise entitled or subject whether under the Agreement or by operation of Applicable Law.
1111,Crypto.com:57,Crypto.com,ind 0,ind 0,unknown_code_or_free_text,"If a judgment, order or proof of debt for or the recovery of an amount in connection with the Agreement is expressed in a Virtual Asset other than that in which the amount is due under the Agreement, then you agree to indemnify us on demand against:any difference arising from converting the Virtual Asset, if the rate of exchange we would otherwise use under the Agreement when wereceive a payment in the Virtual Asset is less favourable to us than the rate of exchange used for the purpose of the judgment, order or acceptance of proof of debt; andthe Costs of conversion."
1112,Crypto.com:85,Crypto.com,ind 0,ind 0,unknown_code_or_free_text,You indemnify us against any Loss as a result of your breach of any limits or controls imposed by us under this clause 11.3(a) provided that such limits or controls are notified to you at the time that they are imposed.
1114,Crypto.com:92,Crypto.com,disc -1,disc -1,unknown_code_or_free_text,desirable 
1117,Crypto.com:128,Crypto.com,ind 0,ind 0,unknown_code_or_free_text,Indemnities
1132,Crypto.com:210,Crypto.com,ind 0,ind 0,unknown_code_or_free_text,"In addition to our general rights of indemnity under the Agreement, you agree to indemnify us and each other Crypto.com Group Member, and indemnified party (as defined in the Exchange Terms and Conditions) against, and must pay the indemnified party on demand for, any Loss the indemnified party may sustain or incur in relation to, in connect with or arising from, any Sub-Account, including without limitation:"
1133,Quora:0,Quora,docu 1,docu 1,documentary_note,Privacy Policy
1134,Quora:1,Quora,docu 2,docu 2,documentary_note,Acceptable Use Policy
1135,Quora:2,Quora,docu 3,docu 3,documentary_note,"Copyright Policy,"
1136,Quora:3,Quora,docu 4,docu 4,documentary_note,Trademark Policy
1139,Quora:6,Quora,sugg 0,sugg 0,unknown_code_or_free_text,"By submitting feedback, you agree to grant us the right, at our discretion, to use, disclose and otherwise exploit the feedback, in whole or part, freely and without compensation to you."
1140,Quora:7,Quora,what,what,unknown_code_or_free_text,"The Quora Platform enables you to add posts, texts, photos, videos, links, and other files and information about yourself to share with others. "
1142,Quora:9,Quora,cnt_del -1; cnt_modr 0,cnt_modr 0,unknown_code_or_free_text,"Quora may remove suspected spam from your answers. Once you post a question, it may be edited or deleted by other users or by Quora at any time. "
1143,Quora:10,Quora,uncle 1,uncle 1,unclear_or_legal_savings_fragment,to the maximum extent permitted by law
1145,Quora:12,Quora,pato,pato,unknown_code_or_free_text,We may terminate our license to you at any time for any reason. 
1147,Quora:14,Quora,uncle 2,uncle 2,unclear_or_legal_savings_fragment,EACH PROVISION BELOW APPLIES TO THE MAXIMUM EXTENT PERMITTED UNDER APPLICABLE LAW
1149,Quora:16,Quora,uncle 3,uncle 3,unclear_or_legal_savings_fragment,TO THE MAXIMUM EXTENT PERMITTED BY LAW
1150,Quora:17,Quora,pato,pato,unknown_code_or_free_text,QUORA ENTITIES WILL NOT BE LIABLE TO YOU UNDER ANY THEORY OF LIABILITY. 
1151,Quora:19,Quora,uncle 4,uncle 4,unclear_or_legal_savings_fragment,TO THE MAXIMUM EXTENT PERMITTED BY LAW
1153,Quora:20,Quora,pato,pato,unknown_code_or_free_text,YOUR SOLE REMEDY FOR DISSATISFACTION WITH THE QUORA PLATFORM IS TO STOP USING THE QUORA PLATFORM.
1155,Quora:22,Quora,uncle 5,uncle 5,unclear_or_legal_savings_fragment,"SOME JURISDICTIONS DO NOT ALLOW LIMITATIONS ON IMPLIED WARRANTIES OR EXCLUSION OF LIABILITY FOR CERTAIN TYPES OF DAMAGES. AS A RESULT, THE ABOVE LIMITATIONS OR EXCLUSIONS MAY NOT APPLY TO YOU IN WHOLE OR IN PART"
1156,Quora:23,Quora,ind 0,ind 0,unknown_code_or_free_text,"You agree to release, indemnify, and defend Quora Entities from all third-party claims and costs (including reasonable attorneys’ fees) arising out of or related to: i) your use of the Quora Platform, ii) Your Content, iii) your conduct or interactions with other users of the Quora Platform, or iv) your breach of any part of this Agreement. We will promptly notify you of any such claim and will provide you (at your expense) with reasonable assistance in defending the claim. You will allow us to participate in the defense and will not settle any such claim without our prior written consent. We reserve the right, at our own expense, to assume the exclusive defense of any matter otherwise subject to indemnification by you. In that event, you will have no further obligation to defend us in that matter."
1160,Quora:27,Quora,pato,pato,unknown_code_or_free_text,"Quora expressly disclaims any representation or warranty that the Quora Platform complies with all applicable laws and regulations outside of the United States. If you use the Quora Platform outside of the United States, you expressly understand and agree that you are responsible for determining compliance with different laws, regulations, or customs that may apply in connection with your use of the Quora Platform."
1163,Quora:30,Quora,inter 0,inter 0,unknown_code_or_free_text,no presumption is to operate in either party’s favor as a result of its counsel’s role in drafting this Agreement.
1164,Quora:31,Quora,pato; infringing Art. 61 of the Polish Civil Code,pato,unknown_code_or_free_text,"Notices will be deemed given (a) if to you, when emailed, and (b) if to us, on receipt by us."
1164,Quora:31,Quora,pato; infringing Art. 61 of the Polish Civil Code,infringing Art. 61 of the Polish Civil Code,unknown_code_or_free_text,"Notices will be deemed given (a) if to you, when emailed, and (b) if to us, on receipt by us."
1165,iTaxi:0,iTaxi,docu 1,docu 1,documentary_note,Aktualny cennik usług dodatkowych 
1169,iTaxi:4,iTaxi,uncle 1,uncle 1,unclear_or_legal_savings_fragment,Z zastrzeżeniem bezwzględnie obowiązujących przepisów prawa
1171,iTaxi:6,iTaxi,uncle 2,uncle 2,unclear_or_legal_savings_fragment,z zastrzeżeniembezwzględnie obowiązujących przepisów prawa
1172,iTaxi:7,iTaxi,uncle 3,uncle 3,unclear_or_legal_savings_fragment,. Z zastrzeżeniem bezwzględnie obowiązujących przepisów prawa
1173,iTaxi:8,iTaxi,cnt_del 0; cnt_modr 0,cnt_modr 0,unknown_code_or_free_text,"iTaxi zastrzega sobie prawo do bezzwłocznego usunięcia publikacji, które w jakikolwiek sposób są sprzeczne z prawem, naruszają ogólnie przyjęte normy i zasady współżycia społecznego jak również normy moralne i obyczajowe"
1175,iTaxi:10,iTaxi,docu 2,docu 2,documentary_note,Polityce prywatności
1179,iTaxi:14,iTaxi,uncle 4,uncle 4,unclear_or_legal_savings_fragment,"ochrony przyznanej mu na podstawie przepisów, których nie można wyłączyć w drodze umowy, na mocy prawa, jakie zgodnie z właściwymi przepisami prawa byłoby właściwe w braku wyboru prawa"
1180,iTaxi:15,iTaxi,uncle 5,uncle 5,unclear_or_legal_savings_fragment,Z zastrzeżeniem bezwzględnie obowiązujących przepisów prawa 
1181,Steam:0,Steam,what,what,unknown_code_or_free_text,"As a Subscriber you may obtain access to certain services, software and content available to Subscribers. The Steam client software and any other software, content, and updates you download or access via Steam, including but not limited to Valve or third-party video games and in-game content, software associated with Hardware and any virtual items you trade, sell or purchase in a Steam Subscription Marketplace are referred to in this Agreement as ""Content and Services;"" the rights to access and/or use any Content and Services accessible through Steam are referred to in this Agreement as ""Subscriptions."""
1182,Steam:1,Steam,docu 1,docu 1,documentary_note,Steam Online Conduct Rules 
1183,Steam:2,Steam,docu 2,docu 2,documentary_note,Steam Refund Policy 
1184,Steam:3,Steam,docu 3,docu 3,documentary_note,Valve Privacy Policy 
1185,Steam:4,Steam,"serv_chg -1; -1 as “reasons include, without limitation”",-1 as “reasons include,unknown_code_or_free_text,"For reasons that include, without limitation, system security, stability, and multiplayer interoperability, Steam may need to automatically update, pre-load, create new versions of or otherwise enhance the Content and Services and accordingly, the system requirements to use the Content and Services may change over time. You consent to such automatic updating. "
1185,Steam:4,Steam,"serv_chg -1; -1 as “reasons include, without limitation”",without limitation”,unknown_code_or_free_text,"For reasons that include, without limitation, system security, stability, and multiplayer interoperability, Steam may need to automatically update, pre-load, create new versions of or otherwise enhance the Content and Services and accordingly, the system requirements to use the Content and Services may change over time. You consent to such automatic updating. "
1186,Steam:5,Steam,docu 4,docu 4,documentary_note,Valve video policy
1187,Steam:6,Steam,uncle 1,uncle 1,unclear_or_legal_savings_fragment,"), or under applicable law notwithstanding these restrictions"
1189,Steam:8,Steam,pato,pato,unknown_code_or_free_text,funds added to the Steam Wallet are non-refundable and non-transferable
1191,Steam:10,Steam,may infringe Annex 1(n) Directive 93/13,may infringe Annex 1(n) Directive 93/13,unknown_code_or_free_text,"Steam may provide links to other third-party sites. Some of these sites may charge separate fees, which are not included in and are in addition to any Subscription or other fees that you may pay to Valve. Steam may also provide access to third-party vendors, who provide content, goods and/or services on Steam or the Internet. Any separate charges or obligations you incur in your dealings with these third parties are your responsibility. Valve makes no representations or warranties, either express or implied, regarding any third party site. In particular, Valve makes no representation or warranty that any service or subscription offered via third-party vendors will not change or be suspended or terminated."
1192,Steam:11,Steam,docu 5,docu 5,documentary_note,Steam Online Conduct Rules
1195,Steam:14,Steam,sugg 0,sugg 0,unknown_code_or_free_text,"If you provide Valve with any feedback or suggestions about Steam, the Content and Services, or any Valve products, Hardware or services, Valve is free to use the feedback or suggestions however it chooses, without any obligation to account to you."
1196,Steam:15,Steam,cnt_del -1; cnt_modr 0,cnt_modr 0,unknown_code_or_free_text,"You understand and agree that Valve is not obligated to use, distribute, or continue to distribute copies of any Workshop Contribution and reserves the right, but not the obligation, to restrict or remove Workshop Contributions for any reason."
1197,Steam:16,Steam,uncle 2,uncle 2,unclear_or_legal_savings_fragment,"THIS SECTION 7 DOES NOT EXCLUDE, RESTRICT OR MODIFY THE APPLICATION OF ANY GUARANTEE, RIGHT OR REMEDY THAT CANNOT BE SO EXCLUDED, RESTRICTED OR MODIFIED, INCLUDING THOSE CONFERRED BY THE AUSTRALIAN CONSUMER LAW (ACL)"
1198,Steam:17,Steam,uncle 3,uncle 3,unclear_or_legal_savings_fragment,"THIS SECTION 7 DOES NOT EXCLUDE, RESTRICT OR MODIFY THE APPLICATION OF ANY RIGHT OR REMEDY THAT CANNOT BE SO EXCLUDED, RESTRICTED OR MODIFIED INCLUDING THOSE CONFERRED BY THE NEW ZEALAND CONSUMER GUARANTEES ACT 1993"
1199,Steam:18,Steam,uncle 4,uncle 4,unclear_or_legal_savings_fragment,TO THE MAXIMUM EXTENT PERMITTED BY APPLICABLE LAW
1201,Steam:20,Steam,uncle 5,uncle 5,unclear_or_legal_savings_fragment,TO THE MAXIMUM EXTENT PERMITTED BY APPLICABLE LAW
1203,Steam:22,Steam,uncle 6,uncle 6,unclear_or_legal_savings_fragment,"BECAUSE SOME STATES OR JURISDICTIONS DO NOT ALLOW THE EXCLUSION OR THE LIMITATION OF LIABILITY FOR CONSEQUENTIAL OR INCIDENTAL DAMAGES, IN SUCH STATES OR JURISDICTIONS, EACH OF VALVE, ITS LICENSORS, AND ITS AFFILIATES’ LIABILITY SHALL BE LIMITED TO THE FULL EXTENT PERMITTED BY LAW."
1204,Steam:23,Steam,uncle 7,uncle 7,unclear_or_legal_savings_fragment,TO THE MAXIMUM EXTENT PERMITTED BY APPLICABLE LAW
1206,Steam:25,Steam,may infringe Annex 1(d) Directive 93/13,may infringe Annex 1(d) Directive 93/13,unknown_code_or_free_text,"Valve shall not have any obligation to refund any fees that may have accrued to your Account before cancellation of your Account or cessation of use of any Subscription, nor shall Valve have any obligation to prorate any fees in such circumstances."
1210,Steam:29,Steam,uncle 8,uncle 8,unclear_or_legal_savings_fragment,This Section 11 shall apply to the maximum extent permitted by applicable law
1214,Steam:33,Steam,docu 6,docu 6,documentary_note,Valve Hardware Limited Warranty Policy
1216,Keep:1,Keep,what,what,unknown_code_or_free_text,"The products and services under this Agreement refer to the products and services provided by Keep via Internet and mobile applications, including but not limited to Internet media, Internet value-added services, and interactive entertainment (in the form of, but not limited to, online video, pictures, software, technical code, etc.)"
1217,Keep:2,Keep,docu 1,docu 1,documentary_note,Privacy Policy
1219,Keep:4,Keep,docu 2,docu 2,documentary_note,Individual Product Agreement
1220,Keep:5,Keep,which ones,which ones,unknown_code_or_free_text,Some of our products and services are paid services.
1221,Keep:6,Keep,sugg 0,sugg 0,unknown_code_or_free_text,"In order to enhance your experience and improve the service content, Keep has the right to develop new products and services based on your feedback and the information collected through your use"
1223,Keep:8,Keep,pato 1; directly infringing Article 19(1)(c) of the Directive 2019/770,pato 1,unknown_code_or_free_text,You understand and agree that Keep has the right not to notify you of the Updates or any changes to or restrictions of any features or functionality
1223,Keep:8,Keep,pato 1; directly infringing Article 19(1)(c) of the Directive 2019/770,directly infringing Article 19(1)(c) of the Directive 2019/770,unknown_code_or_free_text,You understand and agree that Keep has the right not to notify you of the Updates or any changes to or restrictions of any features or functionality
1224,Keep:9,Keep,uncle 1,uncle 1,unclear_or_legal_savings_fragment,applicable data protection laws
1225,Keep:10,Keep,disc -1,disc -1,unknown_code_or_free_text,where Keep determines
1226,Keep:11,Keep,uncle 2,uncle 2,unclear_or_legal_savings_fragment,does not violate the mandatory provisions of applicable data protection laws and regulations
1227,Keep:12,Keep,"pato 2; such provision may have very far-reaching consequences, if the party authorized to determine a “failure to comply with the provisions” is the service provider himself, who can subsequently free himself from any liability",pato 2,unknown_code_or_free_text,Keep cannot and will not be liable for any loss you incurred as a result of your failure to comply with the provisions of this Agreement
1227,Keep:12,Keep,"pato 2; such provision may have very far-reaching consequences, if the party authorized to determine a “failure to comply with the provisions” is the service provider himself, who can subsequently free himself from any liability",such provision may have very far-reaching consequences,unknown_code_or_free_text,Keep cannot and will not be liable for any loss you incurred as a result of your failure to comply with the provisions of this Agreement
1227,Keep:12,Keep,"pato 2; such provision may have very far-reaching consequences, if the party authorized to determine a “failure to comply with the provisions” is the service provider himself, who can subsequently free himself from any liability",if the party authorized to determine a “failure to comply with the provisions” is the service provider himself,unknown_code_or_free_text,Keep cannot and will not be liable for any loss you incurred as a result of your failure to comply with the provisions of this Agreement
1227,Keep:12,Keep,"pato 2; such provision may have very far-reaching consequences, if the party authorized to determine a “failure to comply with the provisions” is the service provider himself, who can subsequently free himself from any liability",who can subsequently free himself from any liability,unknown_code_or_free_text,Keep cannot and will not be liable for any loss you incurred as a result of your failure to comply with the provisions of this Agreement
1229,Keep:14,Keep,uncle 3,uncle 3,unclear_or_legal_savings_fragment,Except as otherwise required by law
1230,Keep:15,Keep,ind 0,ind 0,unknown_code_or_free_text,shall indemnify and hold harmless Keep
1231,Keep:16,Keep,uncle 4,uncle 4,unclear_or_legal_savings_fragment,according to local laws
1232,Keep:17,Keep,uncle 5,uncle 5,unclear_or_legal_savings_fragment,Within the scope of law
1234,Keep:20,Keep,what actions,what actions,unknown_code_or_free_text,to take actions 
1235,Keep:19,Keep,cnt_modr 0,cnt_modr 0,unknown_code_or_free_text,"Keep has the right, but not the obligation, to take actions regarding any unlawful content, product or service according to this Agreement"
1237,Keep:22,Keep,uncle 6,uncle 6,unclear_or_legal_savings_fragment,TO THE MAXIMUM EXTENT PERMITTED UNDER APPLICABLE LAW
1238,Keep:23,Keep,uncle 7,uncle 7,unclear_or_legal_savings_fragment,SOME JURISDICTIONS DO NOT ALLOW
1239,Keep:24,Keep,uncle 8,uncle 8,unclear_or_legal_savings_fragment,TO THE FULLEST EXTENT PERMITTED BY APPLICABLE LAW
1242,Keep:27,Keep,uncle 9,uncle 9,unclear_or_legal_savings_fragment,SOME JURISDICTIONS DO NOT ALLOW
1246,Keep:31,Keep,uncle 10,uncle 10,unclear_or_legal_savings_fragment,Unless stipulated by the local law
1247,Keep:32,Keep,cnt_retr -1; directly infringing Article 16(4) of the Directive 2019/770,directly infringing Article 16(4) of the Directive 2019/770,unknown_code_or_free_text,"When your service is terminated, Keep has the right to permanently delete all relevant data of you from the server, and does not have the obligation to return or in any form provide to you"
1248,Keep:34,Keep,disc -1,disc -1,unknown_code_or_free_text,at our sole discretion
1250,Keep:35,Keep,"it may be considered an unfair contract term in some cases, according to Annex(1)(f) of the Directive 93/13 ",it may be considered an unfair contract term in some cases,unknown_code_or_free_text,All fees and charges are non-refundable and there are no refunds or credits for partially used periods
1250,Keep:35,Keep,"it may be considered an unfair contract term in some cases, according to Annex(1)(f) of the Directive 93/13 ",according to Annex(1)(f) of the Directive 93/13,unknown_code_or_free_text,All fees and charges are non-refundable and there are no refunds or credits for partially used periods
1253,Keep:38,Keep,pato3,pato3,unknown_code_or_free_text,The title of the terms of this Agreement is provided for readability only and shall not be construed as a basis for interpreting the terms of this Agreement
1254,Pyszne.pl:0,Pyszne.pl,core,core,unknown_code_or_free_text,Umowa: stosunek prawny zawarty pomiędzy Konsumentem a Restauracją na podstawie złożonego Zamówienia dotyczący jego realizacji oraz jego dostawy lub osobistego odbioru.
1255,Pyszne.pl:1,Pyszne.pl,what,what,unknown_code_or_free_text,"Usługi: Czynności oferowane Konsumentowi przez Spółkę za pośrednictwem Platformy, w tym w szczególności: publikacja Oferty, ułatwienie/pośredniczenie przy zawieraniu Umów w tym przekazywanie Zamówień do właściwej Restauracji, umożliwienie dodawania ocen, komentarzy i opinii na temat poszczególnych Restauracji oraz ich wyświetlania, umożliwienie, z zastrzeżeniem postanowień poniższych, uiszczania online - opłat tytułem realizacji Umów na rzecz Restauracji [obsługa płatności]."
1256,Pyszne.pl:2,Pyszne.pl,pato; may infringe Annex 1(n) Directive 93/13,pato,unknown_code_or_free_text,"Spółka nie odpowiada natomiast za prawidłowe wykonanie Umowy, nie jest bowiem jej stroną."
1256,Pyszne.pl:2,Pyszne.pl,pato; may infringe Annex 1(n) Directive 93/13,may infringe Annex 1(n) Directive 93/13,unknown_code_or_free_text,"Spółka nie odpowiada natomiast za prawidłowe wykonanie Umowy, nie jest bowiem jej stroną."
1257,Pyszne.pl:3,Pyszne.pl,core,core,unknown_code_or_free_text,"Usługi świadczone przez Spółkę na rzecz Konsumentów, a wchodzące w zakres niniejszych OWU mają, w stosunku do nich charakter bezpłatny."
1259,Pyszne.pl:5,Pyszne.pl,what,what,unknown_code_or_free_text,Po złożeniu Zamówienia Klient może według własnego uznania zdecydować się na przekazanie napiwku kurierowy za pośrednictwem dostępnych metod płatności online.
1260,Pyszne.pl:6,Pyszne.pl,pato,pato,unknown_code_or_free_text,"Spółka jest uprawniona do niezwłocznego odrzucania Zamówień składanych przez Konsumentów, jeżeli zachodzi uzasadniona wątpliwość co do ich poprawności lub autentyczności."
1261,Pyszne.pl:7,Pyszne.pl,what,what,unknown_code_or_free_text,"Spółka umożliwia Konsumentom dokonywanie ocen wykonania Umów przez poszczególne Restauracje w szczególności poprzez możliwość przyznawania im gwiazdek i/lub wystawianie komentarzyW przypadku odstąpienia od Umowy, wystawione przez Konsumentów oceny nie będą publikowane.Spółka jest upoważniona, lecz nie zobowiązana, do ujawnienia ocen, o których mowa w powyższych ustępach wszystkim użytkownikom Platformy. Oceny ujawniane są w ciągu 7dni. Spółka ma możliwość usuwania wystawionychocen."
1264,Pyszne.pl:10,Pyszne.pl,uncle,uncle,unclear_or_legal_savings_fragment,Sąd właściwy miejscowo według przepisów prawa polskiego
1265,Pyszne.pl:11,Pyszne.pl,docu 1,docu 1,documentary_note,Polityce Prywatności.
1266,MyFitnessPal:0,MyFitnessPal,docu 1,docu 1,documentary_note,P RIVACY POLICY
1269,MyFitnessPal:4,MyFitnessPal,disc -1,disc -1,unknown_code_or_free_text,"if we, in our sole discretion, determine you are or have been in violation of these Terms or the spirit thereof "
1270,MyFitnessPal:3,MyFitnessPal,cnt_modr 0; acc_sus 0; acc_del 0,cnt_modr 0,unknown_code_or_free_text,"We may also deactivate, terminate or suspend your account or access to certain Services at any time: (1) if we, in our sole discretion, determine you are or have been in violation of these Terms or the spirit thereof (as highlighted in our Community Guidelines), (2) if we, in our sole discretion, determine you have created risk or possible legal exposure for MyFitnessPal, the general public, any third party, or any user of our Services, (3) in response to requests by law enforcement or other government agencies, (4) upon discontinuation or material modiﬁcation of any Services, or(5) due to unexpected technical issues or problems. We will endeavor to notify you by email or the next time you attempt to access your account after any such deactivation, termination or suspension"
1271,MyFitnessPal:5,MyFitnessPal,uncle 1,uncle 1,unclear_or_legal_savings_fragment,Except as expressly permitted by applicable law 
1273,MyFitnessPal:8,MyFitnessPal,pato; infringes Art. 16 of Polish Act on Copyright and Related Rights,pato,unknown_code_or_free_text,"we have no obligation to provide you with any credit when using your User-Generated Content, but if we choose to provide you with credit, the size and placement of the credit is at our sole discretion"
1273,MyFitnessPal:8,MyFitnessPal,pato; infringes Art. 16 of Polish Act on Copyright and Related Rights,infringes Art. 16 of Polish Act on Copyright and Related Rights,unknown_code_or_free_text,"we have no obligation to provide you with any credit when using your User-Generated Content, but if we choose to provide you with credit, the size and placement of the credit is at our sole discretion"
1275,MyFitnessPal:9,MyFitnessPal,ind 0,ind 0,unknown_code_or_free_text,will indemnify us for any breach of this representation and warranty.
1276,MyFitnessPal:10,MyFitnessPal,ind 0,ind 0,unknown_code_or_free_text,will indemnify us for any breach of this representation and warranty.
1277,MyFitnessPal:11,MyFitnessPal,uncle 2,uncle 2,unclear_or_legal_savings_fragment,or as otherwise required or permitted by law
1278,MyFitnessPal:12,MyFitnessPal,what,what,unknown_code_or_free_text,"Some of our Services may include reviews, discussion forums, conversation pages, blogs or other interactive areas or social features that allow you and other users to post User-Generated Content and interact with one another (“Interactive Areas”)."
1279,MyFitnessPal:13,MyFitnessPal,ind 0,ind 0,unknown_code_or_free_text,you release MyFitnessPal from all responsibility and liability arising out of or in connection with such dispute.
1282,MyFitnessPal:16,MyFitnessPal,disc -1,disc -1,unknown_code_or_free_text,"Don’t post any Content that contains anything that, we in our sole determination, may determine is objectionable"
1284,MyFitnessPal:18,MyFitnessPal,may infringe Annex 1(n) Directive 93/13,may infringe Annex 1(n) Directive 93/13,unknown_code_or_free_text,"You may be able to access certain third-party links, applications, content, services, promotions, special offers, or other events or activities (“Third-Party Applications”) via our Services. If you choose to access these Third-Party Applications, you may be requested to log-in and sync your accounts with such applications. You are in no way obligated to use any Third-Party Applications, your access and use of such applications is entirely at your own risk, and we have no associated liability. In addition, we are not responsible for the accuracy, availability, or reliability of any information, content, goods, data, opinions, advice, or statements made available by any Third- Party Applications. As such, we are not liable for any damage or loss caused or alleged to be caused by or in connection with the use of or reliance on any such Third-Party Applications."
1285,MyFitnessPal:19,MyFitnessPal,may infringe Annex 1(n) Directive 93/13,may infringe Annex 1(n) Directive 93/13,unknown_code_or_free_text,"Our Services may be accessed on third-party devices or other products (“Third Party Products”), and your ability to use certain features of the Services may require you to purchase Third-Party Products (e.g., ﬁtness trackers, smart scales, etc.). While we may recommend, promote, or market the products of certain partners, we have no responsibility for your acquisition or use of any Third- Party Products, and we do not guarantee that Third-Party Products will function with the Services or will be error-free. We hereby disclaim liability for all Third-Party Products, including any Third- Party Products offered by our partners."
1286,MyFitnessPal:20,MyFitnessPal,uncle 3,uncle 3,unclear_or_legal_savings_fragment,to the maximum extent permitted by applicable law
1287,MyFitnessPal:21,MyFitnessPal,uncle 4,uncle 4,unclear_or_legal_savings_fragment,to the maximum extent permitted by applicable law
1289,MyFitnessPal:23,MyFitnessPal,uncle 5,uncle 5,unclear_or_legal_savings_fragment,To the maximum extent permitted by applicable laws
1292,MyFitnessPal:26,MyFitnessPal,uncle 6,uncle 6,unclear_or_legal_savings_fragment,to the maximum extent permitted by applicable law
1295,MyFitnessPal:29,MyFitnessPal,uncle 7,uncle 7,unclear_or_legal_savings_fragment,To the extent permitted by applicable law
1296,MyFitnessPal:30,MyFitnessPal,uncle 8,uncle 8,unclear_or_legal_savings_fragment,To the extentpermitted by applicable law
1297,MyFitnessPal:31,MyFitnessPal,pato,pato,unknown_code_or_free_text,"You represent to us (which representation shall be deemed to be made each time you use the Services), that you are not using the Services or participating in any of the activities offered by the Services for purpose of seeking medical attention."
1298,MyFitnessPal:32,MyFitnessPal,uncle 9,uncle 9,unclear_or_legal_savings_fragment,To the extent permitted by applicable law
1300,MyFitnessPal:34,MyFitnessPal,uncle 10,uncle 10,unclear_or_legal_savings_fragment,EXCEPT WHERE PROHIBITED BY LAW
1301,MyFitnessPal:35,MyFitnessPal,uncle 11,uncle 11,unclear_or_legal_savings_fragment,TO THE FULLEST EXTENT PERMISSIBLE UNDER THE LAW
1303,MyFitnessPal:37,MyFitnessPal,uncle 12,uncle 12,unclear_or_legal_savings_fragment,to the maximum extent permitted by applicable law
1304,MyFitnessPal:38,MyFitnessPal,uncle 13,uncle 13,unclear_or_legal_savings_fragment,To the maximum extent permitted by applicable law
1305,MyFitnessPal:39,MyFitnessPal,uncle 14,uncle 14,unclear_or_legal_savings_fragment,. To the maximum extent permitted by applicable law
1306,MyFitnessPal:40,MyFitnessPal,uncle 15,uncle 15,unclear_or_legal_savings_fragment,To the maximum extent permitted by applicable law
1308,MyFitnessPal:42,MyFitnessPal,uncle 16,uncle 16,unclear_or_legal_savings_fragment,To the maximum extent permitted by applicable law
1309,MyFitnessPal:43,MyFitnessPal,uncle 17,uncle 17,unclear_or_legal_savings_fragment,To the maximum extent permitted by applicable law
1311,MyFitnessPal:45,MyFitnessPal,uncle 18,uncle 18,unclear_or_legal_savings_fragment,to the extent permitted by applicable law
1312,MyFitnessPal:46,MyFitnessPal,uncle 19,uncle 19,unclear_or_legal_savings_fragment,To the extent permitted by applicable law
1313,MyFitnessPal:47,MyFitnessPal,pato,pato,unknown_code_or_free_text,"To the extent permitted by applicable law, you acknowledge and agree that we offer the Services and set the Services’ prices in reliance upon the warranty disclaimers, releases, and limitations of liability set forth in the Terms, that these warranty disclaimers, releases, and limitations of liability reﬂect a reasonable and fair allocation of risk between you and form an essential basis of the bargain between you and us. We would not be able to provide the Services to you on an economically reasonable basis without these warranty disclaimers, releases, and limitations of liability."
1314,MyFitnessPal:48,MyFitnessPal,uncle 20,uncle 20,unclear_or_legal_savings_fragment,To the maximum extent permitted by applicable law
1315,MyFitnessPal:49,MyFitnessPal,ind 0,ind 0,unknown_code_or_free_text,"you agree to indemnify and hold MyFitnessPal, its afﬁliates and partners harmless from any claim or demand, including reasonable accounting and attorneys’ fees, made by any third party due to or arising out of (a) the User-Generated Content you access or share through the Services; (b) your use of the Services, (c) your activities in connection with the Services, (d) your connection to the Services, (e) your violation of these Terms,(f) your use or misuse of any user’s Personal Data, (g) any violation of the rights of any other person or entity by you, or (h) your employment of the Services to meet another user in person."
1318,MyFitnessPal:52,MyFitnessPal,uncle 21,uncle 21,unclear_or_legal_savings_fragment,Tothe maximum extent permitted by applicable law
1322,MyFitnessPal:56,MyFitnessPal,uncle 22,uncle 22,unclear_or_legal_savings_fragment,"Notwithstanding anything in these Terms to the contrary, please note that certain jurisdictions may not allow the waiver or limitation of certain warranties, liabilities or damages under mandatory law, so some of the exclusions and limitations in these Terms may not apply to you"
1323,MyFitnessPal:57,MyFitnessPal,pato,pato,unknown_code_or_free_text,"If you are a resident of Germany, France, Austria or Finland: Notwithstanding anything in these Terms to the contrary, the qualiﬁer “to the maximum extent permitted by law” and other qualiﬁers of similar effect shall be deemed to be deleted from the Terms everywhere it appears and shall have no force and effect."
1325,MyFitnessPal:60,MyFitnessPal,inter 0,inter 0,unknown_code_or_free_text,to give effect to the parties’ intentions
1328,Zenly:0,Zenly,what,what,unknown_code_or_free_text,"In case you’re not familiar, Zenly is an app that makes it fun and easy to know what your friends and family are up to and keep memories of your real life interactions. Want to see how much you really know about your hometown? Show off how much of the world you’ve explored? Lost your friends at a festival, on the beach, or on the slopes? We’ve got you covered! With Zenly, you can keep up with the people you care about the most, both near and far, create a personal diary of where you’ve been, or publicly showcase the places you’ve visited."
1330,Zenly:2,Zenly,docu 1,docu 1,documentary_note,Privacy Policy
1331,Zenly:3,Zenly,what,what,unknown_code_or_free_text,"You understand that Zenly is a location-based service. In order to provide the Services, Zenly requires access to the location data of your device and needs to keep a record of your location history. You will ﬁrst have to grant permission to Zenly before we can access your location data. "
1332,Zenly:4,Zenly,uncle 1,uncle 1,unclear_or_legal_savings_fragment,unless laws prohibit these restrictions 
1333,Zenly:5,Zenly,may infringe Annex 1(b) Directive 93/13,may infringe Annex 1(b) Directive 93/13,unknown_code_or_free_text,Zenly is not responsible or liable for a third party’s terms or actions taken under the third party’s terms.
1336,Zenly:9,Zenly,uncle 2,uncle 2,unclear_or_legal_savings_fragment,to the extent permitted by law
1337,Zenly:8,Zenly,ind 0,ind 0,unknown_code_or_free_text,"You agree, to the extent permitted by law, to indemnify, defend and hold harmless Zenly and our afﬁliates, directors, ofﬁcers, stockholders, employees, licensors, suppliers, and agents from and against any complaints, charges, claims, damages, losses, costs, liabilities and expenses (including attorneys’ fees) due to, arising out of, or relating in any way to: (a) your access to or use of the Services; (b) your content; and (c) your breach of these Terms."
1339,Zenly:11,Zenly,uncle 3,uncle 3,unclear_or_legal_savings_fragment,to the extent permitted by law 
1340,Zenly:12,Zenly,uncle 4,uncle 4,unclear_or_legal_savings_fragment,"IF THE LAW OF THE COUNTRY WHERE YOU LIVE DOES NOT ALLOW THE EXCLUSIONS OF LIABILITY PROVIDED FOR IN THIS CLAUSE, THOSE EXCLUSIONS SHALL NOT APPLY."
1341,Zenly:13,Zenly,uncle 5,uncle 5,unclear_or_legal_savings_fragment,Nothing in these Terms will exclude or limit any responsibility we may have to remove content if so required by the law of the country where you live.
1344,Zenly:16,Zenly,uncle 6,uncle 6,unclear_or_legal_savings_fragment,"IF THE LAW OF THE COUNTRY WHERE YOU LIVE DOES NOT ALLOW ANY LIMITATION OF LIABILITY PROVIDED FOR IN THIS CLAUSE, THAT LIMITATION WILL NOT APPLY."
1346,Zenly:18,Zenly,uncle 7,uncle 7,unclear_or_legal_savings_fragment,unless this is prohibited by the laws of the country where you reside
1348,Zenly:20,Zenly,uncle 8,uncle 8,unclear_or_legal_savings_fragment,"The courts in some countries may not apply the laws of France to some disputes related to these Terms. If you reside in one of those countries, the laws of your home country may apply to those disputes"
1350,Zenly:22,Zenly,sugg 0,sugg 0,unknown_code_or_free_text,If you do happen to volunteer feedback or suggestions just know that we can use your ideas without compensating you.
1352,Cisco:1,Cisco,docu 1,docu 1,documentary_note,"(except as permitted under Cisco’s Software License Portability Policy); (c) remove, modify, or conceal any"
1354,Cisco:3,Cisco,docu 2,docu 2,documentary_note,Open source software not owned by Cisco is subject to separate license terms as set out at www.cisco.com/go/opensource
1355,Cisco:4,Cisco,uncle 1,uncle 1,unclear_or_legal_savings_fragment,To the extent permitted by law
1356,Cisco:5,Cisco,uncle 2,uncle 2,unclear_or_legal_savings_fragment,to the extent legally permissible
1357,Cisco:6,Cisco,sugg 0,sugg 0,unknown_code_or_free_text,Cisco may use anyfeedbackYouprovideinconnectionwithYouruseof the Cisco Technology as part of its business operations.
1358,Cisco:7,Cisco,docu 3,docu 3,documentary_note,www.cisco.com/go/warranty
1359,Cisco:8,Cisco,uncle 3,uncle 3,unclear_or_legal_savings_fragment,to the extent allowed by applicable law
1361,Cisco:10,Cisco,uncle 4,uncle 4,unclear_or_legal_savings_fragment,You may have legal rights in Your country of residence that prohibit the limitations set out in this Section 
1364,Cisco:13,Cisco,uncle 5,uncle 5,unclear_or_legal_savings_fragment,Nothing in this EULA limits or excludes any liability that cannot be limited or excluded under applicable law.
1365,Cisco:14,Cisco,acc_sus 0; cnt_modr 0,cnt_modr 0,unknown_code_or_free_text,"Cisco may immediately suspend Your Usage Rights if You breach Sections 2.1 (License and Right to Use), 3.1 (Cisco Technology Generally), 3.2 (Cloud Services) or 12.8 (Export)."
1372,Cisco:21,Cisco,docu 4,docu 4,documentary_note,www.cisco.com/go/softwareterms
1374,Apple:1,Apple,docu,docu,documentary_note,https://www.apple.com/legal/internet-services/itunes/giftcards/.
1375,Apple:2,Apple,docu,docu,documentary_note,https://www.apple.com/legal/privacy/.
1376,Apple:3,Apple,docu,docu,documentary_note,Apple TV Content Usage Rules at https://support.apple.com/HT210074. 
1377,Apple:4,Apple,contr_chg -1; cnt_del 0; cnt_modr 0,cnt_modr 0,unknown_code_or_free_text,"Your use of such features must comply with the Submissions Guidelines below, which may be updated from time to time, and if we become aware of materials that violate our Submission Guidelines we will remove them. "
1378,Apple:5,Apple,uncle,uncle,unclear_or_legal_savings_fragment,Except to the extent prohibited by law
1382,Apple:9,Apple,uncle,uncle,unclear_or_legal_savings_fragment,", or as required under applicable law"
1383,Apple:10,Apple,uncle,uncle,unclear_or_legal_savings_fragment,except as and only to the extent that any foregoing restriction is prohibited by applicable law or to the extent as may be permitted by the licensing terms governing use of any open-sourced components included with the Licensed Application
1391,Apple:18,Apple,uncle,uncle,unclear_or_legal_savings_fragment,YOU AGREE THAT UNLESS REQUIRED BY APPLICABLE LAW
1392,Apple:20,Apple,uncle,uncle,unclear_or_legal_savings_fragment,in the event that you are exercising any applicable statutory right to refund or compensation
1396,Apple:23,Apple,sever 0; inter 0,inter 0,unknown_code_or_free_text,". If any part of this Agreement is held invalid or unenforceable, that portion shall be construed in a manner consistent with applicable law to reflect, as nearly as possible, the original intentions of the parties, and the remaining portions shall remain in full force and effect. "
1397,Apple:24,Apple,disc -1,disc -1,unknown_code_or_free_text,reasonably necessary 
1398,Match.com:0,Match.com,core,core,unknown_code_or_free_text,"We, as well as other business entities controlled by, controlling, or under common control with us (our “Group”) offer a number of dating, matchmaking and social discovery platforms.  We provide our products and services, some of which are free, some of which are paid for, via desktop, web mobile and apps (the “Services”)"
1399,Match.com:1,Match.com,docu 1-4,docu 1-4,documentary_note,"ii) Safety Tips, and (iii) Community Guidelines, and that you have read and acknowledge our (iv) Privacy Policy and (v) Cookie Policy"
1400,Match.com:2,Match.com,"acc_del 0; acc_sus 0; sometimes immediate account suspension (without notice period) might be desired, for example, to protect other users against spam or uploading harmful or infringing others’ rights content",sometimes immediate account suspension (without notice period) might be desired,unknown_code_or_free_text,"We reserve the right to decline, suspend or terminate your access or membership at any time if you do not meet any of these conditions."
1400,Match.com:2,Match.com,"acc_del 0; acc_sus 0; sometimes immediate account suspension (without notice period) might be desired, for example, to protect other users against spam or uploading harmful or infringing others’ rights content",for example,unknown_code_or_free_text,"We reserve the right to decline, suspend or terminate your access or membership at any time if you do not meet any of these conditions."
1400,Match.com:2,Match.com,"acc_del 0; acc_sus 0; sometimes immediate account suspension (without notice period) might be desired, for example, to protect other users against spam or uploading harmful or infringing others’ rights content",to protect other users against spam or uploading harmful or infringing others’ rights content,unknown_code_or_free_text,"We reserve the right to decline, suspend or terminate your access or membership at any time if you do not meet any of these conditions."
1401,Match.com:3,Match.com,core,core,unknown_code_or_free_text,Registration to our Services is free
1402,Match.com:4,Match.com,pato1,pato1,unknown_code_or_free_text,"When you disclose and disseminate information, data, text, content, videos and images about you, you waive your right to make any claim against us"
1403,Match.com:5,Match.com,cnt_modr 0,cnt_modr 0,unknown_code_or_free_text,"you acknowledge and accept that the data you provide, as well as your behaviour or comments may be subject to acts of moderation and/or control by us in accordance with our moderation policies"
1405,Match.com:8,Match.com,disc -1,disc -1,unknown_code_or_free_text,that we regard as inappropriate or unlawful
1406,Match.com:7,Match.com,"acc_del 0; acc_sus 0; sometimes immediate account suspension (without notice period) might be desired, for example, to protect other users against spam or uploading harmful or infringing others’ rights content",sometimes immediate account suspension (without notice period) might be desired,unknown_code_or_free_text,"We reserve the right to suspend or terminate your account without notice and without any refund if you have violated these obligations, misused the Services or behaved in a way that we regard as inappropriate or unlawful, including by reference to any action or communication that occurred on or off the Services"
1406,Match.com:7,Match.com,"acc_del 0; acc_sus 0; sometimes immediate account suspension (without notice period) might be desired, for example, to protect other users against spam or uploading harmful or infringing others’ rights content",for example,unknown_code_or_free_text,"We reserve the right to suspend or terminate your account without notice and without any refund if you have violated these obligations, misused the Services or behaved in a way that we regard as inappropriate or unlawful, including by reference to any action or communication that occurred on or off the Services"
1406,Match.com:7,Match.com,"acc_del 0; acc_sus 0; sometimes immediate account suspension (without notice period) might be desired, for example, to protect other users against spam or uploading harmful or infringing others’ rights content",to protect other users against spam or uploading harmful or infringing others’ rights content,unknown_code_or_free_text,"We reserve the right to suspend or terminate your account without notice and without any refund if you have violated these obligations, misused the Services or behaved in a way that we regard as inappropriate or unlawful, including by reference to any action or communication that occurred on or off the Services"
1408,Match.com:10,Match.com,contractual imbalance,contractual imbalance,unknown_code_or_free_text,by us from you 
1410,Match.com:12,Match.com,what,what,unknown_code_or_free_text,Free features and functionalities notably include
1412,Match.com:14,Match.com,virtu1,virtu1,unknown_code_or_free_text,"We may from time to time offer profile badges, distinctions or similar items for users to obtain depending as to whether they fulfil the qualifying criteria to gain that item."
1414,Match.com:16,Match.com,uncle 1,uncle 1,unclear_or_legal_savings_fragment,subject to applicable law
1415,Match.com:17,Match.com,pato2,pato2,unknown_code_or_free_text,we do not control nor moderate exhaustively any of the content which users may publish or upload on the Services under their sole responsibility
1418,Match.com:20,Match.com,uncle 2,uncle 2,unclear_or_legal_savings_fragment,Subject to applicable law
1420,Match.com:22,Match.com,uncle 3,uncle 3,unclear_or_legal_savings_fragment,applicable laws and regulations
1421,Match.com:23,Match.com,uncle 4,uncle 4,unclear_or_legal_savings_fragment,We do not exclude or limit in any way our liability to users where it would be unlawful to do so
1422,Match.com:24,Match.com,ind 0,ind 0,unknown_code_or_free_text,"In the event we or the Group are held liable on the basis of your breach of any of your legal or contractual obligations under these Terms of Use, you will indemnify and hold us and/or the Group harmless against any damages, expenses or orders issued against it resulting from or arising in connection with such breach"
1426,Match.com:28,Match.com,uncle 5,uncle 5,unclear_or_legal_savings_fragment,"to the extent permitted by law, regulation or applicable court decisions"
1429,Match.com:31,Match.com,uncle 6,uncle 6,unclear_or_legal_savings_fragment,subject to mandatory consumer laws in force in your country of residence
1431,Adobe:0,Adobe,what,what,unknown_code_or_free_text,"your use of and access to our website, customer support, discussion forums or other interactive areas or services and services such as Creative Cloud (collectively, the “Services”) and software that we include as part of the Services, as well as any applications, including mobile applications, Sample Files and Content Files (defined below), scripts, instruction sets and related documentation (collectively, the “Software”)"
1432,Adobe:1,Adobe,docu 1,docu 1,documentary_note,Subscription and Cancellation Terms
1433,Adobe:2,Adobe,docu 2,docu 2,documentary_note,K-12 (Primary and Secondary) and Higher Education Additional Terms for Student Data
1434,Adobe:3,Adobe,uncle 1,uncle 1,unclear_or_legal_savings_fragment,unless preempted by U.S. federal law
1436,Adobe:5,Adobe,uncle 2,uncle 2,unclear_or_legal_savings_fragment,You may have additional rights under your local law. We do not seek to limit those rights where it is prohibited to do so by law.
1437,Adobe:6,Adobe,docu 3-23,docu 3-23,documentary_note,"1.2 Additional Terms. Our Services and Software are licensed, not sold, to you and may also be subject to one or more of the additional terms below (“Additional Terms”). If there is any conflict between the terms in the General Terms and the Additional Terms, then the Additional Terms govern in relation to that Service or Software. The Additional Terms are subject to change as described in section 1.6 (Updates to Terms) below.Adobe DeveloperAdobe Substance 3D AssetsDemo AssetsMediumAdobe FontsAdobe Substance 3D Community AssetsDocument CloudMixamoAdobe SignBehanceFuseSoftwareAdobe SparkBusiness CatalystInDesign ServerAdobe StockBusiness CustomersK-12 and Higher EducationAdobe Stock ContributorCreative Cloud ExpressLightroom"
1439,Adobe:8,Adobe,docu 24,docu 24,documentary_note,Privacy Policy
1440,Adobe:9,Adobe,uncle 3,uncle 3,unclear_or_legal_savings_fragment,Where permitted by law
1441,Adobe:10,Adobe,cnt_modr 0,cnt_modr 0,unknown_code_or_free_text,"we will only access, view or listen to your Content (defined in section 4.1 (Content) below) in limited ways. For example, in order to perform the Services, we may need to access, view or listen to your Content to (A) respond to Feedback or support requests; (B) detect, prevent or otherwise address fraud, security, legal or technical issues; and (C) enforce the Terms. Our automated systems may analyse your Content using techniques such as machine learning in order to improve our Services and Software and the user experience. Learn more about the machine learning we do"
1442,Adobe:11,Adobe,docu 25,docu 25,documentary_note,terms of the Adobe Data Processing Agreement (“DPA”) (available here)
1443,Adobe:12,Adobe,pato1,pato1,unknown_code_or_free_text,You agree that your decision to use or purchase Software or Services is not contingent on the delivery of any future functionality or features or dependant on any oral or written public comments made by us regarding future functionality or features.
1446,Adobe:15,Adobe,pato2,pato2,unknown_code_or_free_text,"If you access our Services, you may come across user-generated content that you find offensive or upsetting. Your sole remedy is to stop viewing the content."
1447,Adobe:16,Adobe,uncle 4,uncle 4,unclear_or_legal_savings_fragment,to the extent permitted under applicable law
1449,Adobe:19,Adobe,core,core,unknown_code_or_free_text,"In exchange for your use of a Beta Version, you agree that Adobe may collect data regarding your use of the Beta Version to improve our products and personalise your experience, regardless of whether or not you have opted-out of data collection for non-Beta Versions"
1450,Adobe:20,Adobe,docu,docu,documentary_note,Any separate agreement we enter into with you governing the Beta Version will supersede these provisions
1452,Adobe:22,Adobe,cnt_modr 0,cnt_modr 0,unknown_code_or_free_text,"We reserve the right to remove Content or restrict access to Content, Services and Software if any of your Content is found to be in violation of these Terms. We do not review all Content uploaded to the Services or Software, but we may use available technologies, vendors or processes to screen for certain types of illegal content (for example, child pornography) or other abusive content or behaviour (for example, patterns of activity that indicate spam or phishing or keywords that indicate adult content has been posted outside of the adult wall)."
1454,Adobe:24,Adobe,sugg 0,sugg 0,unknown_code_or_free_text,"You have no obligation to provide us with ideas, suggestions, proposals or bug or crash reports (“Feedback”). If you submit Feedback to us however, then you grant us a non-exclusive, irrevocable, perpetual, worldwide, royalty-free, sublicensable and transferable licence to make, use, sell, have made, offer to sell, import, export, reproduce, publicly display, distribute, modify and publicly perform the Feedback."
1456,Adobe:26,Adobe,ind 0,ind 0,unknown_code_or_free_text,"8.2 Indemnification. You will indemnify us and our subsidiaries, affiliates, officers, agents, employees, partners and licensors from any claim, demand, loss or damage, including reasonable solicitors’ fees, arising out of or related to your Content, Creative Cloud Customer Fonts, your use of the Services or Software (as applicable) or your violation of the Terms. We have the right to control the defence of any claim, action or matter subject to indemnification by you with counsel of our own choosing. You will fully cooperate with us in the defence of any such claim, action or matter."
1458,Adobe:28,Adobe,uncle 5,uncle 5,unclear_or_legal_savings_fragment,.” To the maximum extent permitted by law
1463,Adobe:33,Adobe,uncle 6,uncle 6,unclear_or_legal_savings_fragment,These limitations and exclusions in this section 10 (Limitation of Liability) apply to the maximum extent permitted by law
1466,Adobe:37,Adobe,pato3,pato3,unknown_code_or_free_text,"(F) we elect to discontinue the Services or Software, in whole or in part (such as if it becomes impractical for us to continue offering Services in your region due to change of law)"
1468,Adobe:38,Adobe,uncle 7,uncle 7,unclear_or_legal_savings_fragment,"or any other legislation which may not be excluded, restricted or modified by agreement"
1469,Adobe:39,Adobe,uncle 8,uncle 8,unclear_or_legal_savings_fragment,or any other legislation
1470,Adobe:40,Adobe,uncle 9,uncle 9,unclear_or_legal_savings_fragment,to the extent it is able to do so
1476,Adobe:46,Adobe,uncle 10,uncle 10,unclear_or_legal_savings_fragment,If the laws of your jurisdiction give you the right 
1479,Niantic:0,Niantic,docu 1,docu 1,documentary_note,Privacy Policy
1480,Niantic:1,Niantic,docu 2,docu 2,documentary_note,Guidelines
1482,Niantic:3,Niantic,cnt_modr 0; acc_del 0,cnt_modr 0,unknown_code_or_free_text,"If you breach these Terms we may take action against you, including but not limited to terminating your account."
1483,Niantic:4,Niantic,ind 0,ind 0,unknown_code_or_free_text,"If you have a dispute with any third party relating to your use of Services, you release Niantic (and our officers, directors, agents, subsidiaries, joint ventures, and employees) from all claims, demands, and damages (actual and consequential) of every kind and nature, known and unknown, suspected and unsuspected, disclosed and undisclosed, arising out of or in any way connected with such disputes."
1484,Niantic:5,Niantic,acc_sus -1; acc_del -1; -1 as the enlisted reasons do not exhaust the catalogue,-1 as the enlisted reasons do not exhaust the catalogue,unknown_code_or_free_text,"We may suspend or terminate your access to and use of the Services, at our sole discretion, at any time and without notice to you, including if (a) you fail to comply with these Terms; (b) we suspect fraud, cheating, or misuse by you of Content or Services; or (c) we suspect any other unlawful activity associated with your Account."
1485,Niantic:6,Niantic,uncle 1,uncle 1,unclear_or_legal_savings_fragment,TO THE EXTENT PERMITTED UNDER APPLICABLE LAW
1486,Niantic:7,Niantic,uncle 2,uncle 2,unclear_or_legal_savings_fragment,or under applicable law
1487,Niantic:9,Niantic,uncle 3,uncle 3,unclear_or_legal_savings_fragment,if not permitted under applicable law
1488,Niantic:10,Niantic,uncle 4,uncle 4,unclear_or_legal_savings_fragment,under any applicable law
1489,Niantic:8,Niantic,ip -1; shad_ip,shad_ip,unknown_code_or_free_text,"By making any User Content available through the Services you grant to Niantic a nonexclusive, transferable, sublicenseable, worldwide, royalty-free, perpetual license (or, if not permitted under applicable law, a license for the whole duration, including for any extension thereof, of all relevant rights under any applicable law), to use, copy, modify, create derivative works based upon, publicly display, publicly perform, market, promote and distribute your User Content in connection with operating and providing the Services and Content to you and to others. By accepting these terms, you allow Niantic to benefit freely from the above rights, including but not limited to:The right to reproduce User Content by any means and in any form.The right to publicly or privately broadcast or make available the User Content (or any product incorporating the User Content), in return for payment or free of charge in all places by any means or process known or unknown at the present time, and in particular via Internet, pay per view, pay per play, theatrical or television broadcasting, DVD, and print.The right to use the User Content for demonstration, promotion and advertising for all Niantic Services.The right to produce or order the production of any new product or service from the User Content or from any product incorporating or exploiting the User Content, either reproduced as it stands or modified by Niantic or by any outside party of its choice."
1490,Niantic:11,Niantic,uncle 5,uncle 5,unclear_or_legal_savings_fragment,To the extent permitted by applicable law
1491,Niantic:12,Niantic,against Art. 16 of the Polish Law on copyright and related rights; shad_ip,against Art. 16 of the Polish Law on copyright and related rights,unknown_code_or_free_text,"To the extent permitted by applicable law, you also agree that you will not exercise your moral rights (or equivalent rights under applicable laws), such as your right to be identified as the author of any of the User Contents, against Niantic or any third party designated by Niantic."
1491,Niantic:12,Niantic,against Art. 16 of the Polish Law on copyright and related rights; shad_ip,shad_ip,unknown_code_or_free_text,"To the extent permitted by applicable law, you also agree that you will not exercise your moral rights (or equivalent rights under applicable laws), such as your right to be identified as the author of any of the User Contents, against Niantic or any third party designated by Niantic."
1492,Niantic:13,Niantic,virtu,virtu,unknown_code_or_free_text,"Certain Apps permit Account holders to capture and trade virtual items, including but not limited characters or other items (""Trading Items""), during gameplay. Unlike Virtual Money and Virtual Goods, Trading Items are obtained at no additional charge during gameplay. Trading Items are a category of Content, and you acknowledge that you do not acquire any ownership rights in or to Trading Items and that Trading Items do not have monetary value. Trading Items may be traded with other Account holders for other Trading Items, but Trading Items can never be sold, transferred, or exchanged for Virtual Money, Virtual Goods, “real” goods, “real” money, or “real” services, or any other consideration from us or anyone else."
1494,Niantic:15,Niantic,uncle 6,uncle 6,unclear_or_legal_savings_fragment,except where prohibited under applicable law.
1498,Niantic:16,Niantic,virtu,virtu,unknown_code_or_free_text,"Certain Apps permit the purchase of virtual currency (""Virtual Money""), specific to each App, and use of that Virtual Money to purchase virtual items or services expressly available for use in the respective Apps (“Virtual Goods”). Virtual Money is a category of Content. You may access and purchase Virtual Goods for your personal, non-commercial use of the Services. You acknowledge that you do not acquire any ownership rights in or to the Virtual Money or Virtual Goods. Any balance of Virtual Goods or Virtual Money does not reflect any stored value and you agree that Virtual Money and Virtual Goods have no monetary value and do not constitute currency or property of any type. Virtual Money may be redeemed only for Virtual Goods and can never be sold, transferred, or exchanged for “real” money, “real” goods, or “real” services from us or anyone else. You agree that you will only obtain Virtual Money and/or Virtual Goods from us and through means provided by us, and not from any third party unless expressly authorized. Once you acquire a license to Virtual Money or Virtual Goods, you may not transfer them to another individual or account. Any such sale, transfer, or exchange (or attempt to do so) is prohibited, is a violation of these Terms and may result in cancellation of such Virtual Money or Virtual Goods or the termination of your Account.During the term of your license to your Virtual Money, you may redeem your Virtual Money for selected Virtual Goods. As set forth below, all Virtual Money, Virtual Goods, and other Content is provided ""as is,"" without any warranty. You agree that all sales by us to you of Virtual Money and Virtual Goods are final and that we will not permit exchanges or refunds for any unused Virtual Money or Virtual Goods once the transaction has been made.Generally, we have the right to offer, modify, eliminate, and/or terminate Virtual Money, Virtual Goods, the Content, and/or the Services, or any portion thereof, at any time, without notice or liability to you. If we discontinue the use of Virtual Money or Virtual Goods, we will provide at least 60 days advance notice to you by posting a notice through the Services or through other communications."
1499,Niantic:20,Niantic,sugg 0,sugg 0,unknown_code_or_free_text,"You can submit feedback, comments, and suggestions for improvements to the Services (""Feedback"") by reaching out to us on social media or support channels. Feedback is a form of User Content."
1500,Niantic:21,Niantic,docu 3,docu 3,documentary_note,Copyright Policy
1501,Niantic:22,Niantic,uncle 7,uncle 7,unclear_or_legal_savings_fragment,unless applicable law mandates that you be given the right to do so
1502,Niantic:24,Niantic,disc -1,disc -1,unknown_code_or_free_text,consider to be objectionable 
1503,Niantic:23,Niantic,cnt_del -1; objectionable is very wide,objectionable is very wide,unknown_code_or_free_text,"We reserve the right to remove or disable access to any Content, at any time and without notice. Niantic may remove any Content we consider to be objectionable or in violation of these Terms."
1504,Niantic:25,Niantic,uncle 8,uncle 8,unclear_or_legal_savings_fragment,Subject to applicable law 
1505,Niantic:26,Niantic,uncle 9,uncle 9,unclear_or_legal_savings_fragment,Unless otherwise prohibited under applicable law
1506,Niantic:27,Niantic,uncle 10,uncle 10,unclear_or_legal_savings_fragment,. To the fullest extent permitted by applicable law
1507,Niantic:28,Niantic,uncle 11,uncle 11,unclear_or_legal_savings_fragment,Unless prohibited by applicable law
1508,Niantic:29,Niantic,uncle 12,uncle 12,unclear_or_legal_savings_fragment,To the extent permitted under applicable law
1509,Niantic:30,Niantic,uncle 13,uncle 13,unclear_or_legal_savings_fragment,Subject to applicable law
1511,Niantic:32,Niantic,docu 4,docu 4,documentary_note,Promotional Terms
1512,Niantic:33,Niantic,uncle 14,uncle 14,unclear_or_legal_savings_fragment,except as prohibited under applicable law
1513,Niantic:34,Niantic,uncle 15,uncle 15,unclear_or_legal_savings_fragment,Unless prohibited by applicable law
1515,Niantic:36,Niantic,uncle 16,uncle 16,unclear_or_legal_savings_fragment,To the extent permitted under applicable law
1516,Niantic:38,Niantic,uncle 17,uncle 17,unclear_or_legal_savings_fragment,To the extent permitted under applicable law
1517,Niantic:37,Niantic,may infringe Annex 1(n) Directive 93/13,may infringe Annex 1(n) Directive 93/13,unknown_code_or_free_text,"Services may contain links to third party websites or resources. Niantic provides these links only as a convenience and is not responsible for the content, products, or services on or available from those websites or resources, or links displayed on such websites. To the extent permitted under applicable law, you acknowledge sole responsibility for and assume all risk arising from, your use of any third party websites or resources."
1518,Niantic:39,Niantic,uncle 18,uncle 18,unclear_or_legal_savings_fragment,TO THE EXTENT PERMITTED UNDER APPLICABLE LAW
1520,Niantic:41,Niantic,uncle 19,uncle 19,unclear_or_legal_savings_fragment,TO THE EXTENT PERMITTED UNDER APPLICABLE LAW
1522,Niantic:43,Niantic,uncle 20,uncle 20,unclear_or_legal_savings_fragment,"SOME JURISDICTIONS DO NOT ALLOW THE EXCLUSION OR LIMITATION OF LIABILITY FOR CONSEQUENTIAL OR INCIDENTAL DAMAGES, SO THE FOREGOING LIMITATION OF LIABILITY SHALL APPLY TO THE FULLEST EXTENT PERMITTED BY LAW IN THE APPLICABLE JURISDICTION."
1523,Niantic:44,Niantic,uncle 21,uncle 21,unclear_or_legal_savings_fragment,TO THE EXTENT PERMITTED UNDER APPLICABLE LAW
1525,Niantic:47,Niantic,uncle 22,uncle 22,unclear_or_legal_savings_fragment,OR ANY JURISDICTION WHICH DOES NOT ALLOW THIS ARBITRATION AGREEMENT
1527,Niantic:48,Niantic,uncle 23,uncle 23,unclear_or_legal_savings_fragment,to the extent provided under applicable law
1530,Niantic:51,Niantic,uncle 24,uncle 24,unclear_or_legal_savings_fragment,or a country in which this clause is prohibited by local law
1533,Niantic:54,Niantic,uncle 25,uncle 25,unclear_or_legal_savings_fragment,as permitted under applicable law 
1534,Niantic:55,Niantic,uncle 26,uncle 26,unclear_or_legal_savings_fragment,when we are required to do so by law
1535,ZipRecruiter:1,ZipRecruiter,docu 1,docu 1,documentary_note,Privacy Policy
1537,ZipRecruiter:2,ZipRecruiter,uncle,uncle,unclear_or_legal_savings_fragment,to the extent permitted by the laws of the jurisdiction where you reside
1538,ZipRecruiter:3,ZipRecruiter,uncle,uncle,unclear_or_legal_savings_fragment,to the extent permitted by the laws of the jurisdiction where you reside
1543,ZipRecruiter:8,ZipRecruiter,cnt_del 0; cnt_modr 0,cnt_modr 0,unknown_code_or_free_text,"ZipRecruiter reserves the right to reject and/or remove such User Content, and suspend and/or terminate any User Account associated with such User Content."
1545,ZipRecruiter:10,ZipRecruiter,uncle,uncle,unclear_or_legal_savings_fragment,except to the extent that such restriction is expressly prohibited by law
1546,ZipRecruiter:11,ZipRecruiter,sugg 0,sugg 0,unknown_code_or_free_text,"This Agreement provides only a limited license to access and use the Services in accordance with the terms of this Agreement. Accordingly, you hereby agree that ZipRecruiter transfers no ownership or intellectual property interest or title in and to the Services or any materials used in connection with the Services, including, without limitation, software, (including source code), programs, products, information, documentation, images, text, graphics, user interfaces, visual interfaces, illustrations, logos, patents, trademarks, service marks, copyrights, photographs, audio, videos, music, and content (the, ""ZipRecruiter Content""). All such ZipRecruiter Content as well as the design, structure, selection, coordination, expression, “look and feel,” and arrangement of any content contained on or available through the Services (except for Feedback) are exclusively owned, controlled, and/or licensed by ZipRecruiter or its members, parent(s) licensors, or affiliates. ZipRecruiter, the ZipRecruiter logo, and all other marks are proprietary trademarks of ZipRecruiter and any use of such marks, including, without limitation, as domain names, account identifiers, or in connection with any search engine optimization practice(s), without the prior written permission of ZipRecruiter is hereby strictly prohibited."
1547,ZipRecruiter:12,ZipRecruiter,uncle,uncle,unclear_or_legal_savings_fragment,To the extent permitted by applicable law
1550,ZipRecruiter:15,ZipRecruiter,uncle,uncle,unclear_or_legal_savings_fragment,except where permitted by applicable law
1551,ZipRecruiter:16,ZipRecruiter,cnt_del -1; cnt_modr 0,cnt_modr 0,unknown_code_or_free_text,"We also have the right to:Remove or refuse to post any User Content for any or no reason in our sole discretion.Take any action with respect to any User Content that we deem necessary or appropriate in our sole discretion, including if we believe that such User Content violates the Terms of Use, including the Content Rules, infringes any intellectual property right or other right of any person or entity, threatens the personal safety of users of the Website or the public, or could create liability for us."
1552,ZipRecruiter:17,ZipRecruiter,uncle,uncle,unclear_or_legal_savings_fragment,To the maximum extent permitted by applicable law
1553,ZipRecruiter:18,ZipRecruiter,ind 0,ind 0,unknown_code_or_free_text,"To the maximum extent permitted by applicable law, you agree to defend, indemnify and hold harmless ZipRecruiter and its subsidiaries, and their respective directors, officers, board members, employees, agents, successors and assigns, from and against any and all claims, damages, obligations, losses, liabilities, costs or debt, and expenses (including but not limited to all legal fees and expenses) arising from: (i) your use of and access to the Services, including any data or content transmitted or received by you; (ii) your violation of any term of this Agreement and any other agreement that you have with ZipRecruiter, including without limitation your breach of any of the representations and warranties herein; (iii) your violation of any third-party rights, including without limitation any right of privacy or Intellectual Property Rights; (iv) your violation of any applicable law, rule or regulation, including, without limitation, your violation of the U.S. Fair Credit Reporting Act, or pursuant to applicable credit reporting laws, and any applicable data protection, email marketing, or telemarketing laws (including any email, phone call or text message you send or make to another User); (v) any claims or damages that arise as a result of your User Content; (vi) any other party's access and use of the Services with your account or log-in information; and/or (vii) your intentional or willful misconduct, or negligence."
1554,ZipRecruiter:19,ZipRecruiter,uncle,uncle,unclear_or_legal_savings_fragment,"NOTHING IN THIS AGREEMENT SEEKS TO EXCLUDE ANY CONDITION, WARRANT OR GUARANTEE THAT CANNOT BE EXCLUDED UNDER APPLICABLE LAW."
1555,ZipRecruiter:20,ZipRecruiter,uncle,uncle,unclear_or_legal_savings_fragment,EXCEPT AS OTHERWISE EXPRESSLY PROVIDED IN THIS AGREEMENT AND TO THE MAXIMUM EXTENT PERMITTED BY APPLICABLE LAW
1556,ZipRecruiter:22,ZipRecruiter,uncle,uncle,unclear_or_legal_savings_fragment,TO THE MAXIMUM EXTENT PERMITTED BY APPLICABLE LAW
1558,ZipRecruiter:23,ZipRecruiter,uncle,uncle,unclear_or_legal_savings_fragment,IF ANY SUCH WARRANTY OR GUARANTEE CANNOT BE EXCLUDED UNDER APPLICABLE LAW
1559,ZipRecruiter:24,ZipRecruiter,uncle,uncle,unclear_or_legal_savings_fragment,TO THE EXTENT PERMITTED BY APPLICABLE LAW
1560,ZipRecruiter:25,ZipRecruiter,uncle,uncle,unclear_or_legal_savings_fragment,TO THE MAXIMUM EXTENT PERMITTED BY APPLICABLE LAW
1562,ZipRecruiter:27,ZipRecruiter,uncle,uncle,unclear_or_legal_savings_fragment,TO THE MAXIMUM EXTENT PERMITTED BY APPLICABLE LAW
1564,ZipRecruiter:30,ZipRecruiter,uncle,uncle,unclear_or_legal_savings_fragment,to the extent that the laws of the jurisdiction where you reside permit the inclusion of Arbitration provision in these Terms of Use
1566,ZipRecruiter:32,ZipRecruiter,uncle,uncle,unclear_or_legal_savings_fragment,if and to the extent local laws are applicable.
1568,ZipRecruiter:33,ZipRecruiter,uncle,uncle,unclear_or_legal_savings_fragment,Unless otherwise required by a mandatory law
1569,ZipRecruiter:35,ZipRecruiter,uncle,uncle,unclear_or_legal_savings_fragment,to the extent required by applicable law
1571,ZipRecruiter:37,ZipRecruiter,uncle,uncle,unclear_or_legal_savings_fragment,other than as required under applicable law.
1573,ZipRecruiter:38,ZipRecruiter,docu 2,docu 2,documentary_note,"formal document titled ""Quote"" sent by ZipRecruiter to you, which is accepted by you"
1575,ZipRecruiter:40,ZipRecruiter,uncle,uncle,unclear_or_legal_savings_fragment,to the extent permitted by the laws of the jurisdiction where you reside
1576,ZipRecruiter:41,ZipRecruiter,uncle,uncle,unclear_or_legal_savings_fragment,to the extent permitted by the laws of the jurisdiction where you reside
1577,ZipRecruiter:42,ZipRecruiter,uncle,uncle,unclear_or_legal_savings_fragment,to the extent permitted by the laws of the jurisdiction where you reside
1580,ZipRecruiter:45,ZipRecruiter,cnt_del -1; cnt_modr 0,cnt_modr 0,unknown_code_or_free_text,"to the extent that ZipRecruiter becomes or is made aware of, User Content that may or does (i) violate the terms of this Agreement or any other Agreement you have with ZipRecruiter, or (ii) violate any law or regulation, or (iii) violate the rights of third parties, or (iv) create liability for ZipRecruiter or otherwise negatively impact ZipRecruiter, ZipRecruiter reserves the right to reject and/or remove such User Content, and suspend and/or terminate any User Account associated with such User Content."
1581,ZipRecruiter:46,ZipRecruiter,uncle,uncle,unclear_or_legal_savings_fragment,To the fullest extent permitted by applicable law
1583,ZipRecruiter:48,ZipRecruiter,uncle,uncle,unclear_or_legal_savings_fragment,except to the extent that such restriction is expressly prohibited by law
1584,ZipRecruiter:50,ZipRecruiter,uncle,uncle,unclear_or_legal_savings_fragment,To the extent applicable
1585,ZipRecruiter:49,ZipRecruiter,sugg 0,sugg 0,unknown_code_or_free_text,"If you participate in any evaluation regarding the Services or otherwise provide ZipRecruiter suggestions, comments, ideas, opinions, recommendations for the modification, correction, improvement, or enhancement of the Services, or other feedback regarding the Services (collectively, ""Feedback""), you agree that ZipRecruiter shall own such Feedback. Accordingly, you understand and accept that ZipRecruiter will be free to use, disclose, reproduce, license or otherwise distribute, commercialize and exploit the Feedback as it sees fit, entirely without obligation or restriction of any kind and without compensation to you. To the extent applicable, you hereby waive any moral rights in your Feedback. You agree not to provide any Feedback that is false or misleading or that breaches any agreement you have with a third party."
1588,ZipRecruiter:53,ZipRecruiter,uncle,uncle,unclear_or_legal_savings_fragment,"You understand and accept that, to the fullest extent available under applicable law"
1591,ZipRecruiter:56,ZipRecruiter,uncle,uncle,unclear_or_legal_savings_fragment,except where permitted by applicable law
1597,ZipRecruiter:62,ZipRecruiter,uncle,uncle,unclear_or_legal_savings_fragment,To the extent permitted by applicable law
1598,ZipRecruiter:63,ZipRecruiter,uncle,uncle,unclear_or_legal_savings_fragment,"If such clauses are prohibited pursuant to mandatory consumer laws of your country of residence, this limitation of liability will not apply to you"
1599,ZipRecruiter:65,ZipRecruiter,uncle,uncle,unclear_or_legal_savings_fragment,your rights as a consumer under applicable law of the country in which you reside; and
1600,ZipRecruiter:66,ZipRecruiter,uncle,uncle,unclear_or_legal_savings_fragment,any other liability that cannot be excluded or limited by applicable law
1605,ZipRecruiter:70,ZipRecruiter,uncle,uncle,unclear_or_legal_savings_fragment,Unless otherwise required by a mandatory law
1607,ZipRecruiter:72,ZipRecruiter,uncle,uncle,unclear_or_legal_savings_fragment,to the extent required by applicable law
1611,Nike:0,Nike,uncle 1,uncle 1,unclear_or_legal_savings_fragment,"Some jurisdictions do not permit unilateral updates or changes to consumer terms, so this paragraph may not apply to you."
1612,Nike:2,Nike,uncle 2,uncle 2,unclear_or_legal_savings_fragment,except to the extent prohibited by applicable law
1614,Nike:3,Nike,docu 1,docu 1,documentary_note,Terms of Sale
1615,Nike:4,Nike,docu 2,docu 2,documentary_note,Privacy Policy
1616,Nike:5,Nike,uncle 3,uncle 3,unclear_or_legal_savings_fragment,TO THE MAXIMUM EXTENT ALLOWED BY APPLICABLE LAW
1617,Nike:6,Nike,cnt_del 0; cnt_modr 0,cnt_modr 0,unknown_code_or_free_text,NIKE reserves the right to take down any Content in violation of these terms or NIKE’s intellectual property rights.
1620,Nike:9,Nike,uncle 4,uncle 4,unclear_or_legal_savings_fragment,in accordance with applicable law
1621,Nike:10,Nike,sugg 0,sugg 0,unknown_code_or_free_text,"You understand that any comments, feedback, or ideas you send us are provided on a non-conﬁdential basis and you grant to NIKE a perpetual, worldwide license to use all comments, feedback and ideas you may share with us, without notice, compensation or acknowledgement to you, for any purposes whatsoever, including, but not limited to, developing, manufacturing and marketing products and services and creating, modifying or improving products and services."
1622,Nike:11,Nike,may infringe Annex 1(n) Directive 93/13,may infringe Annex 1(n) Directive 93/13,unknown_code_or_free_text,"From time to time, NIKE may link to or partner with third-party websites, social media platforms, mobile apps, and other products and services (“Third Parties”). You may be able to connect with these Third Parties through the Platform, but this does not mean NIKE endorses, monitors or has any control over these Third Parties or their activities, which are subject to separate terms of use and privacy policies. You should carefully review any Third Party’s sites and terms of use and privacy policy. NIKE is not responsible for the content, policies, or activities of Third Parties and you interact with Third Parties at your own risk."
1623,Nike:12,Nike,uncle 5,uncle 5,unclear_or_legal_savings_fragment,TO THE MAXIMUM EXTENT ALLOWED BY APPLICABLE LAW
1624,Nike:13,Nike,uncle 6,uncle 6,unclear_or_legal_savings_fragment,To the extent allowed by applicable law
1625,Nike:14,Nike,uncle 7,uncle 7,unclear_or_legal_savings_fragment,"Some jurisdictions do not permit certain limitations or exclusions on liabilities, legal warranties and remedies, so these exclusions and limitations may not apply to you"
1627,Nike:16,Nike,uncle 8,uncle 8,unclear_or_legal_savings_fragment,TO THE MAXIMUM EXTENT ALLOWED BY APPLICABLELAW
1628,Nike:17,Nike,uncle 9,uncle 9,unclear_or_legal_savings_fragment,To the fullest extent permitted by law
1630,Nike:19,Nike,uncle 10,uncle 10,unclear_or_legal_savings_fragment,", to the extent applicable law does not provide otherwise"
1633,Nike:22,Nike,uncle 11,uncle 11,unclear_or_legal_savings_fragment,subject to applicable law
1634,Nike:23,Nike,uncle 12,uncle 12,unclear_or_legal_savings_fragment,subject to your right to have your User Content removed upon request in accordance with applicable law.
1635,Nike:24,Nike,uncle 13,uncle 13,unclear_or_legal_savings_fragment,". Some jurisdictions do not permit certain limitations or exclusions on liabilities, legal warranties and remedies, so these exclusions limitations may not apply to you"
1636,Nike:25,Nike,ind 0,ind 0,unknown_code_or_free_text,"You agree to indemnify, defend, and hold harmless NIKE Inc., its afﬁliates, ofﬁcers, directors, employees, agents, licensors and suppliers (the “NIKE Parties”) from and against all claims, losses, liabilities, expenses, damages and costs, including, without limitation, attorneys' fees, arising from or relating in any way to your User Content, your use of Content, your use of the Platform, your conduct in connection with the Platform or with other Platform users, or any violation of these Terms of Use, any law or the rights of any third party. You, for yourself and on behalf of your heirs, estate, insurers, successors and assigns, hereby fully and forever release and discharge the NIKE Parties from any and all claims or causes of action you may have for damages relating in any way to your use of the Platform."
1637,Nike:26,Nike,uncle 14,uncle 14,unclear_or_legal_savings_fragment,"Some jurisdictions do not permit certain limitations or exclusions on liabilities, legal warranties and remedies, so these exclusions/limitations may not apply to you"
1640,Nike:30,Nike,uncle 15,uncle 15,unclear_or_legal_savings_fragment,unless required by applicable law
1641,Nike:29,Nike,may infringe Annex 1(d) Directive 93/13,may infringe Annex 1(d) Directive 93/13,unknown_code_or_free_text,SUBSCRIPTIONS NON-REFUNDABLE: Refunds on subscriptions to NTC Premium are subject to the applicable app store policy. Subscriptions to NTC Premium are non-refundable and there is no right to refunds or credits unless required by applicable law or as otherwise permitted by the applicable app store policy.
1642,Nike:31,Nike,uncle 16,uncle 16,unclear_or_legal_savings_fragment,"Except where prohibited by applicable law, and without limitation to any statutory rights for consumers"
1645,Nike:34,Nike,uncle 17,uncle 17,unclear_or_legal_savings_fragment,except to the extent a longer period is required by applicable law.
1646,Nike:35,Nike,uncle 18,uncle 18,unclear_or_legal_savings_fragment,subject to applicable law
1647,Nike:37,Nike,uncle 19,uncle 19,unclear_or_legal_savings_fragment,unless notice to you is required by applicable law
1648,Nike:36,Nike,"tran -1 (earlier Do not register for more than one NIKE account, register a NIKE account on behalf of someone else, or transfer your account)",tran -1 (earlier Do not register for more than one NIKE account,known_code_without_valid_score,"NIKE may assign its rights and duties under these Terms to any party at any time without notice to you, unless notice to you is required by applicable law, but this will not affect your rights or our obligations under these Terms."
1648,Nike:36,Nike,"tran -1 (earlier Do not register for more than one NIKE account, register a NIKE account on behalf of someone else, or transfer your account)",register a NIKE account on behalf of someone else,unknown_code_or_free_text,"NIKE may assign its rights and duties under these Terms to any party at any time without notice to you, unless notice to you is required by applicable law, but this will not affect your rights or our obligations under these Terms."
1648,Nike:36,Nike,"tran -1 (earlier Do not register for more than one NIKE account, register a NIKE account on behalf of someone else, or transfer your account)",or transfer your account),unknown_code_or_free_text,"NIKE may assign its rights and duties under these Terms to any party at any time without notice to you, unless notice to you is required by applicable law, but this will not affect your rights or our obligations under these Terms."
1651,Nike:40,Nike,uncle 20,uncle 20,unclear_or_legal_savings_fragment,Except where prohibited and without limitation to any statutory rights for consumers
1653,OVH:0,OVH,docu 1,docu 1,documentary_note,Specific Terms of Service 
1655,OVH:2,OVH,docu 2,docu 2,documentary_note,the Data Processing Agreement
1656,OVH:3,OVH,docu 3,docu 3,documentary_note,Third Party Product Terms of Use 
1657,OVH:4,OVH,docu 4,docu 4,documentary_note,OVHcloud Deontological Charter
1658,OVH:5,OVH,what,what,unknown_code_or_free_text,"OVHcloud makes available to the Client via the OVHcloud Website, online resources which enable the Client to be informed of the characteristics of the Services offered. These resources may include, in particular, (a) information regarding various available features, configurations, options and ranges and(b) documentation, technical guides and/or examples (or use cases) on using the Services so as to facilitate better understanding and use of the Services. The Client may obtain additional information regarding the Services by contacting OVHcloud Support in accordance with article 4 below. In cases where OVHcloud offers Services which comply with known standards or specific regulations which apply to certain activities, OVHcloud shall communicate its scope of responsibility as well as the conditions in which OVHcloud complies with said standards or regulations."
1659,OVH:6,OVH,core,core,unknown_code_or_free_text,". OVHcloud undertakes to exercise reasonable care and skill in providing Services in accordance with the characteristics, terms and levels of Service stated in the Contract. In particular, OVHcloud agrees to exercise reasonable skill and care in keeping in place a competent team responsible for assisting the Client and handling Incidents (“OVHcloud Support”) and ensuring the availability and security of Services in accordance with the applicable terms and performance levels."
1660,OVH:7,OVH,core,core,unknown_code_or_free_text,"The Services must be used in good faith. In particular, the Client undertakes to comply with these General Terms of Service, the Specific Terms of Service, the Data Processing Agreement and the applicable Third Party Product Terms of Use, as well as any information communicated to the Client at the time of the Order. When using the Services on behalf of a third party, or authorizing a third party to use the Service, the Client undertakes to communicate the relevant terms to that third party and procure compliance of the same by the relevant third party."
1661,OVH:8,OVH,pato,pato,unknown_code_or_free_text,"Likewise, OVHcloud does not perform any particular backups of Content stored in the scope of the Services. Therefore, the Client is solely responsible for taking all necessary measures to safeguard its data in order to protect it against risk of loss or degradation regardless of cause."
1662,OVH:9,OVH,acc_sus 0; acc_del 0; cnt_modr 0,cnt_modr 0,unknown_code_or_free_text,". Any use of illegal or fraudulent Content (such as the distribution, publication, storage or transmission of content of sexually explicit material, content that is obscene, offensive, hateful or inflammatory, incites crimes against humanity, acts of terrorism, paedophilia, anti-Semitism, racism, or content inciting hatred or discrimination towards individuals by reason of their gender, religion, sexual orientation or identity, or disability), or the illegal or abusive use of Content (for example, fraudulent use of content, or use of content in violation of rights belonging to a third party such as personality rights, copyrights, patents, brands or other intellectual property rights) within the scope of Services is prohibited, and can lead to, at the sole discretion of OVHcloud, the immediate suspension of all or part of the Services provided under the Contract, the deactivation of the Client Account and/or the termination of the Contract by OVHcloud, without prejudice to OVHcloud's other rights and remedies under the Contract or at law."
1663,OVH:10,OVH,disc -1,disc -1,unknown_code_or_free_text,(d) non-compliance of the Client with all or part of the Terms of Services
1665,OVH:12,OVH,docu 5,docu 5,documentary_note,service level agreement
1668,OVH:15,OVH,may infringe Annex 1(n) Directive 93/13,may infringe Annex 1(n) Directive 93/13,unknown_code_or_free_text,"(a) OVHcloud is not responsible for Third Party Products made available within the scope of the Services which may contain technical errors, security vulnerabilities, incompatibilities or instabilities, and offers no guarantee for the Third Party Products made available by OVHcloud to the Client in the provision of the Services (including all related information and items such as software, systems, applications, etc.), "
1670,OVH:17,OVH,docu 6,docu 6,documentary_note,financial terms available on the OVHcloud Website 
1671,OVH:18,OVH,uncle 1,uncle 1,unclear_or_legal_savings_fragment,in accordance with applicable laws and regulations
1672,OVH:19,OVH,what,what,unknown_code_or_free_text,"The OVHcloud Support team is responsible for handling Incidents which may occur in relation to the Services, and to provide the Client, upon request, with information regarding the characteristics and Terms of Services. Provided the other levels of Support referred to in article 4.4 below, OVHcloud Support is available in English only and information regarding the Services is available during business hours only. OVHcloud infrastructures are monitored 24/7, 365 days a year. "
1674,OVH:21,OVH,disc -1,disc -1,unknown_code_or_free_text,", or that the Incident does not fall under the responsibility of OVHcloud"
1676,OVH:23,OVH,uncle 2,uncle 2,unclear_or_legal_savings_fragment,To the extent permitted by applicable law
1679,OVH:26,OVH,ind 0,ind 0,unknown_code_or_free_text,"The Client undertakes to take appropriate action in the event of any action, claim or complaint by a third party relative to the Content and/or the Terms of Service, including those by legal or judicial authorities, and to indemnify and hold harmless OVHcloud against any damages, losses and expenses which may result therefrom (including legal judgements, reasonable legal defence costs, etc.)."
1680,OVH:27,OVH,ind 0,ind 0,unknown_code_or_free_text,"The Client is solely responsible for its relationship with any third parties (notably the Users of the Services) and shall indemnify and hold harmless OVHcloud against any action, claim or complaint taken by a third party which implicates the OVHcloud Services. "
1681,OVH:28,OVH,may infringe Annex 1(d) Directive 93/13,may infringe Annex 1(d) Directive 93/13,unknown_code_or_free_text,". Each billing unit begun shall be invoiced and due in full, even when it is not totally used. "
1683,OVH:30,OVH,may infringe Annex 1(d) Directive 93/13,may infringe Annex 1(d) Directive 93/13,unknown_code_or_free_text,"the Client remains liable to settle the price in its entirety and shall have no claim to any reimbursement resulting from the non-use, the partial-use, suspension or cessation of the use of Services before the end of the Period of Use "
1685,OVH:32,OVH,uncle 3,uncle 3,unclear_or_legal_savings_fragment,subject to any mandatory applicable limitation.
1688,OVH:35,OVH,uncle 4,uncle 4,unclear_or_legal_savings_fragment,nothing in this article 7.3 shall affect the Client's rights under applicable consumer protection law
1690,OVH:37,OVH,pato,pato,unknown_code_or_free_text,"Each party acknowledges that in entering into this Contract it has not relied upon any oral or written statements, collateral or other warranties, assurances, representations or undertakings which were made by or on behalf of the other party (whether innocently or negligently) in relation to the subject-matter of this Contract at any time before its signature (together ""Pre-Contractual Statements""), other than those which are set out in this Contract. "
1692,OVH:39,OVH,tran -1; each Party shall be entitled to transfer all or part of the Contract to its Affiliates WITHOUT THE CONSUMER’S AGREEMENT,each Party shall be entitled to transfer all or part of the Contract to its Affiliates WITHOUT THE CONSUMER’S AGREEMENT,unknown_code_or_free_text,"Neither Party shall assign, transfer, mortgage, charge, declare a trust over or deal in any other manner with any or all of its rights and obligations under this Contract without the prior written consent of the other Party Notwithstanding the foregoing, each Party shall be entitled to transfer all or part of the Contract to its Affiliates. In this case, it shall notify the other Party in writing as soon as reasonablypracticable."
1695,OVH:42,OVH,uncle 5,uncle 5,unclear_or_legal_savings_fragment,"that if the Client is a consumer, the Client will benefit from any mandatory provisions of the law of the country in which the Client is resident. Nothing in the Contract, including this article 11.2, affects the Client's rights as a consumer to rely on such mandatory provisions of local law."
1697,OVH:44,OVH,uncle 6,uncle 6,unclear_or_legal_savings_fragment,The Client may have statutory rights granted by law.
1700,OVH:47,OVH,uncle 7,uncle 7,unclear_or_legal_savings_fragment,time or the maximum rate authorized by laws if less
1704,Signal:0,Signal,docu 1,docu 1,documentary_note,Privacy Policy
1705,Signal:1,Signal,what,what,unknown_code_or_free_text,"Signal Messenger LLC. (“Signal”) utilizes state-of-the-art security and end-to-end encryption to provide private messaging, Internet calling, and other services to users worldwide. "
1707,Signal:3,Signal,ind 0,ind 0,unknown_code_or_free_text,"YOU RELEASE US, AFFILIATES, DIRECTORS, OFFICERS, EMPLOYEES, PARTNERS, AND AGENTS TOGETHER, “SIGNAL PARTIES” FROM ANY CLAIM, COMPLAINT, CAUSE OF ACTION, CONTROVERSY, OR DISPUTE TOGETHER, “CLAIM” AND DAMAGES, KNOWN AND UNKNOWN, RELATING TO, ARISING OUT OF, OR IN ANY WAY CONNECTED WITH ANY SUCH CLAIM YOU HAVE AGAINST ANY THIRD PARTIES."
1710,Signal:6,Signal,uncle 1,uncle 1,unclear_or_legal_savings_fragment,DOLLARS $100. THE FOREGOING DISCLAIMER OF CERTAIN DAMAGESAND LIMITATION OF LIABILITY WILL APPLY TO THE MAXIMUM EXTENTPERMITTED BY APPLICABLE LAW
1711,Signal:7,Signal,uncle 2,uncle 2,unclear_or_legal_savings_fragment,TO THE FULLEST EXTENT PERMITTED BY APPLICABLE LAW.
1715,Signal:11,Signal,acc_sus -1; acc_del -1; cnt_modr 0,cnt_modr 0,unknown_code_or_free_text,"We may modify, suspend, or terminate your access to or use of our Services anytime for any reason"
1718,SHEIN:0,SHEIN,docu 1,docu 1,documentary_note,Privacy Policy 
1719,SHEIN:1,SHEIN,uncle 1,uncle 1,unclear_or_legal_savings_fragment,Subject to the conditions of applicable law
1722,SHEIN:4,SHEIN,uncle 2,uncle 2,unclear_or_legal_savings_fragment,Any applicable mandatory statutory provisions remain unaffected.
1725,SHEIN:7,SHEIN,ind 0,ind 0,unknown_code_or_free_text,"You agree to release, indemnify, and defend the Company and any subsidiaries, affiliates, related companies, suppliers, licensors and partners, and the officers, directors, employees, agents and representatives of each from all third-party claims and costs (including reasonable attorneys’ fees) arising out of or related to: (1) your use of the Services; (2) your conduct or interactions with other users of the Services; (3) your breach of these EU Terms of Use; (4) any materials you submit, post, upload to or transmit through the Site or App. "
1728,SHEIN:10,SHEIN,pato,pato,unknown_code_or_free_text,We are neither obliged nor willing to participate in dispute resolution proceedings before a consumer arbitration board.
1729,SHEIN:11,SHEIN,acc_del -1; cnt_modr 0,cnt_modr 0,unknown_code_or_free_text,"We reserve the right to refuse service, terminate accounts, and/or cancel orders in our discretion, including, without limitation, if we believe that your or other customer’s conduct violates applicable law or is harmful to our interests."
1730,SHEIN:12,SHEIN,disc -1,disc -1,unknown_code_or_free_text,", as determined by us"
1731,SHEIN:14,SHEIN,disc -1,disc -1,unknown_code_or_free_text,"in our sole discretion, your behavior gives just cause to do so"
1733,SHEIN:16,SHEIN,docu 2,docu 2,documentary_note,Bonus Points 
1734,SHEIN:17,SHEIN,docu 3,docu 3,documentary_note,Terms of Purchase
1735,SHEIN:15,SHEIN,what,what,unknown_code_or_free_text,"B. 4. WALLET.If you create a user account as described in Section B. 3. USER ACCOUNT , you will be provided with a SHEIN digital wallet ( ""Wallet"" ) that can be used to collect and hold wallet credits, gift cards, coupons and promotional points offered via the Services. The Wallet is accessible at any time via the local site or app in the section “My Assets”.Promotional Points: Promotional points can be earned and stored under “My Assets” by using our Services offered on your local site, app or social media accounts and purchasing goods in accordance with the specific provisions available under Bonus Points . Promotional Points are granted in the Company’s sole discretion; they are subject to expiration and cancellation by the Company. Promotional points can only be redeemed on the site through which they were granted (for example, if promotional points were granted on the fr.shein.com site, then they can only be redeemed on that site).Coupons: Coupons can be purchased from the Company from time to time or may be granted by the Company in its sole discretion. Coupons may be stored under “My Assets.” Coupons are subject to expiration and cancellation by the Company. SHEIN coupons that were purchased can only be redeemed on the site on which they were purchased (for example, if coupons were purchased on the fr.shein.com site, then they can only be redeemed on that site). The redemption of SHEIN coupons granted by the Company free of charge is subject to limitations imposed in the Company’s sole discretion from time to time.Wallet Credit: Wallet credit can be stored in your Wallet by returning goods and choosing a wallet credit as your refund option (see Terms of Purchase). Wallet credits can only be redeemed on the site through which the wallet credit was granted (for example, if you ordered and subsequently returned a product on the fr.shein.com site and elected to receive a credit, that wallet credit can only be redeemed on the fr.shein.com site). A Wallet credit linked to a returned item can be withdrawn in cash to the original method of payment used when you placed the order. A wallet credit granted by the Company that is not linked to a returned item cannot be redeemed in cash.Gift Cards: Gift cards can be redeemed and stored under “My Assets” by entering the gift card code through your User Account. In the European Union, gift cards expire after 10 years, or as otherwise determined by the Company. For SHEIN gift cards that are purchased from the Company prior to March 8, 2021 and can be used on any SHEIN site, once any portion of such gift cards are redeemed on a particular SHEIN site, any balances on those cards can only be redeemed on that particular site. Gift cards purchased after March 8, 2021 can only be redeemed on the site on which they were purchased (for example, if a gift card was purchased after March 8, 2021 on fr.shein.com, then that gift card can only be redeemed on that site). The redemption of gift cards granted by the Company free of charge is subject to limitations imposed in the Company’s sole discretion from time to time.You can use wallet credits, gift cards, paid or free coupons and promotional points that are stored under “My Assets” as an additional payment option or discount to be used on the Site, subject to the applicable terms above and the provisions available under Bonus Points . While wallet credits received from an order return can be redeemed for cash, wallet credits granted by the Company, promotional points, coupons and gift cards cannot be redeemed for cash.The Wallet is provided as part of the user account and is subject to the same provisions as set forth in paragraph 5 and 6 of Section B. 3. USER ACCOUNT . If your Wallet holds assets at the time of termination or cancellation of your account, you will lose those assets."
1739,SHEIN:21,SHEIN,may infringe Annex 1(n) Directive 93/13,may infringe Annex 1(n) Directive 93/13,unknown_code_or_free_text,"Our Site and Apps may contain links to third-party sites that are not owned or controlled by us. We have no control over, assume no responsibility for, and do not endorse or verify the content, privacy policies, or practices of any third-party sites or services. We make no warranties or representations about the accuracy, completeness, or timeliness of any content posted on the Site or our Apps by anyone other than us. We strongly advise you to read all third-party terms and conditions and privacy policies."
1740,SHEIN:22,SHEIN,what,what,unknown_code_or_free_text,"B. 8. TEXT MESSAGING PROGRAM.Enrollment. If you enroll in our text messaging (SMS) program, you will be asked to consent expressly – evidenced by provision of your mobile telephone number, specified prompted key word(s), or SMS/MMS or other text message affirmative response, as your signature to agree to receive recurring automated marketing messages where such messages may be sent by us or our vendors to the mobile number you provided at opt-in. Such consent is not a condition of using our Services and may be withdrawn at any time by using the opt-out mechanism specified in subsection B 8(2) or by any contacting us in any other manner"
1742,SHEIN:24,SHEIN,sugg 0,sugg 0,unknown_code_or_free_text,feedback
1743,SHEIN:25,SHEIN,ip -1; shad_ip,shad_ip,unknown_code_or_free_text,"By providing, submitting or posting a Submission, you agree to irrevocably license the Submission and all IP rights related thereto to the Company without charge and we shall have the royalty-free, worldwide, perpetual, irrevocable, transferable and sub-licensable right to use, reproduce, distribute, display, publish, present, recite, show, perform, sell, lease, transfer, transform, adapt, edit, shorten, delete, translate, arrange or otherwise change the Submission in its entirety or in part, and to use and exploit the newly created products in the same way as the original Submission, and to make available to the public in any media such Submission, without being obliged to do so. All Submissions shall automatically become the sole and exclusive property of us and shall not be returned to you and you agree not to raise any dispute in connection with any use of the Submission by us in the future."
1744,SHEIN:26,SHEIN,shad_ip; against Art. 16 of the Polish Act on copyright and related rights,shad_ip,unknown_code_or_free_text,"You waive any of your possible author’s personal or moral rights existing with regard to the Submissions as far as they may affect the undisturbed use of the Submissions by the Company, and you undertake not to exercise such rights, neither vis-á-vis Company nor vis-á-vis any of Company’s assignees, transferees, successors, (sub-)licensees or any other third party legally exploiting the Submissions. In particular, you consent to modifications of your Submissions within a scope customary in the industry. Your right to prohibit distortions, other impairments or uses which are capable of endangering your legitimate intellectual and personal interests intrinsic to the Submissions, remain unaffected."
1744,SHEIN:26,SHEIN,shad_ip; against Art. 16 of the Polish Act on copyright and related rights,against Art. 16 of the Polish Act on copyright and related rights,unknown_code_or_free_text,"You waive any of your possible author’s personal or moral rights existing with regard to the Submissions as far as they may affect the undisturbed use of the Submissions by the Company, and you undertake not to exercise such rights, neither vis-á-vis Company nor vis-á-vis any of Company’s assignees, transferees, successors, (sub-)licensees or any other third party legally exploiting the Submissions. In particular, you consent to modifications of your Submissions within a scope customary in the industry. Your right to prohibit distortions, other impairments or uses which are capable of endangering your legitimate intellectual and personal interests intrinsic to the Submissions, remain unaffected."
1745,SHEIN:27,SHEIN,sugg 0,sugg 0,unknown_code_or_free_text,"In addition to the rights applicable to any Submission, when you post comments or reviews to the Site or Apps, you also grant us the right to use the name that you submit with any review, comment, or other content, if any, in connection with such review, comment, or other content."
1747,SHEIN:29,SHEIN,uncle 3,uncle 3,unclear_or_legal_savings_fragment,Subject to the conditions of applicable law
1750,SHEIN:32,SHEIN,uncle 4,uncle 4,unclear_or_legal_savings_fragment,"Any applicable mandatory statutory provisions, in particular provisions pursuant to EU Directive 85/374/EEC concerning liability for defective products, remain unaffected."
1753,SHEIN:35,SHEIN,ind 0,ind 0,unknown_code_or_free_text,"You agree to release, indemnify, and defend the Company and any subsidiaries, affiliates, related companies, suppliers, licensors and partners, and the officers, directors, employees, agents and representatives of each from all third-party claims and costs (including reasonable attorneys’ fees) arising out of or related to your breach of these EU Terms of Purchase."
1756,SHEIN:38,SHEIN,what,what,unknown_code_or_free_text,"Our display of products via the Site or the App is a non-binding offer. Once you have selected an article that you wish to buy, it will be added to your shopping basket ( “Shopping Bag” ). To process the order and make the payment, you must follow the steps of the purchase process, indicating or verifying the information requested in each step. Furthermore, throughout the purchase process, before payment, you can modify the details of your order, and you may be asked to log into your account or to register with us, to enter a shipping address, select a payment method and shipping option. You are provided with a detailed description of the purchase process at the ”How To Order” page. If your order triggers a fraud alert in our security system, a verification email may be sent to your email address."
1757,SHEIN:39,SHEIN,pato,pato,unknown_code_or_free_text,"While we strive to provide accurate product and pricing information, pricing or typographical errors may occur. We cannot confirm the price of an item until after you order. In the event that an item is listed at an incorrect price or with incorrect information due to an error in pricing or product information, we shall have the right, at our sole discretion, to refuse or cancel any orders placed for that item. In the event that an item is mis-priced, we may, at our discretion, either contact you for instructions or cancel your order and notify you of such cancellation."
1758,Line:0,Line,virtu,virtu,unknown_code_or_free_text,1.4.“Coins” refers to the prepaid payment instrument or the like which Users may exchange for Contents and services offered by LINE which are provided for a fee within the Services. 
1759,Line:1,Line,contr_chg -1; disc -1,disc -1,unknown_code_or_free_text,"LINE may modify these Terms and Conditions when LINE deems it to be necessary, within the scope of the purposes of the Services. "
1762,Line:4,Line,docu 1,docu 1,documentary_note,LINE Privacy Policy.
1763,Line:5,Line,acc_sus -1; disc -1,disc -1,unknown_code_or_free_text,"6.2.LINE reserves the right to limit access to all or part of the Services by Users depending upon conditions that LINE considers necessary, such as the age and identification of User, current registration status, and the like."
1765,Line:7,Line,disc -1,disc -1,unknown_code_or_free_text,When LINE reasonably determines it to be necessary
1766,Line:8,Line,virtu; pato,virtu,unknown_code_or_free_text,"Even if terms such as “Purchase”, “Sales,” and the like appear on the screens for the Services, LINE shall remain the owner of all intellectual property rights as well as all other rights in the Subject Contents offered to Users by LINE, and such rights shall not be transferred to Users. "
1766,Line:8,Line,virtu; pato,pato,unknown_code_or_free_text,"Even if terms such as “Purchase”, “Sales,” and the like appear on the screens for the Services, LINE shall remain the owner of all intellectual property rights as well as all other rights in the Subject Contents offered to Users by LINE, and such rights shall not be transferred to Users. "
1767,Line:10,Line,disc -1,disc -1,unknown_code_or_free_text,to the extent LINE deems necessary and appropriate
1769,Line:11,Line,shad_ip; infringing Art. 16 of Polish law on copyright and related rights,shad_ip,unknown_code_or_free_text,10.7.Users shall not exercise their rights such as author’s moral rights with respect to the Submitted Contents in relation to the use by LINE or a third party under Articles 10.5 and 10.6 above.
1769,Line:11,Line,shad_ip; infringing Art. 16 of Polish law on copyright and related rights,infringing Art. 16 of Polish law on copyright and related rights,unknown_code_or_free_text,10.7.Users shall not exercise their rights such as author’s moral rights with respect to the Submitted Contents in relation to the use by LINE or a third party under Articles 10.5 and 10.6 above.
1770,Line:13,Line,uncle 1,uncle 1,unclear_or_legal_savings_fragment,to the extent permissible under laws and regulations
1772,Line:12,Line,cnt_modr 0,cnt_modr 0,unknown_code_or_free_text,"LINE may check and confirm the contents of the Submitted Contents by Users to the extent permissible under laws and regulations, when it is necessary for LINE to confirm compliance with related laws and regulations or the provisions set out in these Terms and Conditions, etc.; provided, however, that LINE is not obligated to conduct such confirmation.10.9.If LINE believes that a User has violated or may violate any applicable laws or regulations or the provisions of these Terms and Conditions in relation to the Submitted Contents, or when otherwise reasonably necessary for LINE’s business, then LINE reserves the right to preclude such User's use of the Services in certain manners, such as deleting the Submitted Contents without providing prior notice to the User."
1773,Line:16,Line,uncle 2,uncle 2,unclear_or_legal_savings_fragment,", that this shall not apply if necessary under applicable laws and regulations"
1774,Line:15,Line,virtu,virtu,unknown_code_or_free_text,"11.4.Coins will not be refunded for any reason whatsoever; provided, however, that this shall not apply if necessary under applicable laws and regulations. In such case, LINE shall determine the process for refunds in accordance with the relevant laws and regulations, and such information will be made available on LINE's website, etc."
1775,Line:17,Line,core,core,unknown_code_or_free_text,"Users may receive services in exchange for payment of a fee or under the terms and conditions prescribed by LINE, wherein the Users pay a certain amount of considerations to use certain Subject Contents designated by LINE for a certain period of time (the “Subscription Services”). "
1776,Line:18,Line,may infringe Annex 1(d) Directive 93/13,may infringe Annex 1(d) Directive 93/13,unknown_code_or_free_text,"In such case, the fees already paid will not be refunded, nor will there be any refund on a pro rata basis"
1777,Line:19,Line,uncle 3,uncle 3,unclear_or_legal_savings_fragment,"However, the foregoing will not apply if laws or regulations require otherwise."
1778,Line:20,Line,disc -1,disc -1,unknown_code_or_free_text,that LINE reasonably deems to be inappropriate.
1779,Line:21,Line,acc_sus -1; acc_del -1; -1 as (5) allows the service provider to perform such actions arbitrarily ,-1 as (5) allows the service provider to perform such actions arbitrarily,unknown_code_or_free_text,"LINE may suspend the use of all or part of the Services, suspend or delete accounts, cancel any agreement between a User and LINE with respect to the Services (including, without limitation, any agreement based on these Terms and Conditions, hereinafter the same) or take any other measure LINE reasonably determines to be necessary and appropriate without prior notice to such User in the case that such User falls under or there is a possibility that such User falls under any of the following items:(1)A User is in breach of applicable laws and regulations, these Terms and Conditions, or any Separate Terms and Conditions;(2)A User is a member of an anti-social group or a related party thereof;(3)A User tarnishes LINE’s credibility by spreading false information, using fraudulent means or force, or other unlawful means;(4)A User is subject to a petition for attachment, provisional attachment, or auction, ; procedures such as bankruptcy, civil rehabilitation, or similar procedures are commenced; or LINE otherwise reasonably determines that there is uncertainty with respect to User’s credibility; or(5)The relationship of trust with a User is lost or LINE otherwise reasonably determines that it would not be appropriate for LINE to provide the Services to User, due to reasons other than as set forth in items (1) to (4) above."
1786,Meta:0,Meta,docu 1,docu 1,documentary_note,Data Policy 
1787,Meta:1,Meta,what,what,unknown_code_or_free_text,"The services we provideOur mission is to give people the power to build community and bring the world closer together. To help advance this mission, we provide the products and services described below to you:Provide a personalised experience for you:Your experience on Facebook is unlike anyone else's: from the posts, stories, events, ads and other content that you see in News Feed or our video platform to the Facebook Pages that you follow and other features you might use, such as Trending, Facebook Marketplace and search.We use the data that we have – for example, about the connections you make, the choices and settings you select, and what you share and do on and off our Products – to personalise your experience.Connect you with people and organisations that you care about: We help you ﬁnd and connect with people, groups, businesses, organisations and others that matter to you across the Meta Products you use. We use the data we have to make suggestions for you and others – for example, groups to join, events to attend, Facebook Pages to follow or send a message to, shows to watch and people you may want to become friends with. Stronger ties make for better communities, and we believe that our services are most useful when people are connected to people, groups and organisations that they care about.Empower you to express yourself and communicate about what matters to you:There are many ways to express yourself on Facebook and to communicate with friends, family and others about what matters to you– for example, sharing status updates, photos, videos and stories across the Meta Products that you use, sending messages to a friend or several people, creating events or groups, or adding content to your proﬁle. We have also developed, and continue to explore, new ways for people to use technology, such as augmented reality and 360 video to create and share more expressive and engaging content on Meta Products.Help you discover content, products and services that may interest you:We show you ads, offers and other sponsored content to help you discover content, products and services that are offered by the many businesses and organisations that use Facebook and other Meta Products. Section 2 below explains this in more detail."
1790,Meta:4,Meta,docu 2,docu 2,documentary_note,"That breaches these Terms, our CommunityStandards and other terms and policies that apply to your use of our Products"
1791,Meta:5,Meta,cnt_del 0; cnt_modr 0,cnt_modr 0,unknown_code_or_free_text,We can remove or block content that is in breach of these provisions.
1792,Meta:7,Meta,disc -1,disc -1,unknown_code_or_free_text,if we determine that doing so is reasonably necessary
1795,Meta:9,Meta,docu 3,docu 3,documentary_note,Brand Usage Guidelines 
1800,Meta:14,Meta,docu 4,docu 4,documentary_note,our Commercial Terms
1801,Meta:15,Meta,docu 5,docu 5,documentary_note,"share content containing music, you must comply with our Music Guidelines. To the extent that any supplemental Terms conﬂict"
1804,Meta:18,Meta,pato,pato,unknown_code_or_free_text,"You should know that we may need to change the username for your account in certain circumstances (for example, if someone else claims the username and it appears unrelated to the name that you use in everyday life)."
1805,Meta:19,Meta,sugg 0,sugg 0,unknown_code_or_free_text,"We always appreciate your feedback and other suggestions about our products and services. But you should know that we may use them without any restriction or obligation to compensate you, and we are under no obligation to keep them conﬁdential."
1806,Meta:20,Meta,docu 6-16,docu 6-16,documentary_note,"Community Standards: These guidelines outline our standards regarding the content that you post to Facebook and your activity on Facebook and other Meta Products.Commercial Terms: These Terms apply if you also access or use our Products for any commercial or business purpose, including advertising, operating an app on our Platform, using our measurement services, managing a group or a Page for a business, or selling goods or services.Advertising Policies: These policies specify what types of ad content are allowed by partners who advertise across the Meta Products.Self-serve Ad Terms: These Terms apply when you use self-serve advertising interfaces to create, submit or deliver advertising or other commercial or sponsored activity or content.Facebook Pages, Groups and Events Policy: These guidelines apply if you create or administer a Facebook Page, group or event, or if you use Facebook to communicate or administer a promotion.Meta Platform Terms: These guidelines outline the Policies that apply to your use of our platform (for example, for developers or operators of a platform application or website or if you use social plugins).Developer Payment Terms: These Terms apply to developers of applications that use Facebook Payments.Community Payment Terms: These terms apply to payments made on or through Meta Products.Commerce Policies: These guidelines outline the Policies that apply when you offer products and services for sale on Facebook.Meta brand resources: These guidelines outline the policies that apply to use of Meta trademarks, logos and screenshots.Music guidelines: These guidelines outline the policies that apply if you post or share content containing music on Meta Products.Live Policies: These policies apply to all content broadcast to Facebook Live.Messaging services terms relevant for EU, EEA and UK users: terms applicable to the messaging, voice and video calling services included in Facebook Products arelisted here and here in accordance with EU rules."
1811,TripAdvisor:4,TripAdvisor,uncle,uncle,unclear_or_legal_savings_fragment,except to the extent required by applicable law
1812,TripAdvisor:5,TripAdvisor,docu,docu,documentary_note,Click here to view our Privacy Policy.
1814,TripAdvisor:7,TripAdvisor,uncle,uncle,unclear_or_legal_savings_fragment,to the extent permitted by applicable law
1815,TripAdvisor:8,TripAdvisor,sugg 0,sugg 0,unknown_code_or_free_text,Note that any feedback and other suggestions you provide may be used at any time and we are under no obligation to keep them conﬁdential.
1816,TripAdvisor:9,TripAdvisor,cnt_del 0; cnt_modr 0,cnt_modr 0,unknown_code_or_free_text,"In particular, Tripadvisor does not edit or control users’ Content that appears on the websites. The Tripadvisor Companies nevertheless reserve the right to remove without notice any such messaging or other Content from the Services, where they believe in good faith that such Content breaches this Agreement or otherwise believe the removal is reasonably necessary to safeguard the rights of the Tripadvisor Companies and/or other users of the Services."
1817,TripAdvisor:10,TripAdvisor,docu,docu,documentary_note,Tripadvisor’s published guidelines
1822,TripAdvisor:15,TripAdvisor,docu,docu,documentary_note,"and the like, please consult our afﬁliates’ terms and conditions (for Experiences visit Viator; for Restaurants visit The Fork; for holiday rentals, visit "
1823,TripAdvisor:16,TripAdvisor,docu,docu,documentary_note,"and the like, please consult our afﬁliates’ terms and conditions (for Experiences visit Viator; for Restaurants visit The Fork; for holiday rentals, visit "
1824,TripAdvisor:17,TripAdvisor,docu,docu,documentary_note,Tripadvisor Companies' Holiday Rentals. 
1825,TripAdvisor:19,TripAdvisor,uncle,uncle,unclear_or_legal_savings_fragment,TO THE MAXIMUM EXTENT PERMITTED UNDER APPLICABLE LAW
1829,TripAdvisor:22,TripAdvisor,uncle,uncle,unclear_or_legal_savings_fragment,"THESE TERMS AND CONDITIONS AND FOREGOING LIABLITY DISCLAIMER DO NOT AFFECT MANDATORY LEGAL RIGHTS THAT CANNOT BE EXCLUDED UNDER APPLICABLE LAW, FOR EXAMPLE UNDER CONSUMER PROTECTION LAWS IN PLACE IN CERTAIN COUNTRIES."
1830,TripAdvisor:23,TripAdvisor,uncle,uncle,unclear_or_legal_savings_fragment,"IF THE LAW OF THE COUNTRY WHERE YOU LIVE DOES NOT ALLOW ANY PARTICULAR LIMITATION OR EXCLUSION OF LIABILITY PROVIDED FOR IN THIS CLAUSE, THAT LIMITATION WILL NOT APPLY. THE LIABILITY DISCLAIMER WILL OTHERWISE APPLY TO THE MAXIMUM EXTENT ALLOWED BY YOUR LOCAL LAW."
1831,TripAdvisor:24,TripAdvisor,ind 0,ind 0,unknown_code_or_free_text,"You agree to defend and indemnify the Tripadvisor Companies and any of their ofﬁcers, directors, employees and agents from and against any claims, causes of action, demands, recoveries, losses, damages, ﬁnes, penalties or other costs or expenses of any kind or nature including but not limited to reasonable legal and accounting fees, brought by third parties as a result of:your breach of this Agreement or the documents referenced herein;your violation of any law or the rights of a third party; oryour use of the Services, including the Tripadvisor Companies’ websites."
1832,TripAdvisor:25,TripAdvisor,docu,docu,documentary_note,"copyright that you hold, please contact us immediately by following our notice and takedown procedure. Click here to view the Copyright Policy and procedure. Once this procedure has been followed, Tripadvisor will respond to"
1833,TripAdvisor:27,TripAdvisor,disc -1 ,disc -1,unknown_code_or_free_text,nature 
1838,TripAdvisor:31,TripAdvisor,uncle,uncle,unclear_or_legal_savings_fragment,. The foregoing shall not apply to the extent that applicable law 
1840,TripAdvisor:33,TripAdvisor,uncle,uncle,unclear_or_legal_savings_fragment,This clause shall otherwise apply to the maximum extent allowed in your country or residence.
1841,TripAdvisor:34,TripAdvisor,uncle,uncle,unclear_or_legal_savings_fragment,To the extent allowed by applicable law
1844,Strava:0,Strava,docu 1,docu 1,documentary_note,Privacy Policy.
1845,Strava:1,Strava,docu,docu,documentary_note,supplemental terms
1846,Strava:2,Strava,uncle 1,uncle 1,unclear_or_legal_savings_fragment,required in your country
1848,Strava:4,Strava,docu 2-3,docu 2-3,documentary_note,the Google Maps/Google Earth Additional Terms of Service (including the Google Privacy Policy)
1849,Strava:5,Strava,pato1,pato1,unknown_code_or_free_text,"No refunds or credits will be provided by Strava, other than as set forth in these Terms."
1851,Strava:7,Strava,uncle 2,uncle 2,unclear_or_legal_savings_fragment,"If you reside outside the United States, you may be entitled "
1852,Strava:8,Strava,pato2,pato2,unknown_code_or_free_text,"If you reside outside the United States, you may be entitled to change your mind and receive a full refund within fourteen (14) days (the “Cooling-off Period”), provided that you have not logged in or otherwise redeemed or started to use the Services as a subscriber during the Cooling-off Period."
1853,Strava:9,Strava,ip 0; would be -1 if not the last sentence,would be -1 if not the last sentence,unknown_code_or_free_text,"You grant us a non-exclusive, transferable, sub-licensable, royalty-free, worldwide license to use, reproduce, modify, adapt, publish, translate, create derivative works from, distribute, publicly perform and display any Content and any name, username or likeness that you post on or in connection with the Services in all media formats and channels now known or later developed without compensation to you. This license ends when you delete your Content or your account."
1855,Strava:10,Strava,cnt_modr 0,cnt_modr 0,unknown_code_or_free_text,"Strava may, in its sole discretion, screen, monitor, hide, refuse or remove any Content, or remove any Content that violates the Terms or is otherwise objectionable. "
1856,Strava:11,Strava,disc -1,disc -1,unknown_code_or_free_text,"Strava may, in its sole discretion, screen, monitor, hide, refuse or remove any Content, or remove any Content that violates the Terms or is otherwise objectionable. "
1857,Strava:13,Strava,pato3,pato3,unknown_code_or_free_text,"You acknowledge and agree that your relationship with Strava is not a conﬁdential, ﬁduciary, or other type of special relationship, and that your decision to submit any Content does not place Strava in a position that is any different from the position held by members of the general public, including with regard to your Content"
1858,Strava:14,Strava,pato4,pato4,unknown_code_or_free_text,"You give us permission to use your proﬁle name, proﬁle photo, and information about your activities and actions you have taken, including your use of third party products, services, or devices, in ads, offers and other commercial contexts on the Strava service without compensation to you. For example, we may show your Strava followers that you use a certain device, product, or service available from a brand that has paid us to display its ads on Strava. You may adjust settings to prevent your proﬁle name and proﬁle photo from appearing in an ad"
1859,Strava:15,Strava,docu 4,docu 4,documentary_note,Strava Community Standards
1860,Strava:16,Strava,pato5,pato5,unknown_code_or_free_text,The Services are for your personal and noncommercial use
1861,Strava:17,Strava,disc -1,disc -1,unknown_code_or_free_text,"Taking any action that imposes, or may impose, at our sole discretion, an unreasonable or disproportionately large load on our infrastructure;"
1862,Strava:18,Strava,core,core,unknown_code_or_free_text,"The Services function as a venue to connect athletes in a virtual information place. As a neutral facilitator, Strava is not directly involved in the actual interactions between athletes using the Services. "
1863,Strava:19,Strava,ind 0,ind 0,unknown_code_or_free_text,". Club administrators hereby agree to indemnify and hold Strava harmless from any and all claims arising out of your club, including but not limited to claims of intellectual property infringement."
1864,Strava:20,Strava,pato6; TSUE,pato6,unknown_code_or_free_text,"You agree that all notices, disclosures and other communications that we provide to you electronically shall satisfy any legal requirement that such communications be in writing."
1864,Strava:20,Strava,pato6; TSUE,TSUE,unknown_code_or_free_text,"You agree that all notices, disclosures and other communications that we provide to you electronically shall satisfy any legal requirement that such communications be in writing."
1865,Strava:21,Strava,uncle 3,uncle 3,unclear_or_legal_savings_fragment,Except as expressly permitted by applicable law
1866,Strava:22,Strava,uncle 4,uncle 4,unclear_or_legal_savings_fragment,except where permitted by law
1867,Strava:23,Strava,sugg 0,sugg 0,unknown_code_or_free_text,"If you provide Feedback, you hereby grant to Strava a worldwide, non-exclusive, transferable, assignable, sub- licensable, perpetual, irrevocable, royalty-free license to copy, distribute, create derivative works of, publicly display and perform and otherwise exploit such Feedback and to use, make, have made, sell, offer for sale, import and export products and services based on such Feedback."
1871,Strava:27,Strava,uncle 5,uncle 5,unclear_or_legal_savings_fragment,"BECAUSE SOME STATES/JURISDICTIONS DO NOT ALLOW SOME OR ALL OF THE EXCLUSIONS OR LIMITATIONS OF LIABILITY ABOVE, SUCH AS EXCLUSIONS FOR CONSEQUENTIAL OR INCIDENTAL DAMAGES, SOME OF THE ABOVE LIMITATIONS OR EXCLUSIONS MAY NOTAPPLY TO YOU. "
1872,Strava:28,Strava,pato7,pato7,unknown_code_or_free_text,"IN ENTERING INTO THIS RELEASE, YOU ACKNOWLEDGE THAT YOU HAVE READ AND UNDERSTAND, AND HEREBY EXPRESSLY WAIVE THE BENEFITS OF, SECTION 1542 OF THE CIVIL CODE OF CALIFORNIA, (AND ANY SIMILAR LAW OF ANY STATE, COUNTRY OR TERRITORY), WHICH PROVIDES AS FOLLOWS: “A GENERAL RELEASE DOES NOT EXTEND TO CLAIMS WHICH THE CREDITOR DOES NOT KNOW OR SUSPECT TO EXIST IN HIS FAVOR AT THE TIME OF EXECUTING THE RELEASE, WHICH IF KNOWN BY HIM MUST HAVE MATERIALLY AFFECTED HIS SETTLEMENT WITH THE DEBTOR.”"
1875,Strava:31,Strava,uncle 6,uncle 6,unclear_or_legal_savings_fragment,"IF YOU ARE A CONSUMER RESIDING IN THE EUROPEAN UNION, YOU HAVE LEGAL REMEDIES IF WE CAUSE YOU LOSS BY OUR BREACH OR NON-PERFORMANCE OF OUR LEGAL OBLIGATIONS, OR BY OUR NEGLIGENCE, AND THESE TERMS DO NOT AFFECT THOSE STATUTORY REMEDIES"
1876,Strava:32,Strava,ind 0,ind 0,unknown_code_or_free_text,"You agree to indemnify and hold Strava and its subsidiaries, afﬁliates, ofﬁcers, agents, representatives, employees, partners and licensors harmless from any claim or demand, including reasonable attorneys’ fees, made by any third party due to or arising out of Content you submit, post, transmit or otherwise seek to make available through the Services, your use of the Services, your athletic activities which generate the Content you post or seek to post on the Services (including, but not limited to, athletic activities in connection with any contests, races, group rides, or other events which Strava sponsors, organizes, participates in, or whose Services are used in connection with), your connection to the Services, your violation of the Terms, your violation of any data protection or privacy laws, or your violation of any rights of another person or entity"
1877,Strava:33,Strava,uncle 7,uncle 7,unclear_or_legal_savings_fragment,"Your rights with respect to Strava are not modiﬁed by the foregoing indemniﬁcation if the laws of your country of residence, applicable as a result of your use of our Services, do not permit it."
1879,Strava:35,Strava,arbitration requirement applies to all consumers outside of EU,arbitration requirement applies to all consumers outside of EU,unknown_code_or_free_text,This provision does not apply to users who live in the European Union.
1885,Strava:41,Strava,uncle 8,uncle 8,unclear_or_legal_savings_fragment,your local laws in your European Union Member State may allow you to take legal action against Strava in your Member State and to invoke certain local laws against Strava
1888,Strava:44,Strava,disc -1,disc -1,unknown_code_or_free_text,you agree that all suspensions or terminations for cause shall be made in Strava’s sole discretion
1889,Strava:46,Strava,inter 0,inter 0,unknown_code_or_free_text,endeavor to give effect to the parties’ intentions as reﬂected in the provision
1893,Strava:49,Strava,pato8,pato8,unknown_code_or_free_text,"If the modiﬁed Terms are not acceptable to you, your only recourse is to cease using the Services."
1897,eToro:1,eToro,docu,docu,documentary_note,General Risk Disclosure
1898,eToro:2,eToro,docu,docu,documentary_note,Conflicts of Interest Policy
1899,eToro:3,eToro,docu,docu,documentary_note,Best Execution and Order Handling Policy
1900,eToro:4,eToro,docu,docu,documentary_note,Privacy Notice
1901,eToro:10,eToro,docu,docu,documentary_note,"your non-adherence with the eToro Security Guidance, available on our website at https://www.etoro.com/customer-service/etoro-security-guidelines/"
1907,eToro:38,eToro,cnt_del 0; cnt_modr 0,cnt_modr 0,unknown_code_or_free_text,"We may review and monitor your activity and posts on the eToro Community. If you breach any of the above rules or the Community Guidelines, we will record such breach and we will remove the post without telling you. We may also block your eToro account, or terminate our Agreement with you - we will tell you when we do this. We may also be required by Applicable Law to tell regulators or government authorities about a breach, and help them in any investigation about a breach."
1912,eToro:51,eToro,disc -1,disc -1,unknown_code_or_free_text,we consider it reasonably necessary to prevent what we reasonably consider to be or might be a violation of any Applicable Law 
1914,eToro:55,eToro,acc_del 0; acc_sus 0; ind 0,ind 0,unknown_code_or_free_text,"If you breach any warranty or representation made under this Agreement, we may close any orders or trades that you have made, and/or close or freeze your eToro account. You will also may be required to fully indemnify us due to any contraventions by you of Applicable Law."
1919,eToro:66,eToro,sugg 0,sugg 0,unknown_code_or_free_text,"Please inform us in writing if you encounter any problems with the eToro platform, or have any suggestions for modifications and improvements. We may make modifications to the eToro platform based upon your suggestions, but are not required to do so. Any modifications and improvements made to the eToro platform based on your feedback shall be our and our licensors' sole property."
1929,LinkedIn:0,LinkedIn,docu 1,docu 1,documentary_note,Cookie Policy
1930,LinkedIn:1,LinkedIn,docu 2,docu 2,documentary_note,Privacy Policy
1932,LinkedIn:3,LinkedIn,docu 3,docu 3,documentary_note,Professional Community Policies
1933,LinkedIn:4,LinkedIn,docu 4,docu 4,documentary_note,additional terms
1934,LinkedIn:5,LinkedIn,docu 5,docu 5,documentary_note,refund policy.
1935,LinkedIn:6,LinkedIn,what,what,unknown_code_or_free_text,"Our Services allow messaging and sharing of information in many ways, such as your profile, articles, group posts, links to news articles, job postings, messages and InMails. Information and content that you share or post may be seen by other Members, Visitors or others (including off of the Services). Where we have made settings available, we will honor the choices you make about who can see content or information (e.g., message content to your addressees, sharing content only to LinkedIn connections, restricting your profile visibility from search engines, or opting not to notify others of your LinkedIn profile update). For job searching activities, we default to not notifying your connections network or the public. So, if you apply for a job through our Service or opt to signal that you are interested in a job, our default is to share it only with the job poster."
1936,LinkedIn:7,LinkedIn,cnt_del -1; cnt_modr 0,cnt_modr 0,unknown_code_or_free_text,We are not obligated to publish any information or content on our Service and can remove it with or without notice.
1938,LinkedIn:9,LinkedIn,sugg 0,sugg 0,unknown_code_or_free_text,"By submitting suggestions or other feedback regarding our Services to LinkedIn, you agree that LinkedIn can use and share (but does not have to) such feedback for any purpose without compensation to you."
1941,LinkedIn:12,LinkedIn,uncle 1,uncle 1,unclear_or_legal_savings_fragment,to the extent allowed under the law.
1943,LinkedIn:14,LinkedIn,uncle 2,uncle 2,unclear_or_legal_savings_fragment,", except to the extent required by applicable law "
1947,LinkedIn:18,LinkedIn,uncle 3,uncle 3,unclear_or_legal_savings_fragment,TO THE FULLEST EXTENT PERMITTED UNDER APPLICABLE LAW
1948,LinkedIn:19,LinkedIn,uncle 4,uncle 4,unclear_or_legal_savings_fragment,TO THE FULLEST EXTENT PERMITTED BY LAW
1952,LinkedIn:24,LinkedIn,uncle 5,uncle 5,unclear_or_legal_savings_fragment,but this shall not deprive you of the mandatory consumer protections under the law of the country to which we direct your Services where you have habitual residence
1955,LinkedIn:26,LinkedIn,sever 0; inter -1,inter -1,unknown_code_or_free_text,"If a court with authority over this Contract finds any part of it unenforceable, you and we agree that the court should modify the terms to make that part enforceable while still achieving its intent. If the court cannot do that, you and we agree to ask the court to remove that unenforceable part and still enforce the rest of this Contract."
1957,LinkedIn:28,LinkedIn,docu 6,docu 6,documentary_note,Brand Guidelines
1958,LinkedIn:29,LinkedIn,docu 7,docu 7,documentary_note,Bing Maps terms
1959,LinkedIn:30,LinkedIn,docu 8,docu 8,documentary_note,policy and process
1960,Pinterest:0,Pinterest,docu 1-3,docu 1-3,documentary_note,"these Terms, our Privacy Policy, our Cookies Policy and our Community Guidelines."
1961,Pinterest:1,Pinterest,what; recom -1,what,unknown_code_or_free_text,"Pinterest helps you discover and do what you love. To do that, we show you things we think will be relevant, interesting and personal to you based on your onsite and offsite activity. To provide our Service, we need to be able to identify you and your interests. Some of the things we show you are promoted by advertisers. As part of our service, we try to ensure that even promoted content is relevant and interesting to you. You can identify promoted content because it will be clearly labelled."
1962,Pinterest:2,Pinterest,docu 4,docu 4,documentary_note,Business Terms of Service
1963,Pinterest:3,Pinterest,what,what,unknown_code_or_free_text,Pinterest allows you to post content
1964,Pinterest:4,Pinterest,ip 1/2,ip 1/2,known_code_without_valid_score,"You grant Pinterest and our users a non-exclusive, royalty-free, transferable, sublicensable, worldwide licence to use, store, display, reproduce, save, modify, create derivative works, perform and distribute your User Content on Pinterest solely for the purposes of operating,developing, providing and using Pinterest."
1966,Pinterest:5,Pinterest,cnt_modr 0,cnt_modr 0,unknown_code_or_free_text,". We reserve the right to remove or modify User Content, or change the way it’s used in Pinterest, for any reason. This includes User Content that we believe violates these Terms, our CommunityGuidelines or any other policies."
1967,Pinterest:7,Pinterest,ip 2/2 0,ip 2/2 0,known_code_without_valid_score,"Following termination or deactivation of your account, or if you remove any User Content from Pinterest, we may keep your User Content for a reasonable period of time for backup, archive or audit purposes. Pinterest and its users may retain and continue to use, store, display, reproduce, save, modify, create derivative works, perform and distribute any of your User Content that other users have stored or shared on Pinterest."
1968,Pinterest:8,Pinterest,sugg 0,sugg 0,unknown_code_or_free_text,"We value hearing from our users, and are always interested in learning about ways we can make Pinterest better. If you choose to submit comments, ideas or feedback, you agree that we are free to use them without any restriction or compensation to you. By accepting your submission, Pinterest doesn’t waive any rights to use similar or related feedback previously known to Pinterest, or developed by its employees, or obtained from sources other than you."
1969,Pinterest:9,Pinterest,docu 5,docu 5,documentary_note,our Copyright Policy
1971,Pinterest:11,Pinterest,core 2/2 1,core 2/2 1,unknown_code_or_free_text,Pinterest is provided to you free of charge.
1972,Pinterest:12,Pinterest,ind 0,ind 0,unknown_code_or_free_text,"If you use Pinterest for commercial purposes (i.e. you are not a consumer) without agreeing to our Business Terms as required by Section 2(c) of these Terms, you agree to indemnify and hold harmless Pinterest Inc, Pinterest Europe Ltd, their afﬁliates and their respective ofﬁcers, directors, employees and agents from and against any claims, suits, proceedings,disputes, demands, liabilities, damages, losses, costs and expenses, including, without limitation, reasonable legal and accounting fees (including costs of defence of claims, suits or proceedings brought by third parties), in any way related to your access to or use of our Service, your User Content or your breach of any of these Terms"
1974,Pinterest:14,Pinterest,"ltd -1, consumers from the rest of the world have limitation of liability",consumers from the rest of the world have limitation of liability,unknown_code_or_free_text,"If you're a consumer in the EEA, we don’t exclude or limit any liability for gross negligence, intent, or death or personal injury caused by our negligence or willful misconduct."
1975,Pinterest:15,Pinterest,uncle 1,uncle 1,unclear_or_legal_savings_fragment,TO THE MAXIMUM EXTENT PERMITTED BY LAW
1977,Pinterest:17,Pinterest,"ltd -1, consumers from the rest of the world have limitation of liability",consumers from the rest of the world have limitation of liability,unknown_code_or_free_text,"If we cause damage to you and you are a consumer in the EEA, the above does not apply. Instead, Pinterest’s liability will be limited to foreseeable damages arising due to a breach of material contractual obligations typical for this type of contract"
1978,Pinterest:18,Pinterest,uncle 2,uncle 2,unclear_or_legal_savings_fragment,This limitation of liability will not apply to any statutory liability that cannot be limited
1981,Pinterest:21,Pinterest,uncle 3,uncle 3,unclear_or_legal_savings_fragment,NOTHING IN THESE TERMS OF SERVICE SHALL AFFECT ANY NON- WAIVABLE STATUTORY RIGHTS THAT APPLY TO YOU
1982,Pinterest:22,Pinterest,uncle 4,uncle 4,unclear_or_legal_savings_fragment,under applicable laws 
1985,Pinterest:25,Pinterest,uncle 5,uncle 5,unclear_or_legal_savings_fragment,any protection you have under the law of the country where you live 
1986,Pinterest:26,Pinterest,"c_forum is still -1, as other consumers (outside of the EEA), have place of jurisdiction in California",c_forum is still -1,known_code_without_valid_score,"If you are a consumer in the EEA, you can sue us in your home courts."
1986,Pinterest:26,Pinterest,"c_forum is still -1, as other consumers (outside of the EEA), have place of jurisdiction in California",as other consumers (outside of the EEA),unknown_code_or_free_text,"If you are a consumer in the EEA, you can sue us in your home courts."
1986,Pinterest:26,Pinterest,"c_forum is still -1, as other consumers (outside of the EEA), have place of jurisdiction in California",have place of jurisdiction in California,unknown_code_or_free_text,"If you are a consumer in the EEA, you can sue us in your home courts."
1988,Pinterest:28,Pinterest,disc -1,disc -1,unknown_code_or_free_text,in our discretion
1990,Pinterest:30,Pinterest,it still allows for rights’ transfer without user’s consent ,it still allows for rights’ transfer without user’s consent,unknown_code_or_free_text,"If you’re a consumer in the EEA, either you or Pinterest may assign this agreement, and any rights and licences granted under it, to a third party"
1992,Google:0,Google,docu 1,docu 1,documentary_note,Privacy Policy. 
1993,Google:1,Google,core,core,unknown_code_or_free_text,"Broadly speaking, we give you permission "
1994,Google:2,Google,what,what,unknown_code_or_free_text,"We provide a broad range of services that are subject to these terms, including:apps and sites (like Search and Maps)platforms (like Google Shopping)integrated services (like Maps embedded in other companies’ apps or sites)devices (like Google Nest)"
1996,Google:4,Google,serv_chg 0 😊; pato,serv_chg 0 😊,known_code_without_valid_score,We only change or stop offering services for valid reasons.
1996,Google:4,Google,serv_chg 0 😊; pato,pato,unknown_code_or_free_text,We only change or stop offering services for valid reasons.
1998,Google:6,Google,uncle 1,uncle 1,unclear_or_legal_savings_fragment,subject to applicable law
1999,Google:7,Google,docu 2,docu 2,documentary_note,service-specific additional terms
2000,Google:8,Google,ip 0,IP 0,empty_referenced_text,
2002,Google:10,Google,what,what,unknown_code_or_free_text,"If you meet these age requirements you can create a Google Account for your convenience. Some services require that you have a Google Account in order to work — for example, to use Gmail, you need a Google Account so that you have a place to send and receive your email."
2003,Google:11,Google,sugg 0,sugg 0,unknown_code_or_free_text,"If you choose to give us feedback, such as suggestions to improve our services, we may act on your feedback without obligation to you."
2004,Google:12,Google,uncle 2,uncle 2,unclear_or_legal_savings_fragment,"If you’re a consumer, then you enjoy all legal rights granted to consumers under applicable law, as well as any additional rights provided under these terms or service-specific additional terms."
2005,Google:13,Google,uncle 3,uncle 3,unclear_or_legal_savings_fragment,Your national laws may provide an even longer guarantee. 
2006,Google:14,Google,uncle 4,uncle 4,unclear_or_legal_savings_fragment,These terms only limit our responsibilities as allowed by applicable law. 
2007,Google:15,Google,uncle 5; ltd 0,uncle 5,unclear_or_legal_savings_fragment,"Other than the liabilities described above, Google is liable only for its breaches of these terms or applicable service-specific additional terms, subject to applicable law."
2008,Google:16,Google,uncle 6,uncle 6,unclear_or_legal_savings_fragment,To the extent allowed by applicable law
2009,Google:17,Google,ind 0,ind 0,unknown_code_or_free_text,"you’ll indemnify Google and its directors, officers, employees, and contractors for any third-party legal proceedings (including actions by government authorities) arising out of or relating to your unlawful use of the services or violation of these terms or service- specific additional terms. This indemnity covers any liability or expense arising from claims, losses, damages, judgments, fines, litigation costs, and legal fees."
2011,Google:19,Google,cnt_del 0; cnt_modr 0; immediate content deletion may be desired in some cases as described above,cnt_modr 0,unknown_code_or_free_text,"If we reasonably believe that any of your content (1) breaches these terms, service-specific additional terms or policies, (2) violates applicable law, or (3) could harm our users, third parties, or Google, then we reserve the right to take down some or all of that content"
2011,Google:19,Google,cnt_del 0; cnt_modr 0; immediate content deletion may be desired in some cases as described above,immediate content deletion may be desired in some cases as described above,unknown_code_or_free_text,"If we reasonably believe that any of your content (1) breaches these terms, service-specific additional terms or policies, (2) violates applicable law, or (3) could harm our users, third parties, or Google, then we reserve the right to take down some or all of that content"
2012,Google:20,Google,uncle 7,uncle 7,unclear_or_legal_savings_fragment,in accordance with applicable law
2013,Google:22,Google,disc -1,disc -1,unknown_code_or_free_text,we reasonably believe 
2016,Google:24,Google,docu 3,docu 3,documentary_note,data disclosure policies
2018,Google:26,Google,uncle 8,uncle 8,unclear_or_legal_savings_fragment,"By law, you have certain rights that can’t be limited by a contract like these terms of service. These terms are in no way intended to restrict those rights."
2021,Google:28,Google,contr_chg 0; “to reflect changes in our services or how we do business” is vague,“to reflect changes in our services or how we do business” is vague,unknown_code_or_free_text,"We may update these terms and service-specific additional terms (1) to reflect changes in our services or how we do business — for example, when we add new services, features, technologies, pricing, or benefits (or remove old ones), (2) for legal, regulatory, or security reasons, or (3) to prevent abuse or harm"
2022,Toggl:0,Toggl,docu 1,docu 1,documentary_note,Privacy Policy 
2023,Toggl:1,Toggl,docu 2,docu 2,documentary_note,the Data Protection Policy
2024,Toggl:2,Toggl,docu 3,docu 3,documentary_note,the Sub-processor List 
2026,Toggl:4,Toggl,what,what,unknown_code_or_free_text,"""Service"" — depending on the context, either: (a) the Supplier's providing (i) the Software and/or (ii) one or more resources or other beneﬁts for use in conjunction with the Software and/or (iii) technical support services concerning the foregoing; or (b) the above items collectively, any of them separately or any combination of any of them, notwithstanding that the item(s) in question may not consist in a service (as, e.g., in the case of locally installable Software);"
2028,Toggl:6,Toggl,uncle,uncle,unclear_or_legal_savings_fragment,if applicable
2031,Toggl:9,Toggl,cnt_del 0; cnt_modr 0,cnt_modr 0,unknown_code_or_free_text,"If the Supplier reasonably believes that User Data or the User's data processing activities violate the law or otherwise conﬂict with the Agreement, it may, in its absolute discretion: (a) ask the User to take such action as the Supplier considers necessary for remedying the matter (which, where feasible and legally permitted, will be the preferred option); or (b) remove, disable, restrict access to, or delete the data concerned without being liable (neither to the User nor anyone else) for any loss, damage or other undesirable consequences resulting therefrom."
2033,Toggl:11,Toggl,cntr_retr -1,cntr_retr -1,unknown_code_or_free_text,"The User, whether an Owner or not, acknowledges and agrees that if an Organization is closed (whomever by), then the Supplier has no obligation to maintain or provide Organization Data and may, unless legally prohibited, delete the same."
2035,Toggl:13,Toggl,uncle,uncle,unclear_or_legal_savings_fragment,"to the maximum extent permitted by applicable law,"
2036,Toggl:14,Toggl,uncle,uncle,unclear_or_legal_savings_fragment,o the extent not prohibited by applicable mandatory law
2040,Toggl:18,Toggl,uncle,uncle,unclear_or_legal_savings_fragment,any other circumstance qualifying as force majeure under applicable law — to the extent that the respective circumstance prevented or hindered the Party's performance
2041,Toggl:19,Toggl,ind 0,ind 0,unknown_code_or_free_text,"The User shall defend, indemnify and hold harmless the Supplier, its ofﬁcers, directors, employees, contractors, agents and representatives from and against all claims made by and all damages, liabilities, penalties, ﬁnes, costs and expenses payable to any third party that arise from the User's or, if the User is a Customer, then his own or any Guest User's: (a) breach of any obligation, representation or warranty hereunder; (b) misuse of any Feature; or (c) infringement of anyone's Intellectual Property or proprietary or personal rights."
2048,Toggl:27,Toggl,uncle,uncle,unclear_or_legal_savings_fragment,"save where the relevant rules of procedure provide for the mandatory jurisdiction of another Estonian court, in which event the latter shall apply"
2051,Toggl:29,Toggl,uncle,uncle,unclear_or_legal_savings_fragment,To the extent legally permitted
2052,Toggl:30,Toggl,uncle,uncle,unclear_or_legal_savings_fragment,to the extent the law requires that the data concerned be retained
2054,FineDine:1,FineDine,docu 1,docu 1,documentary_note,"See the Privacy Policy, which is incorporated into this Agreement by reference"
2055,FineDine:2,FineDine,what,what,unknown_code_or_free_text,"FineDine is an online ordering platform (“Ordering Platform”), used for ordering products (e.g. food ordering), connected to our Partner’s (e.g. Partner Restaurants) accounts which is accessed via an mobile app or a website and the restaurant control panel (“Restaurant Dashboard”). The Ordering Platform and the Restaurant Dashboard comprises, and is collectively referred to as, the “Service.”"
2056,FineDine:3,FineDine,core,core,unknown_code_or_free_text,"Although you place orders through the Service, Bambulabs itself does not sell the products contained in your order, is not a party to any such transaction, and has no control over the quality or safety of the products. Your order, is between you and the Partner from which you order."
2057,FineDine:4,FineDine,cnt_modr 0; acc_del 0,cnt_modr 0,unknown_code_or_free_text,"Failure to do so constitutes a breach of the Terms, which may result in immediate termination of your account on our Service"
2058,FineDine:5,FineDine,ip -1; shad_ip1; sugg 0,shad_ip1,unknown_code_or_free_text,"However, by providing User Content to Bambulabs, you grant Bambulabs a worldwide, perpetual, irrevocable, transferrable, royalty-free license, with the right to sublicense, to use, copy, modify, create derivative works of, distribute, publicly display, publicly perform, and otherwise exploit in any manner such User Content in all formats and distribution channels now known or hereafter devised (including in connection with the Service and Bambulab’s business and on third-party sites and services), without further notice to or consent from you, and without the requirement of payment to you or any other person or entity."
2058,FineDine:5,FineDine,ip -1; shad_ip1; sugg 0,sugg 0,unknown_code_or_free_text,"However, by providing User Content to Bambulabs, you grant Bambulabs a worldwide, perpetual, irrevocable, transferrable, royalty-free license, with the right to sublicense, to use, copy, modify, create derivative works of, distribute, publicly display, publicly perform, and otherwise exploit in any manner such User Content in all formats and distribution channels now known or hereafter devised (including in connection with the Service and Bambulab’s business and on third-party sites and services), without further notice to or consent from you, and without the requirement of payment to you or any other person or entity."
2059,FineDine:6,FineDine,disc -1,disc -1,unknown_code_or_free_text,as determined by Bambulabs in its sole discretion
2060,FineDine:8,FineDine,disc -1,disc -1,unknown_code_or_free_text,at Bambulab’s sole discretion
2061,FineDine:7,FineDine,cnt_modr 0; cnt_del -1,cnt_modr 0,unknown_code_or_free_text,"Bambulabs may, but shall not be obligated to, review, monitor, or remove User Content, at Bambulab’s sole discretion and at any time and for any reason, without notice to you."
2062,FineDine:9,FineDine,pato1,pato1,unknown_code_or_free_text,"We reserve the right to refuse or cancel your order at any time for certain reasons including but not limited to: product or service availability, errors in the description or price of the product or service, error in your order or other reasons."
2063,FineDine:10,FineDine,uncle 1,uncle 1,unclear_or_legal_savings_fragment,except when required by law 
2065,FineDine:12,FineDine,pato2,pato2,unknown_code_or_free_text,"We cannot and do not guarantee the accuracy or completeness of any information, including prices, product images, speciﬁcations, availability, and services."
2068,FineDine:15,FineDine,cont_modr 0; acc_del 0,cont_modr 0,unknown_code_or_free_text,"We may, but have no obligation to, remove accounts and content containing what we determine as unlawful, offensive, threatening, defamatory, obscene or otherwise objectionable material"
2073,FineDine:20,FineDine,uncle 2,uncle 2,unclear_or_legal_savings_fragment,"Because some jurisdictions do not allow the exclusion or limitation of incidental or consequential damages, Bambulabs’ liability in such jurisdictions shall be limited to the extent permitted by law"
2074,FineDine:21,FineDine,pato3,pato3,unknown_code_or_free_text,"For the avoidance of doubt, nothing in this clause shall excuse the Customer from any payment obligations under this Agreement."
2079,FineDine:27,FineDine,disc -1,disc -1,unknown_code_or_free_text,at our sole discretion
2080,FineDine:28,FineDine,disc -1,disc -1,unknown_code_or_free_text,What constitutes a material change will be determined at our sole discretion
2082,Baidu AI Cloud:0,Baidu AI Cloud,pato,pato,unknown_code_or_free_text,"Regarding the versions of agreement provided by Baidu AI Cloud China Station, the Chinese version shall prevail, and the English version is for reference only."
2086,Baidu AI Cloud:4,Baidu AI Cloud,what,what,unknown_code_or_free_text,"Compared to personal account, corporate account has higher security level with more product options."
2087,Baidu AI Cloud:5,Baidu AI Cloud,pato,pato,unknown_code_or_free_text,Baidu AI Cloud does not assume any responsibility for problems resulting from improper selection of account type.
2088,Baidu AI Cloud:6,Baidu AI Cloud,cnt_modr 0; acc_del 0; acc_sus 0,cnt_modr 0,unknown_code_or_free_text,"If the data or information you provide contains incorrect or untrue information, Baidu AI Cloud reserves the right to cancel your qualification for account registration, suspend or terminate the service to you."
2089,Baidu AI Cloud:7,Baidu AI Cloud,ind 0,ind 0,unknown_code_or_free_text,You shall assume the corresponding responsibility for the losses incurred by Baidu AI Cloud or a third party due to other people’s use of your account or due to your use of other people’s account.
2090,Baidu AI Cloud:9,Baidu AI Cloud,disc -1,disc -1,unknown_code_or_free_text,reasonable time limit
2091,Baidu AI Cloud:8,Baidu AI Cloud,ltd -1; pato,pato,unknown_code_or_free_text,"At the same time, you understand that it requires a reasonable time limit for Baidu AI Cloud to take action according to your request. Prior to this, Baidu AI Cloud does not assume any liability for the executed instructions and the losses caused to you."
2092,Baidu AI Cloud:10,Baidu AI Cloud,disc -1,disc -1,unknown_code_or_free_text,Other circumstances under which Baidu AI Cloud has sufficient reasons 
2095,Baidu AI Cloud:13,Baidu AI Cloud,may infringe Annex 1(d) Directive 93/13; pato,may infringe Annex 1(d) Directive 93/13,unknown_code_or_free_text,and does not refund any payment. 
2095,Baidu AI Cloud:13,Baidu AI Cloud,may infringe Annex 1(d) Directive 93/13; pato,pato,unknown_code_or_free_text,and does not refund any payment. 
2096,Baidu AI Cloud:14,Baidu AI Cloud,ind 0,ind 0,unknown_code_or_free_text,You shall assume relevant legal responsibilities for any loss caused by your behaviors above to Baidu AI Cloud or other users of Baidu AI Cloud.
2103,Baidu AI Cloud:21,Baidu AI Cloud,core,core,unknown_code_or_free_text,"Beijing Baidu Netcom Science and Technology Co., Ltd. hereby makes the commitment that it is a limited liability company duly established and validly existing under the laws of China, and will provide products and services for you in accordance with the Agreement, and earnestly perform the obligations and responsibilities hereunder."
2106,Baidu AI Cloud:25,Baidu AI Cloud,disc -1,disc -1,unknown_code_or_free_text,abuse of system resources
2108,Baidu AI Cloud:26,Baidu AI Cloud,uncle 1,uncle 1,unclear_or_legal_savings_fragment,unless expressly agreed by laws and regulations
2110,Baidu AI Cloud:28,Baidu AI Cloud,uncle 2,uncle 2,unclear_or_legal_savings_fragment,in accordance with applicable laws
2111,Baidu AI Cloud:29,Baidu AI Cloud,uncle 3,uncle 3,unclear_or_legal_savings_fragment,Subject to the requirements of relevant laws and regulations
2113,Baidu AI Cloud:31,Baidu AI Cloud,pato,pato,unknown_code_or_free_text,"You understand and acknowledge that in order to respond to your requests for help in a timely manner, ensure the overall security of the cloud platform, and improve Baidu AI Cloud's services, Baidu AI Cloud will detect, browse, and record your service usage behavior, unsafe features of your data and other user support data"
2114,Baidu AI Cloud:32,Baidu AI Cloud,docu 1,docu 1,documentary_note,corresponding product or service order agreement
2116,Baidu AI Cloud:35,Baidu AI Cloud,disc -1,disc -1,unknown_code_or_free_text,If you have seriously violated this agreement 
2120,Baidu AI Cloud:39,Baidu AI Cloud,disc -1,disc -1,unknown_code_or_free_text,or you seriously violate any service rules of Baidu AI Cloud when you use Baidu AI Cloud service
2123,Baidu AI Cloud:41,Baidu AI Cloud,docu 2,docu 2,documentary_note,the service guidance and rules
2124,Baidu AI Cloud:42,Baidu AI Cloud,pato,pato,unknown_code_or_free_text,"Baidu AI Cloud may inform you of the progress of services and remind you of the next operation by e-mail (or short messages or calls sent to your mobile phone). However, Baidu AI Cloud will not guarantee that you can receive or timely receive this e-mail (or short messages or calls sent to this mobile phone) and will not promise to assume any results therefor. "
2126,Baidu AI Cloud:44,Baidu AI Cloud,may infringe Annex 1(n) Directive 93/13,may infringe Annex 1(n) Directive 93/13,unknown_code_or_free_text,"Some links marked “Here” may guide you to leave the origin server. The server contained in links is not under the control of Baidu AI Cloud. Baidu AI Cloud will not be responsible for any content provided by any link server, any links contained in the link server or any change or renewal of such server. Baidu AI Cloud will not be responsible for any content from any link server. Baidu AI Cloud provides these links only for the purpose of providing convenience, but it doesn’t imply that Baidu AI Cloud approves corresponding third party server."
2127,Baidu AI Cloud:45,Baidu AI Cloud,uncle 4,uncle 4,unclear_or_legal_savings_fragment,Where it is permitted by law
2130,Baidu AI Cloud:48,Baidu AI Cloud,ltd -1; pato,pato,unknown_code_or_free_text,"Meanwhile, Baidu AI Cloud shall be exempted from any liability for losses of data or information therefrom."
2131,Baidu AI Cloud:49,Baidu AI Cloud,ind 0,ind 0,unknown_code_or_free_text,"if any third party files any complaints, claims, lawsuits or other types of demands against you for the information and data you provide, upload or use, or your actions and work results, You understand and acknowledge that you shall solve it immediately and compensate Baidu AI Cloud for all the economic losses arising therefrom, including but not limited to all cost, compensation expenses, etc."
2133,Baidu AI Cloud:51,Baidu AI Cloud,sugg 0,sugg 0,unknown_code_or_free_text,"It is hereby agreed that no compensation will be paid for use of your submissions. Baidu AI Cloud is not obliged to post or use any information you may provide, and Baidu AI Cloud may remove any submissions at any time at its sole discretion."
2137,Baidu AI Cloud:55,Baidu AI Cloud,disc -1; pato,disc -1,unknown_code_or_free_text,"Baidu AI Cloud has the right of reasonable processing and final interpretation regarding various special offers under this agreement, including but not limited to invitation codes, vouchers, and virtual currencies."
2137,Baidu AI Cloud:55,Baidu AI Cloud,disc -1; pato,pato,unknown_code_or_free_text,"Baidu AI Cloud has the right of reasonable processing and final interpretation regarding various special offers under this agreement, including but not limited to invitation codes, vouchers, and virtual currencies."
2141,Epic Games:0,Epic Games,docu 1,docu 1,documentary_note,Privacy Policy 
2142,Epic Games:1,Epic Games,docu 2,docu 2,documentary_note,Fan Content Policy 
2143,Epic Games:2,Epic Games,docu 3,docu 3,documentary_note,"Privacy NoticePlease review our Privacy Notice found at https://www.epicgames.com/privacypolicy, which also governs your use of the Services, to understand our practices."
2146,Epic Games:5,Epic Games,acc_sus 0; acc_del 0; cnt_modr 0,cnt_modr 0,unknown_code_or_free_text,we may terminate or suspend access to the Services based on your breach of these Terms.
2147,Epic Games:6,Epic Games,pato,pato,unknown_code_or_free_text,"Users do not own their accounts, and gifting or otherwise transferring of accounts or access keys is prohibited."
2148,Epic Games:7,Epic Games,uncle 1,uncle 1,unclear_or_legal_savings_fragment,AS REQUIRED BY APPLICABLE LAW
2150,Epic Games:9,Epic Games,virtu; pato,virtu,unknown_code_or_free_text,Epic Account Balance funds do not constitute a personal property right and have no value outside the Services.
2150,Epic Games:9,Epic Games,virtu; pato,pato,unknown_code_or_free_text,Epic Account Balance funds do not constitute a personal property right and have no value outside the Services.
2151,Epic Games:11,Epic Games,disc -1,disc -1,unknown_code_or_free_text,"Epic determines in its sole discretion that you misused the Epic Account Balance, conducted unauthorized Epic Account Balance transactions from another user’s Epic Account Balance, or used the Epic Account Balance to conduct any fraudulent or other illegal activity"
2153,Epic Games:12,Epic Games,uncle 2,uncle 2,unclear_or_legal_savings_fragment,", as required by applicable law."
2154,Epic Games:13,Epic Games,disc -1,disc -1,unknown_code_or_free_text,of the Services’ intended use (in Epic’s sole judgment).
2155,Epic Games:14,Epic Games,ip -1; shad_ip; sugg 0,shad_ip,unknown_code_or_free_text,"and you grant Epic a nonexclusive, royalty-free, perpetual, irrevocable, and fully sublicensable right to use, copy, reproduce, modify, adapt, publish, translate, create derivative works from, distribute, and display such User Contribution throughout the world in any media"
2155,Epic Games:14,Epic Games,ip -1; shad_ip; sugg 0,sugg 0,unknown_code_or_free_text,"and you grant Epic a nonexclusive, royalty-free, perpetual, irrevocable, and fully sublicensable right to use, copy, reproduce, modify, adapt, publish, translate, create derivative works from, distribute, and display such User Contribution throughout the world in any media"
2156,Epic Games:15,Epic Games,cnt_del -1; cnt_modr 0,cnt_modr 0,unknown_code_or_free_text,Epic has the right but not the obligation to monitor and edit or remove any User Contributions. 
2159,Epic Games:18,Epic Games,uncle 3,uncle 3,unclear_or_legal_savings_fragment,"Nothing in these Terms will prejudice the statutory rights that you may have as a consumer of the Services. Some countries, states, provinces or other jurisdictions do not allow the exclusion of certain warranties or the limitation of liability as stated in this section, so the below terms may not fully apply to you. Instead, in such jurisdictions, the exclusions and limitations below shall apply only to the extent permitted by the laws of such jurisdictions."
2161,Epic Games:20,Epic Games,pato,pato,unknown_code_or_free_text,You expressly agree that your use of the Services is at your sole risk. 
2162,Epic Games:21,Epic Games,uncle 4,uncle 4,unclear_or_legal_savings_fragment,To the full extent permissible by law
2163,Epic Games:22,Epic Games,uncle 5,uncle 5,unclear_or_legal_savings_fragment,To the full extent permissible by law
2165,Epic Games:24,Epic Games,uncle 6,uncle 6,unclear_or_legal_savings_fragment,to the full extent permissible by law
2167,Epic Games:26,Epic Games,uncle 7,uncle 7,unclear_or_legal_savings_fragment,"This section only applies to the extent permitted by applicable law. If you are prohibited by law from entering into the indemniﬁcation obligation below, then you assume, to the extent permitted by law"
2168,Epic Games:27,Epic Games,ind 0,ind 0,unknown_code_or_free_text,"You agree to defend, indemnify, and hold harmless Epic, its afﬁliates, and licensors, and their respective ofﬁcers, directors, employees, contractors, agents, licensors, and suppliers from and against any claims, liabilities, damages, judgments, awards, losses, costs, expenses, or fees (including reasonable attorneys’ fees) resulting from your User Contributions or violation of these Terms."
2171,Epic Games:30,Epic Games,uncle 8; pato,uncle 8,unclear_or_legal_savings_fragment,This paragraph will be interpreted as broadly as applicable law permits.
2171,Epic Games:30,Epic Games,uncle 8; pato,pato,unknown_code_or_free_text,This paragraph will be interpreted as broadly as applicable law permits.
2173,Epic Games:32,Epic Games,uncle 9,uncle 9,unclear_or_legal_savings_fragment,To the maximum extent permitted by applicable law
2176,Epic Games:35,Epic Games,uncle 10,uncle 10,unclear_or_legal_savings_fragment,To the fullest extent permitted by law
2177,Epic Games:36,Epic Games,only one party drafted these terms; pato,only one party drafted these terms,unknown_code_or_free_text,It is the express wish of the parties that these Terms and all related documents have been drawn up in English.
2177,Epic Games:36,Epic Games,only one party drafted these terms; pato,pato,unknown_code_or_free_text,It is the express wish of the parties that these Terms and all related documents have been drawn up in English.
2178,Epic Games:37,Epic Games,?,?,unknown_code_or_free_text,Les parties déclarent qu'elles ont demandé et par les présentes conﬁrment leur desir exprés que cette convention soit rédigee en anglais.
2180,Epic Games:39,Epic Games,cnt_modr 0’; disc -1; acc_sus 0; acc_del 0,cnt_modr 0’,unknown_code_or_free_text,"Epic may also at its sole discretion limit access to the Services and/or update, transfer, suspend, or terminate the accounts of any users who infringe the intellectual property rights of others, whether or not there is any repeat infringement."
2180,Epic Games:39,Epic Games,cnt_modr 0’; disc -1; acc_sus 0; acc_del 0,disc -1,unknown_code_or_free_text,"Epic may also at its sole discretion limit access to the Services and/or update, transfer, suspend, or terminate the accounts of any users who infringe the intellectual property rights of others, whether or not there is any repeat infringement."
2181,Evernote:0,Evernote,docu 1,docu 1,documentary_note,Glossary. 
2182,Evernote:1,Evernote,docu 2-5,docu 2-5,documentary_note,"Privacy Policy, Commercial Terms, User Guidelines, IP Compliance Program"
2183,Evernote:2,Evernote,docu 6-7,docu 6-7,documentary_note,Evernote Business Agreement or Evernote Teams Agreement
2184,Evernote:4,Evernote,uncle,uncle,unclear_or_legal_savings_fragment,where required
2187,Evernote:6,Evernote,cnt_del 0; cnt_modr 0,cnt_modr 0,unknown_code_or_free_text,"If we find that any shared Content in your account violates our Terms of Service (including by violating another person’s intellectual property or privacy rights), we reserve the right to un-share or take down such content."
2189,Evernote:8,Evernote,uncle,uncle,unclear_or_legal_savings_fragment,as may be required by applicable law
2191,Evernote:10,Evernote,uncle,uncle,unclear_or_legal_savings_fragment,Consistent with applicable law
2192,Evernote:11,Evernote,acc_sus -1; acc_del -1; reasons „may include”,reasons „may include”,unknown_code_or_free_text,"Evernote may act to temporarily limit your use of the Evernote Service, suspend access to your account, or close your account, with or without notice according to these Terms. Reasons for Evernote suspending or closing your account may include, without limitation: (i) breach or violation of these Terms (including the User Guidelines) or any Separate Agreement, (ii) an extended period of inactivity (determined in Evernote’s sole discretion), (iii) your nonpayment of any fees or other sums due Evernote or any other party related to your use of the Evernote Service, (iv) the discontinuance or material modification of the Evernote Service (or any part thereof) or (v) unexpected technical or security issues or problems or extensive Unsupported Use."
2193,Evernote:12,Evernote,sugg 0,sugg 0,unknown_code_or_free_text,"When you submit any ideas, suggestions, documents and/or proposals relating to the Evernote Service (or other products or services) to Evernote through the “Contact Us,” User Forum or Support interfaces or through any other channel or mechanism (collectively, “Contributions”), you acknowledge and agree that: (i) your Contributions do not contain confidential or proprietary information; (ii) Evernote is not under any obligation of confidentiality, express or implied, with respect to the Contributions; (iii) Evernote shall be entitled to use or disclose (or choose not to use or disclose) such Contributions for any purpose, in any way; (iv) Evernote may have something similar to the Contributions already under consideration or in development; (v) your Contributions automatically become the property of Evernote without any obligation of Evernote to you; and (vi) you are not entitled to any accounting, compensation or reimbursement of any kind from Evernote under any circumstances."
2195,Evernote:14,Evernote,ind 0 ,ind 0,unknown_code_or_free_text,"You agree to indemnify and hold Evernote, its subsidiaries, affiliates, officers, agents, employees, advertisers, Service Providers and other partners harmless from and against any and all claims, liabilities, damages (actual and consequential), losses and expenses (including legal and other professional fees) arising from or in any way related to any third party claims relating to your use of any of the Evernote Service, any violation of these Terms of Service or any other actions connected with your use of the Evernote Service (including all actions taken under your account). In the event of such claim, we will endeavor to provide notice of the claim, suit or action to the contact information we have for the account, provided that any failure to deliver such notice to you shall not eliminate or reduce your indemnification obligation hereunder."
2196,Evernote:15,Evernote,uncle,uncle,unclear_or_legal_savings_fragment,To the maximum extent permitted by law
2199,Evernote:18,Evernote,uncle,uncle,unclear_or_legal_savings_fragment,"NOTHING IN THESE TERMS OF SERVICE (INCLUDING THE LIMITATION OF LIABILITY PROVISIONS) IS INTENDED TO EXCLUDE OR LIMIT ANY CONDITION, WARRANTY, RIGHT OR LIABILITY WHICH MAY NOT BE LAWFULLY EXCLUDED OR LIMITED"
2200,Evernote:19,Evernote,uncle,uncle,unclear_or_legal_savings_fragment,SOME JURISDICTIONS 
2201,Evernote:20,Evernote,uncle,uncle,unclear_or_legal_savings_fragment,ONLY THOSE LIABILITY AND OTHER LIMITATIONS WHICH ARE LAWFUL IN YOUR JURISDICTION (IF ANY) WILL APPLY TO YOU AND OUR LIABILITY IS LIMITED TO THE MAXIMUM EXTENT PERMITTED BY LAW.
2203,Evernote:22,Evernote,sever 0; inter 0 ,inter 0,unknown_code_or_free_text,"If any provision of these Terms of Service is found by a court of competent jurisdiction to be invalid, the parties nevertheless agree that the court should endeavor to give effect to the parties’ intentions as reflected in the provision, and the other provisions of the Terms of Service remain in full force and effect."
2205,Evernote:24,Evernote,uncle,uncle,unclear_or_legal_savings_fragment,and subject to any applicable laws
2207,Evernote:26,Evernote,uncle,uncle,unclear_or_legal_savings_fragment,to the extent required by applicable law
2209,Evernote:28,Evernote,uncle ,uncle,unclear_or_legal_savings_fragment,You agree that regardless of any statute or law to the contrary or the applicable dispute resolution process
2210,Reddit:0,Reddit,docu 1,docu 1,documentary_note,Privacy Policy 
2211,Reddit:1,Reddit,uncle 1,uncle 1,unclear_or_legal_savings_fragment,Except and solely to the extent such a restriction is impermissible under applicable law
2212,Reddit:2,Reddit,docu 2,docu 2,documentary_note,Reddit API Terms of Use
2217,Reddit:7,Reddit,shad_ip,shad_ip,unknown_code_or_free_text,"You also agree that we may remove metadata associated with Your Content, and you irrevocably waive any claims and assertions of moral rights or attribution with respect to Your Content."
2218,Reddit:8,Reddit,sugg 0,sugg 0,unknown_code_or_free_text,"Any ideas, suggestions, and feedback about Reddit or our Services that you provide to us are entirely voluntary, and you agree that Reddit may use such ideas, suggestions, and feedback without compensation or obligation to you."
2219,Reddit:9,Reddit,cnt_del -1; cnt_modr 0,cnt_modr 0,unknown_code_or_free_text,"However, we may, in our sole discretion, delete or remove Your Content at any time and for any reason, including for violating these Terms, violating our Content Policy, or if you otherwise create or are likely to create liability for us."
2221,Reddit:11,Reddit,docu 3,docu 3,documentary_note,Content Policy 
2222,Reddit:12,Reddit,docu 4,docu 4,documentary_note,Broadcasting Content Policy
2223,Reddit:13,Reddit,disc -1,disc -1,unknown_code_or_free_text,that we reasonably believe 
2224,Reddit:14,Reddit,docu 5,docu 5,documentary_note,Moderator Guidelines for Healthy Communities
2225,Reddit:15,Reddit,disc -1,disc -1,unknown_code_or_free_text,"in its sole discretion, believes that such action or decision is not in the interest of Reddit or the Reddit community."
2226,Reddit:16,Reddit,docu 6,docu 6,documentary_note,"purchasing or using Reddit Premium or our Virtual Goods, you further agree to the Reddit Premium and Virtual Goods Agreement."
2228,Reddit:18,Reddit,docu 7,docu 7,documentary_note,Brand Guidelines
2229,Reddit:19,Reddit,uncle 2,uncle 2,unclear_or_legal_savings_fragment,Except to the extent prohibited by law
2230,Reddit:20,Reddit,ind 0,ind 0,unknown_code_or_free_text,", you agree to defend, indemnify, and hold Reddit, its affiliates, and their respective directors, officers, employees, affiliates, agents, contractors, third-party service providers, andlicensors (the “Reddit Entities”) harmless from and against any claim or demand made by any third party, and any related liability, damage, loss, and expense (including costs and attorneys’ fees) due to, arising out of, or in connection with: (a) your use of the Services, (b) your violation of these Terms, (c) your violation of applicable laws or regulations, or (d) Your Content. "
2231,Reddit:21,Reddit,uncle 3,uncle 3,unclear_or_legal_savings_fragment,By using the Services you agree that the Reddit Entities’ liability is limited to the maximum extent permissible in your country of residence
2233,Reddit:23,Reddit,uncle 4,uncle 4,unclear_or_legal_savings_fragment,This limitation of liability will not apply to any statutory liability that cannot be limited
2235,Reddit:25,Reddit,docu 8-10,docu 8-10,documentary_note,"If you use Reddit Premium or Virtual Goods, you must also agree to the Reddit Premium and Virtual Goods Agreement.If you use the self-service platform for advertising, you must also agree to our Reddit Advertising Platform Terms.If you use our public API, you must also agree to our Reddit API Terms of Use. If you use Reddit Gifts, you must agree to the Reddit Gifts User Agreement.If you use Reddit Embeds, you must agree to the Embeds Terms of Use."
2237,Reddit:27,Reddit,uncle 5,uncle 5,unclear_or_legal_savings_fragment,To the fullest extent permitted by applicable law
2241,Slack:0,Slack,docu 1,docu 1,documentary_note,"User Terms, you agree to comply with the most recent version of our acceptable use policy, which is incorporated by reference into these User Terms. If you access or u"
2242,Slack:1,Slack,what,what,unknown_code_or_free_text,"a workspace (i.e. a unique domain where a group of users may access the Services, as further described in our Help Centre pages)"
2243,Slack:2,Slack,docu 2,docu 2,documentary_note,Customer terms of service 
2245,Slack:4,Slack,uncle 1,uncle 1,unclear_or_legal_savings_fragment,To the extent prohibited by applicable law
2246,Slack:5,Slack,"cnt_modr 0, acc_sus 0",cnt_modr 0,unknown_code_or_free_text,We may directly step in and take what we determine to be appropriate action (including disabling your account) 
2249,Slack:8,Slack,uncle 2,uncle 2,unclear_or_legal_savings_fragment,THE FOREGOING DISCLAIMERS WILL NOT APPLY TO THE EXTENT PROHIBITED BY APPLICABLE LAW
2250,Slack:9,Slack,uncle 3,uncle 3,unclear_or_legal_savings_fragment,To the maximum extent permitted by law
2251,Slack:10,Slack,uncle 4,uncle 4,unclear_or_legal_savings_fragment,"If however any consumer laws (e.g. in Australia, the Competition and Consumer Act 2010 (Cth)) do apply and cannot otherwise be lawfully excluded"
2252,Slack:11,Slack,contrary to Art. 61 of Polish Civil Code,contrary to Art. 61 of Polish Civil Code,unknown_code_or_free_text,A notice will be deemed to have been duly given
2253,Slack:12,Slack,docu 3,docu 3,documentary_note,Privacy policy 
2256,Slack:15,Slack,uncle 5,uncle 5,unclear_or_legal_savings_fragment,enforced to the fullest extent permitted under applicable law
2257,Slack:16,Slack,uncle 6,uncle 6,unclear_or_legal_savings_fragment,to the fullest extent permitted by law
2261,Zalando:0,Zalando,what,what,unknown_code_or_free_text,"indywidualny proces zakupów i korzystania z usług dopasowanych do jego zainteresowań i potrzeb.Na www.zalando.pl i www.zalando-zircle.pl sprzedajemy artykuły Zalando, artykuły ﬁrm partnerskich i artykuły Zalando-Zircle (ubrania z drugiej ręki, także nazywane „artykuły Mody Pre-Owned”). Na stronie www.zalando- zircle.pl są oferowane jedynie artykuły Mody Pre-Owned"
2264,moBILET:0,moBILET,what,what,unknown_code_or_free_text,System moBiLET - system autoryzacji i rozliczeń płatności mobilnych
2265,moBILET:1,moBILET,what,what,unknown_code_or_free_text,"moBiLET Komunikacja – integralna część Systemu moBiLET, umożliwiająca zakup elektronicznego biletu i zalegalizowanie przejazdu środkami komunikacji miejskiej i podmiejskiej, dalekobieżnej, w tym kolejowej, za pomocą urządzenia mobilnego"
2266,moBILET:2,moBILET,what,what,unknown_code_or_free_text,"moBiLET Parkowanie – integralna część Systemu moBiLET umożliwiająca rozliczanie rzeczywistego czasu postoju w strefach płatnego parkowania oraz na parkingach prywatnych, za pomocą urządzenia mobilnego"
2267,moBILET:3,moBILET,core,core,unknown_code_or_free_text,"do realizacji Umowy konieczne jest podanie poprawnych i aktualnych danych osobowych, wykorzystywanych podczas korzystania z Sytemu moBiLET"
2268,moBILET:4,moBILET,core,core,unknown_code_or_free_text,", Użytkownik jest ponadto zobowiązany na bieżąco aktualizować swoje dane osobowe w Systemie moBiLET, niezwłocznie po zaistniałej zmianie"
2269,moBILET:5,moBILET,"acc_sus 0, but the lack of notice period is justified here",but the lack of notice period is justified here,unknown_code_or_free_text,"W razie zgłoszenia przez Użytkownika sytuacji wskazanej w pkt. 4 i/lub 5 powyżej, Konto Użytkownika zostanie natychmiast zablokowane"
2271,moBILET:7,moBILET,core,core,unknown_code_or_free_text,"moBiLET zobowiązany jest zapewnić ciągły dostęp do Systemu moBiLET poprzez Portal Użytkownika oraz Aplikację, jak i zapewnić bezpieczeństwo realizowanych za ich pomocą transakcji"
2272,moBILET:8,moBILET,core,core,unknown_code_or_free_text,moBiLET zobowiązany jest do realizacji transakcji dokonywanych przez Użytkowników w ramach Systemu moBiLET
2275,moBILET:11,moBILET,"acc_sus 0, sometimes immediate account suspension (without notice period) might be desired, for example, to protect other users against spam or uploading harmful or infringing others’ rights content",sometimes immediate account suspension (without notice period) might be desired,unknown_code_or_free_text,"W przypadku, gdy moBILET poweźmie uzasadnione podejrzenie, iż Konto Użytkownika jest lub może zostać wykorzystane do nadużyć, lub niezgodnie z obowiązującymi przepisami prawa, lub z postanowieniami Umowy, moBiLET zastrzega sobie prawo do zablokowania Konta Użytkownika"
2275,moBILET:11,moBILET,"acc_sus 0, sometimes immediate account suspension (without notice period) might be desired, for example, to protect other users against spam or uploading harmful or infringing others’ rights content",for example,unknown_code_or_free_text,"W przypadku, gdy moBILET poweźmie uzasadnione podejrzenie, iż Konto Użytkownika jest lub może zostać wykorzystane do nadużyć, lub niezgodnie z obowiązującymi przepisami prawa, lub z postanowieniami Umowy, moBiLET zastrzega sobie prawo do zablokowania Konta Użytkownika"
2275,moBILET:11,moBILET,"acc_sus 0, sometimes immediate account suspension (without notice period) might be desired, for example, to protect other users against spam or uploading harmful or infringing others’ rights content",to protect other users against spam or uploading harmful or infringing others’ rights content,unknown_code_or_free_text,"W przypadku, gdy moBILET poweźmie uzasadnione podejrzenie, iż Konto Użytkownika jest lub może zostać wykorzystane do nadużyć, lub niezgodnie z obowiązującymi przepisami prawa, lub z postanowieniami Umowy, moBiLET zastrzega sobie prawo do zablokowania Konta Użytkownika"
2276,moBILET:12,moBILET,what,what,unknown_code_or_free_text,"System   moBiLET   umożliwia   Użytkownikowi   zalegalizowanie   przejazdu   środkami   komunikacji   miejskiej i podmiejskiej, przejazdu środkami komunikacji dalekobieżnej, w tym kolejowej poprzez zakup biletu w postaci zapisu elektronicznego oraz jego obsługę na Urządzeniu. Wybór organizatora, przewoźnika, rodzaju biletu, ilości biletów, relacji oraz odpowiedniej taryfy, następuje za pośrednictwem Aplikacji i wymaga weryfikacji szczegółów danego biletu przez Użytkowania. Użytkownik otrzyma potwierdzenie na swoje Urządzenie, które będzie zawierać wszystkie informacje dotyczące rodzaju biletu, czasu, ważności, itp"
2277,moBILET:13,moBILET,what,what,unknown_code_or_free_text,"System moBiLET umożliwia Użytkownikowi zalegalizowanie postoju w strefie płatnego parkowania oraz na parkingach prywatnych, poprzez rozpoczęcie, przedłużenie oraz zakończenie naliczania rzeczywistego czasu postoju za pomocą Aplikacji. Wybór miasta, strefy, parkingu, maksymalnego czasu naliczania oraz numeru rejestracyjnego pojazdu, następuje za pośrednictwem Aplikacji i wymaga weryfikacji szczegółów danego postoju przez Użytkowania. Użytkownik otrzyma potwierdzenie na swoje Urządzenie, które będzie zawierać wszystkie informacje dotyczące miasta, strefy, czasu ważności itp."
2278,moBILET:14,moBILET,"previously it was stated that „do realizacji Umowy konieczne jest podanie poprawnych i aktualnych danych osobowych, wykorzystywanych podczas korzystania z Sytemu moBiLET”",previously it was stated that „do realizacji Umowy konieczne jest podanie poprawnych i aktualnych danych osobowych,unknown_code_or_free_text,"iż dane osobowe zbierane podczas rejestracji w Systemie moBiLET są wykorzystywane tylko i wyłącznie dla potrzeb niezbędnych do Rejestracji Użytkownika w Systemie moBiLET oraz realizacji Umowy, zaś ich podanie podczas Rejestracji jest dobrowolne, lecz niezbędne do realizacji umowy"
2278,moBILET:14,moBILET,"previously it was stated that „do realizacji Umowy konieczne jest podanie poprawnych i aktualnych danych osobowych, wykorzystywanych podczas korzystania z Sytemu moBiLET”",wykorzystywanych podczas korzystania z Sytemu moBiLET”,unknown_code_or_free_text,"iż dane osobowe zbierane podczas rejestracji w Systemie moBiLET są wykorzystywane tylko i wyłącznie dla potrzeb niezbędnych do Rejestracji Użytkownika w Systemie moBiLET oraz realizacji Umowy, zaś ich podanie podczas Rejestracji jest dobrowolne, lecz niezbędne do realizacji umowy"
2280,moBILET:16,moBILET,docu,docu,documentary_note,odpowiedniego regulaminu
2281,moBILET:17,moBILET,"no c_law, as the choice of Polish law refers only to users in Poland",no c_law,unknown_code_or_free_text,"We wszystkich sprawach dotyczących korzystania z Systemu moBiLET nieuregulowanych niniejszym Regulaminem zastosowanie mają odpowiednie przepisy powszechnie obowiązującego prawa na terytorium Rzeczpospolitej Polskiej.Niniejszy Regulamin nie ma zastosowania na terenie innych krajów, gdzie System moBiLET jest dostępny. W takim przypadku obowiązuje oddzielny regulamin, którego zapisy dostosowane są do regulacji obowiązujących w danym kraju"
2281,moBILET:17,moBILET,"no c_law, as the choice of Polish law refers only to users in Poland",as the choice of Polish law refers only to users in Poland,unknown_code_or_free_text,"We wszystkich sprawach dotyczących korzystania z Systemu moBiLET nieuregulowanych niniejszym Regulaminem zastosowanie mają odpowiednie przepisy powszechnie obowiązującego prawa na terytorium Rzeczpospolitej Polskiej.Niniejszy Regulamin nie ma zastosowania na terenie innych krajów, gdzie System moBiLET jest dostępny. W takim przypadku obowiązuje oddzielny regulamin, którego zapisy dostosowane są do regulacji obowiązujących w danym kraju"
2282,Twitter:0,Twitter,docu 1,docu 1,documentary_note,Privacy Policy (https://www.twitter.com/privacy) 
2283,Twitter:1,Twitter,cnt_del 0; cnt_modr 0,cnt_modr 0,unknown_code_or_free_text,"We reserve the right to remove Content that violates the User Agreement, including for example, copyright or trademark violations or other intellectual property misappropriation, impersonation, unlawful conduct, or harassment. Information regarding speciﬁc policies and the process for reporting or appealing violations can be found in our Help Center (https://help.twitter.com/en/rules-and-policies/twitter-report-violation#speciﬁc- violations and https://help.twitter.com/en/managing-your-account/suspended-twitter-accounts)."
2287,Twitter:5,Twitter,docu 2-3,docu 2-3,documentary_note,"our Developer Agreement (https://developer.twitter.com/en/developer-terms/agreement) and DeveloperPolicy (https://developer.twitter.com/en/developer-terms/policy). If you want to reproduce, modify, create "
2288,Twitter:6,Twitter,docu 4,docu 4,documentary_note,Vulnerability Reporting Program 
2289,Twitter:7,Twitter,docu 5,docu 5,documentary_note,"If you use advertising features of the Services, you must agree to our Twitter Master Services Agreement (https://ads.twitter.com/terms)."
2290,Twitter:8,Twitter,docu 6,docu 6,documentary_note,"If you use Super Hearts, Coins, or Stars on Periscope, you agree to our Super Hearts Terms (https://legal.twitter.com/en/periscope/super/terms.html)."
2291,Twitter:9,Twitter,sugg 0,sugg 0,unknown_code_or_free_text,"Any feedback, comments, or suggestions you may provide regarding Twitter, or the Services is entirely voluntary and we will be free to use such feedback, comments or suggestions as we see ﬁt and without any obligation to you."
2293,Twitter:11,Twitter,docu 7-8,docu 7-8,documentary_note,the Twitter Rules and Policies or Periscope Community Guidelines
2294,Twitter:12,Twitter,disc -1,disc -1,unknown_code_or_free_text,) our provision of the Services to you is no longer commercially viable
2295,Twitter:14,Twitter,uncle,uncle,unclear_or_legal_savings_fragment,limited to the maximum extent permissible in your country of residence.
2299,ABEMA:0,ABEMA,docu,docu,documentary_note,"In order to ensure the smooth operation of the Service, the guidelines, precautions, and other rules and regulations regarding the use of the Service that are separately stipulated by Abema within the Service as necessary shall be incorporated as part of these Terms and Conditions"
2300,ABEMA:1,ABEMA,docu 1,docu 1,documentary_note,Privacy Policy.
2301,ABEMA:2,ABEMA,disc -1,disc -1,unknown_code_or_free_text,If necessary
2307,ABEMA:8,ABEMA,disc -1,disc -1,unknown_code_or_free_text,as necessary 
2308,ABEMA:9,ABEMA,disc -1,disc -1,unknown_code_or_free_text,Abema may take measures deemed necessary
2309,ABEMA:10,ABEMA,disc -1,disc -1,unknown_code_or_free_text,Any other acts deemed inappropriate by Abema.
2311,ABEMA:11,ABEMA,cnt_modr 0,cnt_modr 0,unknown_code_or_free_text,"In the event that we deem that a User has engaged in any of the prohibited activities set forth in the preceding paragraph, we may suspend the use of all or part of the Service, restrict the use of the Service, or take any other measures deemed appropriate by us."
2312,ABEMA:13,ABEMA,disc -1,disc -1,unknown_code_or_free_text,Other cases where we deem it unavoidable.
2318,Zoom:0,Zoom,Serv_chg -1,Serv_chg -1,known_code_without_valid_score,"Zoom may, in its sole discretion, discontinue the Services or modify the features of the Services from time to time without prior notice"
2319,Zoom:1,Zoom,against Article 8 (1)(d) Directive 2019/770,against Article 8 (1)(d) Directive 2019/770,unknown_code_or_free_text,Zoom makes no representations that a Beta version will ever be made generally available and reserves the right to discontinue or modify a Beta version at any time without notice.
2320,Zoom:2,Zoom,ltd -1; pato,pato,unknown_code_or_free_text,"(c) any loss or damage of any kind incurred as a result of the use of, access to, or denial of access to Content."
2321,Zoom:3,Zoom,cnt_del 0; cnt_modr 0,cnt_modr 0,unknown_code_or_free_text,"Although Zoom is not responsible for any Content, Zoom may delete any Content, at any time without notice to You, if Zoom becomes aware that it violates any provision of this Agreement, or any law"
2323,Zoom:5,Zoom,docu 1,docu 1,documentary_note,Zoom’s Privacy Statement
2326,Zoom:8,Zoom,may infringe Annex 1(d) Directive 93/13,may infringe Annex 1(d) Directive 93/13,unknown_code_or_free_text,"If you cancel, you will not receive a refund for any service already paid for."
2327,Zoom:10,Zoom,may infringe Annex 1(d) Directive 93/13,may infringe Annex 1(d) Directive 93/13,unknown_code_or_free_text,and retain any fees previously paid by You
2329,Zoom:11,Zoom,pato,pato,unknown_code_or_free_text,"If at any time You are not happy with the Services, Your sole remedy is to cease using the Services and follow this termination process."
2332,Zoom:14,Zoom,ind 0,ind 0,unknown_code_or_free_text,"You agree to indemnify, defend and hold harmless Zoom, its aﬃliates, oﬃcers, directors, employees, consultants, agents, suppliers and Resellers from any and all third party claims, liability, damages and/or costs (including, but not limited to, attorneys’ fees) arising from Your use of the Services, Your violation of this Agreement or the infringement or violation by You or any other user of Your account, of any intellectual property or other right of any person or entity or applicable law"
2333,Zoom:15,Zoom,uncle 1,uncle 1,unclear_or_legal_savings_fragment,TO THE MAXIMUM EXTENT PERMITTED BY APPLICABLE LAW
2336,Zoom:18,Zoom,uncle 2,uncle 2,unclear_or_legal_savings_fragment,"Because some states and jurisdictions do not allow the exclusion or limitation of liability, the above limitation may not apply to You"
2339,Zoom:21,Zoom,docu 2,docu 2,documentary_note,Zoom Global Data Processing Addendum 
2342,Zoom:25,Zoom,inter -1,inter -1,unknown_code_or_free_text,that provision will be amended to achieve as nearly as possible the same economic eﬀect of the original provision 
2345,Yanosik:0,Yanosik,core,core,unknown_code_or_free_text,Niniejszy regulamin określa zakres i warunki wykonywania przez Neptis usługi dostępu do systemu Yanosik.
2346,Yanosik:1,Yanosik,what,what,unknown_code_or_free_text,Usługa – pakiet transmisji danych umożliwiający dostęp do systemu Yanosik na terenie Polski
2347,Yanosik:2,Yanosik,what,what,unknown_code_or_free_text,System Yanosik – teleinformatyczny system wymiany informacji drogowej pomiędzy Użytkownikami oparty na technologiach GPS i GPRS.
2348,Yanosik:3,Yanosik,core,core,unknown_code_or_free_text,"W ramach świadczonych usług Neptis jest uprawniony do pobierania, gromadzenia i dysponowania, w tym udostępniania, danych zebranych z urządzeń w oparciu o system teleinformatyczny Neptis, zgodnie z dodatkowymi funkcjami urządzeń GPS nie stanowiącymi treści usługi z zastrzeżeniem iż w ramach powyższych czynności nie będzie następowała identyﬁkacja podmiotu generującego dane."
2349,Yanosik:4,Yanosik,what,what,unknown_code_or_free_text,Poprzez Usługę Yanosik w myśl niniejszego Regulaminu rozumie się umożliwienie Użytkownikom wymiany informacji drogowych w czasie rzeczywistym z innymi Użytkownikami systemu Yanosik za pomocą Terminala.
2351,Yanosik:7,Yanosik,may infringe Annex 1(d) Directive 93/13,may infringe Annex 1(d) Directive 93/13,unknown_code_or_free_text,bez obowiązku zwrotu całości lub części opłaty 
2352,Yanosik:8,Yanosik,disc -1,disc -1,unknown_code_or_free_text,"wykorzystywania przez Użytkownika Usługi niezgodnie z jej przeznaczeniem,"
2355,Yanosik:11,Yanosik,uncle 1,uncle 1,unclear_or_legal_savings_fragment,"innych okoliczności, za które w myśl przepisów kodeksu cywilnego zobowiązany do świadczenia nie ponosi odpowiedzialności"
2358,Yanosik:13,Yanosik,but the definition of a user excludes consumers,but the definition of a user excludes consumers,unknown_code_or_free_text,Użytkownik będący konsumentem
2363,Dropbox:0,Dropbox,docu 1,docu 1,documentary_note,Privacy Policy 
2364,Dropbox:1,Dropbox,docu 2,docu 2,documentary_note,Acceptable Use Policy 
2365,Dropbox:2,Dropbox,what,what,unknown_code_or_free_text,"Our Services also provide you with features like commenting, sharing, searching, image thumbnails, document previews, optical character recognition (OCR), easy sorting and organization, and personalization to help reduce busywork."
2367,Dropbox:4,Dropbox,uncle 1,uncle 1,unclear_or_legal_savings_fragment,only as permitted by applicable law
2368,Dropbox:5,Dropbox,uncle 2,uncle 2,unclear_or_legal_savings_fragment,If the law where you reside
2370,Dropbox:7,Dropbox,uncle 3,uncle 3,unclear_or_legal_savings_fragment,Unless the following restrictions are prohibited by law
2371,Dropbox:8,Dropbox,sugg 0,sugg 0,unknown_code_or_free_text,"Beta Services are made available so that we can collect user feedback, and by using our Beta Services, you agree that we may contact you to collect such feedback."
2373,Dropbox:10,Dropbox,docu 3,docu 3,documentary_note,Copyright Policy
2375,Dropbox:11,Dropbox,cnt_modr 0,cnt_modr 0,unknown_code_or_free_text,We reserve the right to delete or disable content allegedto be infringing and terminate accounts of repeat infringers
2376,Dropbox:13,Dropbox,uncle 4,uncle 4,unclear_or_legal_savings_fragment,"Some countries have mandatory local laws regarding your cancellation rights, and this paragraph doesn’t override these laws."
2377,Dropbox:14,Dropbox,uncle 5,uncle 5,unclear_or_legal_savings_fragment,. Refunds are only issued if required by law
2380,Dropbox:16,Dropbox,cnt_modr 0; acc_sus 1; acc_del 1,cnt_modr 0,unknown_code_or_free_text,"You’re free to stop using our Services at any time. We reserve the right to suspend or terminate your access to the Services with notice to you if:you’re in breach of these Terms,your use of the Services would cause a real risk of harm or loss to us or other users, oryou don’t have a Paid Account and haven't accessed our Services for 12 consecutive months.We’ll provide you with reasonable advance notice via the email address associated with your account to remedy the activity that prompted us to contact you and give you the opportunity to export Your Stuﬀ from our Services. If after such notice you fail to take the steps we ask of you, we’ll terminate or suspend your access to the Services."
2381,Dropbox:19,Dropbox,"cnt_retr 0; 0, because in other cases (as above) the right to retrieve the digital content after contract's termination is ensured",0,unknown_code_or_free_text,or an opportunity to export Your Stuﬀ 
2381,Dropbox:19,Dropbox,"cnt_retr 0; 0, because in other cases (as above) the right to retrieve the digital content after contract's termination is ensured",because in other cases (as above) the right to retrieve the digital content after contract's termination is ensured,unknown_code_or_free_text,or an opportunity to export Your Stuﬀ 
2382,Dropbox:18,Dropbox,"acc_sus 0; acc_del 0; sometimes immediate account suspension (without notice period) might be desired, for example, to protect other users against spam or uploading harmful or infringing others’ rights content, as explained here",sometimes immediate account suspension (without notice period) might be desired,unknown_code_or_free_text,"We won’t provide notice or an opportunity to export Your Stuﬀ before termination or suspension of access to the Services where:you’re in material breach of these Terms,doing so would cause us legal liability or compromise our ability to provide the Services to our other users, orwe're prohibited from doing so by law."
2382,Dropbox:18,Dropbox,"acc_sus 0; acc_del 0; sometimes immediate account suspension (without notice period) might be desired, for example, to protect other users against spam or uploading harmful or infringing others’ rights content, as explained here",for example,unknown_code_or_free_text,"We won’t provide notice or an opportunity to export Your Stuﬀ before termination or suspension of access to the Services where:you’re in material breach of these Terms,doing so would cause us legal liability or compromise our ability to provide the Services to our other users, orwe're prohibited from doing so by law."
2382,Dropbox:18,Dropbox,"acc_sus 0; acc_del 0; sometimes immediate account suspension (without notice period) might be desired, for example, to protect other users against spam or uploading harmful or infringing others’ rights content, as explained here",to protect other users against spam or uploading harmful or infringing others’ rights content,unknown_code_or_free_text,"We won’t provide notice or an opportunity to export Your Stuﬀ before termination or suspension of access to the Services where:you’re in material breach of these Terms,doing so would cause us legal liability or compromise our ability to provide the Services to our other users, orwe're prohibited from doing so by law."
2382,Dropbox:18,Dropbox,"acc_sus 0; acc_del 0; sometimes immediate account suspension (without notice period) might be desired, for example, to protect other users against spam or uploading harmful or infringing others’ rights content, as explained here",as explained here,unknown_code_or_free_text,"We won’t provide notice or an opportunity to export Your Stuﬀ before termination or suspension of access to the Services where:you’re in material breach of these Terms,doing so would cause us legal liability or compromise our ability to provide the Services to our other users, orwe're prohibited from doing so by law."
2384,Dropbox:21,Dropbox,uncle 6,uncle 6,unclear_or_legal_savings_fragment,. TO THE FULLEST EXTENT PERMITTED BY LAW
2386,Dropbox:23,Dropbox,uncle 7,uncle 7,unclear_or_legal_savings_fragment,"Some places don’t allow the disclaimers in this paragraph, so they may not apply to you."
2387,Dropbox:24,Dropbox,uncle 8,uncle 8,unclear_or_legal_savings_fragment,WE DON’T EXCLUDE OR LIMIT OUR LIABILITY TO YOU WHERE IT WOULD BE ILLEGAL TO DO SO
2388,Dropbox:25,Dropbox,uncle 9,uncle 9,unclear_or_legal_savings_fragment,IN COUNTRIES WHERE THE FOLLOWING TYPES OF EXCLUSIONS AREN’T ALLOWED
2389,Dropbox:26,Dropbox,uncle 10,uncle 10,unclear_or_legal_savings_fragment,THIS PARAGRAPH DOESN’T AFFECT CONSUMER RIGHTS THAT CAN'T BE WAIVED OR LIMITED BY ANY CONTRACT OR AGREEMENT
2391,Dropbox:28,Dropbox,uncle 11,uncle 11,unclear_or_legal_savings_fragment,IN COUNTRIES WHERE EXCLUSIONS OR LIMITATIONS OF LIABILITY ARE ALLOWED
2392,Dropbox:29,Dropbox,uncle 12,uncle 12,unclear_or_legal_savings_fragment,OTHER THAN FOR THE TYPES OF LIABILITY WE CANNOT LIMIT BY LAW 
2394,Dropbox:31,Dropbox,uncle 13,uncle 13,unclear_or_legal_savings_fragment,THIS PROVISION DOES NOT APPLY TO EU CONSUMERS WHERE PROHIBITED BY APPLICABLE LAW
2396,Dropbox:33,Dropbox,uncle 14,uncle 14,unclear_or_legal_savings_fragment,"If you reside in a country (for example, a member state of the European Union) with laws that give consumers the right to bring disputes in their local courts, this paragraph doesn’t aﬀect those requirements."
2400,Dropbox:37,Dropbox,uncle 15,uncle 15,unclear_or_legal_savings_fragment,"However, some countries (including those in the European Union) have laws that require agreements to be governed by the local laws of the consumer's country. This paragraph doesn’t override those laws."
2403,Dropbox:40,Dropbox,"contr_chg 0, as 3. refers to ser_chg, which is -1",as 3. refers to ser_chg,unknown_code_or_free_text,"We may revise these Terms from time to time to better reﬂect:changes to the law,new regulatory requirements, orimprovements or enhancements made to our Services.If an update aﬀects your use of the Services or your legal rights as a user of our Services, we’ll notify you prior to the update's eﬀective date by sending an email to the email address associated with your account or via an in-product notiﬁcation. These updated terms will be eﬀective no less than 30 days from when we notify you."
2403,Dropbox:40,Dropbox,"contr_chg 0, as 3. refers to ser_chg, which is -1",which is -1,unknown_code_or_free_text,"We may revise these Terms from time to time to better reﬂect:changes to the law,new regulatory requirements, orimprovements or enhancements made to our Services.If an update aﬀects your use of the Services or your legal rights as a user of our Services, we’ll notify you prior to the update's eﬀective date by sending an email to the email address associated with your account or via an in-product notiﬁcation. These updated terms will be eﬀective no less than 30 days from when we notify you."
2404,Tidal:0,Tidal,docu 1,docu 1,documentary_note,Privacy Policy 
2410,Tidal:7,Tidal,uncle 1,uncle 1,unclear_or_legal_savings_fragment,", unless otherwise required by law "
2411,Tidal:6,Tidal,may infringe Annex 1(d) Directive 93/13,may infringe Annex 1(d) Directive 93/13,unknown_code_or_free_text,"Refund Policy. We will not refund any fees paid to us, including any advance charge(s) or payment(s) for any subscription term for the Services, unless otherwise required by law or the terms of this Agreement."
2412,Tidal:8,Tidal,may infringe Annex 1(n) Directive 93/13,may infringe Annex 1(n) Directive 93/13,unknown_code_or_free_text,"The Services provides a platform for Third pary applications, websites, platforms and services to make available products and services to you (“Third pary applications”), and your use of these Third pary applications is subject to their respective terms of use and privacy policies. You should contact the administrator or webmaster for those Third Pary Application if you have any concerns regarding such Third Pary Application or any content located on such Third Pary Application. You understand and agree that TIDAL is not responsible or liable for the behavior, features, or content of any Third Pary Application and does not make any representations regarding the behavior, features, content or accuracy of materials on any Third Pary Application. "
2413,Tidal:9,Tidal,cnt_modr 0; acc_sus 0; acc_del 0; cnt_del 0,cnt_modr 0,unknown_code_or_free_text,"If TIDAL, in its reasonable discretion, thinks you have breached the Terms, or has reasonable grounds to believe that you are likely to breach these Terms, we may take any action we think is necessary to protect the Services and the Service Content. We may:(a) restrict, suspend, or (in the case of serious breaches) terminate your right to use the Services; (b) remove your User content (as deﬁned below) from the Services; (c) investigate and take legal proceedings against you; or (d) disclose any information to law enforcement authorities we think is necessary or as required by law. These actions are notlimited and we may take any other action we reasonably deem appropriate."
2414,Tidal:10,Tidal,ip -1; shad_ip,shad_ip,unknown_code_or_free_text,"By submitting any User content on or through the Services, you grant to TIDAL the right to (and to permit TIDAL’s subcontractors to) store, display, stream, reproduce, promote, publicly perform, create and use derivative works of, distribute and otherwise exploit the User content on or through the Services via any and all devices known or devised in the future. For the avoidance of doubt, to the extent you use the Edit Functionaliy to create a Remix, you acknowledge and agree that you own no right, title or interest therein and that any such Remix shall not be considered your User content hereunder."
2416,Tidal:12,Tidal,disc -1,disc -1,unknown_code_or_free_text,in TIDAL’s reasonable opinion
2417,Tidal:13,Tidal,sugg 0,sugg 0,unknown_code_or_free_text,"We have provided our contact information and email links on the Services because we would like to hear from you. However, we do not want you to, and you should not, send TIDAL any documents or other materials that contain conﬁdential or proprietary information. You grant TIDAL an unrestricted, irrevocable, royaly-free license to copy, distribute, and modify any such documents or other materials that you send TIDAL, and to use for any purpose any ideas, trade secrets, know-how or other conﬁdential or proprietary information disclosed in those documents or other materials, and that all of the representations and promises you make pursuant to this Agreement with respect to User content apply equally with respect to any other documents or materials that you send to TIDAL that do not constitute User content."
2420,Tidal:16,Tidal,uncle 2,uncle 2,unclear_or_legal_savings_fragment,NOTHING IN THESE TERMS SHALL EXCLUDE OR LIMIT ANY WARRANTIES THAT MAY NOT BE EXCLUDED OR LIMITED UNDER APPLICABLE LAW
2421,Tidal:17,Tidal,uncle 3,uncle 3,unclear_or_legal_savings_fragment,TO THE EXTENT PERMITTED BY LAW
2425,Tidal:21,Tidal,may infringe Annex 1(n) Driective 93/13,may infringe Annex 1(n) Driective 93/13,unknown_code_or_free_text,WE ASSUME NO RESPONSIBILITY FOR THE CONTENT OF WEBSITES LINKED ON THE SERVICES. SUCH LINKS SHOULD NOT BE INTERPRETED AS ENDORSEMENT BY US OF THOSE LINKED WEBSITES. WE WILL NOT BE LIABLE FOR ANY LOSS OR DAMAGE THAT MAY ARISE FROM YOUR USE OF THEM.
2426,Tidal:22,Tidal,uncle 4,uncle 4,unclear_or_legal_savings_fragment,THIS DOES NOT AFFECT YOUR STATUTORY RIGHTS AS A CONSUMER
2427,Tidal:23,Tidal,uncle 5,uncle 5,unclear_or_legal_savings_fragment,ANY OTHER LIABILITY THAT CANNOT BE EXCLUDED BY LAW.
2428,Tidal:24,Tidal,uncle 6,uncle 6,unclear_or_legal_savings_fragment,To the fullest extent permitted by applicable law
2429,Tidal:25,Tidal,ind 0,ind 0,unknown_code_or_free_text,"To the fullest extent permitted by applicable law, you agree to defend, indemnify, and hold TIDAL and its aﬃliated entities, and each of their present, former and future parents, predecessors, successors, assignees, subsidiaries, owners, oﬃcers and directors (whether acting in such capaciy or individually), agents and attorneys harmless from andagainst any claims, actions or demands, including, without limitation, reasonable legal and accounting fees, arising from, relating to or resulting from (a) your breach or allegedbreach of the Agreement; (b) your unauthorized access to, use or misuse of the Service Content or the Services; (c) any breach of your representations and promises set forth herein, or (d) your violation of any law or the rights of a third pary. We shall provide notice to you of any such claim, suit, or proceeding and shall assist you, at your expense, in defending any such claim, suit or proceeding. We reserve the right to assume the exclusive defense and control of any matter that is subject to Indemniﬁcation under this section. In such case, you agree to cooperate with any reasonable requests assisting our defense of such matter."
2435,Krakowskie Smaki:0,Krakowskie Smaki,core,core,unknown_code_or_free_text,"KrakowskieSmaki.pl markets meals on behalf of the partner restaurants, concludes orders on their behalf and delivers the meals to you."
2436,Krakowskie Smaki:1,Krakowskie Smaki,what,what,unknown_code_or_free_text,"Customers can place orders at their choice:by telephone at the number indicated on the portal KrakowskieSmaki.pl,electronically, via the order form given on the portal KrakowskieSmaki.plelectronically, via the customer panel, to which customers gain access after creating a user account on the portal KrakowskieSmaki.pl"
2437,Krakowskie Smaki:2,Krakowskie Smaki,docu 1,docu 1,documentary_note,terms of delivery
2439,Krakowskie Smaki:4,Krakowskie Smaki,disc -1; pato,disc -1,unknown_code_or_free_text,KrakowskieSmaki.pl and partner restaurants reserve the right to refuse the order because of their own important reasons. 
2439,Krakowskie Smaki:4,Krakowskie Smaki,disc -1; pato,pato,unknown_code_or_free_text,KrakowskieSmaki.pl and partner restaurants reserve the right to refuse the order because of their own important reasons. 
2445,LetyShops:0,LetyShops,docu 1-2,docu 1-2,documentary_note,"the terms of use of the LetyShops.com website, and the policy for processing your personal data"
2446,LetyShops:1,LetyShops,what,what,unknown_code_or_free_text,"The LetyShops Service is an Internet service that allows its Customers to reclaim some of their money spent on purchases made on the Advertisers’ websites after using the LetyShops.com website (this money is hereinafter referred to as the Cashback), as well as to receive informational and advertising notifications about discounts, promos, and special offers of the Service and Advertisers (the Advertiser is any person or business entity that has placed information about its products or services offered for sale to Customers on the LetyShops.com website)."
2447,LetyShops:2,LetyShops,disc -1,disc -1,unknown_code_or_free_text,"within a reasonable time, determined at the discretion of LetyShops"
2449,LetyShops:4,LetyShops,acc_sus 0; acc_del 0 (there is a notification but no notice period),acc_del 0 (there is a notification but no notice period),known_code_without_valid_score,"Should a Customer of the LetyShops Service violate the terms of this Agreement, the rights of third parties, or pose a threat to the operation of the Service, LetyShops reserves the right to block the account of the Customer, subsequently delete it, and terminate the Agreement with the Customer unilaterally, under an extrajudicial procedure, through notification to the email address specified by the Customer when registering with the Service or when subsequently using it"
2453,LetyShops:8,LetyShops,docu 3,docu 3,documentary_note,"For the avoidance of doubt, the exceptions, conditions, and limitations of the referral programme published at URL https://letyshops.com/pl-en/partner are an integral part of the terms of application of the rules of the LetyShops referral programme specified in this Agreement"
2458,LetyShops:13,LetyShops,docu 4,docu 4,documentary_note,"terms of the loyalty programme, including necessary terms and conditions"
2462,LetyShops:17,LetyShops,cashback service is a service,cashback service is a service,unknown_code_or_free_text,LetyShops does not sell any products or services but is an advertising platform for Advertisers to place information about their products or services
2463,LetyShops:18,LetyShops,uncle 1,uncle 1,unclear_or_legal_savings_fragment,in accordance with the applicable law
2466,LetyShops:21,LetyShops,pato1,pato1,unknown_code_or_free_text,"In case of deletion, all cashback accumulated in the Customer’s internal account is cancelled"
2468,LetyShops:23,LetyShops,pato2,pato2,unknown_code_or_free_text,"LetyShops reserves the right to reject unilaterally, at its sole discretion, cashback crediting "
2470,LetyShops:25,LetyShops,pato3,pato3,unknown_code_or_free_text,"Any attempt at fraud or deceit on the part of the Customer entails the blocking or deletion of his/her account. All accumulated cashback at the time of the deletion of the account, if any, will pass to LetyShop"
2471,LetyShops:26,LetyShops,pato4,pato4,unknown_code_or_free_text,"In all cases of Service malfunction, requests for refunding will not be considered"
2473,LetyShops:28,LetyShops,uncle 2,uncle 2,unclear_or_legal_savings_fragment,to the extent permitted by national conflict-of-law rules applicable to the parties of this Agreement
2475,DingTalk:1,DingTalk,docu,docu,documentary_note,DingTalk Privacy Policy：means the privacy policy applicable to the Services and available in DingTalk App under Settings -> About DingTalk App -> PP or by the linkageat https://page.dingtalk.com/wow/dingtalk/act/privacy-en-lite?wh_biz=tm;
2477,DingTalk:3,DingTalk,uncle,uncle,unclear_or_legal_savings_fragment,and to the maximum extent permitted under applicable law
2478,DingTalk:4,DingTalk,uncle,uncle,unclear_or_legal_savings_fragment,Unless otherwise required by applicable laws
2481,DingTalk:7,DingTalk,cnt_del -1; acc_sus -1; acc_del -1; cnt_modr 0,cnt_modr 0,unknown_code_or_free_text,"You agree and accept that DingTalk is not required to monitor the data and Content uploaded, transmitted or shared by you in real time. DingTalk has the right to monitor, review and supervise your use of the Services and take corresponding actions, including but not limited to deleting information, suspending or terminating the Services, and reporting your actions to the relevant authorities."
2482,DingTalk:8,DingTalk,uncle,uncle,unclear_or_legal_savings_fragment,To the maximum extent permitted under applicable law
2483,DingTalk:9,DingTalk,Ind 0,Ind 0,unknown_code_or_free_text,and shall indemnify DingTalk for all Losses resulting therefrom.
2492,DingTalk:18,DingTalk,uncle,uncle,unclear_or_legal_savings_fragment,any right of action against us under applicable law 
2494,DingTalk:20,DingTalk,uncle,uncle,unclear_or_legal_savings_fragment,In the event that the laws of the jurisdiction you are in
2497,DingTalk:23,DingTalk,ind 0,ind 0,unknown_code_or_free_text,You shall indemnify and hold harmless and keep DingTalk indemniﬁed in full against all and any Loss howsoever arising which may be brought against or suffered or incurred by DingTalk arising from or which is directly or indirectly related to:
2503,GG:2,GG,what,what,unknown_code_or_free_text,"Fintecom teleinformation system consists in a set of interacting IT devices and software that allows to process, handle, send and receive the data through telecommunication networks, using a terminal equipment suitable for a given type of network."
2504,GG:3,GG,what,what,unknown_code_or_free_text,"The provision of electronic services by Fintecom consists in providing you with certain functionalities of the Platform (in some cases together with the software necessary to use them) that have certain characteristics (hereinafter: the “Functionalities”) by sending and receiving data through teleinformation systems, at your request, without the simultaneousphysical presence of the parties, whereby the data is transmitted through public networks (hereinafter: the “Service”)."
2505,GG:4,GG,core,core,unknown_code_or_free_text,The Service is provided free of charge
2506,GG:5,GG,docu 1,docu 1,documentary_note,Terms of the paid provision of the Service
2507,GG:7,GG,what,what,unknown_code_or_free_text,"The Functionalities are in particular:sending text messages,sending graphical messages,sending graphical text messages,sending compressed multimedia messages,archiving the messages sent;making available the space in the resources of the Fintecom teleinformation system (hosting) to store the data (files) and to synchronize them between the teleinformation system and users’ devices,sharing the data (files) entered into the system with other Users,providing the possibility to use the applications extending the Functionalities, made available by Fintecom and third parties."
2508,GG:8,GG,may infringe Annex 1(n) Directive 93/13,may infringe Annex 1(n) Directive 93/13,unknown_code_or_free_text,"The Platform also allows access to applications made available by third parties. In such a case the application is not a part of the Platform and using it does not constitute the usage of the Service, of which you will be notified before starting to use a given application, and the data required to use such application teleinformation system is transferred from Fintecom at your request and at your own risk. Finishing the installation of the application made available by a third party on the Platform is equivalent to you requesting Fintecom to transmit certain data, including your personal data (with your consent) from Fintecom teleinformation system. Uninstalling a given application made available by third parties means that you withdraw your consent to transmit the data."
2509,GG:10,GG,docu 2,docu 2,documentary_note,Fintecom data entry and retention policy 
2510,GG:11,GG,acc_sus 0; acc_del 0; cnt_modr 0,cnt_modr 0,unknown_code_or_free_text,"Fintecom may permanently or temporarily cease to provide the Service or Functionality to you if:you violate the law, the Terms, rights of Fintecom or third parties, good manners, generally applicable rules of using the Internet or there is a reasonable suspicion that you did so (temporarily, until clarification is obtained);you refuse to consent to the change of the Terms of Use in time specified in Article 2(1) in the Section VIII of the Terms of Use."
2512,GG:13,GG,uncle 1,uncle 1,unclear_or_legal_savings_fragment,the law provides otherwise
2515,GG:17,GG,uncle 2,uncle 2,unclear_or_legal_savings_fragment,the law provides otherwise
2516,GG:18,GG,docu 3,docu 3,documentary_note,Privacy Policy
2517,GG:20,GG,uncle 3,uncle 3,unclear_or_legal_savings_fragment,to the extent that it cannot be excluded or limited by law
2518,GG:22,GG,uncle 4,uncle 4,unclear_or_legal_savings_fragment,for which Fintecom is not responsible under the law
2520,GG:23,GG,may infringe Annex 1(n) Directive 93/13,may infringe Annex 1(n) Directive 93/13,unknown_code_or_free_text,"Fintecom is not responsible for any consequences of using the applications which are accessible on the Platform but made available by third parties, of which you will be notified before using the application."
2521,GG:25,GG,docu 4,docu 4,documentary_note,"License agreement for the use of the software made available by Fintecom for the purpose of providing the Service constitutes a part of the Terms, as an appendix"
2525,Supercell:0,Supercell,docu 1,docu 1,documentary_note,Privacy Policy 
2527,Supercell:2,Supercell,pato,pato,unknown_code_or_free_text,"Supercell reserves the right to remove or reclaim any usernames at any time and for any reason, including but not limited to claims by a third party that a username violates the third party's rights."
2529,Supercell:5,Supercell,disc -1,disc -1,unknown_code_or_free_text,that Supercell deems to be in conﬂict with the spirit or intent of the Service
2530,Supercell:4,Supercell,pato,pato,unknown_code_or_free_text,"You agree that you will not, under any circumstances:Engage in any act that Supercell deems to be in conﬂict with the spirit or intent of the Service or make improper use of Supercell's support services."
2531,Supercell:7,Supercell,disc -1; pato,disc -1,unknown_code_or_free_text,Supercell reserves the right to determine what conduct it considers to be in violation of the rules of use or otherwise outside the intent or spirit of these Terms of Service or the Service itself.
2531,Supercell:7,Supercell,disc -1; pato,pato,unknown_code_or_free_text,Supercell reserves the right to determine what conduct it considers to be in violation of the rules of use or otherwise outside the intent or spirit of these Terms of Service or the Service itself.
2535,Supercell:10,Supercell,may infringe Annex 1(d) Directive 93/13,may infringe Annex 1(d) Directive 93/13,unknown_code_or_free_text,"In such event, Supercell shall not be required to provide refunds, beneﬁts or other compensationto users in connection with such discontinued Service."
2536,Supercell:11,Supercell,pato,pato,unknown_code_or_free_text,"NOTWITHSTANDING ANYTHING TO THE CONTRARY HEREIN, YOU ACKNOWLEDGE AND AGREE THAT YOU SHALL HAVE NO OWNERSHIP OR OTHER PROPERTY INTEREST IN THE ACCOUNT, AND YOU FURTHER ACKNOWLEDGE AND AGREE THAT ALL RIGHTS IN AND TO THE ACCOUNT ARE AND SHALL FOREVER BE OWNED BY AND INURE TO THE BENEFIT OF SUPERCELL."
2537,Supercell:12,Supercell,virtu,virtu,unknown_code_or_free_text,"Supercell owns, has licensed, or otherwise has rights to use all of the content that appears in the Service or in Supercell games. Notwithstanding any provision to the contrary herein, you agree that you have no right or title in or to any content that appears in the Service, including without limitation the virtual items, content, features, goods, services or currency appearing or originating in any Supercell game, whether earned in a game or purchased from Supercell, or any other attributes associated with an Account or stored on the Service."
2538,Supercell:13,Supercell,pato,pato,unknown_code_or_free_text,"By entering into these Terms of Service, you hereby provide your irrevocable consent to such monitoring and recording. You acknowledge and agree that you have no expectation of privacy concerning the transmission of any User Content, including without limitation chat text or voice communications."
2539,Supercell:14,Supercell,cnt_del -1; cnt_modr 0,cnt_modr 0,unknown_code_or_free_text,"Supercell reserves the right in its sole discretion to review, monitor, prohibit, edit, delete, disable access to or otherwise make unavailable any User Content (including without limitation your User Content) without notice for any reason or for no reason at any time."
2541,Supercell:16,Supercell,disc -1,disc -1,unknown_code_or_free_text,that in the sole judgment of Supercell violates these Terms of Service.
2543,Supercell:18,Supercell,uncle 1,uncle 1,unclear_or_legal_savings_fragment,Except as prohibited by law
2544,Supercell:20,Supercell,infringing Art. 16 of Polish Law on copyright and related rights,infringing Art. 16 of Polish Law on copyright and related rights,unknown_code_or_free_text,you waive any rights of attribution and/or any moral rights you may have in your User Content
2545,Supercell:19,Supercell,pato,pato,unknown_code_or_free_text,"Except as prohibited by law, you waive any rights of attribution and/or any moral rights you may have in your User Content, regardless of whether your User Content is altered or changed in any manner."
2546,Supercell:21,Supercell,ind 0,ind 0,unknown_code_or_free_text,"If you have a dispute with one or more users, you release us (and our ofﬁcers, directors, agents, subsidiaries, joint ventures and employees) from claims, demands and damages (actual and consequential) of every kind and nature, known and unknown, arising out of or in any way connected with such disputes."
2547,Supercell:22,Supercell,virtu,virtu,unknown_code_or_free_text,"In the Service you may purchase, with ""real world"" money, a limited, personal, non-transferable, non- sublicensable, revocable right to use (a) virtual currency, including but not limited to virtual cash or diamonds, all for use in Supercell games; (b) virtual in-game items, content or features; and (c) other goods or services (points a – c are jointly referred to as ""Virtual Items"")."
2549,Supercell:24,Supercell,virtu,virtu,unknown_code_or_free_text,"Supercell may manage, regulate, control, modify or eliminate Virtual Items at any time, with or without notice. Supercell shall have no liability to you or any third party in the event that Supercell exercises any such rights."
2550,Supercell:25,Supercell,pato,pato,unknown_code_or_free_text,ALL PURCHASES AND REDEMPTIONS OF VIRTUAL ITEMS MADE THROUGH THE SERVICE ARE FINAL AND NON-REFUNDABLE.
2552,Supercell:27,Supercell,may infringe Annex 1(d) Directive 93/13,may infringe Annex 1(d) Directive 93/13,unknown_code_or_free_text,"YOU ACKNOWLEDGE THAT SUPERCELL IS NOT REQUIRED TO PROVIDE A REFUND FOR ANY REASON, AND THAT YOU WILL NOT RECEIVE MONEY OR OTHER COMPENSATION FOR UNUSED VIRTUAL ITEMS WHEN AN ACCOUNT IS CLOSED, WHETHER SUCH CLOSURE WAS VOLUNTARY OR INVOLUNTARY."
2553,Supercell:28,Supercell,pato,pato,unknown_code_or_free_text,"YOU ACKNOWLEDGE THAT SUPERCELL IS NOT REQUIRED TO PROVIDE A REFUND FOR ANY REASON, AND THAT YOU WILL NOT RECEIVE MONEY OR OTHER COMPENSATION FOR UNUSED VIRTUAL ITEMS WHEN AN ACCOUNT IS CLOSED, WHETHER SUCH CLOSURE WAS VOLUNTARY OR INVOLUNTARY."
2556,Supercell:31,Supercell,uncle 2,uncle 2,unclear_or_legal_savings_fragment,"Some jurisdictions do not allow the exclusion of certain warranties. Accordingly, some of the above disclaimers may not apply to you."
2557,Supercell:32,Supercell,uncle 3,uncle 3,unclear_or_legal_savings_fragment,TO THE MAXIMUM EXTENT PERMITTED BY LAW
2559,Supercell:34,Supercell,uncle 4,uncle 4,unclear_or_legal_savings_fragment,TO THE EXTENT NOT PROHIBITED BY LAW
2561,Supercell:36,Supercell,pato,pato,unknown_code_or_free_text,"SUPERCELL SHALL NOT BE LIABLE TO YOU FOR MORE THAN THE AMOUNT YOU HAVE PAID TO SUPERCELL IN ACCORDANCE WITH THESE TERMS OF SERVICE IN THE SIX (6) MONTHS IMMEDIATELY PRECEDING THE DATE ON WHICH YOU FIRST ASSERT A CLAIM. YOU ACKNOWLEDGE AND AGREE THAT IF YOU HAVE NOT PAID ANYTHING TO SUPERCELL DURING SUCH TIME PERIOD, YOUR SOLE REMEDY (AND SUPERCELL'S EXCLUSIVE LIABILITY) FOR ANY DISPUTE WITH SUPERCELL IS TO STOP USING THE SERVICE AND TO CANCEL YOUR ACCOUNT."
2562,Supercell:37,Supercell,uncle 5,uncle 5,unclear_or_legal_savings_fragment,NOTHING IN THESE TERMS OF SERVICE SHALL AFFECT THE STATUTORY RIGHTS OF ANY CONSUMER
2563,Supercell:38,Supercell,ind 0,ind 0,unknown_code_or_free_text,"You agree to indemnify, defend and hold Supercell (and our ofﬁcers, directors, agents, subsidiaries, joint ventures and employees) harmless from any claim, demand, damages or other losses, including reasonable attorneys' fees, asserted by any third-party resulting from or arising out of your use of the Service, or any breach by you of these Terms of Service, however the foregoing does not apply if the infringement of rights is not attributable to your intentional or negligent behavior."
2570,Supercell:45,Supercell,pato,pato,unknown_code_or_free_text,"You acknowledge that the rights granted and obligations made under these Terms of Service to Supercell are of a unique and irreplaceable nature, the loss of which shall irreparably harm Supercell and which cannot be replaced by monetary damages alone so that Supercell shall be entitled to injunctive or other equitable relief (without the obligations of posting any bond or surety or proof of damages) in the event of any breach or anticipatory breach by you."
2571,Microsoft:0,Microsoft,docu 1,docu 1,documentary_note,"Your Privacy. Your privacy is important to us. Please read the Microsoft Privacy Statement (https://go.microsoft.com/fwlink/?LinkId=521839) (the ""Privacy Statement"") as"
2572,Microsoft:1,Microsoft,uncle,uncle,unclear_or_legal_savings_fragment,to the extent permitted by law
2575,Microsoft:4,Microsoft,acc_sus 0; acc_del 0; cnt_del 0; cnt_modr 0,cnt_modr 0,unknown_code_or_free_text,"Enforcement. If you violate these Terms, we may, in our sole discretion, stop providing Services to you or we may close your Microsoft account. We may also block delivery of a communication (like email, file sharing or instant message) to or from the Services in an effort to enforce these Terms, or we may remove or refuse to publish Your Content for any reason. When investigating alleged violations of these Terms, Microsoft reserves the right to review Your Content in order to resolve the issue, and you hereby authorize such review. However, we cannot monitor the entire Services and make no attempt to do so."
2576,Microsoft:5,Microsoft,docu 10,docu 10,documentary_note,Click here (https://go.microsoft.com/fwlink/? linkid=868531) for more information about how this Code of Conduct 
2577,Microsoft:6,Microsoft,docu 2,docu 2,documentary_note,Microsoft account activity policy at https://go.microsoft.com/fwlink/p/?linkid=2086738 
2579,Microsoft:8,Microsoft,uncle,uncle,unclear_or_legal_savings_fragment,unless we are required by law 
2580,Microsoft:9,Microsoft,docu 3,docu 3,documentary_note,www.microsoft.com/support-service-agreement
2583,Microsoft:12,Microsoft,uncle,uncle,unclear_or_legal_savings_fragment,to the extent required by applicable law
2584,Microsoft:13,Microsoft,uncle,uncle,unclear_or_legal_savings_fragment,except and only to the extent that the applicable copyright law expressly permits doing so
2585,Microsoft:14,Microsoft,uncle,uncle,unclear_or_legal_savings_fragment,Unless otherwise provided by law 
2586,Microsoft:16,Microsoft,uncle,uncle,unclear_or_legal_savings_fragment,unless otherwise required by law
2589,Microsoft:18,Microsoft,docu 4,docu 4,documentary_note,governed       by       the       Microsoft       Gift        Card        Terms        and Conditions (https://support.microsoft.com/help/10562/microsoft-account-gift-card-terms-
2590,Microsoft:19,Microsoft,uncle,uncle,unclear_or_legal_savings_fragment,Laws applicable in your country
2595,Microsoft:24,Microsoft,uncle,uncle,unclear_or_legal_savings_fragment,Your local consumer laws may require some local laws 
2597,Microsoft:26,Microsoft,uncle,uncle,unclear_or_legal_savings_fragment,YOU MAY HAVE CERTAIN RIGHTS UNDER YOUR LOCAL LAW
2598,Microsoft:27,Microsoft,uncle,uncle,unclear_or_legal_savings_fragment,TO THE EXTENT PERMITTED UNDER YOUR LOCAL LAW
2599,Microsoft:28,Microsoft,uncle,uncle,unclear_or_legal_savings_fragment,to the extent permitted by the applicable law
2601,Microsoft:30,Microsoft,uncle,uncle,unclear_or_legal_savings_fragment,To the extent permitted by the applicable law
2602,Microsoft:32,Microsoft,uncle,uncle,unclear_or_legal_savings_fragment,to the extent permitted by law
2604,Microsoft:33,Microsoft,uncle,uncle,unclear_or_legal_savings_fragment,To the maximum extent permitted by law
2605,Microsoft:34,Microsoft,uncle,uncle,unclear_or_legal_savings_fragment,to the maximum extent permitted by your local laws
2606,Microsoft:35,Microsoft,docu 5,docu 5,documentary_note,Broadcast  TOS
2607,Microsoft:36,Microsoft,docu 6,docu 6,documentary_note,Youcanfindthesepolicies at https://www.skype.com/go/terms.fairusage/.
2608,Microsoft:37,Microsoft,docu 7,docu 7,documentary_note,supplemental license terms located at https://aka.ms/useterms 
2609,Microsoft:38,Microsoft,docu 8,docu 8,documentary_note,Bing Maps End User Terms of Use available at go.microsoft.com/?linkid=9710837
2610,Microsoft:39,Microsoft,docu 9,docu 9,documentary_note,the  Usage  Rules  located at https://go.microsoft.com/fwlink/p/?LinkId=723143
2612,Microsoft:41,Microsoft,uncle,uncle,unclear_or_legal_savings_fragment,To the extent permitted by applicable law
2614,Microsoft:43,Microsoft,uncle,uncle,unclear_or_legal_savings_fragment,to the maximum extent permitted by relevant law
2617,Microsoft:46,Microsoft,sugg 0,sugg 0,unknown_code_or_free_text,"Reservation of Rights and Feedback. Except as expressly provided under these Terms, Microsoft does not grant you a license or any other rights of any type under any patents, know-how, copyrights, trade secrets, trademarks or other intellectual property owned or controlled by Microsoft or any related entity, including but not limited to any name, trade dress, logo or equivalents. If you give to Microsoft any idea, proposal, suggestion or feedback, including without limitation ideas for new products, technologies, promotions, product names, product feedback and product improvements (""Feedback""), you give to Microsoft, without charge, royalties or other obligation to you, the right to make, have made, create derivative works, use, share and commercialize your Feedback in any way and for any purpose. You will not give Feedback that is subject to a license that requires Microsoft to license its software, technologies or documentation to any third party because Microsoft includes your Feedback in them."
2618,Microsoft:47,Microsoft,uncle,uncle,unclear_or_legal_savings_fragment,except and only to the extent that applicable law expressly permits
2619,Microsoft:48,Microsoft,uncle,uncle,unclear_or_legal_savings_fragment,To the extent permitted under your local laws
2620,Microsoft:49,Microsoft,uncle,uncle,unclear_or_legal_savings_fragment,To the extent not prohibited by law
2621,Microsoft:50,Microsoft,uncle,uncle,unclear_or_legal_savings_fragment,all to the extent permitted by applicable law
2622,BlaBlaCar:0,BlaBlaCar,docu 1,docu 1,documentary_note,Good Conduct Charter
2623,BlaBlaCar:1,BlaBlaCar,docu 2,docu 2,documentary_note,Privacy Policy 
2624,BlaBlaCar:2,BlaBlaCar,acc_sus 0; acc_del 0; cnt_modr 0,cnt_modr 0,unknown_code_or_free_text,"In the event that any Member fails to comply with any of the Conditions, BlaBlaCar reserves the right, but not the obligation at its own discretion, to withdraw the User Account in question and suspend or withdraw all Services to that Member without notice."
2629,BlaBlaCar:7,BlaBlaCar,docu 3,docu 3,documentary_note,Good Conduct Charter 
2633,BlaBlaCar:11,BlaBlaCar,ind 0,ind 0,unknown_code_or_free_text,"Members will indemnify and hold harmless BlaBlaCar, its subsidiaries, afiliates and their respective oficers, directors, agents and employees, from any claim or demand, or actions including reasonable attorney’s fees, made by any third party or penalty imposed due to or arising out of your breach of these Conditions or any document incorporated by reference, or your violation of any law, rules, regulations or the rights of a third party."
2637,Sympatia.pl:0,Sympatia.pl,what,what,unknown_code_or_free_text,"Serwis - towarzyski serwis internetowy Sympatia.pl znajdujący się w pod adreseminternetowym http://www.sympatia.pl, www.sympatia.onet.pl, a także innymi adresami internetowymi, pod którymi Administrator prowadzi Serwis, stanowiący platformę internetową (treści cyfrowe zawierające aplikację o głównych funkcjonalnościach Serwisu) będącą własnością Administratora, na którą składa się kompleks usług świadczonych drogą elektroniczną na rzecz Użytkowników, w tym wskazane usługi płatne polegające na dostępie do dodatkowych funkcjonalności"
2638,Sympatia.pl:1,Sympatia.pl,what,what,unknown_code_or_free_text,"Podstawowym przedmiotem Serwisu jest udostępnianie w sieci Internet systemu (aplikacja i inne narzędzia informatyczne) prezentacji i wymiany informacji o Użytkownikach, prowadzonego i utrzymywanego przez Administratora, w celu umożliwienia w ten sposób nawiązywania znajomości pomiędzy Użytkownikami. Za pośrednictwem Serwisu świadczone są lub mogą być świadczone w przyszłości, odpłatne i nieodpłatne usługi na rzecz Użytkowników związane z przedmiotem Serwisu."
2639,Sympatia.pl:2,Sympatia.pl,docu 1,docu 1,documentary_note,Polityce Prywatności
2640,Sympatia.pl:3,Sympatia.pl,what,what,unknown_code_or_free_text,"Za pośrednictwem Serwisu Użytkownicy mają możliwość prezentowania w Proﬁlu swoich danych, informacji i innych treści o sobie i od siebie, wraz z wizerunkiem osobistym znajdującym się na przekazanych do Serwisu zdjęciach, a także korzystania z innych usług Serwisu pozwalających na zawieranie znajomości między Użytkownikami, dzięki specjalnym kanałom komunikacji, przeszukiwaniu Bazy Proﬁli według zadanych kryteriów, przeglądaniu Proﬁli Użytkowników, przesyłania wiadomości lub zdjęć oraz przechowywania otrzymanych wiadomości lub zdjęć w ramach usługi komunikatora internetowego itp."
2645,Sympatia.pl:8,Sympatia.pl,ind 0,ind 0,unknown_code_or_free_text,"zobowiązuje się w przypadku skierowania przez podmioty trzecie jakichkolwiek roszczeń do Administratora, odnośnie naruszania jakichkolwiek praw do opublikowanych Materiałów, w szczególności wizerunku osobistego osób trzecich, złożyć pisemne oświadczenie odpowiedniej treści, które uwolni Administratora od jakiejkolwiek odpowiedzialności w tym zakresie, a także, w razie konieczności, wstąpić do sprawy w miejsce Administratora lub przystąpić do sprawy po jego stronie jako interwenient uboczny, zwracając przy tym Administratorowi na jego pierwsze żądanie wszelkie poniesione przez Administratora wydatki związane z postępowaniem sądowym, w tym w szczególności wydatki poniesione na opłacenie zastępstwa procesowego, doradztwa prawnego oraz zasądzonych odszkodowań"
2646,Sympatia.pl:9,Sympatia.pl,acc_sus 0; cnt_modr 0,cnt_modr 0,unknown_code_or_free_text,"Administrator może odmówić opublikowania ich na łamach Serwisu, a tym samym zablokować Konto i Proﬁl Użytkownika, jeżeli podawane treści lub informacje będą niedozwolone ze względu na polskie lub międzynarodowe przepisy prawa, treść Regulaminu oraz dobre obyczaje lub moralność"
2652,Sympatia.pl:16,Sympatia.pl,uncle 1,uncle 1,unclear_or_legal_savings_fragment,nie później jednak niż w terminie na odpowiedź na reklamację określonym w obowiązujących przepisach
2655,Sympatia.pl:18,Sympatia.pl,sugg 0,sugg 0,unknown_code_or_free_text,"Administrator zastrzega sobie prawo do anonimowej publikacji treści kierowanych przez Użytkowników do zespołu obsługi Serwisu, a dotyczących kwestii związanych z funkcjonowaniem Serwisu (FAQ), udzielanymi poradami."
2656,Sympatia.pl:20,Sympatia.pl,uncle 2,uncle 2,unclear_or_legal_savings_fragment,w zakresie w jakim dopuszczalne jest to zgodnie z obowiązującymi przepisami
2659,Sympatia.pl:22,Sympatia.pl,what,what,unknown_code_or_free_text,"Aplikacja - oprogramowanie, do którego prawa przysługują Administratorowi, z wykorzystaniem którego możliwy jest Dostęp do Usługi w Aplikacji, funkcjonujące na określonym rodzaju Sprzętu. Zainstalowanie Aplikacji na Sprzęcie Użytkownika wymaga zaakceptowania przez Użytkownika warunków korzystania z Aplikacji wskazanych przy dokonywaniu instalacji."
2662,Sympatia.pl:26,Sympatia.pl,uncle 3,uncle 3,unclear_or_legal_savings_fragment,w granicach dopuszczalnych przez obowiązujące przepisy 
2664,Glovo:1,Glovo,may infringe Annex 1(n) Directive 93/13 ,may infringe Annex 1(n) Directive 93/13,unknown_code_or_free_text,"In such cases, Glovo acts as a mere intermediary and is therefore unable to assume, and does not assume, any responsibility for the quality of the products or for the proper provision of the services offered directly by the merchants or by such third parties."
2665,Glovo:0,Glovo,what,what,unknown_code_or_free_text,"Glovo is a technology company whose main activity is the development and management of a technology platform through which certain local stores in a number of territories can offer their products and/or services by means of a mobile or web application on the platform (hereinafter, the “APP”) and, in an ancillary manner, where applicable and if so requested through the APP by users of the APP and consumers of the said local stores, act as an intermediary in the planned or immediate delivery of the products.Glovo has developed a Platform through which a variety of merchants, with which Glovo can have in place a commercial agreement for the use of the platform, offer a selection of products and/or services. Users can request the purchase and/or collection of products and services from such merchants in person by means of a mandate given by them to a third party when placing an order through the Platform. In such cases, Glovo acts as a mere intermediary and is therefore unable to assume, and does not assume, any responsibility for the quality of the products or for the proper provision of the services offered directly by the merchants or by such third parties.In addition, Glovo is a multi-category Technology Platform for intermediation in the contracting of “on demand” services by distance electronic means. Its aim is to make it easier for any persons requiring help with their errands, services, purchases in person and/or collection of products from local merchants (hereinafter, “Users”) to carry out their errands by delegating to such third parties, who are willing to voluntarily carry out the mandate given to them by Users (hereinafter, the “Mandataries”).Mandataries are thus a network of self-employed professionals who work with Glovo. When they wish to provide their services, they log onto the Glovo Platform and undertake to carry out within a certain amount of time the service entrusted to them by the User by means of the above-mentioned mandate. As a result, Glovo cannot be responsible for delivery times, as they will depend on the local stores’ own successful operations, the preparation of orders, the Mandataries themselves, and the information furnished by Users when placing orders or their availability and response at the time of delivery. In relation to this, the delivery times stated on the Site are provided for indicative purposes only."
2666,Glovo:2,Glovo,pato,pato,unknown_code_or_free_text,"In relation to this, the delivery times stated on the Site are provided for indicative purposes only."
2667,Glovo:3,Glovo,docu 1,docu 1,documentary_note,Privacy Policy 
2668,Glovo:4,Glovo,docu 2 ,docu 2,documentary_note,Cookie Policy
2669,Glovo:6,Glovo,disc -1; shad_ip,disc -1,unknown_code_or_free_text,in any way that may be deemed appropriate by Glovo
2669,Glovo:6,Glovo,disc -1; shad_ip,shad_ip,unknown_code_or_free_text,in any way that may be deemed appropriate by Glovo
2671,Glovo:7,Glovo,what,what,unknown_code_or_free_text,"When placing an “Anything” order, Users may set an approximate price if the price of the product and/or service does not appear on the platform. In such case, the service or product may be purchased by the Mandatary in person based on the User’s estimate and never for more than 30% above the said estimate. If the price is higher, the Mandatary shall contact the User to inform him/her of this situation, and it will be the latter who makes the final decision on whether or not to proceed with the purchase in person at the store. Glovo may provide an approximate price estimate, merely for the purpose of helping the User, and such estimate shall not be binding as the final price payable by the User in any event."
2672,Glovo:8,Glovo,pato,pato,unknown_code_or_free_text,Glovo reserves the right to check any communications made by the User for verification and monitoring purposes.
2676,Glovo:12,Glovo,core,core,unknown_code_or_free_text,"In order to provide Users with greater support, Glovo shall be their first point of contact and shall accept liability for payments made on the Platform. Such liability includes refunds, returns, cancellations and early-stage dispute resolution, and it is without prejudice to any actions that may be taken by Glovo vis-à-vis local merchants as the sole physical sellers of the products ordered by Users."
2677,Glovo:13,Glovo,pato,pato,unknown_code_or_free_text,"However, the prices of the products sold in restaurants and/or stores shown on the Glovo Platform may be indicative only. In any event, they correspond to the products sold in restaurants and/or stores, and they are set solely by them. The User may contact the Mandatary to confirm the final price of the products ordered."
2678,Glovo:14,Glovo,pato,pato,unknown_code_or_free_text,Glovo reserves the right to cancel an order without having to provide a just cause.
2680,Glovo:16,Glovo,pato,pato,unknown_code_or_free_text,"In addition, we reserve the right to refuse orders at any location near a primary or secondary school"
2681,Glovo:17,Glovo,acc_sus 0; acc_del 0; cnt_modr 0,cnt_modr 0,unknown_code_or_free_text,"Glovo will check such reports as soon as possible and will take any steps that it may deem appropriate, reserving the right to remove and/or suspend any User from the Platform for breach of these General Terms of Use."
2685,Glovo:21,Glovo,ip -1; shad_ip,shad_ip,unknown_code_or_free_text,Users assign to Glovo all exploitation rights arising from the contents thus supplied
2686,Glovo:22,Glovo,may infringe Annex 1(n) Directive 93/13 ,may infringe Annex 1(n) Directive 93/13,unknown_code_or_free_text,Glovo will therefore never be liable for the availability of Mandataries or for their adequate and satisfactory performance of assignments.
2690,Glovo:27,Glovo,uncle 1,uncle 1,unclear_or_legal_savings_fragment,to the maximum extent permitted by the current legislation
2691,Glovo:26,Glovo,ip -1; shad_ip,shad_ip,unknown_code_or_free_text,"By providing content through the Platform, Users assign to Glovo, free of charge and to the maximum extent permitted by the current legislation, the exploitation rights on the intellectual or industrial property arising from such content."
2697,Glovo:33,Glovo,what,what,unknown_code_or_free_text,"GLOVOPRIME is a service provided by the Glovo Platform under which, in exchange for a fixed monthly fee, Users of the platform can enjoy unlimited deliveries of all those products ordered by them from delivery people, provided that the GLOVOPRIME logo expressly appears on the Platform of the store in which they are offered, at no additional cost to the above-mentioned fixed monthly fee."
2698,Glovo:34,Glovo,may infringe Annex 1(d) Directive 93/13,may infringe Annex 1(d) Directive 93/13,unknown_code_or_free_text,"Payments are not refundable, and neither refunds nor credits will be given for unused or partly used membership periods during a one-month period. Neither will we grant refunds or credits for partial monthly subscription periods."
2704,Glovo:40,Glovo,what,what,unknown_code_or_free_text,"IN-STORE OrdersWhere so enabled for IN-STORE orders in the application, Users may place orders directly from those restaurants that have chosen to include this option and pick them up in-store at that moment."
2705,Glovo:41,Glovo,what,what,unknown_code_or_free_text,"PICK-UP OrdersWhere so enabled for PICK-UP orders in the application, Users may place orders directly from the Platform at those establishments that have chosen to include this option and pick them up in-store within the times stated."
2706,Glovo:42,Glovo,what,what,unknown_code_or_free_text,FOOD RESCUE is a service provided on the Glovo Platform under which Users can place orders on the excess food and other products of the food establishments appearing on the Glovo Platform.
2707,Skyscanner:0,Skyscanner,what,what,unknown_code_or_free_text,"Skyscanner (“us”, “we” or “our” as the context requires) provides online travel search services (including ﬂight, hotel and car hire price comparison) and other travel related services (the “Services”) to travellers throughout the world via our websites, apps and other platforms (the “Platforms”)."
2708,Skyscanner:1,Skyscanner,what,what,unknown_code_or_free_text,"Skyscanner is not a travel agent and is not responsible for providing, setting or controlling the prices applicable to, any of the travel options or products which you ﬁnd and book via our Services (“Third Party Travel Products”). All such Third Party Travel Products are provided by independent travel agents, airlines, hotels, tour operators or other third parties (“Travel Providers”) and are subject to the terms and conditions of those third parties."
2709,Skyscanner:2,Skyscanner,docu 1-3,docu 1-3,documentary_note,"These terms and conditions (“Terms”) govern your access to and use of our Services and Platforms, together with our privacypolicy, cookie policy and community guidelines. By accessing or using the Services or Platforms, you are conﬁrming that you have read, understood and agreed to these Terms and those of the privacy policy, cookie policy and community guidelines."
2713,Skyscanner:6,Skyscanner,sugg 0,sugg 0,unknown_code_or_free_text,"If you provide us with any suggestions, comments, improvements, ideas or other feedback (“Feedback”), you hereby irrevocably assign ownership of all intellectual property rights subsisting in that feedback to us and acknowledge that we can use and share such Feedback for any purpose at our discretion. You can provide feedback to us by clicking on the ‘feedback’ tab or through our Helpdesk."
2715,Skyscanner:8,Skyscanner,uncle 1,uncle 1,unclear_or_legal_savings_fragment,To the extent permitted by law
2716,Skyscanner:9,Skyscanner,core,core,unknown_code_or_free_text,Skyscanner facilitates your bookings with Travel Providers but is not responsible and has no liability to you in respect of such bookings. 
2717,Skyscanner:10,Skyscanner,may infringe Annex 1(n) Directive 93/13,may infringe Annex 1(n) Directive 93/13,unknown_code_or_free_text,"Skyscanner has no responsibility whatsoever for any arrangements you make with any third party as a result of your use of our Services or Platforms (including, without limitation, any Travel Provider)."
2718,Skyscanner:11,Skyscanner,uncle 2,uncle 2,unclear_or_legal_savings_fragment,To the maximum extent permitted by law
2720,Skyscanner:13,Skyscanner,uncle 3,uncle 3,unclear_or_legal_savings_fragment,to the extent permitted by law
2722,Skyscanner:15,Skyscanner,uncle 4,uncle 4,unclear_or_legal_savings_fragment,(b) any other liability that cannot be excluded by law
2723,Skyscanner:16,Skyscanner,uncle 5,uncle 5,unclear_or_legal_savings_fragment,(c) your statutory rights.
2725,Skyscanner:18,Skyscanner,"cnt_del -1, cnt_modr 0",cnt_modr 0,unknown_code_or_free_text,and removing any User Content you have uploaded to our Services or Platforms. 
2728,Skyscanner:21,Skyscanner,uncle 6,uncle 6,unclear_or_legal_savings_fragment,to the extent permitted by law 
2731,Gett:0,Gett,what,what,unknown_code_or_free_text,"THESE TERMS AND CONDITIONS (“Conditions”) DEFINE THE BASIS UPON WHICH GETT WILL PROVIDE YOU WITH ACCESS TO THE GETT MOBILE APPLICATION PLATFORM, PURSUANT TO WHICH YOU WILL BE ABLE TO REQUEST CERTAIN TRANSPORTATION SERVICES FROM THIRD PARTY DRIVERS BY PLACING ORDERS THROUGH GETT’S MOBILE APPLICATION PLATFORM."
2732,Gett:1,Gett,pato,pato,unknown_code_or_free_text,YOUR ATTENTION IS PARTICULARLY DRAWN TO CONDITION 9 WHICH LIMITS GETT’S LIABILITY TO YOU.
2733,Gett:2,Gett,docu 1,docu 1,documentary_note,“Cancellation Policy” means Gett’s cancellation and no show policy available on the website or by clicking here
2734,Gett:3,Gett,docu 2,docu 2,documentary_note,“Privacy Policy” means Gett’s privacy policy available on the Gett website or by clicking here;
2735,Gett:4,Gett,core,core,unknown_code_or_free_text,"“Technology Fee” means the charge levied by Gett for the provision of the Services, including for the convenience of accessing Transportation Services via the App but not for the provision of Transportation Services;"
2736,Gett:5,Gett,core,core,unknown_code_or_free_text,"The App provides a means to enable Customers who seek transportation to certain destinations to be connected with Drivers. Gett do not provide transportation services, rather we are a technological service provider that uses an electronic platform to provide the Services."
2738,Gett:7,Gett,what,what,unknown_code_or_free_text,"In order to connect you to Drivers, you will be required to enter your Collection Location into the App. Where you enter your Final Location, we will provide you with an estimated Fee for the journey, based on the information provided, and provide you with the availability of Drivers. If you wish to proceed with your request for Transportation Services, you should select the order button and you will be connected with a Driver for Transportation Services and this shall constitute an Order. By selecting the order button, you will enter into a contract for Transportation Services with a Driver and be provided with their details via the App. For the avoidance of any doubt, your contract for Transportation Services will be with the Driver selected and will not be with Gett. You acknowledge and agree that Gett is not a party to your contract for Transportation Services."
2739,Gett:8,Gett,what,what,unknown_code_or_free_text,"Following a Driver completing an Order, you will be able to rate your Driver via the App. Where you chose to rate your Driver, you must provide accurate feedback on the Driver in order to allow us to monitor the quality of the Transportation Services they provide to users of the App. Drivers may also be permitted to rate you as a Customer and such information may be used by Drivers when deciding whether to accept or reject your future Orders. Customers must (and where appropriate Customer’s must ensure their guests) at all times act in a polite and courteous manner towards Drivers and any other passengers of the vehicle."
2740,Gett:9,Gett,what,what,unknown_code_or_free_text,"Once the Transportation Services have been completed and payment made, we will send you an electronic receipt. Details of past journeys are available via the App."
2741,Gett:10,Gett,pato,pato,unknown_code_or_free_text,"(iii) in all other cases, the Fee estimated by Gett acting reasonably"
2744,Gett:13,Gett,pato,pato,unknown_code_or_free_text,"If during the provision of the Transportation Service you soil the Driver’s vehicle, you will be charged an additional soiling fee in accordance with the relevant local published hackney carriage fees."
2745,Gett:14,Gett,disc -1,disc -1,unknown_code_or_free_text,then subject to Gett’s absolute discretion any refund that it may determine to provide to you will be credited to the payment card you used for the Journey or such other method as is deemed reasonable by Gett for cash payments.
2746,Gett:15,Gett,acc_del 0; immediate account deletion is justified here,immediate account deletion is justified here,unknown_code_or_free_text,"In the event of such a breach, your right to use the App will cease immediately."
2748,Gett:17,Gett,uncle 1,uncle 1,unclear_or_legal_savings_fragment,", or any other liability that cannot be excluded or limited by English law."
2750,Gett:19,Gett,uncle 2,uncle 2,unclear_or_legal_savings_fragment,To the fullest extent permitted by law
2752,Gett:21,Gett,abusive according to Annex 1(n) Directive 93/13,abusive according to Annex 1(n) Directive 93/13,unknown_code_or_free_text,Gett shall not be liable to the Customer for the actions or omissions of any Driver or in connection with the Transportation Services. 
2760,ALBICLA:0,ALBICLA,what,what,unknown_code_or_free_text,"ALBICLA jest bezpłatnym serwisem społecznościowym umożliwiającym wolną od cenzury wymianę myśli, idei, opinii."
2761,ALBICLA:1,ALBICLA,core,core,unknown_code_or_free_text,".       Umowa- umowa zawarta między Usługodawcą a Użytkownikiem, której przedmiotem jest świadczenie usług w ramach ALBICLA na zasadach opisanych w Regulaminie, a także każda umowa zawarta za pośrednictwem ALBICLA między Usługodawcą a Użytkownikiem;"
2762,ALBICLA:2,ALBICLA,docu 1,docu 1,documentary_note,Polityką Prywatności 
2763,ALBICLA:3,ALBICLA,what,what,unknown_code_or_free_text,2.       Zarejestrowany Użytkownik ma możliwość wykorzystywania możliwości ALBICLA i przede wszystkim może:a.       Tworzyć swój Profil i go edytowaćb.       Obserwować inne Profilec.       Dodawać Profile do Znajomychd.       Tworzyć Postye.       Komentować Postyf.        Udostępniać Postyg.       Polubić Postyh.       Tworzyć wydarzenia/sondy/ankietyi.         Publikować zdjęcia i filmy
2765,ALBICLA:5,ALBICLA,core,core,unknown_code_or_free_text,"9.       Z uwagi na fakt, że ALBICLA jest serwisem bezpłatnym, koszty utrzymania ALBICLA będą pochodziły z wyświetlanych reklam lub artykułów sponsorowanych. Usługodawca dołoży wszelkich starań by wyświetlane reklamy nie zmniejszały komfortu korzystania z ALBICLA a artykuły sponsorowane były merytoryczne."
2767,ALBICLA:7,ALBICLA,acc_sus 0; cnt_modr 0,cnt_modr 0,unknown_code_or_free_text,"1.       W przypadku otrzymania zgłoszenia o naruszeniu Regulaminu przez Użytkownika lub powzięcia tej informacji samodzielnie przez Usługodawcę, Usługodawca ma prawo zablokować Użytkownikowi dostęp do ALBICLA. "
2778,EA:2,EA,uncle 1,uncle 1,unclear_or_legal_savings_fragment,if allowed by law
2779,EA:3,EA,uncle 2,uncle 2,unclear_or_legal_savings_fragment,or permitted by law
2780,EA:4,EA,uncle 3,uncle 3,unclear_or_legal_savings_fragment,or permitted by law
2781,EA:5,EA,what,what,unknown_code_or_free_text,"The EA Services include Content and Entitlements. Content is the software, technology, text, forum posts, chat posts, proﬁles, widgets, messages, links, emails, music, sound, graphics, pictures, video, code, and all audio visual or other material appearing on or coming from EA Services, as well as the design and appearance of our websites. Content also includes user-generated Content (""UGC""). UGC includes EA Account personas, forum posts, proﬁle content and other Content contributed by users to EA Services. All Content is either owned by EA or its licensors, or is licensed to EA and its licensors pursuant to Section 5 below."
2782,EA:6,EA,what,what,unknown_code_or_free_text,"Entitlements are rights that EA licenses to you to access or use the online or off-line elements of EA Services. Examples of Entitlements include access to digital or unlockable Content; additional or enhanced functionality (including multiplayer services); subscriptions; virtual assets; unlock keys or codes, serial codes or online authentication; in-game accomplishments; and virtual points, coins, or currencies."
2783,EA:7,EA,virtu,virtu,unknown_code_or_free_text,"We refer to these virtual points, coins or currencies as ""EA Virtual Currency"". When you obtain EA Virtual Currency from us or our authorized partners, you receive a personal, limited, non-assignable, non-exclusive, revocable license to access and select the Entitlements that EA expressly makes available to you."
2784,EA:8,EA,virtu,virtu,unknown_code_or_free_text,"EA Virtual Currency has no monetary value and has no value outside of our products and services. EA Virtual Currency cannot be sold, traded, transferred, or exchanged for cash; it only may be redeemed for Entitlements available for the EA Service. EA Virtual Currency is non-refundable, and you are not entitled to a refund for any unused EA Virtual Currency. Once you redeem EA Virtual Currency for an Entitlement, that Entitlement is not returnable, exchangeable, or refundable. If you live in Japan, you agree to use any EA Virtual Currency within 180 days from the date of purchase."
2785,EA:9,EA,pato,pato,unknown_code_or_free_text,"We do not guarantee that any EA Service, Content or Entitlement will be available at all times, in all locations, or at any given time or that we will continue to offer a particular EA Service, Content or Entitlements for any particular length of time. "
2789,EA:13,EA,shad_ip,shad_ip,unknown_code_or_free_text,"When you contribute UGC, you grant to EA, its licensors and licensees a non-exclusive, perpetual, transferable, worldwide, sublicensable license to use, host, store, reproduce, modify, create derivative works, publicly perform, publicly display or otherwise transmit and communicate the UGC, or any portion of it, in any manner or form and in any medium or forum, whether now known or later devised, without notice, payment or attribution of any kind to you or any third party. "
2791,EA:15,EA,disc -1,disc -1,unknown_code_or_free_text,", that EA (acting reasonably and objectively) determines "
2792,EA:16,EA,cnt_modr 0; acc_sus 0; acc_del 0,cnt_modr 0,unknown_code_or_free_text,"To enforce these rules, we may monitor your activity and remove any UGC. If you don’t follow these rules, we may warn you, suspend you, or ban you permanently from playing our games."
2794,EA:18,EA,docu 1,docu 1,documentary_note,EA's Privacy and Cookie Policy 
2799,EA:23,EA,as_is -1; exceptional territorial restriction,exceptional territorial restriction,unknown_code_or_free_text,"IF YOU LIVE OUTSIDE THE EEA, UNITED KINGDOM AND SWITZERLAND, EA SERVICES ARE LICENSED AND PROVIDED ""AS IS."""
2800,EA:24,EA,uncle 4,uncle 4,unclear_or_legal_savings_fragment,TO THE FULL EXTENT PERMITTED UNDER APPLICABLE LAW
2801,EA:25,EA,uncle 5,uncle 5,unclear_or_legal_savings_fragment,TO THE FULL EXTENT PERMITTED BY APPLICABLE LAW
2804,EA:28,EA,uncle 6,uncle 6,unclear_or_legal_savings_fragment,"SOME JURISDICTIONS DO NOT ALLOW THE ABOVE EXCLUSIONS AND LIMITATIONS, SO SOME OR ALL OF THEM MAY NOT APPLY TO YOU."
2810,EA:34,EA,docu 2,docu 2,documentary_note,PlayStation™Network Terms of Service and User Agreement 
2811,Aliexpress:0,Aliexpress,docu 1,docu 1,documentary_note,"the “Services” hereinafter) is subject to the terms and conditions contained in this document as well as the Privacy Policy (deﬁned in clause 3.3 below), the"
2812,Aliexpress:1,Aliexpress,docu 2,docu 2,documentary_note,Product Listing Policy
2816,Aliexpress:5,Aliexpress,may infringe Annex 1(n) Directive 93/13,may infringe Annex 1(n) Directive 93/13,unknown_code_or_free_text,"Alibaba.com may allow Users to access to content, products or services offered by third parties through hyperlinks (in the form of word link, banners, channels or otherwise), API or otherwise to such third parties' web sites. You are cautioned to read such web sites' terms and conditions and/or privacy policies before using the Sites. You acknowledge that Alibaba.com has no control over such third parties' web sites, does not monitor such web sites, and shall not be responsible or liable to anyone for such web sites, or any content, products or services made available on or through such web sites."
2817,Aliexpress:6,Aliexpress,uncle,uncle,unclear_or_legal_savings_fragment,to the extent permitted under applicable laws
2818,Aliexpress:7,Aliexpress,ip -1; shad_ip,shad_ip,unknown_code_or_free_text,", you grant an irrevocable, perpetual, worldwide, royalty- free, and sub-licensable (through multiple tiers) license to Alibaba.com and/or its afﬁliates and their respective representative(s) to display, transmit, distribute, reproduce, publish, duplicate, adapt, modify, edit, translate, create derivative works using the User Content, remove any part of it (including, without limitation, the watermark or mark the User Content bears), and otherwise use any or all of the User Content in any form, media, or technology now known or not currently known in any manner, on the Sites, Alibaba Channels and/or Third Party Channels and for any purpose which may be beneﬁcial, whether directly or indirectly, to Alibaba.com, the operation of the Sites, the provision of any Services and Promotion Services and/or the business of the User."
2819,Aliexpress:8,Aliexpress,uncle 2,uncle 2,unclear_or_legal_savings_fragment,To the maximum extent permitted by law
2820,Aliexpress:9,Aliexpress,uncle 3,uncle 3,unclear_or_legal_savings_fragment,Information that is protected under data protection laws will only be used and kept in compliance with those laws.
2821,Aliexpress:10,Aliexpress,ac_del 0,ac_del 0,unknown_code_or_free_text,Alibaba.com may cancel or terminate a User’s member account if Alibaba.com has reasons to suspect that the User has concurrently registered or is in control of two or more member accounts.
2822,Aliexpress:11,Aliexpress,pato,pato,unknown_code_or_free_text,"Further, Alibaba.com may reject User’s application for registration for any reason."
2823,Aliexpress:12,Aliexpress,ind 0,ind 0,unknown_code_or_free_text,"Member shall indemnify Alibaba.com, our afﬁliates, directors, employees, agents and representatives against any loss or damages (including but not limited to loss of proﬁts) suffered as a result of the multiple use of your account"
2825,Aliexpress:14,Aliexpress,cnt_modr 0; acc_del 0,cnt_modr 0,unknown_code_or_free_text,"If Alibaba.com reasonably believes that any of your conduct violates or threatens to violate any applicable laws and regulations, Alibaba.com may, at its sole discretion, at any time take action as it may deem appropriate in light of the circumstances, including, but not limited to, terminating the provision of Services to you, closing relevant purchase orders, and terminating your accounts, while reserving all rights it may have regarding any non-compliant actions or conduct of its members."
2826,Aliexpress:16,Aliexpress,disc -1,disc -1,unknown_code_or_free_text,is otherwise found inappropriate in Alibaba.com’s sole discretion
2827,Aliexpress:15,Aliexpress,cnt_del -1; -1 because of (vi),-1 because of (vi),unknown_code_or_free_text,"Alibaba.com reserves the right in our sole discretion to remove, modify or reject any User Content (in whole or in part) that you submit to, post or display on the Sites which we reasonably believe (i) violates any applicable laws and regulations,violates the Terms hereunder, (iii) could subject Alibaba.com or our afﬁliates to liability, (iv) infringes any Third Party Rights, (v) could harm the interests of our Members, third party or Alibaba.com or our afﬁliates, or (vi) is otherwise found inappropriate in Alibaba.com’s sole discretion."
2829,Aliexpress:18,Aliexpress,uncle 4,uncle 4,unclear_or_legal_savings_fragment,to the extent permitted by applicable laws 
2831,Aliexpress:20,Aliexpress,ind 0,ind 0,unknown_code_or_free_text,"Each Member agrees to indemnify Alibaba.com, our afﬁliates, directors, employees, agents and representatives and to hold them harmless, from any and all damages, losses, claims and liabilities (including legal costs on a full indemnity basis) which may arise from your submission, posting or display of any User Content, from your access to or use of the Sites or Services, or from your breach of the Terms or any Additional Agreements."
2832,Aliexpress:22,Aliexpress,docu 3,docu 3,documentary_note,Transaction Services Agreement
2833,Aliexpress:21,Aliexpress,what,what,unknown_code_or_free_text,"Through the Sites, Alibaba.com provides electronic web-based platforms for exchanging information between buyers and sellers of products and services. Alibaba.com additionally provides electronic web-based transaction platforms for Members to place, accept, conclude, manage and fulﬁll orders for the provision of products and services online within the Sites subject to the terms of the Transaction Services Agreement.   However, for any Services, Alibaba.com does not represent either the seller or the buyer in speciﬁc transactions. Alibaba.com does not control and is not liable or responsible for the quality, safety, lawfulness or availability of the products or services offered for sale on the Sites, the ability of the sellers to complete a sale or the ability of buyers to complete a purchase."
2834,Aliexpress:23,Aliexpress,pato,pato,unknown_code_or_free_text,"Alibaba.com is not liable or responsible for any damages, claims, liabilities, costs, harm, inconveniences, business disruptions or expenditures of any kind that may arise a result of or in connection with any Transaction Risks."
2836,Aliexpress:25,Aliexpress,ind 0,ind 0,unknown_code_or_free_text,"In the event that any User has a dispute with any party to a transaction, such User agrees to release and indemnify Alibaba.com (and our agents, afﬁliates, directors, ofﬁcers and employees) from all claims, demands, actions, proceedings, costs, expenses and damages (including without limitation any actual, special, incidental or consequential damages) arising out of or in connection with such dispute or the transaction."
2837,Aliexpress:26,Aliexpress,uncle 5,uncle 5,unclear_or_legal_savings_fragment,TO THE MAXIMUM EXTENT PERMITTED BY LAW
2839,Aliexpress:28,Aliexpress,uncle 6,uncle 6,unclear_or_legal_savings_fragment,TO THE MAXIMUM EXTENT PERMITTED BY LAW
2840,Aliexpress:29,Aliexpress,ind 0,ind 0,unknown_code_or_free_text,"Each User hereby agrees to indemnify and hold Alibaba.com, our afﬁliates, directors, ofﬁcers and employees harmless, from any and all losses, claims, liabilities (including legal costs on a full indemnity basis) which may arise from such User's access to or use of the Sites or Services (including but not limited to the submission, posting or display of such User's information and User Content on the Sites, Alibaba Channels or Third Party Channels under Promotion Services) or from your breach of any of the representations, warranties hereunder and the terms and conditions of the Terms. Each User hereby further agrees to indemnify and hold Alibaba.com, our afﬁliates, directors, ofﬁcers and employees harmless, from any andall losses, damages, claims, liabilities (including legal costs on a full indemnity basis) which may arise from User's breach of any representations and warranties made by User to Alibaba.com, including but not limited to those set forth in clause 5 hereunder."
2841,Aliexpress:30,Aliexpress,ind 0,ind 0,unknown_code_or_free_text,"Each User hereby further agrees to indemnify and save Alibaba.com, our afﬁliates, directors, ofﬁcers and employees harmless, from any and all losses, damages, claims, liabilities (including legal costs on a full indemnity basis) which may arise, directly or indirectly, as a result of any claims asserted by Third Party Rights claimants or other third parties relating to the User Content, information and/or products offered or displayed on the Sites. Each User hereby further agrees that Alibaba.com is not responsible and shall have no liability to you, for any material posted by others, including defamatory, offensive or illicit material and that the risk of damages from such material rests entirely with each User. Alibaba.com reserves the right, at our own expense, to assume the exclusive defense and control of any matter otherwise subject to indemniﬁcation by you, in which event you shall cooperate with Alibaba.com in asserting any available defenses."
2843,Aliexpress:33,Aliexpress,uncle 7,uncle 7,unclear_or_legal_savings_fragment,the maximum amount permitted under the applicable law
2845,Aliexpress:35,Aliexpress,uncle 8,uncle 8,unclear_or_legal_savings_fragment,or such longer period as prescribed under the applicable law governing the Terms
2847,Aliexpress:36,Aliexpress,uncle 9,uncle 9,unclear_or_legal_savings_fragment,The limitations and exclusions of liability to you under the Terms shall apply to the maximum extent permitted by law and shall apply whether or not Alibaba.com has been advised of or should have been aware of the possibility of any such losses arising.
2848,Aliexpress:37,Aliexpress,uncle 10,uncle 10,unclear_or_legal_savings_fragment,To the largest extent permissible under applicable law
2851,Aliexpress:41,Aliexpress,uncle 11,uncle 11,unclear_or_legal_savings_fragment,EXCEPT AS OTHERWISE STIPULATED UNDER APPLICABLE LAW
2853,adidas:0,adidas,docu 1,docu 1,documentary_note,Privacy Policy 
2854,adidas:1,adidas,what,what,unknown_code_or_free_text,"Currently, Runtastic essentially oﬀers its users the following features and information in several languages:Platform.Personal proﬁle page, including personal details; News regarding Runtastic in short form;Mobile Health & Fitness Apps;Content, e.g. texts, pictures and videos, regarding sports, health and nutrition, that is presented by Runtastic and professional third parties (sports coaches, trainers,...);Status messages;A blog presenting company information, products and news regarding health and ﬁtness in long form; and Other content, such as:About us: Short description of Runtastic;Company oﬀers: Oﬀers of Runtastic addressed to companies; Advertising by Runtastic and/or third parties;Support for users;Privacy Policy and these T&C; Press & Media Center;Jobs; andLegal information.Apps. Applications for Apple iPhones, Android phones, and other smartphones and other devices on a global scale, that can be used both isolated on the smartphone as well as in connection with the Platform."
2855,adidas:2,adidas,pato,pato,unknown_code_or_free_text,"Runtastic reserves the right to reject users without giving reasons. In this event, any transmitted details will be deleted promptly."
2856,adidas:3,adidas,acc_sus 0; acc_del 0; may infringe Annex 1(d) Directive 93/13,may infringe Annex 1(d) Directive 93/13,unknown_code_or_free_text,"If you provide any information that is untrue, inaccurate, not current or incomplete, or Runtastic has reasonable grounds to suspect that such information is untrue, inaccurate, not current or incomplete, Runtastic has the right to suspend or terminate your account immediately and without prior notice and to refuse any and all current or future use of the Premium Services (or any portion thereof), without the Registered User being entitled to a refund of any previously paid amount."
2860,adidas:7,adidas,may infringe Annex 1(d) Directive 93/13,may infringe Annex 1(d) Directive 93/13,unknown_code_or_free_text,Runtastic will not refund previously paid amounts.
2864,adidas:11,adidas,cnt_del 0; acc_sus 0; acc_del 0; cnt_modr 0,cnt_modr 0,unknown_code_or_free_text,"Sanctions. In order to ensure the proper and reliable provision of Runtastic Products, Runtastic imposes the following sanctions upon breach of user obligations by a user:warning;deletion of content;temporary deactivation of user account; and cancellation (irrevocable deactivation)."
2866,adidas:15,adidas,uncle 1,uncle 1,unclear_or_legal_savings_fragment,", to the extent legally permissible"
2867,adidas:14,adidas,infringes Art. 16 of the Polish law on copyright and related rights,infringes Art. 16 of the Polish law on copyright and related rights,unknown_code_or_free_text,"In this connection, the user waives, to the extent legally permissible, all intellectual property rights."
2870,adidas:17,adidas,uncle 2,uncle 2,unclear_or_legal_savings_fragment,to the extent permitted by law
2871,adidas:19,adidas,uncle 3,uncle 3,unclear_or_legal_savings_fragment,Unless required by statutory law
2873,adidas:21,adidas,uncle 4,uncle 4,unclear_or_legal_savings_fragment,to the extent permitted by law
2874,adidas:20,adidas,ind 0,ind 0,unknown_code_or_free_text,"Indemniﬁcation. The user shall indemnify Runtastic for all claims raised by third parties as a result of an infringement of their rights by the user in connection with content uploaded to or any of the Runtastic Products by such user or as a result of any other usage by such user of applications available from Runtastic. The user shall bear the costs of any legal proceedings, in which Runtastic may be involved in connection with such claims, including all court costs and attorney’s fees to the extent permitted by law, unless the user was not at fault in causing such infringement."
2880,adidas:27,adidas,docu 2,docu 2,documentary_note,here 
2882,Booking.com:1,Booking.com,uncle,uncle,unclear_or_legal_savings_fragment,To the extent permitted by law
2883,Booking.com:2,Booking.com,docu 1,docu 1,documentary_note,Our values
2884,Booking.com:3,Booking.com,docu 2,docu 2,documentary_note,Privacy and Cookies Statement 
2885,Booking.com:4,Booking.com,docu 3-5,docu 3-5,documentary_note,"Rentalcars.com Privacy Statement, Cars.booking.com Privacy Statement, or Taxi.booking.com Privacy Statement"
2886,Booking.com:5,Booking.com,docu 6,docu 6,documentary_note,https://www.booking.com/genius.html
2888,Booking.com:7,Booking.com,docu 7,docu 7,documentary_note,our criteria
2889,Booking.com:8,Booking.com,cnt_del -1; cnt_modr 0,cnt_modr 0,unknown_code_or_free_text,"5. Just to make it clear: we’re not responsible and liable for any picture uploaded to our Platform, we’re allowed to remove any picture upon our discretion (for instance, if we detect that a picture does not meet the above criteria)."
2891,Booking.com:11,Booking.com,disc -1,disc -1,unknown_code_or_free_text,"we’ll only do this if, in our opinion, there’s a good reason to "
2893,Booking.com:13,Booking.com,uncle,uncle,unclear_or_legal_savings_fragment,To the extent permitted by mandatory consumer law
2894,Booking.com:14,Booking.com,uncle,uncle,unclear_or_legal_savings_fragment,to the extent permitted by law
2895,Booking.com:15,Booking.com,uncle,uncle,unclear_or_legal_savings_fragment,", to the extent permitted by law"
2897,Booking.com:17,Booking.com,uncle,uncle,unclear_or_legal_savings_fragment,To the extent permitted by law
2899,Booking.com:18,Booking.com,uncle,uncle,unclear_or_legal_savings_fragment,To the extent permitted by mandatory local (consumer) law
2901,Booking.com:20,Booking.com,uncle,uncle,unclear_or_legal_savings_fragment,To the extent permitted by mandatory local (consumer) law
2903,Booking.com:22,Booking.com,docu 8,docu 8,documentary_note,We Price Match
2904,Booking.com:23,Booking.com,docu 9,docu 9,documentary_note,out How We Work
2905,Booking.com:24,Booking.com,ind 0,ind 0,unknown_code_or_free_text,"4. When you purchase a Flight, you agree not to do this, and to indemnify us against any airline claims for any difference between the cost of your actual journey and the cost of the full journey specified on your ticket(s)."
2906,Netflix:0,Netflix,core,core,unknown_code_or_free_text,"Netﬂix provides a personalized subscription service that allows our members to access entertainment content (""Netﬂix content"") over the Internet on certain Internet-connected TVs, computers and other devices (""Netﬂix ready devices"")."
2907,Netflix:1,Netflix,What does the “personalized service” mean?,What does the “personalized service” mean?,unknown_code_or_free_text,personalized service 
2908,Netflix:2,Netflix,core,core,unknown_code_or_free_text,"To use the Netﬂix service you must have Internet access and a Netﬂix ready device, and provide us with one or more Payment Methods."
2910,Netflix:4,Netflix,pato1,pato1,unknown_code_or_free_text,Payments are non-refundable and we do not provide refunds or credits for any partial membership periods or unused Netﬂix content
2912,Netflix:6,Netflix,Consumer unfriendly,Consumer unfriendly,unknown_code_or_free_text,You may access the Netﬂix content primarily within the country in which you have established your account and only in geographic locations where we offer our service and have licensed such content
2913,Netflix:7,Netflix,"So, the default option is to participate in the tests",So,unknown_code_or_free_text,"You can turn off test participation at any time by visiting the ""Account"" page and changing the ""Test participation"" settings"
2913,Netflix:7,Netflix,"So, the default option is to participate in the tests",the default option is to participate in the tests,unknown_code_or_free_text,"You can turn off test participation at any time by visiting the ""Account"" page and changing the ""Test participation"" settings"
2918,Netflix:12,Netflix,uncle 1,uncle 1,unclear_or_legal_savings_fragment,under the mandatory laws of your country of residence
2919,Netflix:14,Netflix,pato2,pato2,unknown_code_or_free_text,"Netﬂix does not accept unsolicited materials or ideas for Netﬂix content, and is not responsible for the similarity of any of its content or programming in any media to materials or ideas transmitted to Netﬂix"
2920,Netflix:13,Netflix,sugg 0,sugg 0,unknown_code_or_free_text,"Unsolicited Materials. Netﬂix does not accept unsolicited materials or ideas for Netﬂix content, and is not responsible for the similarity of any of its content or programming in any media to materials or ideas transmitted to Netﬂix."
2923,PAYBACK:0,PAYBACK,what,what,unknown_code_or_free_text,W ramach Programu PAYBACK za czynności określone przez Partnerów Programu lub Loyalty Partner (w tym nabycie określonych produktów lub usług Partnerów Programu w ilości wskazanej na stronie internetowej Programu (www.payback.pl) w zakładce „Sklepy online” lub „Sklepy stacjonarne” zostaną przyznane punkty PAYBACK („Punkty”).
2924,PAYBACK:1,PAYBACK,what,what,unknown_code_or_free_text,"Numer PAYBACK, do czasu rejestracji w Programie traktowany jest jak znak legitymacyjny."
2925,PAYBACK:2,PAYBACK,what,what,unknown_code_or_free_text,Karta PAYBACK pozostaje własnością Loyalty Partner.
2926,PAYBACK:3,PAYBACK,what,what,unknown_code_or_free_text,"Karty nie są instrumentami płatniczymi, a w szczególności nie są kartami płatniczymi. "
2927,PAYBACK:4,PAYBACK,"acc_sus 0; in this case, immediate account suspension may be desired",in this case,unknown_code_or_free_text,W takim przypadku Państwa Konto zostanie zablokowane do czasu wyjaśnienia nieprawidłowości.
2927,PAYBACK:4,PAYBACK,"acc_sus 0; in this case, immediate account suspension may be desired",immediate account suspension may be desired,unknown_code_or_free_text,W takim przypadku Państwa Konto zostanie zablokowane do czasu wyjaśnienia nieprawidłowości.
2928,PAYBACK:5,PAYBACK,what,what,unknown_code_or_free_text,Instrumentem Płatniczym PAYBACK to identyfikator (w tym: karta lub pieniądz elektroniczny wydany w oparciu o odrębną umowę między użytkownikiem a podmiotem uprawnionym do wydawania takich instrumentów) zawierający numer PAYBACK umożliwiający (miedzy innymi) dokonywanie zapłaty oraz uprawniający do korzystania z Programu na zasadach określonych w niniejszych Warunkach Uczestnictwa („Instrument Płatniczy PAYBACK”).
2929,PAYBACK:6,PAYBACK,virtu,virtu,unknown_code_or_free_text,"W związku z dokonywaniem czynności, o których mowa w pkt 2.2 niniejszych Warunków Uczestnictwa, z wykorzystaniem numeru PAYBACK, zostaną Państwu przyznane Punkty. Informacja o liczbie przyznawanych Punktów jest dostępna na stronie internetowej www.payback.pl w zakładkach „Sklepy online” lub „Sklepy stacjonarne”,."
2930,PAYBACK:7,PAYBACK,virtu,virtu,unknown_code_or_free_text,Punkty nie podlegają wymianie na pieniądze. Punkty nie są pieniądzem elektronicznym.
2932,PAYBACK:9,PAYBACK,what,what,unknown_code_or_free_text,"Przyznane Punkty mogą Państwo: (i) wymienić na rzeczy, usługi, materialne lub zdematerializowane (cyfrowe) znaki legitymacyjne, lub (ii) przekazać Punkty organizacjom pożytku publicznego współpracującym z PAYBACK („Nagrody”). "
2933,PAYBACK:10,PAYBACK,contr_chg 0; pato,pato,unknown_code_or_free_text,"W przypadku zmiany prawa w powyższym zakresie Loyalty Partner zastrzega możliwość zmiany liczby Punktów, która może być jednorazowo wymieniona na Nagrody. Powyższa zmiana nie stanowi zmiany niniejszych Warunków Uczestnictwa."
2934,PAYBACK:11,PAYBACK,docu 1,docu 1,documentary_note,w regulaminie zamawiania i dostawy Nagród 
2937,PAYBACK:14,PAYBACK,pato,pato,unknown_code_or_free_text,Możemy zdecydować o przyjęciu reżimów właściwych dla “instytucji obowiązanej” na mocy ustawy „o przeciwdziałaniu praniu pieniędzy oraz finansowaniu terroryzmu” lub innych przepisów prawa międzynarodowego (także przyjętych przez ONZ) w tym określonych przez Biuro ds. Kontroli Aktywów Zagranicznych Departamentu Skarbu Stanów Zjednoczonych.
2938,PAYBACK:15,PAYBACK,acc_del 0; account deletion may be justified in this case,account deletion may be justified in this case,unknown_code_or_free_text,"Jeśli Państwa dane zostaną opublikowane na liście „Specially Designated Nationals and Blocked Persons list” dostępnej pod adresem http://sdnsearch.ofac.treas.gov/ Państwa konta PAYBACK, zostanie zamknięte bez uprzedniego powiadomienia. "
2940,PAYBACK:17,PAYBACK,contr_chg 0; 0 because reasons to change the contract are not exhaustively listed,0 because reasons to change the contract are not exhaustively listed,unknown_code_or_free_text,"Niniejsze Warunki Uczestnictwa mogą zostać zmienione lub uzupełnione przez Loyalty Partner z przyczyn takich jak konieczność zapewnienia bezpiecznego i zgodnego z przepisami prawa funkcjonowania Programu, a w szczególności zapobiegania nadużyciom. O zmianach zostaną Państwo powiadomieni przez publiczne ogłoszenie w punktach sprzedaży Partnerów oraz na stronie internetowej www.payback.pl z trzydziestodniowym wyprzedzeniem."
2941,PAYBACK:18,PAYBACK,what,what,unknown_code_or_free_text,"Za pomocą dodatkowych Kart PAYBACK dołączonych w formularzu zgłoszeniowym do Państwa Karty PAYBACK (karta główna) inna osoba („Współuczestnik”) może zbierać Punkty, które zapisane zostaną naPaństwa wspólnym Koncie PAYBACK."
2944,Yahoo:0,Yahoo,docu 1-3,docu 1-3,documentary_note,"the policies in our Privacy Center, and any community guidelines and supplemental terms provided to you for the Services that you use "
2945,Yahoo:1,Yahoo,ind 0 ,ind 0,unknown_code_or_free_text,"Indemnity. If you are using the Services on behalf of a company, business or other entity, or if you are using the Services for commercial purposes, you and the entity will hold harmless and indemnify the Yahoo Entities (deﬁned in Section 8 below) from any suit, claim or action arising from or related to the use of the Services or violation of these Terms, including any liability or expense arising from claims (including claims for negligence), losses, damages, suits, judgments, litigation costs and attorneys’ fees."
2946,Yahoo:2,Yahoo,uncle,uncle,unclear_or_legal_savings_fragment,unless applicable laws prohibit those restrictions
2948,Yahoo:4,Yahoo,cnt_del 0; cnt_modr 0,cnt_modr 0,unknown_code_or_free_text,"We may remove and refuse to display content that violates the Terms orapplicable laws or regulations, but that does not mean that we monitor the Services or review or screen any content."
2952,Yahoo:8,Yahoo,uncle,uncle,unclear_or_legal_savings_fragment,Subject to any statutory rights you might have
2953,Yahoo:9,Yahoo,uncle,uncle,unclear_or_legal_savings_fragment,TO THE FULLEST EXTENT PERMITTED BY APPLICABLE LAW
2955,Yahoo:11,Yahoo,uncle,uncle,unclear_or_legal_savings_fragment,SOME JURISDICTIONS PROVIDE FOR CERTAIN IMPLIED WARRANTIES
2956,Yahoo:12,Yahoo,uncle,uncle,unclear_or_legal_savings_fragment,TO THE FULLEST EXTENT PERMITTED BY APPLICABLE LAW
2957,Yahoo:13,Yahoo,uncle,uncle,unclear_or_legal_savings_fragment,TO THE FULLEST EXTENT PERMITTED BY APPLICABLE LAW
2959,Yahoo:15,Yahoo,uncle,uncle,unclear_or_legal_savings_fragment,TO THE FULLEST EXTENT PERMITTED BY LAW 
2961,Yahoo:17,Yahoo,sugg 0 ,sugg 0,unknown_code_or_free_text,"You agree that any recommendation, idea, proposal, suggestion, feedback or other input (“Feedback”) you submit to us related to our products, services, websites, apps, or technology may be used by us without any notice, obligation, restriction,reimbursement or compensation to you and you waive (or agree not to enforce) any and all rights that may now or in future exist (including moral and equivalent rights) in any Feedback."
2963,Yahoo:19,Yahoo,uncle,uncle,unclear_or_legal_savings_fragment,Subject to applicable law
2969,Yahoo:25,Yahoo,"We do not mark these, as class and arb is lawful in those places",We do not mark these,unknown_code_or_free_text,"Argentina (ar), Chile (cl), Colombia (co), Hong Kong (hk), Mexico (mx), Peru (pe), and Venezuela (ve):"
2969,Yahoo:25,Yahoo,"We do not mark these, as class and arb is lawful in those places",as class and arb is lawful in those places,unknown_code_or_free_text,"Argentina (ar), Chile (cl), Colombia (co), Hong Kong (hk), Mexico (mx), Peru (pe), and Venezuela (ve):"
2970,Yahoo:26,Yahoo,uncle,uncle,unclear_or_legal_savings_fragment,"Some provinces and territories do not allow for the exclusion of warranties (including the province of Quebec). In these provinces and territories, you have only the warranties that are expressly required to be provided in accordance with applicable law"
2971,Yahoo:27,Yahoo,uncle,uncle,unclear_or_legal_savings_fragment,"In these provinces, we will only be liable to you for damages that we are expressly required to be liable to you under applicable law"
2974,Yahoo:30,Yahoo,uncle,uncle,unclear_or_legal_savings_fragment,on any applicable mandatory local law
2975,The Witcher - Monster Slayer:0,The Witcher - Monster Slayer,uncle 1,uncle 1,unclear_or_legal_savings_fragment,"Depending on where you live, there are important rules regarding liability and dispute resolution "
2976,The Witcher - Monster Slayer:1,The Witcher - Monster Slayer,docu 1,docu 1,documentary_note,Privacy Policy 
2977,The Witcher - Monster Slayer:2,The Witcher - Monster Slayer,docu 2,docu 2,documentary_note,Fan Content Guidelines 
2978,The Witcher - Monster Slayer:3,The Witcher - Monster Slayer,not mentioned in the full text,not mentioned in the full text,unknown_code_or_free_text,This Agreement covers TWMS only and applies only to the users playing on mobile platforms
2979,The Witcher - Monster Slayer:4,The Witcher - Monster Slayer,core,core,unknown_code_or_free_text,TWMS is free to play
2980,The Witcher - Monster Slayer:5,The Witcher - Monster Slayer,pato,pato,unknown_code_or_free_text,"In order to protect TWMS, TWMS users and ourselves, SPOKKO reserves the right if really necessary to reject any user account if it would breach this Agreement or other legal rules linked to in this document."
2982,The Witcher - Monster Slayer:7,The Witcher - Monster Slayer,"acc_del 0; acc_sus 0; sometimes immediate account suspension (without notice period) might be desired, for example, to protect other users against spam or uploading harmful or infringing others’ rights content",sometimes immediate account suspension (without notice period) might be desired,unknown_code_or_free_text,"a material breach of this Agreement, which could lead to cancellation or suspension of your access to TWMS"
2982,The Witcher - Monster Slayer:7,The Witcher - Monster Slayer,"acc_del 0; acc_sus 0; sometimes immediate account suspension (without notice period) might be desired, for example, to protect other users against spam or uploading harmful or infringing others’ rights content",for example,unknown_code_or_free_text,"a material breach of this Agreement, which could lead to cancellation or suspension of your access to TWMS"
2982,The Witcher - Monster Slayer:7,The Witcher - Monster Slayer,"acc_del 0; acc_sus 0; sometimes immediate account suspension (without notice period) might be desired, for example, to protect other users against spam or uploading harmful or infringing others’ rights content",to protect other users against spam or uploading harmful or infringing others’ rights content,unknown_code_or_free_text,"a material breach of this Agreement, which could lead to cancellation or suspension of your access to TWMS"
2983,The Witcher - Monster Slayer:8,The Witcher - Monster Slayer,uncle 2,uncle 2,unclear_or_legal_savings_fragment,to the maximum extent permitted by applicable law
2985,The Witcher - Monster Slayer:10,The Witcher - Monster Slayer,uncle 3,uncle 3,unclear_or_legal_savings_fragment,unless you are specifically allowed by applicable law
2986,The Witcher - Monster Slayer:11,The Witcher - Monster Slayer,uncle 4,uncle 4,unclear_or_legal_savings_fragment,"any applicable geographic or regional, language or location-based restrictions, requirements or rules regarding TWMS"
2988,The Witcher - Monster Slayer:13,The Witcher - Monster Slayer,pato1,pato1,unknown_code_or_free_text,SPOKKO does not assume any responsibility or liability for Shared User Content
2990,The Witcher - Monster Slayer:15,The Witcher - Monster Slayer,what; virtu,what,unknown_code_or_free_text,"TWMS allows you to purchase virtual, in-game digital items and content including but not limited to cosmetic and in-game enhancements, campaigns and other downloadable content (“Virtual Goods”)"
2990,The Witcher - Monster Slayer:15,The Witcher - Monster Slayer,what; virtu,virtu,unknown_code_or_free_text,"TWMS allows you to purchase virtual, in-game digital items and content including but not limited to cosmetic and in-game enhancements, campaigns and other downloadable content (“Virtual Goods”)"
2991,The Witcher - Monster Slayer:16,The Witcher - Monster Slayer,virtu,virtu,unknown_code_or_free_text,"You may at our discretion be able to buy certain Virtual Goods with “real world” money, or virtual currencies such as ‘ingredients’ (which you can earn by playing the game), ‘items’ (which you can earn through the TWMS in-game crafting system and/or also by playing the game) or ‘Gold’ (which you can purchase with “real world” money (we will refer to them together as “Virtual Currency”). Only TWMS users can use Virtual Goods and Virtual Currency"
2992,The Witcher - Monster Slayer:17,The Witcher - Monster Slayer,pato2,pato2,unknown_code_or_free_text,All payments are non-refundable and non-transferable except as expressly provided in this Agreement
2993,The Witcher - Monster Slayer:18,The Witcher - Monster Slayer,virtu3,virtu3,unknown_code_or_free_text,"Virtual Goods and Virtual Currency are digital items only with no cash-value or real world existence and cannot be ‘bought’, ‘sold’, gifted, transferred or redeemed, whether or not for other Virtual Goods, Virtual Currency, ‘real world’ money, goods, services or items of monetary value"
2994,The Witcher - Monster Slayer:19,The Witcher - Monster Slayer,virtu4,virtu4,unknown_code_or_free_text,"You have no property interest or right or title in any Virtual Goods or Virtual Currency, which remain SPOKKO’s property"
2997,The Witcher - Monster Slayer:22,The Witcher - Monster Slayer,pato3,pato3,unknown_code_or_free_text,We are not obliged to provide Virtual Goods or Virtual Currency to you
3000,The Witcher - Monster Slayer:25,The Witcher - Monster Slayer,uncle 5,uncle 5,unclear_or_legal_savings_fragment,except where required by statutory laws.
3001,The Witcher - Monster Slayer:26,The Witcher - Monster Slayer,uncle 6,uncle 6,unclear_or_legal_savings_fragment,"Neither this nor any other part of this User Agreement affects your statutory rights. In other words, your local laws, such as acts on protection of consumer rights, may provide you with additional rights that cannot be limited or waived by this User Agreement"
3002,The Witcher - Monster Slayer:27,The Witcher - Monster Slayer,uncle 7,uncle 7,unclear_or_legal_savings_fragment,Our goods and services come with guarantees that cannot be excluded under the Australian Consumer Law
3003,The Witcher - Monster Slayer:28,The Witcher - Monster Slayer,uncle 8,uncle 8,unclear_or_legal_savings_fragment,"Neither this nor any other part of this User Agreement excludes, restricts or modifies the application of any right or remedy that cannot be so excluded, restricted or modified "
3004,The Witcher - Monster Slayer:29,The Witcher - Monster Slayer,sugg 0,sugg 0,unknown_code_or_free_text,"While writing to us, please remember that we may choose not to use or accept player suggestions and, should we do somehow incorporate a suggestion into the game, we are not in any way obliged to reimburse you financially (or in any other fashion)"
3005,The Witcher - Monster Slayer:30,The Witcher - Monster Slayer,uncle 9,uncle 9,unclear_or_legal_savings_fragment,we will use reasonable endeavors to comply with applicable laws in performing our obligations to you under this Agreement.
3006,The Witcher - Monster Slayer:31,The Witcher - Monster Slayer,uncle 10,uncle 10,unclear_or_legal_savings_fragment,countries whose laws specifically prohibit the following liability limitations
3008,The Witcher - Monster Slayer:33,The Witcher - Monster Slayer,uncle 11,uncle 11,unclear_or_legal_savings_fragment,To the fullest extent permitted by applicable law
3009,The Witcher - Monster Slayer:34,The Witcher - Monster Slayer,pato4,pato4,unknown_code_or_free_text,"We do not warrant that TWMS will be uninterrupted or error-free, that defects will be corrected, or THAT THE GAME WILL BE free of viruses or other harmful components"
3010,The Witcher - Monster Slayer:35,The Witcher - Monster Slayer,uncle 12,uncle 12,unclear_or_legal_savings_fragment,To the maximum extent permitted by applicable law
3012,The Witcher - Monster Slayer:37,The Witcher - Monster Slayer,uncle 13,uncle 13,unclear_or_legal_savings_fragment,TO THE MAXIMUM EXTENT PERMITTED BY APPLICABLE LAW
3014,The Witcher - Monster Slayer:39,The Witcher - Monster Slayer,ind 0,ind 0,unknown_code_or_free_text,"You agree to indemnify and hold harmless on demand SPOKKO, its affiliates, licensors and partners from all liabilities, claims and expenses, including legal fees, in connection with: (1) any alleged or actual breach of this Agreement; (2) the use of TWMS by you or any person on your behalf; (3) INFRINGEMENT OF INTELLECTUAL PROPERTY RIGHTS OR OTHER PROPERTY OF SPOKKO OR CD PROJEKT RED; and/or (4) YOUR SHARED USER CONTENT"
3015,The Witcher - Monster Slayer:40,The Witcher - Monster Slayer,pato5,pato5,unknown_code_or_free_text,"YOU AGREE THAT ANY LOSS, DAMAGE OR HARM YOU SUFFER ARE NOT IRREPARABLE OR SUFFICIENT, and other remedies will be adequate, such that you are not entitled TO INJUNCTIVE OR OTHER EQUITABLE RELIEF AGAINST US"
3016,The Witcher - Monster Slayer:41,The Witcher - Monster Slayer,"acc_del 0; acc_sus 0; sometimes immediate account suspension (without notice period) might be desired, for example, to protect other users against spam or uploading harmful or infringing others’ rights content",sometimes immediate account suspension (without notice period) might be desired,unknown_code_or_free_text,SPOKKO may cancel or suspend your access to TWMS if you materially breach this Agreement
3016,The Witcher - Monster Slayer:41,The Witcher - Monster Slayer,"acc_del 0; acc_sus 0; sometimes immediate account suspension (without notice period) might be desired, for example, to protect other users against spam or uploading harmful or infringing others’ rights content",for example,unknown_code_or_free_text,SPOKKO may cancel or suspend your access to TWMS if you materially breach this Agreement
3016,The Witcher - Monster Slayer:41,The Witcher - Monster Slayer,"acc_del 0; acc_sus 0; sometimes immediate account suspension (without notice period) might be desired, for example, to protect other users against spam or uploading harmful or infringing others’ rights content",to protect other users against spam or uploading harmful or infringing others’ rights content,unknown_code_or_free_text,SPOKKO may cancel or suspend your access to TWMS if you materially breach this Agreement
3017,The Witcher - Monster Slayer:42,The Witcher - Monster Slayer,cnt_modr 0,cnt_modr 0,unknown_code_or_free_text,"In particular, it applies to the TWMS rules we specify in section 8 above (for example, no cheating or account misuse)"
3018,The Witcher - Monster Slayer:43,The Witcher - Monster Slayer,pato6,pato6,unknown_code_or_free_text,"If SPOKKO cancels or suspends your account under this section, then we will not have any obligations or liabilities to you at all"
3024,The Witcher - Monster Slayer:49,The Witcher - Monster Slayer,"period, but applying only to US arbitration disputes",period,known_code_without_valid_score,"You and us (SPOKKO) agree that any claim arising out of or related to TWMS must be made within one (1) year after the claim arose; otherwise, such claim is permanently barred"
3024,The Witcher - Monster Slayer:49,The Witcher - Monster Slayer,"period, but applying only to US arbitration disputes",but applying only to US arbitration disputes,unknown_code_or_free_text,"You and us (SPOKKO) agree that any claim arising out of or related to TWMS must be made within one (1) year after the claim arose; otherwise, such claim is permanently barred"
3025,The Witcher - Monster Slayer:50,The Witcher - Monster Slayer,uncle 14,uncle 14,unclear_or_legal_savings_fragment,To the maximum extent permitted by the national or state law applicable
3027,The Witcher - Monster Slayer:52,The Witcher - Monster Slayer,uncle 15,uncle 15,unclear_or_legal_savings_fragment,to the full extent permitted by law
3028,The Witcher - Monster Slayer:53,The Witcher - Monster Slayer,uncle 16,uncle 16,unclear_or_legal_savings_fragment,In case you are entitled to a warranty under laws applicable in your jurisdiction
3029,The Witcher - Monster Slayer:54,The Witcher - Monster Slayer,uncle 17,uncle 17,unclear_or_legal_savings_fragment,To the maximum extent permitted by applicable law
3030,The Witcher - Monster Slayer:55,The Witcher - Monster Slayer,uncle 18,uncle 18,unclear_or_legal_savings_fragment,that to the extent permitted by law 
3034,Telegram:0,Telegram,docu 1,docu 1,documentary_note,Privacy Policy 
3037,Hotels.com:1,Hotels.com,docu 1,docu 1,documentary_note,Privacy Statement
3039,Hotels.com:3,Hotels.com,uncle,uncle,unclear_or_legal_savings_fragment,depending on applicable law
3040,Hotels.com:4,Hotels.com,uncle,uncle,unclear_or_legal_savings_fragment,in certain jurisdictions
3041,Hotels.com:5,Hotels.com,uncle,uncle,unclear_or_legal_savings_fragment,In some jurisdictions
3043,Hotels.com:7,Hotels.com,uncle,uncle,unclear_or_legal_savings_fragment,The Program is void where prohibited by law
3045,Hotels.com:9,Hotels.com,cnt_del -1; cnt_modr 0,cnt_modr 0,unknown_code_or_free_text,"Hotels.com reserves the right for any reason in its sole discretion to refuse to post or remove (without notice) any Reviews or User Reviews. Amongst other things, this includes situations where Hotels.com receives a third party complaint and/or has reason to believe that there has been a breach of these terms and conditions or review/photo submission guidelines."
3050,Hotels.com:14,Hotels.com,ltd _cap -1,ltd _cap -1,known_code_without_valid_score,"and in the event of any liability of Hotels.com, such liability will in no event exceed, in the aggregate, the greater of (a) the cost paid by you for the travel services in question, or (b) one-hundred dollars (US$100.00) or the equivalent in local currency."
3052,Hotels.com:16,Hotels.com,ind 0,ind 0,unknown_code_or_free_text,"You agree to defend and indemnify Hotels.com, its affiliates, and/or their respective suppliers and any of their officers, directors, employees and agents from and against any claims, causes of action, demands, recoveries, losses, damages, fines, penalties or other costs or expenses of any kind or nature including but not limited to reasonable legal and accounting fees, brought by third parties as a result of: (a)your breach of these terms and conditions or the rules and restrictions/documents referenced herein;(b) your violation of any law or the rights of a third party; or (c)your use of this website."
3055,Hotels.com:19,Hotels.com,uncle,uncle,unclear_or_legal_savings_fragment,or as permitted by any local law
3056,Hotels.com:20,Hotels.com,uncle,uncle,unclear_or_legal_savings_fragment,to the extent that such actions cannot be prohibited by law
3058,Hotels.com:22,Hotels.com,uncle,uncle,unclear_or_legal_savings_fragment,to the maximum extent permitted by applicable law
