filename,comment_id,author,comment,referenced_text
YouTube.docx,0,Autor,docu 1-3,"Your use of the Service is subject to these terms, the YouTube Community Guidelines andthe Policy, Safety and Copyright Policies (together, the ""Agreement""). Your Agreement with us will also include the Advertising on YouTube Policies if you provide advertising or sponsorships to the Service or incorporate paid promotions in your Content."
YouTube.docx,1,Autor,uncle,as permitted by applicable law;
YouTube.docx,2,Autor,docu 4,run contests on or through the Service that do not comply with YouTube’s contest policies and guidelines;
YouTube.docx,3,Autor,serv_chg 0,"YouTube is constantly changing and improving the Service. As part of this continual evolution of our digital content and services, we may make modiﬁcations or changes (to all or part of the Service) such as adding or removing features and functionalities, offering new digital content or services or discontinuing old ones. We may also change the Service for these other reasons:to adapt to new technologiesto reﬂect increases or decreases in the number of people who use a particular product, service or featureto respond to key changes in the licences and partnerships we have with othersto prevent abuse or harmto address legal, regulatory, safety or security issues."
YouTube.docx,4,Autor,uncle,"operability issues. We’ll also provide you with an opportunity to export your Content using Google Takeout, subject to applicable law and policies."
YouTube.docx,5,Autor,tran 1,"operability issues. We’ll also provide you with an opportunity to export your Content using Google Takeout, subject to applicable law and policies."
YouTube.docx,6,Autor,ip 0,"By providing Content to the Service, you grant to YouTube a worldwide, non-exclusive, royalty-free, transferable, sublicensable licence to use that Content (including to reproduce, distribute,modify, display and perform it) for the purpose of operating, promoting, and improving the Service. "
YouTube.docx,7,Autor,cnt_del 0; cnt_modr 0,"If we reasonably believe that any of your Content (1) is in breach of this Agreement or (2) may cause harm to YouTube, our users, or third parties, we reserve the right to remove or take down some or all of such Content. We will notify you with the reason for our action unless we reasonably believe that to do so: (a) would violate the law or the direction of a legal enforcement authority, or would otherwise risk legal liability for YouTube or our Afﬁliates; (b) would compromise an investigation or the integrity or operation of the Service; or (c) would cause harm to any user, other third party, YouTube or our Afﬁliates. You can learn more about reporting and enforcement, including how to appeal on the Troubleshooting page of our Help Center."
YouTube.docx,8,Autor,docu 5 ,Community Guidelines Strikes Basics 
YouTube.docx,9,Autor,acc_sus 0; acc_del 0,"YouTube reserves the right to suspend or terminate your Google account or your access to all or part of the Service if: (a) you materially or repeatedly breach this Agreement; (b) we are required to do so to comply with a legal requirement or a court order; or (c) we reasonably believe there has been conduct that creates liability or harm to any user, other third party, YouTube or our Afﬁliates."
YouTube.docx,10,Autor,uncle,"To the extent permitted by applicable law,"
YouTube.docx,11,Autor,ltd 0,"To the extent permitted by applicable law, YouTube and its Afﬁliates will not be responsible for:losses that were not caused by YouTube or its Afﬁliates’ breach of this Agreement;any loss or damage that was not, at the time that this Agreement was formed between you and YouTube, a reasonably foreseeable consequence of YouTube or its Afﬁliates breaching this Agreement; orthe Content submitted by any user, or for the defamatory, offensive, or illegal conduct of any user."
YouTube.docx,12,Autor,uncle,to the extent permitted by applicable law
YouTube.docx,13,Autor,ltd_cap 0,"YouTube and its Afﬁliates’ total liability for any claims arising from or relating to the Service is limited to the greater of: (a) the amount of revenue that YouTube has paid to you from your use of the Service in the 12 months before the date of your notice, in writing to YouTube, of the claim and (b) €500, whichever is higher."
YouTube.docx,14,Autor,contr_chg 0; „how we do business”,"We may change this Agreement (1) to reﬂect changes to our Service or how we do business - for example, when we add new products or features or remove old ones, (2) for legal, regulatory, or security reasons, or (3) to prevent abuse or harm."
YouTube.docx,15,Autor,sever 0,"If it turns out that a particular term of this Agreement is not enforceable for any reason, this will not affect any other terms."
YouTube.docx,16,Autor,tran -1,"YouTube may transfer all or part of this Agreement to an Afﬁliate or, if YouTube is sold, to a third party."
SQUARE ENIX.docx,0,Autor,docu 1,"Additional Terms, and you acknowledge that you have read and understand the Square Enix Privacy Notice. If you do not agree to these Terms of Service or any Additional"
SQUARE ENIX.docx,1,Autor,serv_chg -1,"Square Enix may immediately suspend or terminate the availability of some or all of the Services for any reason, in Square Enix’s sole discretion, without advance notice or liability."
SQUARE ENIX.docx,2,Autor,uncle 1,except to the extent enforcement of the foregoing is prohibited by applicable law
SQUARE ENIX.docx,3,Autor,uncle 2,as may be required by law
SQUARE ENIX.docx,4,Autor,acc_sus -1; acc_del -1,"Square Enix may suspend or terminate your Account at any time and for any reason, including if Square Enix believes you have violated these Terms of Service. "
SQUARE ENIX.docx,5,Autor,virtu,"Square Enix may allow you to use “Virtual Credits” to redeem certain digital items and online services. Virtual Credits may have different names, such as, “Crysta®,” “coins,” “points,” or “gold.” Virtual Credits are not currency or property and have no monetary value. Square Enix retains all ownership of Virtual Credits and has the absolute right to manage and change Virtual Credits and all licenses for digital items and services redeemed using Virtual Credits. Your use of Virtual Credits is subject to a personal, non- commercial, non-exclusive, non-assignable, non-sublicensable, non-transferable, cancelable license. Except where explicitly authorized by Square Enix, exchanging, seeking to exchange, or facilitating the exchanging of Virtual Credits or other virtual items for money or any other form of property is strictly forbidden and considered a breach of these Terms of Service."
SQUARE ENIX.docx,7,Autor,price_chg 0,"Square Enix reserves the right to adjust the price for Virtual Credits at any time, in its sole discretion, without notice or reimbursement. "
SQUARE ENIX.docx,8,Autor,uncle 3,Except as where may be required by law
SQUARE ENIX.docx,6,Autor,virtu,"Where permitted by Square Enix, you may add Virtual Credits to an Account by using the applicable payment methods for the platform you are using to access the Services.Square Enix reserves the right to adjust the price for Virtual Credits at any time, in its sole discretion, without notice or reimbursement. You are responsible for the payment of any taxes or other charges relating to the purchase or redemption of Virtual Credits. Except as where may be required by law, you have no right to receive a refund for unused Virtual Credits."
SQUARE ENIX.docx,9,Autor,docu 2,Terms and Conditions of Sale
SQUARE ENIX.docx,10,Autor,uncle 4,without affecting your rights as a consumer under local law
SQUARE ENIX.docx,11,Autor,pato,"If you place an order with Square Enix, we may, solely in our discretion, reject your order or limit the quantity of products you may purchase. "
SQUARE ENIX.docx,12,Autor,uncle 5,Subject to your local law
SQUARE ENIX.docx,13,Autor,uncle 6,NOTHING IN THESE TERMS OF SERVICE AFFECTS YOUR RIGHTS AS A CONSUMER UNDER LOCAL LAW
SQUARE ENIX.docx,14,Autor,uncle 7,Subject to your local law
SQUARE ENIX.docx,15,Autor,ip -1; shad_ip,"you grant Square Enix the unrestricted, worldwide, irrevocable, perpetual, and cost-free right to use, copy, modify, distribute, disclose, sell, sublicense, display, publicly perform, publish, broadcast, translate, make derivative works of, promote, and otherwise exploit your User-Generated Content without any compensation, notice, or attribution to you, and to allow other third parties to do the same. "
SQUARE ENIX.docx,16,Autor,uncle 8,To the maximum extent permitted by your local law
SQUARE ENIX.docx,17,Autor,shad_ip; against Art. 16 of the Polish Law on copyright and related rights,"To the maximum extent permitted by your local law, you waive any moral rights you have in User-Generated Content."
SQUARE ENIX.docx,18,Autor,cnt_del -1; cnt_modr 0,"Square Enix may—but does not have an obligation to—delete, remove, edit, or refuse to post User-Generated Content in our sole discretion. We do not accept any liability for removing, or not removing, any User-Generated Content."
SQUARE ENIX.docx,19,Autor,uncle 9,To the extent that any maintenance or support is required under applicable law
SQUARE ENIX.docx,20,Autor,uncle 10,and/or cannot be disclaimed under applicable law
SQUARE ENIX.docx,21,Autor,uncle 11,To the maximum extent permitted by applicable law
SQUARE ENIX.docx,22,Autor,uncle 12,To the maximum extent allowed by applicable law
SQUARE ENIX.docx,23,Autor,docu 3,PlayStation™Network Terms of Service 
SQUARE ENIX.docx,24,Autor,docu 4,User Agreement
SQUARE ENIX.docx,25,Autor,arb -1; class -1,Binding Arbitration and Waiver of Class Actions
SQUARE ENIX.docx,26,Autor,uncle 13,or except where otherwise prohibited by your local law
SQUARE ENIX.docx,27,Autor,as_is -1,"SQUARE ENIX DISCLAIMS AND MAKES NO REPRESENTATIONS OR WARRANTIES AS TO THE SERVICES, INCLUDING WHETHER THE SERVICES: ARE FREE FROM VIRUSES OR OTHER MALICIOUS CONTENT; WILL INTEROPERATE OR BE COMPATIBLE WITH ANY THIRD-PARTY HARDWARE OR SOFTWARE; WILL BE ERROR FREE, UNINTERRUPTED OR AVAILABLE AT ALL TIMES; WILL MEET YOUR REQUIREMENTS; OR ARE LAWFUL IN ANY PARTICULAR JURISDICTION. "
SQUARE ENIX.docx,28,Autor,uncle 14,TO THE MAXIMUM EXTENT PERMITTED BY LAW
SQUARE ENIX.docx,29,Autor,uncle 15,"SOME JURISDICTIONS LIMIT OR DO NOT ALLOW THE DISCLAIMER OF IMPLIED OR OTHER WARRANTIES, IN WHICH CASE THE FOREGOING DISCLAIMERS MAY NOT APPLY TO YOU"
SQUARE ENIX.docx,30,Autor,uncle 16,IN A JURISDICTION THAT PROVIDES STATUTORY OR OTHER GUARANTEES UNDER APPLICABLE LAW
SQUARE ENIX.docx,31,Autor,uncle 17,TO THE FULLEST EXTENT PERMITTED BY APPLICABLE LAW
SQUARE ENIX.docx,32,Autor,ltd -1,"SQUARE ENIX AND ITS EMPLOYEES, DIRECTORS, OFFICERS, MANAGERS, SHAREHOLDERS, AGENTS, VENDORS, LICENSORS, LICENSEES, CONTRACTORS, REPRESENTATIVES, SUCCESSORS, AND ASSIGNS (THE “SQUARE ENIX PARTIES”) ARE NOT RESPONSIBLE OR LIABLE FOR ANY LOSSES OR DAMAGES OF ANY KIND, INCLUDING DIRECT, INDIRECT, ECONOMIC, EXEMPLARY, SPECIAL, PUNITIVE, INCIDENTAL, OR CONSEQUENTIAL LOSSES OR DAMAGES THAT ARE THE RESULT OF OR RELATED TO: (I) YOUR USE OF OR INABILITY TO USE THE SERVICES OR THE PERFORMANCE OF THE SERVICES; (II) GAMES, PRODUCTS, CONTENT, USER-GENERATED CONTENT, OR ANY OTHER FUNCTIONS, FEATURES, ELEMENTS, OR INFORMATION ON, REFERENCED AT, OR LINKED OR MADE ACCESSIBLE THROUGH THE SERVICES; (III) ANY ACTION TAKEN IN CONNECTION WITH AN INVESTIGATION BY THE SQUARE ENIX PARTIES OR LAW ENFORCEMENT AUTHORITIES REGARDING YOUR ACCESS TO OR USE OF THESERVICES; (IV) ANY ACTION TAKEN IN CONNECTION WITH COPYRIGHT OR OTHER INTELLECTUAL PROPERTY OWNERS OR OTHER RIGHTS OWNERS; (V) ANY ERRORS OR OMISSIONS IN THE SERVICES’ TECHNICAL OPERATION; (VI) ANY DAMAGE TO YOUR OR ANOTHER PERSON’S DEVICE, HARDWARE, SOFTWARE, OR OTHER EQUIPMENT OR TECHNOLOGY, INCLUDING DAMAGE FROM ANY SECURITY BREACH, VIRUS, BUG, TAMPERING, FRAUD, ERROR, OMISSION, INTERRUPTION, DEFECT, DELAY IN OPERATION OR TRANSMISSION, COMPUTER LINE, NETWORK FAILURE, OR ANY TECHNICAL OR OTHER MALFUNCTION; OR (VII) YOUR INABILITY OR FAILURE TO COMPLY WITH THESE TERMS OF SERVICE FOR ANY REASON. "
SQUARE ENIX.docx,33,Autor,uncle 18,TO THE FULLEST EXTENT PERMITTED BY APPLICABLE LAW
SQUARE ENIX.docx,34,Autor,ltd_cap -1,"IN NO EVENT WILL THE SQUARE ENIX PARTIES’ TOTAL LIABILITY TO YOU, FOR ALL POSSIBLE DAMAGES, LOSSES, AND CAUSES OF ACTION, EXCEED AN AMOUNT EQUAL TO THE AMOUNT YOU HAVE PAID SQUARE ENIX OVER THE PRECEDING TWELVE (12) MONTHS. "
SQUARE ENIX.docx,35,Autor,uncle 19,"NOTHING IN THESE TERMS AFFECTS YOUR LEGAL RIGHTS IN YOUR PLACE OF RESIDENCE. IN THE EVENT OF A CONFLICT BETWEEN YOUR RIGHTS UNDER APPLICABLE LOCAL LAW AND THESE TERMS OF SERVICE, YOUR RIGHTS UNDER APPLICABLE LOCAL LAW WILL PREVAIL."
SQUARE ENIX.docx,36,Autor,uncle 20,"If you are located in the European Union, or in another jurisdiction that does not allow the exclusion or limitation of incidental or consequential damages of the sort that are described in this Section 16, then such exclusions and limitations may not apply to you."
SQUARE ENIX.docx,37,Autor,uncle 21,breach of any term implied by applicable law 
SQUARE ENIX.docx,38,Autor,uncle 22,"any other liability that, by law, may not be limited or excluded"
SQUARE ENIX.docx,39,Autor,pato,"IF YOU CLAIM TO HAVE INCURRED ANY LOSSES, DAMAGES, OR INJURIES, THEY WILL NOT BE IRREPARABLE OR SUFFICIENT TO ENTITLE YOU TO AN INJUNCTION OR OTHER EQUITABLE RELIEF. THIS MEANS THAT, IN CONNECTION WITH YOUR CLAIM, YOU AGREE THAT YOU WILL NOT SEEK ANY COURT OR OTHER ACTION THAT MAY INTERFERE WITH OR PREVENT THE DEVELOPMENT OR EXPLOITATION OF ANY PRODUCT, GAME, SERVICE, OR OTHER INTELLECTUAL PROPERTY OWNED, LICENSED, USED, OR CONTROLLED BY SQUARE ENIX."
SQUARE ENIX.docx,41,Autor,uncle 23,subject to applicable law
SQUARE ENIX.docx,40,Autor,contr_chg -1,". Square Enix reserves the right to modify these Terms of Service at any time, including by posting updated terms on the Services (subject to applicable law)."
SQUARE ENIX.docx,43,Autor,uncle 24,"except that if you live in a country of the European Union other than England (which, for the purpose of this paragraph, includes Scotland and Northern Ireland) there may be certain mandatory applicable laws of your country that apply for your beneﬁt and protection in addition to or instead of certain provisions of English law"
SQUARE ENIX.docx,42,Autor,c_law -1; c_forum -1,"If you are in the American Region, these Terms of Service will be governed by the laws of the State of California, United States, subject to the exclusive jurisdiction of the state and federal courts located in Los Angeles, California, United States.If you are in the EMEA-Asia Region, these Terms of Service will be governed by English law, except that if you live in a country of the European Union other than England (which, for the purpose of this paragraph, includes Scotland and Northern Ireland) there may be certain mandatory applicable laws of your country that apply for your beneﬁt and protection in addition to or instead of certain provisions of English law. You agree that any dispute between you and us regarding these terms or any contract will only be dealt with by the English courts, except that if you live in a country of the European Union you can choose to bring legal proceedings either in your country or in England. If you live in the European Union and we bring legal proceedings against you, we must do so in your country. "
SQUARE ENIX.docx,44,Autor,ind 0,". You agree to defend, indemnify, reimburse, and hold harmless the Square Enix Parties from and against any and all claims, demands, losses, liabilities, or expenses (including attorneys’ fees) incurred in connection with your User-Generated Content, use of the Services, violation of these Terms of Service, or violation of any person or entity’s intellectual property rights or other rights. We retain the exclusive right to assume the defense and control of any matter that is otherwise subject to indemniﬁcation by you under this paragraph, and you agree to cooperate with Square Enix in asserting any available defenses"
SQUARE ENIX.docx,45,Autor,sever 0,"If any provision of these Terms of Service is found to be invalid, unlawful, void, or unenforceable, then that provision will be deemed severable and its invalidity will not affect the validity or enforceability of the remainder of these Terms of Service."
SQUARE ENIX.docx,46,Autor,uncle 25,To the extent permitted by applicable law
SQUARE ENIX.docx,47,Autor,pato,"To the extent permitted by applicable law, you waive any rights under applicable statutory or common law that may permit a contract to be construed against its drafter."
SQUARE ENIX.docx,48,Autor,inter -1,"To the extent permitted by applicable law, you waive any rights under applicable statutory or common law that may permit a contract to be construed against its drafter. "
SQUARE ENIX.docx,49,Autor,uncle 26,Subject to applicable law
SQUARE ENIX.docx,50,Autor,uncle 27,unless prohibited by law
SQUARE ENIX.docx,51,Autor,tran -1,"Square Enix may assign its rights and obligations under these Terms of Service, in whole or in part, to any person or entity at any time without notice to you. You may not assign these Terms of Service without our prior written consent."
SQUARE ENIX.docx,52,Autor,docu 5,Additional Terms
Vinted.docx,0,Autor,docu 1,Polityką Prywatności 
Vinted.docx,1,Autor,what,Witryna umożliwia Użytkownikowi wymianę i/lub sprzedaż i/lub zakup Przedmiotów oraz korzystania z innych Usług Dodatkowych oferowanych przez Witrynę.
Vinted.docx,2,Autor,contr_chg 0,"VINTED może, według własnego uznania, zmienić Ogólne Warunki w celu:dostosowania Ogólnych Warunków do obowiązujących lub przyjmowanych zmian przepisów ustawowych lub wymogów regulacyjnych;dostosowania Ogólnych Warunków do wszelkich orzeczeń sądów, organów ochrony konsumentów lub innych właściwych organów, które mają wpływ na zawartość Witryny;skorygowania wszelkich błędów (np. błędy ortograﬁczne lub inne rodzaje błędów, które nie zmieniają znaczenia istniejących zdań) niewykrytych do tej pory;zapewnienia większej klarowności i rzetelności niniejszych Warunków;odzwierciedlenia zmian i rozwoju w sposobie prowadzenia działalności;odzwierciedlenia zmian w warunkach rynkowych lub standardowych praktyk branżowych."
Vinted.docx,3,Autor,docu 2,zasad korzystania z Katalogu 
Vinted.docx,4,Autor,docu 3,tutaj;
Vinted.docx,5,Autor,docu 4,ceny płatnych Usług VINTED
Vinted.docx,6,Autor,docu 5,dokument 
Vinted.docx,7,Autor,what,"Usługi Główne – oznaczają oferowaną przez VINTED Użytkownikom i Odwiedzającym możliwość, w szczególności nieograniczoną możliwość umieszczania Przedmiotów w odpowiednim Katalogu, przeglądania Przedmiotów, bezpośredniego uczestniczenia w wymianie lub zakupie-sprzedaży lub innych Transakcjach, korzystania ze Zintegrowanych Usług Płatności i Wysyłki oraz komunikowania się między nimi prywatnie i/lub publicznie, w szczególności za pośrednictwem Forum;"
Vinted.docx,8,Autor,core,"VINTED jest internetowym pośredniczącym serwisem hostingowym oferującym Użytkownikom wirtualne forum wymiany, czyli Witrynę, usystematyzowany Katalog i Forum. Użytkownicy mają możliwość umieszczenia swoich Przedmiotów w odpowiednim Katalogu na Witrynie, wymiany, kupna lub sprzedaży Przedmiotów, korzystania ze Zintegrowanej Usługi Płatności i Wysyłki, komunikowania się poprzez wysyłanie Wiadomości Prywatnych, komunikowania się na Forum oraz korzystania z innych UsługDodatkowych oferowanych przez Witrynę. VINTED nie jest stroną żadnej Transakcji pomiędzy Użytkownikami. W żadnym wypadku VINTED nie będzie kupować, sprzedawać lub wymieniać Przedmiotów znajdujących się na Witrynie, ani nie będzie do tego dążyć. VINTED oferuje Usługi ułatwiające zawieranie Transakcji."
Vinted.docx,9,Autor,docu 6,Listy Produktów i Usług Niedozwolonych Adyen N.V.
Vinted.docx,10,Autor,price_chg -1,VINTED może zmienić Cennik w każdym czasie na warunkach określonych w Artykule 1.5 powyżej. 
Vinted.docx,11,Autor,docu 7,ogólne warunki korzystania tego dostawcy usług. 
Vinted.docx,12,Autor,uncle 1,w pełnym zakresie dozwolonym przez obowiązujące przepisy prawa 
Vinted.docx,13,Autor,acc_sus 0; acc_del 0,"produktów lub usług pojawiających się w zasadach korzystania z Katalogu oraz na Liście Produktów i Usług Niedozwolonych Adyen N.V. Jeśli VINTED lub Adyen N.V. w dowolnym momencie odkryje, że informacje podane przez Użytkownika na jego temat są nieprawidłowe lub uległy zmianie bez powiadomienia VINTED lub jeśli Użytkownik naruszy którykolwiek z tych warunków, Usługi mogą zostać zawieszone i/lub wypowiedziane ze skutkiem natychmiastowym."
Vinted.docx,15,Autor,acc_sus -1,"W przypadku wystąpienia jakiegokolwiek problemu zgłoszonego VINTED przez dostawcę Zintegrowanej Usługi Płatności, VINTED niezwłocznie zawiesi konto danego Użytkownika, jak również transakcje będące w toku, na czas oczekiwania na wyniki prowadzonego dochodzenia."
Vinted.docx,14,Autor,acc_sus 0,"W przypadku podejrzenia jakiegokolwiek oszustwa popełnionego przez Użytkownika, VINTED niezwłocznie zawiesi konto danego Użytkownika, jak również transakcje będące w toku, na czas oczekiwania na wyniki prowadzonego dochodzenia.W przypadku wystąpienia jakiegokolwiek problemu zgłoszonego VINTED przez dostawcę Zintegrowanej Usługi Płatności, VINTED niezwłocznie zawiesi konto danego Użytkownika, jak również transakcje będące w toku, na czas oczekiwania na wyniki prowadzonego dochodzenia.VINTED zastrzega sobie prawo do zawieszenia konta Użytkownika w przypadku wszczęcia przez Użytkownika sporu za pośrednictwem zewnętrznych dostawców usług płatniczych, i gdy VINTED ma ku temu uzasadniony powód (np. w przypadku naruszenia obowiązującego prawa i/lub niniejszych Ogólnych Warunków i/lub istnieje prawdopodobieństwo niewłaściwego korzystania z Witryny)."
Vinted.docx,16,Autor,ltd_cap -1,"Zwrot całkowitej ceny zakupu, w tym kosztów wysyłki, będzie stanowił jedyne roszczenie Kupującego na podstawie jego umowy ze Sprzedającym."
Vinted.docx,17,Autor,pato,"Jeżeli Kupujący nie skontaktuje się z VINTED w ciągu 2 dni, jak określono w pkt. 8.1.1. lub 8.1.2., lub nie potwierdzi na Witrynie, że otrzymany Przedmiot został zaakceptowany (w ciągu tego 2-dniowego terminu), Transakcja zostanie zakończona, a ochrona zwrotu kosztów Kupującego wygasa. W takim przypadku Kupujący nie będzie uprawniony do zwrotu kosztów przez VINTED."
Vinted.docx,18,Autor,cnt_modr 0,"Wykorzystując algorytmy, VINTED używa automatycznego oprogramowania, aby umożliwić wykrycie wszelkich komentarzy sprzecznych z dobrymi standardami moralnymi i porządkiem publicznym, lub takich, które są niewłaściwe, obraźliwe lub zniesławiające i wysyłane przez Użytkownika za pośrednictwem Wiadomości Prywatnych. W przypadku wykrycia przez oprogramowanie automatyczne Wiadomości Prywatnej zawierającej takie komentarze, Wiadomość Prywatna może zostać automatycznie zablokowana i/lub ukryta przed Użytkownikiem otrzymującym tę Wiadomość Prywatną. "
Vinted.docx,19,Autor,pato,"VINTED nigdy nie ma dostępu do treści Wiadomości Prywatnych, w tym wiadomości zablokowanych i/lub ukrytych przez oprogramowanie automatyczne."
Vinted.docx,20,Autor,sugg 0,Użytkownikom lub VINTED nie należy się wynagrodzenie w zamian za ich opinie online.
Vinted.docx,21,Autor,cnt_del 0,"VINTED jest uprawniony do wycofania z Witryny wszelkich opinii, które naruszają niniejszeOgólne Warunki lub prawa innych Użytkowników, w tym Użytkowników, którzy nie mieli prawa do napisania opinii na podstawie niniejszych Ogólnych Warunków."
Vinted.docx,22,Autor,acc_sus 0,"VINTED, po zidentyﬁkowaniu Użytkownika, który nie przestrzega tych zasad, może skorzystać z prawa do zablokowania konta danego Użytkownika w całości lub w części."
Vinted.docx,23,Autor,may infringe Annex 1(n) Directive 93/13,"VINTED nie będzie ponosić odpowiedzialności za: (i) działania lub zaniechania Odwiedzających i Użytkowników, (ii) Informacje zamieszczone na Witrynie przez Użytkowników i Odwiedzających, ich tematy, dokładność, kompletność i/lub zgodność z obowiązującymi przepisami lub (iii) jakość i ilość Przedmiotów, które sprzedają lub kupują za pośrednictwem Witryny, ani też ich zgodność z podanym opisem."
Vinted.docx,24,Autor,cnt_del 0,"VINTED może usuwać treść Użytkownika, o której został należycie powiadomiony zgodnie z obowiązującymi przepisami prawa i która narusza obowiązujące prawo i/lub polityki VINTED."
Vinted.docx,25,Autor,acc_sus 0; immediate account suspension is justified here,"We wszystkich tych przypadkach VINTED natychmiast zawiesi konto danego Użytkownika, jak również transakcje będące w toku, na czas oczekiwania na wyniki prowadzonego dochodzenia."
Vinted.docx,26,Autor,uncle 2,W granicach obowiązującego prawa
Vinted.docx,27,Autor,docu 8,Polityka Bezpieczeństwa 
Vinted.docx,28,Autor,acc_del 1; cnt_del 0,"VINTED może zabronić, w całości lub w części, korzystania z Witryny (poprzez określenie warunków ograniczenia) lub uniemożliwić Użytkownikowi lub Odwiedzającemu korzystanie z Witryny, w szczególności poprzez usunięcie Treści zamieszczonej na Witrynie, usunięcie konta Użytkownika oraz uniemożliwienie Użytkownikowi ponownej rejestracji na Witrynie lub uniemożliwienie Odwiedzającemu dostępu do Witryny, przy założeniu, że VINTED prześle uprzednie oﬁcjalne zawiadomienie do tych Użytkowników lub Odwiedzających, którzy:łamią lub naruszają swoje zobowiązania wynikające z Ogólnych Warunków, Polityki Prywatności lub innych zasad Witryny;podają nieprawdziwe, wprowadzające w błąd i/lub informacje niekompletne zgodnie z Ogólnymi Warunkami w momencie ich rejestracji na Witrynie lub korzystania z niej;umyślnie i celowo ujawniają nieprawidłowe informacje na Witrynie, obrażają inne osoby lub postępują w niewłaściwy sposób;wykorzystują tożsamość innych Użytkowników lub działają w inny niezgodny z prawem sposób; logują się z tego samego adresu IP lub z tego samego komputera, który został zablokowany z powodu naruszeń; lubotrzymali co najmniej trzy ostrzeżenia od VINTED."
Vinted.docx,29,Autor,acc_sus 1,"Z zastrzeżeniem tych samych okoliczności, które zostały opisane powyżej, VINTED może, wysyłając oﬁcjalne powiadomienie na ten temat do danego Użytkownika/Odwiedzającego, ograniczyć, w całości lub w części, Konto Użytkownika lub dostęp Odwiedzającego. "
Vinted.docx,30,Autor,cnt_del 0,"VINTED, po uprzednim poinformowaniu zgodnie z punktem 11.5 powyżej, usunie wszelkie Treści niezgodne z prawem. W istocie, VINTED może, w każdym czasie, usunąć z Witryny Przedmioty wystawione przez Użytkownika w Katalogu lub wszystkie inne informacje dostarczone przez Użytkownika, jeśli te Przedmioty lub te Informacje naruszają Ogólne Warunki, obowiązujące przepisy lub są sprzeczne z dobrymi standardami moralnymi lub porządkiem publicznym."
Vinted.docx,31,Autor,tran -1,lub przydzielić działanie Witryny osobom trzecim
Vinted.docx,32,Autor,c_law 1,Ogólne Warunki podlegają prawu krajowemu Użytkownika. 
Vinted.docx,33,Autor,c_forum 1,Wszelkie spory pomiędzy Użytkownikiem a VINTED będą rozstrzygane przez sądy właściwe dla kraju Użytkownika.
Vinted.docx,34,Autor,com_sys 0,"W przypadku braku porozumienia pomiędzy VINTED a Użytkownikiem, Użytkownik może:Po pierwsze, skierować pisemną reklamację do Działu Obsługi Klienta za pomocą formularza kontaktowego."
Vinted.docx,35,Autor,acc_del 0,"VINTED może zakończyć swoją relację z Użytkownikiem za uprzednim 30-dniowym pisemnym powiadomieniem Użytkownika, w szczególności z następujących powodów: (1) decyzja VINTED o zaprzestaniu świadczenia Usług, (2) decyzja VINTED o zaprzestaniu prowadzenia działalności, (3) decyzja VINTED o zmianie administratora działalności Witryny, w całości lub w części. VINTED może zakończyć swoją relację z Użytkownikiem ze skutkiem natychmiastowym, w przypadku naruszenia prawa lub postanowień Ogólnych Warunków przez Użytkownika."
Vinted.docx,36,Autor,ip -1,"Umieszczanie informacji lub danych, w szczególności zdjęć na Witrynie, tj. „Treści”, oznacza, że Użytkownicy Witryny lub Usług niniejszym udzielają VINTED oraz każdej spółce należącej do Grupy VINTED, bez wynagrodzenia, niewyłączną licencję na korzystanie z Treści na całym świecie, która będzie obowiązywać przez okres obowiązywania odpowiednich praw, jeśli dotyczy (i ich ewentualnych rozszerzeń). Taka licencja obejmuje prawo do korzystania, kopiowania, reprodukowania, wyświetlania i dostosowywania Treści. VINTED może wykorzystywać taką Treść na wszelkich znanych lub nieznanych dotychczas nośnikach, w szczególności w telewizji, na papierze, w Internecie (w ramach banerów i artykułów, umieszczać je na innych stronach internetowych) oraz w serwisach społecznościowych (Facebook, Twitter, Instagram, itp.), w celach komercyjnych, reklamowych oraz dla celów wewnętrznych, co Użytkownik akceptuje."
Vinted.docx,37,Autor,tran -1,"VINTED informuje Użytkownika, że VINTED może, z zastrzeżeniem obowiązujących przepisów o ochronie danych osobowych, przenieść i/lub scedować wszelkie prawa i obowiązki wynikające z niniejszych Ogólnych Warunków na jakąkolwiek osobę trzecią, w szczególności w przypadku przeniesienia sektora działalności, połączenia poprzez założenie nowej spółki, połączenia poprzez przejęcie, podziału lub zmiany kontroli mającej wpływ na VINTED. Przeniesienie takie zwalnia VINTED na przyszłość. W przypadku przeniesienia przez VINTED i/lub cesji tych praw i obowiązków wynikających z niniejszych Ogólnych Warunków na jakąkolwiek osobę trzecią, Użytkownik ma prawo do natychmiastowego zakończenia relacji z VINTED i zamknięcia swojego konta w VINTED, w tym niniejszych Ogólnych Warunków."
Vinted.docx,38,Autor,com_sys 0,"Użytkownik może zgłosić zastrzeżenia dotyczące dostępu, korzystania lub działania Witryny lub Usług poprzez powiadomienie. Powiadomienia należy wysyłać do VINTED za pomocą formularza znajdującego się na Witrynie lub listownie do VINTED UAB, na adres Svitrigailos 13, 03228 Wilno, Litwa. Prosimy o kontakt pod tym adresem w przypadku jakichkolwiek kwestii prawnych: legal@vinted.pl."
Dailymotion.docx,1,Autor,disc -1,signiﬁcant period of time
Dailymotion.docx,0,Autor,acc_del 0,"As a User or a Partner, You are expected to be an active part of the Dailymotion community. As such, You also acknowledge that if Your Dailymotion Account remains inactive for a signiﬁcant period of time, Dailymotion reserves the right to delete, reclaim or remove Your Dailymotion Account in its sole discretion with or without prior notice to You."
Dailymotion.docx,2,Autor,docu,"You signify Your express and unconditional agreement to (1) these terms of use, and (2) all other policies of Dailymotion, including but not limited to the Dailymotion privacy and cookie policies, as accessible at any"
Dailymotion.docx,3,Autor,contr_chg -1,"Dailymotion may, in its sole discretion, modify the Terms from time to time, and You agree to be bound by such modiﬁcations"
Dailymotion.docx,4,Autor,ip 1,"For the entire period during which Your Content is hosted on the Dailymotion Service, You grant to Dailymotion the non-exclusive worldwide rights (unless You geoblock certain territories through Your Dailymotion Account), transferable to Dailymotion’s Afﬁliates, to reproduce, represent, stream, replay (including ofﬂine display without permanent download), exploit, exhibit, show, market, distribute and to technically modify and compress Your Content as is strictly necessary for the purposes of the viewing and/or streaming of Your Content on the Dailymotion Service."
Dailymotion.docx,5,Autor,acc_del 0; cnt_modr 0,"In its capacity as a web hosting service provider, Dailymotion is under no legal obligation to monitor content uploaded on the Dailymotion Service, nor obligated to actively seek facts or circumstances indicating illegal content but shall forthwith remove or disable access from its Dailymotion Service to any infringing content once having been notiﬁed of its existence. Furthermore, Dailymotion does not, and has no legal obligation to, review or inspect content for possible illegality or infringement prior to its being viewable on the Dailymotion website."
Dailymotion.docx,6,Autor,as_is -1,"You acknowledge and agree that the Dailymotion Service, in whole or in part (including, without limitation, the look and feel, the thematic channels, and the functionality of the Dailymotion Service), on and through which Your Content will be distributed, as well as any Third-Party Video(s) are provided “AS IS” and “as available” without warranties of any kind from Dailymotion or any owners of the Third-Party Video(s). Neither Dailymotion nor any owners of the Third-Party Video(s) warrant that the Third-Party Video(s) and the Dailymotion Service, the Dailymotion Material or any other software, content, information, materials or products included on or otherwise made available to You through the Dailymotion Service are free of viruses or other harmful components. Dailymotion may enhance, modify and update the Dailymotion Service at its sole discretion. For the sake of clarity, You shall not be entitled to request any modiﬁcation to the Dailymotion Service."
Dailymotion.docx,7,Autor,serv_chg -1,"Dailymotion may enhance, modify and update the Dailymotion Service at its sole discretion. For the sake of clarity, You shall not be entitled to request any modiﬁcation to the Dailymotion Service."
Dailymotion.docx,8,Autor,uncle,to the fullest extent permissible under applicable law
Dailymotion.docx,9,Autor,uncle,Nothing herein shall exclude or limit Dailymotion’s liability for losses which may not be lawfully excluded or limited by applicable law
Dailymotion.docx,10,Autor,ltd -1,"Nothing herein shall exclude or limit Dailymotion’s liability for losses which may not be lawfully excluded or limited by applicable law. Subject to this overall provision above, Dailymotion shall not be liable for:any indirect or consequential losses which may be incurred by You, including (i) any loss of proﬁt (whether incurred directly or indirectly); (ii) any loss of goodwill or business reputation; (iii) any loss of opportunity; or (iv) any loss of data suffered; orany loss or damage which may be incurred as a result of: (i) any reliance placed by You on the completeness, accuracy or existence of any advertising, or as a result of any relationship or transaction between You and any advertiser or sponsor whose advertising appears on the Dailymotion Service; (ii) any changes which Dailymotion may make to the Dailymotion Service, or for any permanent or temporary cessation in the provision of the Dailymotion Service (or any of its features); (iii) the deletion of, corruption of, or failure to store, any content and other communications data maintained or transmitted by or through Your use of the Dailymotion Service; (iv) Your failure to provide Dailymotion with accurate account information; or (v) Your failure to keep Your password or Your accounts details secure and conﬁdential."
Dailymotion.docx,11,Autor,uncle,"Some jurisdictions limit or do not allow the disclaimer of warranties or damages, so the above disclaimer may not apply to the extent such jurisdiction’s law applies to the Terms."
Dailymotion.docx,12,Autor,acc_sus 0; acc_del 0; cnt_del 0,"Failure to comply with the Terms may result in (i) Your Content being removed and/or (ii) Your Dailymotion Account being deactivated and/or (iii) Your use of the embeddable Dailymotion Video Player being blocked and/or (iv) any elements or data related to Your Content or to Your Dailymotion Account being modiﬁed or removed (i.e. allegedly infringing username, metadata considered inappropriate, etc.) from the Dailymotion Service. In addition, Dailymotion reserves the right to report any violation of these provisions to applicable legal authorities and You may be personally liable to criminal sanctions applicable to the content in question, in addition to any applicable civil damages depending on the contentious nature of the content."
Dailymotion.docx,13,Autor,ind 0,"You agree to and shall indemnify and hold DM Parties harmless from and against any liability, loss, damages (including punitive damages), claim, settlement payment, cost and expense, interest, award, judgment, diminution in value, ﬁne, fee (including reasonable attorneys’ fees), and penalty, or other charge (including reasonable attorneys’ fees and all other cost of investigating, defending or asserting any claim for indemniﬁcation under the Terms) arising from or relating to (i) Your Content, (ii) Your violation of the Terms; (iii) Your use of the Dailymotion Service; and (iv) Your violation of any third-party rights, including without limitation any copyright, property, publicity or privacy rights."
Dailymotion.docx,14,Autor,docu 2-3,Such processes to report prohibited content are described in detail at the followingURL: http://www.dailymotion.com/legal/prohibited and within our Help Center at the following URL: https://faq.dailymotion.com/hc/en-us/sections/200384117-Community-guidelines.
Dailymotion.docx,15,Autor,sever 0,"You agree that if one or more provision of the Terms is considered to be not enforceable as a result of the application of a Law, regulation, or the decision of a competent body having jurisdiction, it will be treated as not forming part of the Terms and all other provisions stated herein will remain in force."
Dailymotion.docx,16,Autor,c_law -1,shall be interpreted in accordance with the laws of France
Dailymotion.docx,17,Autor,c_forum -1,You also agree that any claim or dispute between You and Dailymotion shall be decided by a court of competent jurisdiction located in Paris.
MyTaxi.docx,0,Autor,core,The main service that FREE NOW renders on the basis of the GTC-P is the service of making the App available.
MyTaxi.docx,1,Autor,what,"“Additional Mobility Services” means mobility services including i.a. the possibility of renting electric scooters, electric mopeds, carsharing, which are provided by other providers of mobility services, which cooperate with FREE NOW and which services may be intermediated via App and are accessible via App"
MyTaxi.docx,2,Autor,core,"FREE NOW does not charge the User any fees for the use of the FREE NOW Services, unless otherwise agreed and/or prescribed in these GTC-P (e.g. cancellation fees, section VII)."
MyTaxi.docx,3,Autor,contr_chg 0,"FREE NOW reserves the right to establish, remove and/or revise charges for any or all services obtained through the use of the FREE NOW Services at any time"
MyTaxi.docx,4,Autor,contr_chg -1,"In case of FREE NOW services provided on the basis of a continuous legal relationship, e.g. the service of making the App available, such changes will become eﬀective when the User accepts the new version of the GTC-P in the App or after providing the User with a new version of GTC-P by email and the User's decision to continue using the App. If the User does not agree on the introduced changes, both the User and FREE NOW may terminate the contract concluded with FREE NOW with immediate eﬀect. Charges for the use ofAdditional Mobility Services are subject to the agreements concluded between the user and the Mobility Services Provider intermediated via the App."
MyTaxi.docx,5,Autor,core,"If the User uses the intermediary service and requests a ride via the App , FREE NOW forwards the request to a potential carrier. With respect to carriages FREE NOW provides the User with the use of the App only an intermediation service for the carriage of persons, consisting in enabling the execution of an agreement for the carriage of persons between the User and the carrier and payment of the fee for carriage by the User, and no other services. In particular, use of the App does not result in execution of the transportation contract between FREE NOW and the User. Any claims related to carriage ordered through the App will result exclusively from the agreement of carriage of persons executed betweenthe User and the carrier. Due to the fact that FREE NOW, as an intermediary, is not a party to the agreement of carriage of persons, FREE NOW may not be held liable for claims arising from such agreement."
MyTaxi.docx,6,Autor,pato,"The User agrees that the intermediary service is carried out immediately after its commissioning via the App. After FREE NOW’s service had been performed, i.e. after accepting the order by the carrier or after accepting the oﬀer for Additional Mobility Service, the User loses the right to withdraw from the intermediation contract, as it is executed."
MyTaxi.docx,7,Autor,what,"The rides can also be booked and billed as business trips under the contract concluded between FREE NOW and a business client, which can authorize their personnel or other natural persons to have a trip billed as business trip under the business account."
MyTaxi.docx,8,Autor,pato,"In the course of using Additional Mobility Services, FREE NOW acts as an intermediary of a service contract with the respective Mobility Services Provider and neither providesAdditional Mobility Services nor becomes a contractual partner of the User. The contractual partner of the User is the respective Mobility Services Providers"
MyTaxi.docx,9,Autor,serv_chg -1; contr_chg 0,"FREE NOW reserves the right at any time to modify the App, in order to enhance the App and make qualitative improvements to it, or to stop oﬀering the services provided through the App. If the modiﬁcation in the App causes the necessity to adjust these GTC-P, FREE NOW will notify the User thereof and provide him with the new terms and conditions for acceptance."
MyTaxi.docx,10,Autor,ltd 0,"FREE NOW is liable to the User for loss and damage caused by FREE NOW resulting from the improper performance of intermediation services, unless loss or damage resulted from circumstances for which FREE NOW is not liable. FREE NOW is responsible for loss ordamage suﬀered by the User only to the extent such damage is an ordinary result of improper performance of intermediary services.FREE NOW is responsible to the non-consumer Users only for loss and damage culpably caused by FREE NOW. In such case FREE NOW is not liable for lost proﬁts.Limitations of liability shall not apply to any mandatory statutory liability, in particular, in cases of personal injuries to life, body or health, and are without prejudice to the liability to consumers.If the App or the sending of data damages the User’s hardware or software or causes loss of data, FREE NOW should be liable only in case when the loss or damage is a result of a circumstances for which FREE NOW is at fault."
MyTaxi.docx,11,Autor,cnt_del 0; cnt_modr 0,FREE NOW is entitled to remove immediately any published material that violates the law.
MyTaxi.docx,12,Autor,com_sys 0,"Rules of ﬁling and reviewing complaintsIf the User has any reservations about the services provided by FREE NOW, the User may ﬁle a complaint in the form referred to in section 2 below.The User may ﬁle complaints in the following forms:electronically to: pomoc@free-now.comin writing, delivered personally or by regular mail to the address of FREE NOW registered oﬃce.The complaint should contain the following:detailed description of the event it refers to;reservations about the services oﬀered/provided by FREE NOW;explicit indication of User’s claim towards FREE NOW.The complaints are reviewed within no longer than 30 days from receipt of the complaint by FREE NOW.The User will be informed of the result of the complaint review by FREE NOW within 30 days from its receipt by registered letter or e-mail, depending of the form in which the complaint has been ﬁled."
MyTaxi.docx,13,Autor,sever 0,"Should any provision of the GTC-P be or become ineﬀective or invalid or should they contain a loophole, the eﬀectiveness of the remaining provisions shall not be aﬀected. A provision reﬂecting as close as possible to the economic purpose of the GTC-P shall be incorporated to replace the ineﬀective provision or ﬁll the loophole."
MyTaxi.docx,14,Autor,docu 1,Privacy Policy 
MyTaxi.docx,15,Autor,c_law -1,"These GTC-P shall be governed by the Polish law, with the exclusion of the UN sales convention."
Pracuj.pl.docx,0,Autor,what,Usługi – wszelkie usługi świadczone drogą elektroniczną przez Usługodawcę na rzecz Użytkowników i Użytkowników niezalogowanych w oparciu o Regulamin. Wykaz i opis Usług umieszczony został w Załączniku nr 1 do Regulaminu i stanowi jego integralną część. Użytkownik może samodzielnie modyﬁkować zakres Usług za pomocą odpowiednich ustawień w Ustawieniach (Prywatność).
Pracuj.pl.docx,2,Autor,disc -1,uzasadnione interesy Usługodawcy
Pracuj.pl.docx,1,Autor,acc_sus 0; acc_del 0,"Usługodawca może odmówić utworzenia Konta, zablokować lub usunąć istniejące Konto jeżeli jego nazwa jest już używana w ramach Serwisów lub jeżeli Usługodawca poweźmie uzasadnioną, wiarygodną informację, że jest ona sprzeczna z prawem, dobrymi obyczajami, narusza dobra osobiste osób trzecich lub uzasadnione interesy Usługodawcy."
Pracuj.pl.docx,3,Autor,core,"Usługodawca zobowiązuje się do rozpoczęcia świadczenia Usług wybranych przez Użytkownika niezwłocznie, a Usług wybranych przez Użytkownika niezalogowanego nie później niż w ciągu 24 godzin od momentu zawarcia umowy o świadczenie Usług. Jeżeli zawarcie umowy o świadczenie Usług z Użytkownikiem niezalogowanym nastąpiło w dzień ustawowo wolny od pracy, wówczas rozpoczęcie świadczenia Usług nastąpi najpóźniej do końca pierwszego dnia roboczego, następującego po dniu ustawowo wolnym od pracy."
Pracuj.pl.docx,4,Autor,core,Usługodawca zobowiązuje się do stałego i nieprzerwanego świadczenia Usług.
Pracuj.pl.docx,5,Autor,disc -1; pato,"odmowy świadczenia Usług jeżeli Użytkownik lub Użytkownik niezalogowany narusza Regulamin,"
Pracuj.pl.docx,6,Autor,serv_chg -1,dowolnej modyﬁkacji świadczonych Usług
Pracuj.pl.docx,7,Autor,contr_chg -1,zmianę Regulaminu
Pracuj.pl.docx,8,Autor,cnt_del -1,"Usługodawca zastrzega sobie prawo do zaprzestania świadczenia Usług, usunięcia wszelkich danych Użytkownika lub Użytkownika niezalogowanego oraz podjęcia"
Pracuj.pl.docx,9,Autor,uncle 1,wszelkich innych dozwolonych prawem czynności związanych z Serwisami
Pracuj.pl.docx,10,Autor,ltd -1,z tytułu których Użytkownikowi lub Użytkownikowi niezalogowanemu nie będą przysługiwać żadne roszczenia wobec Usługodawcy.
Pracuj.pl.docx,11,Autor,ip -1,"Użytkownik oświadcza, że przysługują mu autorskie prawa majątkowe do Utworów. Użytkownik udziela Usługodawcy nieodpłatnej, niewyłącznej oraz nieograniczonej terytorialnie licencji na czas realizacji Usług, zezwalającej na korzystanie z Utworów na następujących polach eksploatacji, obejmujących w szczególności: wytwarzanie, zwielokrotnianie, publiczne odtworzenie i wyświetlanie, wprowadzenie do pamięci komputera i serwerów sieci komputerowych, umieszczanie w sieci Internet.Niezależnie od ust. 6 powyżej, w przypadku utrwalenia Wizerunku w ramach Utworu będzie on zwielokrotniany i rozpowszechniany przez Usługodawcę na polach eksploatacji określonych w ust. 7 powyżej."
Pracuj.pl.docx,12,Autor,cnt_modr 0,"Usługodawca po otrzymaniu takiego zawiadomienia podejmie przewidziane prawem działania, w tym niezwłocznie uniemożliwi dostęp do określonych danych, informacji lub działań."
Pracuj.pl.docx,13,Autor,acc_sus 0; immediate account suspension is justified here,"Niezależnie od postanowień ust. 10 powyżej Usługodawca zastrzega sobie prawo do zablokowania dostępu do zasobów Użytkownika oraz Użytkownika niezalogowanego, zawierających treści niezgodne z Regulaminem, w tym treści erotyczne, pornograﬁczne, zawierające nielegalne oprogramowanie lub informację na temat jego pozyskania, oraz inne treści sprzeczne z prawem, dobrymi obyczajami lub uzasadnionymi interesami Usługodawcy, w razie powzięcia wiarygodnych, uzasadnionych informacji na ten temat."
Pracuj.pl.docx,14,Autor,core,Usługi świadczone są przez Usługodawcę nieodpłatnie.
Pracuj.pl.docx,15,Autor,ltd -1,"Usługodawca nie ponosi wobec Użytkownika i Użytkownika niezalogowanego naruszających Regulamin odpowiedzialności za jakiekolwiek szkody powstałe na skutek zaprzestania świadczenia im Usług, w tym na skutek usunięcia Konta."
Pracuj.pl.docx,16,Autor,docu 1,Polityka Prywatności.
Pracuj.pl.docx,17,Autor,com_sys 0,"Użytkownik i Użytkownik niezalogowany mają prawo składać reklamacje w sprawach dotyczących realizacji Usług.Reklamacje rozpatruje Usługodawca.Prawidłowo złożona reklamacja powinna zawierać co najmniej następujące dane:oznaczenie Użytkownika lub Użytkownika niezalogowanego (imię, nazwisko, adres poczty elektronicznej),adres Serwisu, którego reklamacja dotyczy,przedmiot reklamacji,okoliczności uzasadniające reklamację.Reklamacje nie zawierające powyższych danych nie będą rozpatrywane przez Usługodawcę.Reklamację (z dopiskiem „Reklamacja”) należy składać:na adres Usługodawcy: Grupa Pracuj S.A., ul. Prosta 68, 00-838 Warszawa,za pośrednictwem dostępnego w Serwisach formularza, lubna adres poczty elektronicznej: pomoc@pracuj.pl.Usługodawca dołoży starań, aby reklamacje były rozpatrzone w terminie najpóźniej 30 dni od ich otrzymania od Użytkownika lub Użytkownika niezalogowanego. O swojej decyzji zapadłej w wynikurozpatrzenia reklamacji Usługodawca zawiadomi Użytkownika lub Użytkownika niezalogowanego za pośrednictwem poczty elektronicznej, na adres podany w reklamacji zgodnie z ust. 3 powyżej.Reklamacja rozpatrzona zgodnie z postanowieniami Regulaminu nie podlega dalszemu ani ponownemu rozpatrzeniu."
Pracuj.pl.docx,19,Autor,disc -1,"wykorzystywania przez Użytkownika lub Użytkownika niezalogowanego Usług niezgodnie ze ich przeznaczeniem,"
Pracuj.pl.docx,18,Autor,acc_del 0,"Usługodawca ma prawo rozwiązać umowę o świadczenie Usług w trybie natychmiastowym, w tym usunąć Konto Użytkownika, w następujących przypadkach:naruszenia przez Użytkownika lub Użytkownika niezalogowanego istotnych postanowień Regulaminu,powzięcia przez Usługodawcę uzasadnionych, wiarygodnych informacji, że nazwa Konta jest nieprawdziwa, sprzeczna z prawem, dobrymi obyczajami, narusza dobra osobiste osób trzecich lub uzasadnione interesy Usługodawcy,umieszczania w Serwisie lub w Koncie przez Użytkownika lub Użytkownika niezalogowanego treści nieprawdziwych, niezgodnych z obowiązującymi przepisami prawa, naruszających chronione prawem dobra osobiste osób trzecich lub uzasadnione interesy Usługodawcy,wykorzystywania przez Użytkownika lub Użytkownika niezalogowanego Usług niezgodnie ze ich przeznaczeniem,usunięcia przez Użytkownika adresu poczty elektronicznej, który był użyty do założenia Konta,otrzymywania przez Usługodawcę powtarzających się komunikatów o przepełnieniu skrzynki pocztyelektronicznej Użytkownika, uniemożliwiającym dalsze świadczenie Usług."
Pracuj.pl.docx,20,Autor,contr_chg 0; d) is vague,"Usługodawca zastrzega sobie prawo do zmiany Regulaminu z niżej wskazanych, ważnych przyczyn:jeżeli zmiana Regulaminu jest konieczna ze względu na zmianę przepisów powszechnie obowiązującego prawa,realizacji obowiązku wynikającego z prawomocnego orzeczenia sądu lub decyzji organów administracji,zmian wynikających ze względów bezpieczeństwa, w tym mających na celu uniemożliwienie korzystania z Serwisów, w sposób sprzeczny z przepisami prawa lub z Regulaminem,wprowadzenia istotnych zmian w funkcjonowaniu Serwisów oraz którejkolwiek z Usług, w tym związanych z postępem technicznym lub technologicznym, obejmujących zmiany w systemach Usługodawcy."
Pracuj.pl.docx,21,Autor,c_law -1,Regulamin oraz umowy o świadczenie Usług podlegają prawu polskiemu.
Pracuj.pl.docx,22,Autor,c_forum -1,Wszelkie spory związane ze świadczeniem Usług zgodnie z Regulaminem będzie rozstrzygał polski sąd powszechny.
Pracuj.pl.docx,24,Autor,recom 0,"Usługodawca informuje Użytkownika – za pomocą specjalnego, indywidualnego raportu – o ofertach pracy publikowanych w Serwisie, dopasowanych do preferencji i zainteresowań Użytkownika. Raport tworzony jest dla indywidualnego Użytkownika na podstawie analizy jego preferencji i zainteresowań, w tym ofert pracy, które Użytkownik oglądał i na które wysyłał aplikacje oraz informacji przetwarzanych w związku z innymi Usługami świadczonymi przez Usługodawcę. Do tworzenia raportu mogą być wykorzystywane również dane zawarte w Proﬁlu Użytkownika lub w CV zapisanym przez Użytkownika w Koncie. Rekomendowane oferty pracy są prezentowane Użytkownikowi przez Usługodawcę w formie wiadomości e-mail przesyłanych na udostępniony przez Użytkownika adres poczty elektronicznej, w formie powiadomień w aplikacji mobilnej lub za pomocą powiadomień wyświetlanych w przeglądarce (zgodnie z ustawieniami przeglądarki). Użytkownik może zrezygnować z otrzymywania takich powiadomień w Ustawieniach (Prywatność) lub w innym miejscu wskazanym w Serwisach."
Pracuj.pl.docx,25,Autor,recom 0,"Usługodawca informuje Użytkownika lub Użytkownika niezalogowanego – za pomocą specjalnego, indywidualnego raportu – o ofertach pracy publikowanych w Serwisie, dopasowanych do preferencji i zainteresowań Użytkownika lub Użytkownika niezalogowanego. Raport tworzony jest dla indywidualnego Użytkownika lub Użytkownika niezalogowanego na podstawie analizy jego preferencji i zainteresowań, w tym ofert pracy, które Użytkownik lub Użytkownik niezalogowany oglądał i na które wysyłał aplikacje oraz informacji przetwarzanych w związku z innymi Usługami świadczonymi przez Usługodawcę. Do tworzenia raportu mogą być wykorzystywane również dane zawarte w Proﬁlu Użytkownika lub w CV zapisanym przez Użytkownika w Koncie. Rekomendowane oferty pracy są prezentowane Użytkownikowi lub Użytkownikowi niezalogowanemu przez Usługodawcę w różnych miejscach w Serwisach lub za pomocą powiadomień wyświetlanych w przeglądarce (zgodnie z ustawieniami przeglądarki)."
Pracuj.pl.docx,23,Autor,what,"WYKAZ I OPIS USŁUGUsługi dostępne dla UżytkownikówKonto Pracuj.plKonto, za pomocą którego Użytkownik przechowuje swoje dane związane z historią edukacji i przebiegiem kariery zawodowej oraz korzysta ze wszystkich, aktualnie dostępnych funkcjonalności Konta.Korzystanie z niektórych funkcjonalności Konta może być uzależnione od:wypełnienia określonych pól w Koncie – w takim przypadku Usługodawca zobowiązuje się wyraźnie oznaczyć wymagane pola,zamieszczenia stosownych plików w określonym przez Usługodawcę formacie i nie większych niż określony przez Usługodawcę limit wielkości zamieszczanych plików,podania odpowiednich treści i formy danych, które muszą być adekwatne do określonej przez Usługodawcę specyﬁki i przeznaczenia danych (np. zdjęcie proﬁlowe musi przedstawiać wizerunek Użytkownika w sposób umożliwiający jego rozpoznanie).W ramach Usługi Konto Pracuj.pl Usługodawca zapewnia następujące funkcjonalności:Aplikowanie ProﬁlemSkorzystanie z Aplikowania Proﬁlem możliwe jest wyłącznie po uzupełnieniu przez Użytkownika w Proﬁlu danych osobowych. Aplikowanie Proﬁlem polega na wygenerowaniu, w oparciu o podane przez Użytkownika informacje, CV w formacie PDF i przesłanie go w ramach wybranej przez Użytkownika rekrutacji. Aplikowanie Proﬁlem stanowi alternatywę dla aplikowania przy wykorzystaniu CV przygotowanego samodzielnie przez Użytkownika. Użytkownik przed wysłaniem wygenerowanego CV uzyskuje podgląd jego treści.Rekomendowane oferty pracyUsługodawca informuje Użytkownika – za pomocą specjalnego, indywidualnego raportu – o ofertach pracy publikowanych w Serwisie, dopasowanych do preferencji i zainteresowań Użytkownika. Raport tworzony jest dla indywidualnego Użytkownika na podstawie analizy jego preferencji i zainteresowań, w tym ofert pracy, które Użytkownik oglądał i na które wysyłał aplikacje oraz informacji przetwarzanych w związku z innymi Usługami świadczonymi przez Usługodawcę. Do tworzenia raportu mogą być wykorzystywane również dane zawarte w Proﬁlu Użytkownika lub w CV zapisanym przez Użytkownika w Koncie. Rekomendowane oferty pracy są prezentowane Użytkownikowi przez Usługodawcę w formie wiadomości e-mail przesyłanych na udostępniony przez Użytkownika adres poczty elektronicznej, w formie powiadomień w aplikacji mobilnej lub za pomocą powiadomień wyświetlanych w przeglądarce (zgodnie z ustawieniami przeglądarki). Użytkownik może zrezygnować z otrzymywania takich powiadomień w Ustawieniach (Prywatność) lub w innym miejscu wskazanym w Serwisach.Informowanie o statusie aplikacjiUsługodawca informuje Użytkownika o statusie złożonej aplikacji na ofertę pracy opublikowaną w Serwisach, na podstawie aktywności Pracodawcy, począwszy od momentu odebrania aplikacji przez Pracodawcę do momentu jej rozpatrzenia. Usługodawca udostępnia Użytkownikowi podsumowanie statusów złożonych aplikacji oraz danych statystycznych wskazujących na szanse Użytkownika wśród innych kandydatów, o ile Pracodawca umożliwi Usługodawcy podanie takich informacji. Usługodawca może przekazać Użytkownikowi informacje, o których mowa powyżej, w czasie przez siebie wybranym, w szczególności za pomocą: specjalnych dedykowanych wiadomości e-mail przesyłanych na udostępniony przez Użytkownika adres poczty elektronicznej, poprzez kontakt telefoniczny na udostępniony przez Użytkownika numer telefonu (w tym poprzez wysłanie wiadomości SMS), w formie powiadomień w aplikacji mobilnej lub za pomocą powiadomień wyświetlanych w przeglądarce (zgodnie z ustawieniami przeglądarki). Użytkownik może zrezygnować z otrzymywania takich powiadomień w Ustawieniach (Prywatność) lub w innym miejscu wskazanym w Serwisach.Wypełnianie Proﬁlu danymi o UżytkownikuWypełnienie Proﬁlu dokumentem CV, a także udostępnienie przez Użytkownika w Serwisie innych danych, może pozwalać na automatyczne stworzenie lub uzupełnienie Proﬁlu w oparciu o dane zawarte w CV zapisanym przez Użytkownika w Koncie oraz udostępnione przez Użytkownika w Serwisie.Użytkownik ma możliwość skorzystania z tej funkcjonalności:przy tworzeniu Konta (niezależnie od stopnia uzupełnienia Proﬁlu) – w tym celu Użytkownik powinien wybrać odpowiednią opcję i załączyć plik CV w formacie i maksymalnym rozmiarze wskazanym przez Usługodawcę. W razie niezgodności lub niekompletności danych, Użytkownik może je samodzielnie uzupełnić,w ramach korzystania z Aplikowania Proﬁlem,udzielając odpowiedzi na pytania zadane przez Usługodawcę w Serwisie,wykorzystując odpowiednią funkcję udostępnianą przez Usługodawcę w wybranych przez niego miejscach Serwisu.W efekcie skorzystania z funkcjonalności skorzystania z funkcjonalności, dane zawarte w CV lub podane przez Użytkownika w inny sposób mogą zostać automatycznie przeniesione do jego Proﬁlu i być w nim prezentowane.WiadomościUżytkownik, który zaaplikował na wybraną ofertę pracy opublikowaną przez Pracodawcę w Serwisie lub którego Proﬁl został udostępniony Pracodawcy w wyniku realizacji Usługi Udostępnienia Proﬁlu(Automatycznego Dopasowania), ma możliwość prowadzenia korespondencji z tym Pracodawcą przy wykorzystaniu funkcjonalności Wiadomości. Funkcjonalność pozwala na otrzymywane przez Użytkownika wiadomości od Pracodawcy i wysyłanie na nie odpowiedzi za pośrednictwem Serwisu. Kontakt z Użytkownikiem w ramach funkcjonalności może zostać zainicjowany wyłącznie przez Pracodawcę, który korzysta z systemu Usługodawcy do zarządzania aplikacjami Użytkowników.Usługodawca może również udostępnić funkcjonalność dla Użytkowników w aplikacji mobilnej.W ramach funkcjonalności Usługodawca może informować Użytkownika za pomocą wiadomości e-mail wysyłanych na udostępniony przez Użytkownika adres poczty elektronicznej lub w formie powiadomień w Serwisie lub aplikacji mobilnej, o nowych wiadomościach nadesłanych przez Pracodawcę. Użytkownik może zrezygnować z otrzymywania takich powiadomień w Ustawieniach (Prywatność) oraz w innym miejscu wskazanym w Serwisie lub aplikacji mobilnej.Zapisane oferty pracyUżytkownik ma możliwość zapisania wybranych przez siebie ofert pracy w celu ich wyróżnienia na wynikach wyszukiwania i na podglądzie oferty pracy, jak również w celu ułatwienia dostępu do nich. Zapisane oferty pracy będą dostępne w dedykowanej zakładce w Koncie. Użytkownik ma możliwość zarządzania swoimi zapisanymi ofertami pracy za pośrednictwem Konta, w szczególności może je usuwać i przechowywać przy nich notatki. Usługodawca zachowuje prawo do usunięcia oferty z Zapisanych ofert pracy wraz z terminem zakończenia publikacji oferty pracy w Serwisie. Usługodawca może przekazać Użytkownikowi informacje o Zapisanych ofertach pracy w formie wiadomości e-mail przesyłanych na udostępniony przez Użytkownika adres poczty elektronicznej, w formie powiadomień w aplikacji mobilnej lub za pomocą powiadomień wyświetlanych w przeglądarce (zgodnie z ustawieniami przeglądarki). Użytkownik może zrezygnować z otrzymywania takich powiadomień w Ustawieniach (Prywatność) lub w innym miejscu wskazanym w Serwisach.Historia aplikowania na oferty pracyUżytkownik ma możliwość przechowywania historii aplikowania na oferty pracy. W przypadku ofert pracy, na które aplikacje zostały wysłane za pomocą formularza dostarczonego przez Usługodawcę lub Pracodawców korzystających z wybranych zewnętrznych systemów rekrutacyjnych, fakt zaaplikowania na ofertę pracy, liczba wysłanych aplikacji oraz daty ich wysłania są automatycznie zapisywane w Koncie.Udostępnianie ProﬁluUdostępnianie Proﬁlu to Usługa, w ramach której Użytkownik może udostępnić swój Proﬁl Pracodawcom. Usługa może być świadczona przez Usługodawcę, działającego jako agencja doradztwa personalnego, w następujący sposób:Usługodawca może automatycznie dopasować Proﬁl Użytkownika do ofert pracy opublikowanych przez Pracodawców w Serwisie i udostępnić go Pracodawcom („Automatyczne Dopasowanie”);Usługodawca może udostępnić Pracodawcom Proﬁl Użytkownika bez dopasowania, umożliwiając Pracodawcom samodzielne wyszukanie Użytkownika na potrzeby prowadzonych przez siebie rekrutacji („Wyszukanie Użytkownika”);Usługodawca, korzystając z pomocy rekrutera, może dopasować Proﬁl Użytkownika do ofert pracy opublikowanych w Serwisie lub potrzeb rekrutacyjnych Pracodawcy i udostępnić go Pracodawcom („Preselekcja”).Warunkiem skorzystania z Udostępniania Proﬁlu przez Użytkownika w każdym wariancie jest zamówienie Usługi na ekranie rejestracji Użytkownika lub w Ustawieniach (Prywatność) lub w innym miejscu wskazanym w Serwisie.Udostępnianie Proﬁlu zostanie wyłączone, jeżeli Użytkownik zrezygnuje z tej Usługi. Rezygnacja oznacza, że dane osobowe Użytkownika zawarte w Proﬁlu nie będą udostępnione Pracodawcom. Jeżeli jednak Użytkownik zrezygnuje z Usługi po ich udostępnieniu do Pracodawcy, jego dane osobowe mogą być przetwarzane przez Pracodawcę (jako odrębnego administratora danych) na zasadach przez niego określonych.Usługodawca nie gwarantuje, że dojdzie do udostępnienia Proﬁlu Użytkownika Pracodawcom, ani że Pracodawcy po jego otrzymaniu skontaktują się z Użytkownikiem.Automatyczne DopasowanieAutomatyczne Dopasowanie polega na stworzeniu przez Usługodawcę w sposób zautomatyzowany proﬁlu zawodowego Użytkownika na podstawie danych podanych przez Użytkownika przy zakładaniu Konta, podanych w Proﬁlu oraz danych o aktywności Użytkownika w Serwisie (m.in. historii aplikowania na oferty pracy). Na podstawie tych informacji Usługodawca porówna proﬁl zawodowy Użytkownika z ofertami pracy Pracodawców opublikowanymi w Serwisie. Usługodawca może udostępnić Pracodawcom Proﬁl, który według Usługodawcy jest dopasowany do opublikowanych przez nich ofert pracy.W ramach Automatycznego Dopasowania, dane osobowe Użytkownika udostępniane będą potencjalnie wszystkim Pracodawcom publikującym oferty pracy w Serwisie, których lista znajduje się tutaj. Użytkownik ma możliwość wskazania Pracodawców, którym nie chce udostępniać Proﬁlu (ograniczona widoczność Proﬁlu). Aby włączyć ograniczoną widoczność Proﬁlu dla konkretnych Pracodawców, Użytkownik powinien w oznaczonym miejscu w Serwisie określić nazwę Pracodawcy, któremu nie chce udostępniać swojego Proﬁlu. Usługodawca zobowiązuje się do włączenia ograniczonej widoczności Proﬁlu dla wykluczonych przez Użytkownika Pracodawców niezwłocznie, nie później jednak niż w ciągu kolejnych 24 godzin od momentu, w którym Użytkownik uzupełni dane tych Pracodawców i poprzez funkcję dodaj (oznaczoną ikoną plusa) wyrazi chęć włączenia ograniczonej widoczności Proﬁlu.W ramach Automatycznego Dopasowania, Usługodawca może wysłać do Użytkownika wiadomość e-mail o aktywności Pracodawców, w szczególności o poleceniu lub obejrzeniu Proﬁlu przez Pracodawcę . Takie powiadomienia Usługodawca może przysyłać także na numer telefonu Użytkownika (w tym poprzez wysyłanie wiadomości SMS), w formie powiadomień w aplikacji mobilnej lub za pomocą powiadomień wyświetlanych w przeglądarce (zgodnie z ustawieniami przeglądarki). Użytkownik może zrezygnować z otrzymywania takich powiadomień, nie rezygnując jednocześnie z korzystania z tej Usługi.W przypadku zainteresowania danego Pracodawcy Użytkownikiem i chęci zaproszeniago do udziału w rekrutacji, Usługodawca może poinformować o tym Użytkownika w formie wiadomości e- mail. Użytkownik, za pomocą przycisków zamieszczonych w przesłanej wiadomości e-mail, może potwierdzić chęć udziału w rekrutacji na daną ofertę pracy lub ją odrzucić. Informacja ta zostanie przekazana Pracodawcy, który zamieścił określoną ofertę pracy.Wyszukanie UżytkownikaWyszukanie Użytkownika polega na udostępnieniu Pracodawcom Proﬁlu Użytkownika w systemie informatycznym Usługodawcy, na zasadach przez niego określonych. Pracodawcy mogą w nim samodzielnie wyszukać Użytkownika, na potrzeby prowadzonych przez siebie rekrutacji.W ramach Wyszukania Użytkownika, dane osobowe Użytkownika udostępniane będą potencjalnie wszystkim Pracodawcom publikującym oferty pracy w Serwisie, których lista znajduje się tutaj. Użytkownik ma możliwość wskazania Pracodawców, którym nie chce udostępniać Proﬁlu (ograniczona widoczność Proﬁlu). Włączenie ograniczonej widoczności Proﬁlu dla wskazanych Pracodawców jest możliwe na takich samych zasadach, jak w przypadku Automatycznego Dopasowania.Usługodawca może wysłać wiadomość e-mail do Użytkownika z informacją o Pracodawcy, któremu udostępniono Proﬁl Użytkownika.PreselekcjaPreselekcja polega na udostępnieniu Pracodawcom Proﬁlu Użytkownika po jego dopasowaniu przez rekrutera Usługodawcy do ofert pracy opublikowanych w Serwisie lub potrzeb rekrutacyjnych Pracodawcy.W ramach Preselekcji rekruter może kontaktować się z Użytkownikiem w formie telefonicznej lub wiadomości e-mail, w szczególności w celu uzyskania informacji, czy Użytkownik jest zainteresowany daną rekrutacją i czy spełnia wymagania określone przez Pracodawcę. Kontaktując się z Użytkownikiem, Usługodawca, w razie potrzeby, może zebrać również dodatkowe informacje o Użytkowniku.Usługodawca może udostępnić Pracodawcy Proﬁl Użytkownika zainteresowanego rekrutacją oraz inne informacje zebrane przez rekrutera w ramach kontaktuz Użytkownikiem, po uzyskaniu na to zgody Użytkownika.Zapisane wyszukiwaniaUżytkownik może zlecić Usługodawcy powiadamianie go o pojawieniu się w Serwisie nowych ofert pracy.Prezentując oferty pracy Usługodawca uwzględniać będziew szczególności słowa klucze podawane przez Użytkownika oraz informacje o aktywności Użytkownika w Serwisach. Użytkownik otrzymuje te informacje za pomocą wiadomości e-mail przesyłanych na udostępniony przez Użytkownika adres poczty elektronicznej lub w formie powiadomień w aplikacji mobilnej, jak również może otrzymywać takie informacje za pomocą powiadomień wyświetlanych w przeglądarce (zgodnie z ustawieniami przeglądarki).Kryteria wyboru ofert pracy wysyłanych w ramach Zapisanych wyszukiwań są samodzielnie wybierane przez Użytkownika i są one tożsame z kryteriami oferowanymi w Wyszukiwarce ofert w Serwisach.Użytkownik może również określić częstotliwość przesyłanych powiadomień spośród opcji udostępnionych przez Usługodawcę. Użytkownik może też zrezygnować z otrzymywania takich powiadomień w Ustawieniach (Prywatność) lub w innym miejscu wskazanym w Serwisach.Aplikowanie na oferty pracyAplikowanie na oferty pracy to Usługa, która umożliwia Użytkownikowi przesyłanie Pracodawcom odpowiedzi na oferty pracy wraz z dokumentami rekrutacyjnymi (w tym CV) za pomocą Serwisu. Aby skorzystać z Aplikowania na oferty pracy wymagane jest posiadanie Konta i uzupełnienie formularza aplikacyjnego. Uzupełnienie formularza aplikacyjnego polega w szczególności na podaniu następujących danych:imię i nazwisko,adres e-mail,numer telefonu,załączeniu CV lub innych dokumentów rekrutacyjnych – jeśli wymaga tego Pracodawca.W wybranych przypadkach:skorzystanie z Aplikowania na oferty pracy jest możliwe bez logowania się do Konta lub bez potwierdzenia założenia Konta. W takim przypadku Usługodawca tworzy dla Użytkownika Konto niepotwierdzone.nie jest wymagane uzupełnienie formularza aplikacyjnego, o którym mowa powyżej,skorzystanie z Aplikowania na oferty pracy może wymagać posiadania lub założenia konta i uzupełnienie formularza w zewnętrznym systemie rekrutacyjnym Pracodawcy,przesłanie odpowiedzi na ofertę pracy może nastąpić bezpośrednio na adres poczty elektronicznej Pracodawcy,jeżeli Użytkownik jest zalogowany do Konta, formularz aplikacyjny może zostać automatycznieuzupełniony danymi Użytkownika zawartymi w jego Proﬁlu oraz mogą być do niego dołączone dokumenty zapisane przez Użytkownika w Koncie (np. jego CV),jeżeli Użytkownik jest zalogowany do Konta, dane z formularza aplikacyjnego wraz z dokumentami rekrutacyjnymi (w tym CV) są zapisywane automatycznie w Koncie.Odpowiedzi na pytania PracodawcyUżytkownik (w tym również Użytkownik posiadający Konto niepotwierdzone), w celu usprawnienia procesu rekrutacji, bezpośrednio po zaaplikowaniu na ofertę pracy opublikowaną przez danego Pracodawcę w Serwisie, może udzielić odpowiedzi na ewentualne dodatkowe pytania zadane przez tego Pracodawcę. Odpowiedzi Użytkownika zostaną następnie przekazane przez Usługodawcę do tego Pracodawcy.Po udzieleniu przez Użytkownika odpowiedzi na pytania Pracodawcy, Usługodawca udostępni Użytkownikowi w Koncie informacje o tym, jak Użytkownik wypada na tle innych kandydatów, którzy również zaaplikowali na ofertę pracy tego Pracodawcy.Odpowiedzi Użytkownika będą przechowywane w Koncie Użytkownika do czasu jego usunięcia. W przypadku późniejszego zaaplikowania przez Użytkownika na inną ofertę pracy, dla której dany Pracodawca również przewidział dodatkowe pytania, pola odpowiedzi na pytania mogą zostać automatycznie uzupełnione wcześniejszymi odpowiedziami Użytkownika na tożsame pytania związane z innymi ofertami pracy, na które zaaplikował uprzednio Użytkownik. Przed wysłaniem odpowiedzi Użytkownikowi przysługuje jednak każdorazowo prawo do edytowania lub zmiany odpowiedzi.Pytania mogą być zadawane wyłącznie przez tych Pracodawców, którzy korzystają z systemu Usługodawcy do zarządzania aplikacjami Użytkowników i możliwości zadania pytań Użytkownikom aplikującym na ich ofertę pracy.Usługodawca nie ponosi odpowiedzialności za treść pytań wybranych przez Pracodawców, ani za wynik procesów rekrutacyjnych przeprowadzonych przez Pracodawców na podstawie odpowiedzi udzielonych przez UżytkownikówRaporty o zarobkachUżytkownik ma możliwość sprawdzenia przeciętnych zarobków na wybranym przez siebie stanowisku pracy i wygenerowania raportu płacowego w tym zakresie. Raport umożliwia poznanie przeciętnej wysokości wynagrodzeń w zależności od wybranych kryteriów takich jak: obszar specjalizacji, poziom stanowiska, poziom doświadczenia, lokalizacja, wielkość ﬁrmy, itp. Usługodawca może prezentować Użytkownikowi Raport o zarobkach po uprzednim wypełnieniu przez Użytkownika odpowiedniej ankiety znajdującej się na stronach Serwisu, na podstawie uzupełnionych przez Użytkownika danych w Proﬁlu lub na podstawie danych zawartych w CV zapisanym przez Użytkownika w Koncie. Usługodawca może wykorzystywać dane ozarobkach w celu prezentowania Użytkownikowi Rekomendowanych ofert pracy. Dane te będą automatycznie przetwarzane przez Usługodawcę w celach statystycznych i analitycznych. Użytkownik może aktualizować swoje dane o zarobkach zgromadzone w Koncie.W ramach tej Usługi Usługodawca może informować Użytkownika za pomocą wiadomości e-mail wysyłanych na udostępniony przez Użytkownika adres poczty elektronicznej lub w formie powiadomień w aplikacji mobilnej, o zbliżającym się końcu ważności ankiety wypełnionej przez Użytkownika, o aktualizacji raportu płacowego w związku z aktualizacją bazy danych Usługodawcy, jak również o zmianach funkcjonalności tej Usługi. Użytkownik może zrezygnować z otrzymywania takich powiadomień, nie rezygnując jednocześnie z korzystania z Usługi.Kreator CVUżytkownik ma możliwość przygotowania profesjonalnego CV, wybierając udostępniony przez Usługodawcę szablon w Serwisie lub aplikacji mobilnej. Warunkiem skorzystania z tej Usługi jest wypełnienie przez Użytkownika odpowiednich formularzy znajdujących się na stronach Serwisów lub w aplikacji mobilnej.Gotowy dokument CV Użytkownik może zapisać w swoim Koncie lub pobrać z Serwisu lub aplikacji mobilnej w formacie PDF.Możliwość udziału w Wydarzeniu Jobicon (dotyczy wydarzenia w formie stacjonarnej)Wydarzenie Jobicon to festiwal pracy organizowany przez Usługodawcę w terminach i miejscach wskazanych każdorazowo przez Usługodawcę m.in. za pośrednictwem danego Serwisu lub Serwisów lub mediów społecznościowych Usługodawcy. Poszczególne Wydarzenia Jobicon skierowane są do Pracodawców oraz Użytkowników (w szczególności studentów i absolwentów w wieku 19-30 lat). Podczas poszczególnych Wydarzeń Jobicon Pracodawcy mają możliwość spotkania się z kandydatami i rekrutowania ich do pracy, a także mają możliwość budowania i umacniania pozytywnego wizerunek swojej marki.Użytkownik ma możliwość pobrania imiennego biletu i udziału w danym Wydarzeniu Jobicon. W ramach wstępu na dane Wydarzenie Jobicon Użytkownik otrzymuje m.in:możliwość spotkania się z Pracodawcami i poznania ich aktualnych ofert pracy;możliwość wzięcia udziału w wykładach (m.in. spotkania z gośćmi ze świata biznesu, nauki i mediów, którzy podzielą się swoimi zawodowymi historiami), warsztatach i szkoleniach organizowanych przez Usługodawcę.Użytkownik może przebywać na terenie danego Wydarzenia Jobicon tylko w dniu tego wydarzenia i tylko w czasie jego trwania.Na terenie i podczas poszczególnych Wydarzeń Jobicon Użytkownika obowiązuje całkowity zakaz:wnoszenia i używania broni, amunicji i materiałów pirotechnicznych, oraz substancji chemicznych,stanowiących zagrożenie pożarowe, zagrożenie uszkodzenia mienia oraz stwarzających niebezpieczeństwo dla życia i zdrowia osób przebywających na terenie poszczególnych Wydarzeń Jobicon;wnoszenia i spożywania alkoholu oraz środków odurzających i substancji psychotropowych;palenia tytoniu i używania otwartego ognia;korzystania z e-papierosów lub podgrzewaczy tytoniu;zakłócania porządku publicznego (np. głośne zachowania);niszczenia infrastruktury festiwalu (np. obklejania reklamami ścian, podłogi);zanieczyszczanie hal i terenów otwartych odpadami wygenerowanymi przez siebie (opakowania po napojach i jedzeniu, niedopałki, gumy do żucia itp.);opierania się o elementy zabudowy stoisk, konstrukcje reklamowe i inne elementy aranżacji przestrzeni danego Wydarzenia Jobicon;prowadzenia jakichkolwiek działań komercyjnych, akwizycyjnych, a także agitacyjnych oraz zbiórek pieniężnych, jak również działań niezgodnych z obowiązującymi przepisami prawa.Usługodawca zastrzega sobie prawo do usunięcia z danego Wydarzenia Jobicon Użytkowników, którzy swoim zachowaniem naruszają powyższe postanowienia, w tym przepisy porządkowe obowiązujące w miejscu, w którym organizowane jest to Wydarzenie Jobicon, jak również Użytkowników, którzy swoim zachowaniem utrudniają lub uniemożliwiają prawidłowy przebieg tego Wydarzenia Jobicon.Poprzez wzięciu udziału w danym Wydarzeniu Jobicon, Użytkownik na podstawie art. 81 Ustawy o prawie autorskim i prawach pokrewnych i niezależnie od postanowień Regulaminu w przedmiotowym zakresie, wyraża zgodę na nieodpłatne utrwalanie, zwielokrotnianie i rozpowszechnianie swojego Wizerunku (w tym głosu) przez Usługodawcę, utrwalonego w ramach materiałów lub Utworów powstałych podczas tego Wydarzenia Jobicon. Wizerunek będzie rozpowszechniany bez ograniczeń czasowych i terytorialnych. Usługodawca oświadcza, że Wizerunek będzie wykorzystywany w kontekście sprawozdania z danego Wydarzenia Jobicon, w którym wziął udział Użytkownik oraz w celach promocyjnych, reklamowych i marketingowych Usługodawcy, w szczególności poprzez jego zamieszczenie na Serwisach, w ramach mediów społecznościowych Usługodawcy, w materiałach handlowych Usługodawcy lub poprzez jego udostępnienie w sieci Internet, tak aby każdy mógł mieć do niego dostęp w miejscu i czasie przez siebie wybranym. Niezależnie od powyższego, w przypadku utrwalania Wizerunku w ramach Utworów, Wizerunek będzie wykorzystywany na polach eksploatacji określonych w Regulaminie właściwych dla Utworów. Jednocześnie Użytkownik wyraża zgodę na zestawienia swojego Wizerunku z wypowiedziami lub wizerunkami innych osób lub ze znakami towarowymi Usługodawcy lub innych podmiotów uczestniczących w danym Wydarzeniu Jobicon.Usługodawca zastrzega sobie prawo do weryﬁkacji w dowolnym momencie dokumentów Użytkownika, uprawniających do przebywania na terenie danego Wydarzenia Jobicon, a w przypadku potwierdzenia lub uprawdopodobnienia posługiwania się dokumentami innego Użytkownika, bądź ich podrobienia, do usunięcia Użytkownika, u którego stwierdzono powyższe naruszenia, z miejsca w którym odbywa się to Wydarzenie Jobicon i na jego koszt.Użytkownik zobowiązany jest do zabezpieczenia własnego mienia wnoszonego na teren danego Wydarzenia Jobicon przed ewentualnymi szkodami lub utratą, na własny koszt i ryzyko.Użytkownik ponosi odpowiedzialność za wszelkie szkody, wynikające z niestosowania się do powyższych postanowień dotyczących Wydarzenia Jobicon.Usługi dostępne dla Użytkowników i Użytkowników niezalogowanychRekomendowane oferty pracy w SerwisachUsługodawca informuje Użytkownika lub Użytkownika niezalogowanego – za pomocą specjalnego, indywidualnego raportu – o ofertach pracy publikowanych w Serwisie, dopasowanych do preferencji i zainteresowań Użytkownika lub Użytkownika niezalogowanego. Raport tworzony jest dla indywidualnego Użytkownika lub Użytkownika niezalogowanego na podstawie analizy jego preferencji i zainteresowań, w tym ofert pracy, które Użytkownik lub Użytkownik niezalogowany oglądał i na które wysyłał aplikacje oraz informacji przetwarzanych w związku z innymi Usługami świadczonymi przez Usługodawcę. Do tworzenia raportu mogą być wykorzystywane również dane zawarte w Proﬁlu Użytkownika lub w CV zapisanym przez Użytkownika w Koncie. Rekomendowane oferty pracy są prezentowane Użytkownikowi lub Użytkownikowi niezalogowanemu przez Usługodawcę w różnych miejscach w Serwisach lub za pomocą powiadomień wyświetlanych w przeglądarce (zgodnie z ustawieniami przeglądarki).Aplikacja mobilna „Pracuj.pl oferty pracy”Aplikacja mobilna Usługodawcy umożliwiająca Użytkownikowi lub Użytkownikowi niezalogowanemu korzystanie za pomocą wybranych urządzeń mobilnych z wybranych funkcjonalności Konta i Usług.Wzory CV i listów motywacyjnych, dokumenty i poradnikiUżytkownik lub Użytkownik niezalogowany ma możliwość pobrania dokumentów udostępnionych przez Usługodawcę w Serwisach, a w szczególności przykładowych wzorów CV i listów motywacyjnych.Usługodawca zastrzega sobie prawo do zmiany zakresu i formy udostępnionych dokumentów w dowolnie wybranym terminie.Usługodawca nie bierze odpowiedzialności za wynik procesu rekrutacyjnego, w którym Użytkownik lub Użytkownik niezalogowany posłużył się wzorami dokumentów oferowanymi przez Usługodawcę.Wyszukiwarka ofert w SerwisachUżytkownik lub Użytkownik niezalogowany ma możliwość wyszukiwania oraz przeglądania opublikowanych w Serwisach ofert pracy według udostępnionych kryteriów. W celu wyszukiwania ofert pracy Użytkownik lubUżytkownik niezalogowany może także skorzystać z chatbota dostępnego w aplikacji Facebook Messenger.Jeżeli Użytkownik lub Użytkownik niezalogowany korzysta z aplikacji mobilnej Usługodawcy ma również możliwość wyszukiwania ofert pracy na mapie.Kalkulator wynagrodzeńUżytkownik lub Użytkownik niezalogowany ma możliwość w Serwisie dokonywania poglądowych obliczeń kwot wynagrodzenia netto i brutto. Usługodawca nie gwarantuje poprawności wyników oraz nie ponosi odpowiedzialności za użycie kalkulatora do rozliczeń pomiędzy Pracodawcą a pracownikiem. Usługa może być dostępna również w formie mobilnej (Aplikacja mobilna „Kalkulator wynagrodzeń”).Ścieżki karieryUżytkownik lub Użytkownik niezalogowany ma możliwość uzyskania informacji o wykonywaniu danego zawodu w praktyce. Usługa skierowana jest w szczególności do studentów, którzy mogą dzięki niej zaczerpnąć informacje na temat stanowiska, na którym chcieliby pracować w przyszłości.Ich znalezienie jest możliwe za pomocą wyszukiwarki Ścieżek kariery, w której należy podać nazwę danego zawodu lub kierunku studiów.Usługa umożliwia zapoznanie się ze ścieżką dotarcia do danego stanowiska, umiejętnościami posiadanymi przez osoby wykonujące wybrany zawód lub ukończonymi przez nie kursami. W ramach Ścieżek kariery Usługodawca może przedstawić również opis pracy na danym stanowisku, informacje o przeciętnych zarobkach osiąganych na tym stanowisku oraz nazwy podobnych zawodów.Do tworzenia Ścieżek kariery mogą być wykorzystywane informacje zawarte w Proﬁlu Użytkownika, takie jak: dane dotyczące wykształcenia, umiejętności, przebytych kursów zawodowych oraz zajmowanych stanowisk.Usługodawca nie gwarantuje poprawności, prawdziwości, rzetelności i dokładności informacji prezentowanych w ramach Usługi."
Oktawave.docx,1,Autor,site not found,"Price Listprice list for access to the Services. The prices in the Price List include VAT. The Price List is available at [http://www.oktawave.com/en/pricelist.htm], also in a PDF format;"
Oktawave.docx,2,Autor,what,"Cloudorganized IT system, including in particular hardware, software and telecommunication network, intended for providing the Services by the Service Provider;"
Oktawave.docx,3,Autor,site not found,http://www.oktawave.com/en/termsconditions.htm
Oktawave.docx,4,Autor,site not found,http://www.oktawave.com/en/termsconditions.htm
Oktawave.docx,5,Autor,site not found,[http://www.oktawave.com/en/termsconditions.htm
Oktawave.docx,6,Autor,what,"Serviceservices consisting in providing the User with access to the Cloud resources (virtual applications, cloud computing, data base services, virtual servers), virtual discs and private networks (fordata storage, sharing and processing) in accordance withtechnical conditions laid down by the Service Provider;"
Oktawave.docx,8,Autor,docu 1,SLA
Oktawave.docx,9,Autor,docu 2,Price List
Oktawave.docx,11,Autor,core,"The Service Provider provides the User with access to the Cloud and the Services, including the hardware infrastructure and computing power (including processors and operational memory) in accordance with the provisions of SLA, specified in Section 13 of these Terms and Conditions."
Oktawave.docx,12,Autor,core,"The Service Provider also provides the Standard Technical Assistance via the User Account, e-mail or by telephone."
Oktawave.docx,17,Autor,"possibly an unfair term (Annex 1(c), Annex 1 (d), Annex 1 (o) Directive 93/13); pato",The Tariff Units are settled against a fee and are not subject to reimbursement (one cannot demand reimbursement of the amount for which they were bought).
Oktawave.docx,19,Autor,"cnt_modr 0; acc_sus 0; sometimes immediate account suspension (without notice period) might be desired, for example, to protect other users against spam or uploading harmful or infringing others’ rights content","SUSPENSION OF ACCESS TO THE SERVICESIn relation to the Providing Electronic Services Act of 18 July 2002, the Service Provider may suspend the User’s access to the Cloud or the Services or the User Data if at least one of the following events takes place:an official note or reliable information has been received or there is a justified suspicion that the Services have been used not in compliance with these Terms and Conditions, or applicable legislation, principles of social coexistence or good practice,the User does not cooperate in cases where such cooperation is needed in order to determine whether the Services were accessed or used not in compliance with these Terms and Conditions, or applicable law, principles of social coexistence or good practice,the Service Provider has a justified suspicion that the User Account or the Services have been accessed without the User’s authorization or that the Services have been used without the User’s authorization,the Service Provider has a justified suspicion that it is necessary to suspend the Services in order to protect the integrity, accessibility and security of the Cloud or other User,the Fee for the Services has not been paid,such an obligation has arisen under applicable law or as a result of a decision of public authorities or courts.The User will be notified about the suspension and its reasons immediately after access to the Services has been suspended."
Oktawave.docx,21,Autor,acc_del 1,"The Service Provider may terminate the Agreement by a 30-day notice for the following reasons:the Service Provider decided to stop providing the Service,the Service Provider decided to wind up its business,the Service Provider decided to change its business profile in whole or in part,due to other important reasons.The Service Provider may terminate the Agreement with an immediate effect if the Services are suspended due to causes for which the User is responsible, and the User has not eliminated the cause of suspension within a deadline the Service Provider specifies in accordance with Section 8.3 above, or within 7 days from receiving a notice from the Service Provider."
Oktawave.docx,22,Autor,cnt_retr -1,"As of the moment the Agreement is terminated, the User loses access to all the User Data and the User Data may be deleted unless the User has bought access to Oktawave Cloud Storage or Oktawave Volume Storage, in accordance with the Price List and the SLA."
Oktawave.docx,27,Autor,site not found,http://www.oktawave.com/en/termsconditions.htm
Oktawave.docx,30,Autor,com_sys 0,"The User may address any reservations concerning access to the Services, their use or operation in a form of a complaint to the Service Provider. Complaints may be lodged with the Service Provider by means of the User Account or to the following email address customer@oktawave.com by submitting a filled out complaint form to the Service Provider, or by telephone at the following number +48 22 10 10 555 or by a regular mail to the following address: ul. Domaniewska 44a; 02-672 Warszawa."
Oktawave.docx,34,Autor,ltd -1,"Taking into account that no Service provided to the User includes the creation of back-up copies of the User Data, and that the User is obliged to keep a back-up copy of the User Data of their own, the User will be liable for any and all loss of the User Data."
Oktawave.docx,37,Autor,IP 1,"In the scope in which the provision of the Service by the Service Provider and the User’s use of the Service involves the use by the Service Provider, the Service Provider’s sub-contractors or agents, of intellectual property rights to the User Data (in particular that related to operation of software other than that provided by the Service Provider), the User hereby grants a licence to the Service Provider, Service Provider’s sub-contractors or entities cooperating with the Service Provider to use such intellectual property rights (including the software licence) for the period of providing the Services and in order for the Services to be provided correctly or, in the scope in which the User is not authorized to grant such licences, the User undertakes to obtain such licence from an authorized entity on behalf of the Service Provider, the Service Provider’s sub-contractors or cooperating agents for using the intellectual property rights for period of providing the Services and for the purposes of a correct provision of the Services."
Oktawave.docx,42,Autor,c_law -1,The Agreement is governed by the laws of Poland.
Oktawave.docx,44,Autor,contr_chg 0; other important causes are vague; price_chg 0,"The Service Provider reserves the right to amend these Terms and Conditions in case of a need to adjust these Terms and Conditions to: (i) law amendments, procedures of state bodies or case law of common courts and arbitration tribunals;(ii) changes of market practices or changes in technology; (iii) changes of business plans concerning the provision of the Services, (iv) changes of regulations and agreements entered into with entities cooperating with the Service Provider, (v) any other important causes. Each material amendment will be notified to the User by sending information to the User Account within the Cloud or by e-mail to the e- mail address indicated for contacts in the User Account at least thirty (30) days before an amendment to these Terms and Conditions takes effect."
FollowMyHealth.docx,0,Autor,what,"PHR. ""PHR"" means Personal Health Record. A PHR is an electronic health data application that can help you collect, manage, and share your health information. The FollowMyHealth Universal Health Record is a PHR. "
FollowMyHealth.docx,1,Autor,docu 1,FollowMyHealth Privacy Policy
FollowMyHealth.docx,2,Autor,contr_chg 1,Allscripts may change these Terms of Use at any time by posting the amended Terms of Use to the FollowMyHealth web site and providing a notice on the website that the Terms of Use has changed.
FollowMyHealth.docx,3,Autor,disc -1; pato,Allscripts reserves the right in its sole discretion to determine who may qualify for an account and reserves the right to reject or revoke any account at any time without liability.
FollowMyHealth.docx,4,Autor,core,Allscripts currently provides you with general use of and access to the Service free of charge. 
FollowMyHealth.docx,5,Autor,price_chg 0,"Generally, at any time in its sole discretion, Allscripts may charge fees for access to all or any part of the Service. In no event will you be charged for access to the Service unless Allscripts obtains your prior agreement to pay for such access. All new fees, if any, will be posted in appropriate locations on the Service. Allscripts reserves the right to change its fees, if any, from time to time in its discretion. "
FollowMyHealth.docx,6,Autor,cnt_del -1,"Allscripts reserves the right at the request of the third party source, to remove that PHR Data from your FollowMyHealth Universal Health Record."
FollowMyHealth.docx,7,Autor,recom -1,The manner in which your Personal Information may be used in relation to targeting and/or delivering Third Party Messages is governed by the applicable provisions of the FollowMyHealth Privacy Policy. 
FollowMyHealth.docx,8,Autor,may infringe Annex 1(n) Directive 93/13,USE OF THIRD-PARTY SERVICES AND RELIANCE ON THEIR CONTENT IS SOLELY AT YOUR OWN RISK. ALLSCRIPTS MAY NOT BE HELD LIABLE FOR ANY DAMAGES ARISING OUT OF OR RELATED TO YOUR USE OF ANY THIRD-PARTY SERVICE OR CONTENT.
FollowMyHealth.docx,9,Autor,disc -1,"as determined by Allscripts, may harm Allscripts "
FollowMyHealth.docx,10,Autor,serv_chg -1,"Allscripts may place limits on, modify, suspend or terminate all or any portion of the Service at any time without prior notice. "
FollowMyHealth.docx,11,Autor,acc_del 0; cnt_del 0; cnt_modr 0; cnt_retr -1,"Allscripts may cancel your account and delete all data associated with your account at any time, and without notice, if we deem that you have violated the terms of this agreement. "
FollowMyHealth.docx,12,Autor,ltd -1,Allscripts assumes no liability for any information removed from the Service. 
FollowMyHealth.docx,13,Autor,as_is -1,"THE SERVICE IS PROVIDED ON AN ""AS IS"" AND ""AS AVAILABLE"" BASIS."
FollowMyHealth.docx,14,Autor,pato,"NEITHER ALLSCRIPTS NOR ANY OF ITS LICENSORS OR SERVICE PROVIDERS MAY BE HELD LIABLE UNDER THIS AGREEMENT FOR ANY DAMAGES OF ANY KIND, UNDER ANY LEGAL THEORY"
FollowMyHealth.docx,15,Autor,ltd -1,"NEITHER ALLSCRIPTS NOR ANY OF ITS LICENSORS OR SERVICE PROVIDERS MAY BE HELD LIABLE UNDER THIS AGREEMENT FOR ANY DAMAGES OF ANY KIND, UNDER ANY LEGAL THEORY, ARISING OUT OF OR IN CONNECTION WITH USE OF, OR INABILITY TO USE, THE SERVICE, INCLUDING ANY DIRECT, INDIRECT, INCIDENTAL, SPECIAL, CONSEQUENTIAL OR PUNITIVE DAMAGES, INCLUDING, BUT NOT LIMITED TO, PERSONAL INJURY, WRONGFUL DEATH, LOST PROFITS OR DAMAGES RESULTING FROM DELAY, INTERRUPTION IN SERVICE, VIRUSES, DELETION OF FILES OR ELECTRONIC COMMUNICATIONS, OR ERRORS, OMISSIONS OR OTHER INACCURACIES IN SERVICE, WHETHER OR NOT THERE IS NEGLIGENCE BY ALLSCRIPTS AND WHETHER OR NOT ALLSCRIPTS HAS BEEN ADVISED OF THE POSSIBILITY OF ANY SUCH DAMAGES."
FollowMyHealth.docx,16,Autor,ltd_cap -1,"NEITHER ALLSCRIPTS NOR ANY OF ITS LICENSORS OR SERVICE PROVIDERS MAY BE HELD LIABLE UNDER THIS AGREEMENT FOR MORE THAN $1,000."
FollowMyHealth.docx,17,Autor,uncle 1,THE LIMITATIONS IN THIS SECTION APPLY TO YOU ONLY TO THE EXTENT THEY ARE LAWFUL IN YOUR JURISDICTION.
FollowMyHealth.docx,18,Autor,c_law -1,These Terms of Use are governed by Illinois law.
FollowMyHealth.docx,19,Autor,c_forum -1,"THE EXCLUSIVE VENUE FOR ANY DISPUTE RELATING TO THE SERVICE IS THE STATE AND FEDERAL COURTS LOCATED IN COOK COUNTY, ILLINOIS. YOU AND ALLSCRIPTS CONSENT TO THE PERSONAL JURISDICTION OF THESE COURTS. "
FollowMyHealth.docx,20,Autor,sever 0,"If any provision is found unenforceable, it and any related provisions will be interpreted to best accomplish the unenforceable provision's essential purpose. The other provisions of these Terms of Use shall remain in full force and effect."
Spotify.docx,0,Autor,recom -1,personalized services for streaming music and other content
Spotify.docx,1,Autor,It would be desired to explain which are free-of-charge and which require payment,"Certain Spotify Service options are provided free-of-charge, while other options require payment before they can be accessed (the ""Paid Subscriptions"")."
Spotify.docx,2,Autor,docu 1,Spotify Premium Promotional Offer Terms
Spotify.docx,3,Autor,serv_chg -1,our service offerings and their availability may change from time to time
Spotify.docx,4,Autor,uncle 1,subject to applicable laws
Spotify.docx,5,Autor,docu 2,Spotify User Guidelines 
Spotify.docx,6,Autor,docu 3,Card Terms
Spotify.docx,7,Autor,price_chg 0,"Spotify may from time to time change the price for the Paid Subscriptions, including recurring subscription fees, the Pre-Paid Period (for periods not yet paid), or Codes (defined above), and will communicate any price changes to you in advance on reasonable notice. "
Spotify.docx,8,Autor,uncle 2,Subject to applicable law
Spotify.docx,10,Autor,cnt_del -1,Spotify reserves the right to remove or disable access to any User Content for any or no reason
Spotify.docx,9,Autor,cnt_modr 0,"Monitoring user contentSpotify may, but has no obligation to, monitor or review User Content. Spotify reserves the right to remove or disable access to any User Content for any or no reason. Spotify may take these actions without prior notification to you."
Spotify.docx,11,Autor,ip 0,"However, in order for us to make your User Content available on the Spotify Service, we do need a limited license from you to that User Content. Accordingly, you hereby grant to Spotify a non-exclusive, transferable, sub-licensable, royalty-free, fully paid, irrevocable, worldwide license to reproduce, make available, perform and display, translate, modify, create derivative works from, distribute, and otherwise use any such User Content through any medium, whether alone or in combination with other Content or materials, in any manner and by any means, method or technology, whether now known or hereafter created, in connection with the Spotify Service."
Spotify.docx,12,Autor,uncle 3,Where applicable and to the extent permitted under applicable law
Spotify.docx,14,Autor,violating art. 16 of Polish Law on copyright and related rights,"you also agree to waive, and not to enforce, any ""moral rights"" or equivalent rights, such as your right to be identified as the author of any User Content"
Spotify.docx,13,Autor,shad_ip1,"Where applicable and to the extent permitted under applicable law, you also agree to waive, and not to enforce, any ""moral rights"" or equivalent rights, such as your right to be identified as the author of any User Content, including Feedback, and your right to object to derogatory treatment of such User Content"
Spotify.docx,15,Autor,sugg 0,"If you provide ideas, suggestions, or other feedback in connection with your use of the Spotify Service or any Content (""Feedback""), such Feedback is not confidential and may be used by Spotify without restriction and without payment to you"
Spotify.docx,16,Autor,docu 4,Spotify Privacy Policy
Spotify.docx,17,Autor,docu 5,Spotify Copyright Policy.
Spotify.docx,18,Autor,docu 6,Community Terms
Spotify.docx,20,Autor,disc -1,if we believe you have breached any of these Terms
Spotify.docx,21,Autor,uncle 4,applicable law
Spotify.docx,19,Autor,acc_del 0; acc_sus 0,"Spotify may terminate these Terms (including any additional terms and conditions incorporated herein) or suspend your access to the Spotify Service at any time if we believe you have breached any of these Terms, if we stop providing the Spotify Service or any material component thereof on reasonable notice to you, or as we believe necessary to comply with applicable law."
Spotify.docx,22,Autor,uncle 5,subject to applicable laws
Spotify.docx,23,Autor,unfair term according to paragraph 1(f) of the Annex to Directive 93/13,Spotify will not refund any amounts that you have already paid
Spotify.docx,24,Autor,as_is -1,"the Spotify Service is provided ""as is"" and ""as available,"""
Spotify.docx,25,Autor,uncle 6,This section applies to the fullest extent permitted by applicable law
Spotify.docx,26,Autor,uncle 7,"Some jurisdictions do not allow the exclusion of implied warranties or limitations on applicable statutory rights of a consumer, so the exclusion and limitations in this section may not apply to you and nothing will affect your statutory rights"
Spotify.docx,27,Autor,uncle 8,Subject to applicable law
Spotify.docx,28,Autor,pato1,you agree that your sole and exclusive remedy for any problems or dissatisfaction with the Spotify Service is to uninstall any Spotify software and to stop using the Spotify Service
Spotify.docx,29,Autor,ltd -1,"In no event will Spotify, its officers, shareholders, employees, agents, directors, subsidiaries, affiliates, successors, assigns, suppliers, or licensors be liable for (1) any indirect, special, incidental, punitive, exemplary, or consequential damages; (2) any loss of use, data, business, or profits (whether direct or indirect), in all cases arising out of the use of or inability to use the Spotify Service, devices, third-party applications, or third-party application content"
Spotify.docx,30,Autor,ltd_cap -1,"aggregate liability for all claims relating to the Spotify Service, third-party applications, orthird-party application content more than the greater of (a) the amounts paid by you to Spotify during the twelve months prior to the first claim; or (b) $30.00"
Spotify.docx,31,Autor,uncle 9,to the extent that applicable law would prohibit such a limitation
Spotify.docx,32,Autor,uncle 10,by applicable law
Spotify.docx,33,Autor,uncle 11,Except where such restriction is prohibited under applicable law
Spotify.docx,34,Autor,arb -1,any claim arising under these terms must be commenced (by filing a demand for arbitration or filing an individual action under the arbitration agreement below)
Spotify.docx,35,Autor,period -1,"within one (1) year after the date the party asserting the claim first knows or reasonably should know of the act, omission, or default giving rise to the claim; and there shall be no right to any remedy for any claim not asserted within that time period"
Spotify.docx,36,Autor,uncle 12,to the maximum extent permitted by applicable law
Spotify.docx,37,Autor,ind 0,"You agree to indemnify and hold Spotify harmless from and against any reasonably foreseeable direct losses, damages, and reasonable expenses (including reasonable attorney fees and costs) suffered or incurred by Spotify arising out of or related to: (1) your breach of any of these Terms (including any additional Spotify terms and conditions incorporated herein); (2) any User Content you post or otherwise contribute; (3) any activity in which you engage on or through the Spotify Service; and (4) your violation of any law or the rights of a third party"
Spotify.docx,38,Autor,uncle 13,Unless otherwise required by mandatory laws in your country of residence
Spotify.docx,39,Autor,uncle 14,except where under applicable mandatory laws
Spotify.docx,40,Autor,c_law -1; c_forum -1,All other countries and regions in which Spotify is available.SwedenExclusive; Courts of Sweden
Spotify.docx,41,Autor,uncle 15,WHERE PERMITTED UNDER THE APPLICABLE LAW
Spotify.docx,42,Autor,class -1,YOU AND SPOTIFY AGREE THAT EACH MAY BRING CLAIMS AGAINST THE OTHER ONLY IN YOUR OR ITS INDIVIDUAL CAPACITY AND NOT AS A PLAINTIFF OR CLASS MEMBER IN ANY PURPORTED CLASS ORREPRESENTATIVE ACTION
Spotify.docx,43,Autor,uncle 16,in a jurisdiction in which this Section 6.3. is enforceable
Spotify.docx,44,Autor,arb -1,mandatory arbitration 
Spotify.docx,45,Autor,uncle 17,unless otherwise required by a mandatory law of a member state of the European Union or any other jurisdiction
Spotify.docx,46,Autor,period -1,Any arbitration must be commenced by filing a demand for arbitration within ONE (1) YEAR 
Spotify.docx,47,Autor,uncle 18,If applicable law prohibits 
Spotify.docx,48,Autor,uncle 19,permitted by applicable law
Spotify.docx,49,Autor,contr_chg -1,In the event that Spotify makes any future change to this arbitration provision (other than a change to Spotify's address for Notice)
Spotify.docx,50,Autor,acc_del 0,in which case your account with Spotify shall be immediately terminated
Spotify.docx,51,Autor,uncle 20,Under applicable law
Spotify.docx,52,Autor,contr_chg -1,"We may make changes to these Terms (including any additional Spotify terms and conditions incorporated by reference herein) from time to time by notifying you of such changes by any reasonable means (before they take effect), including by posting a revised Agreement on the applicable Spotify Service (provided that, for material changes, we will seek to supplement such notice by email, an in-service pop-up message, or other means)"
Spotify.docx,53,Autor,sever 0,"Unless as otherwise stated in these Terms, should any provision of these Terms be held invalid or unenforceable for any reason or to any extent, the remaining provisions of these Terms will not be affected"
Spotify.docx,54,Autor,uncle 21,to the extent permitted by law
Spotify.docx,55,Autor,tran -1,"Spotify may assign any or all of these Terms, and may assign or delegate, in whole or in part, any of its rights or obligations under these Terms. You may not assign these Terms, in whole or in part, nor transfer or sub-license your rights under these Terms, to any third party."
Badoo.docx,0,Autor,what,"Badoo is a social media website and app designed as a forum for meeting new people, a place to have discussions and to share photos, news and information."
Badoo.docx,1,Autor,what,"You are able to post or upload all kinds of things on Badoo, including photographs, emails, messages and other content (“Content”)."
Badoo.docx,3,Autor,acc_sus 0,you may be prevented from using Badoo and we may restrict your access to Badoo
Badoo.docx,4,Autor,acc_del 0,disable your account or block you from further use of Badoo
Badoo.docx,6,Autor,disc -1,if we believe it violates the Terms 
Badoo.docx,2,Autor,cnt_modr 0,"We use a combination of automated systems and a team of moderators to monitor and review accounts and messages for content that indicates breaches of these Terms. If you repeatedly infringe our rules, you may be prevented from using Badoo and we may restrict your access to Badoo, disable your account or block you from further use of Badoo. We may remove any Content you submit to Badoo if we believe it violates the Terms or we are required to do so by applicable law."
Badoo.docx,5,Autor,cnt_del 0,We may remove any Content you submit to Badoo if we believe it violates the Terms or we are required to do so by applicable law.
Badoo.docx,7,Autor,docu 1,Guidelines and Safety Tips
Badoo.docx,8,Autor,cnt_del -1,"We reserve the right (without obligation) at our sole discretion and without giving you notice, to remove or edit, limit or block access to any Content that you upload or submit to Badoo without any incurring liability to you. "
Badoo.docx,9,Autor,infringing art. 16 of the Polish Act on Copyright and Related Rights; pato,"you agree that you waive any and all moral rights relating to that Content (including, without limitation, any rights to be identified as the author);"
Badoo.docx,10,Autor,ip -1,"a non-exclusive, royalty free, perpetual, worldwide licence to use such Content in any way (including, without limitation, editing, copying, modifying, adapting, translating, reformatting, creating derivative works from, incorporating into other works, advertising, distributing and otherwise making available to the general public such Content, whether in whole or in part and in any format or medium currently known or developed in the future)."
Badoo.docx,11,Autor,tran -1,We may assign and/or sub-license the above licence to our affiliates and successors without any further approval by you.
Badoo.docx,12,Autor,what,"Badoo’s premium services include various opportunities to find and meet additional people, to customise your profile and to boost your profile so more people find you. Badoo also offers the ability to play various games on the site. "
Badoo.docx,13,Autor,acc_del 0,if your account is terminated by us due to breach of these Terms
Badoo.docx,14,Autor,docu 2,Service Conditions
Badoo.docx,15,Autor,as_is -1,so Badoo is provided on an “as is” “as available” basis. 
Badoo.docx,16,Autor,serv_chg -1,"we reserve the right to suspend, withdraw, amend, modify or vary the service provided on Badoo without notice and without incurring any liability to you."
Badoo.docx,17,Autor,contr_chg -1,We may change or update the criteria from time to time without prior notice and at our discretion.
Badoo.docx,18,Autor,docu 3,Privacy Policy
Badoo.docx,19,Autor,uncle 1,any liability which cannot be limited or excluded by law
Badoo.docx,20,Autor,uncle 2,To the fullest extent permitted by law
Badoo.docx,21,Autor,ltd -1,"any liability incurred by you arising from use of Badoo, its services or these Terms"
Badoo.docx,22,Autor,ltd_cap -1,"Badoo’s total liability to you in respect of losses arising under or in connection with the Terms, whether in contract, tort (including negligence, breach of statutory duty, or otherwise) shall in no circumstances exceed £20."
Badoo.docx,23,Autor,pato,"You accept that Badoo will not be provided uninterrupted or error free, that defects may not be corrected or that Badoo, or the server that makes it available, are free of viruses or bugs, spyware, Trojan horses or any similar malicious software."
Badoo.docx,24,Autor,ind 0,"You agree to hold harmless and indemnify us and our officers, directors, employees, agents, representatives and licensors from and against any third party claims, damages (actual and/or consequential), actions, proceedings, demands, losses, liabilities, costs and expenses (including reasonable solicitors’ fees) suffered or reasonably incurred by us arising as a result of, or in connection with, your access to and use of Badoo, the uploading or submission of Content to Badoo by you or your conduct, other than in accordance with the Terms or any applicable law or regulation (“Claim”). Badoo retains the exclusive right to settle, compromise and pay any and all Claims or causes of action which are brought against us without your prior consent."
Badoo.docx,25,Autor,c_law -1,The Terms and any dispute or claim arising out of or in connection with it or its subject matter (including non-contractual disputes or claims) shall be are governed by and construed in accordance with English law. 
Badoo.docx,26,Autor,contr_chg -1,"We reserve the right to modify, amend or change the Terms at any time (a “Change”). "
Badoo.docx,27,Autor,sever 0,"If, for any reason, any of the Terms are declared to be illegal, invalid or otherwise unenforceable by a court of a competent jurisdiction, then to the extent that term is illegal, invalid or unenforceable, it shall be severed and deleted from the Terms and the remainder of the Terms shall survive, remain in full force and effect and continue to be binding and enforceable."
Allegro.docx,0,Autor,what,ALLEGROan online marketplace of an open character available in the allegro.pl domain and operated by Allegro.pl pursuant to the Terms & Conditions
Allegro.docx,1,Autor,what,"ALLEGRO BIZNESA mode of use of Allegro, available to Business Account holders, containing features dedicated only to entities using Allegro in connection with the business activity they pursue"
Allegro.docx,2,Autor,what,"THE FAMILY GROUP FUNCTIONALITYA functionality of Allegro available to Users with Regular Accounts and Junior Accounts who are family members related by blood or marriage, which enables them to create Family Groups and add Accounts (Users) to a Family Group, within which the Family Group Manager and Family Group Members can use the options available."
Allegro.docx,3,Autor,uncle 1,other information as required by law
Allegro.docx,4,Autor,uncle 2,and other information as required by law
Allegro.docx,5,Autor,acc_sus 0,block the User’s Account for a definite or indefinite period.
Allegro.docx,6,Autor,docu 1,Terms and Conditions of Deferred Payment for Businesses
Allegro.docx,7,Autor,ind 0,they shall indemnify and hold Allegro.pl harmless from and against any liability arising in connection with any use of the data on Allegro or via Allegro.pl which is unlawful or violates the rights of the data subject.
Allegro.docx,8,Autor,pato,"The aim of the Offers displayed in the listing categories: “Cars”, “Real Estate”, “Holidays”, “Live Animals”, “Machinery”, “Trailers, Semitrailers”, “Other Vehicles and Boats”, “Motorcycles and Quads”, “Services” and “Tickets” is not to conclude an agreement. These Offers are only classified ads. The Offers referred to in the previous sentence may not include more than one unit of the Goods."
Allegro.docx,9,Autor,recom 0,"The following factors are taken into account with respect to Relevance:Offer information, such as compliance of the Offer description with the Terms & Conditions; the number of displays of the Offer in different time intervals; the number of purchases made in a specific Offer; the number of Goods added by Users to the cart within a given Offer; the number ofUsers who marked (or unmarked) a given Offer as Observed; the price of the listed Goods; the number of Goods listed; the number of methods of free delivery made available by the Seller within the Offer; the estimated delivery time for the Goods resulting from the Goods shipment time as declared by the Seller, the actual time of making this shipment and the delivery method provided by the Seller in the Offer; the availability of free return options; the status of the listed Goods, including their features; mode of the conclusion of the sales agreement — Buy now/Auction; the timeframe of the Offer; promotion options; “Official Store” distinction; placing in the Deal Zone, posting the Offer in the category that corresponds best to a given type of products; and whether the Offer title is similar to the content of the Users’ query in the search engine concerning the Goods being the subject of this Offer;Seller information, such as mainly number of positive and negative ratings; the rate of “recommended” ratings given by Buyers; average rating of the costs of delivery of Goods; average rating of compliance with Goods description; average rating of the quality of customer service provided by the Buyer; timely completion of parcel tracking numbers; time of response to messages from other Users; participation in the Super Seller program; the number of violations of Appendix No. 1 to the Terms & Conditions; the number of notices in connection with violations of paragraph 13.3 of the Terms & Conditions and paragraphs 1(4) and 1(7) of Appendix No. 2 to the Terms & Conditions."
Allegro.docx,10,Autor,"ip -1, no purposes","Upon posting within the Offer (upon its publication on Allegro) any content being the subject of copyright law, in particular, such as signs, logos, images, descriptions, or photos (“Content”), the User allows Allegro.pl to use this Content free of charge, non- exclusively and without time and territory constraints, within the scope of:its storing and multiplying by using any techniques, including its recording and duplication into paper, electronic, magnetic, and optic medium copies;its reproduction via telecommunications networks (including the Internet and GSM networks) by any means and techniques, in particular, such as its reproduction in such a way that anybody can access the Content at any chosen time and place; its exploitation in other communications networks, regardless of any possible use of access restrictions; its public viewing and reproduction also done by websites content auto-run mechanisms;its public performance, display, viewing, reproduction, transmission, and rebroadcasting;its lending and its introduction to public trading.The User consent covers preparation of the Content analyses by Allegro.pl, their use in the scope in which Allegro.pl is authorized to use the Content, and giving further consents to the extent of the agreement with Allegro.pl.The User gives his consent to exercise his personal copyrights to the Content by Allegro.pl and declares that they will not exercise these personal copyrights against Allegro.pl or against entities given by Allegro.pl further consent to use the Content."
Allegro.docx,11,Autor,shad_ip,The User gives his consent to exercise his personal copyrights to the Content by Allegro.pl and declares that they will not exercise these personal copyrights against Allegro.pl or against entities given by Allegro.pl further consent to use the Content.
Allegro.docx,12,Autor,ind 0,The User shall release Allegro.pl and entities given by Allegro.pl further consent to use the Content from any liability arising from the use of the Content in accordance with the Terms & Conditions
Allegro.docx,13,Autor,docu 2,https://allegro.pl/dlasprzedajacych/wysylka-tego-samego-dnia-dla-wybranych-przez-ciebieprzewoznikow- i-dni-tygodnia-2YRGlGOgLfR#wymagania-jakie-nalezy-spelnic-abykupujacy-zobaczyli-informacje-o- wysylce-tego-samego-dnia-w-twoich-ofertach
Allegro.docx,14,Autor,core,"Allegro.pl is not a party to any Goods sale agreements made between Users and does not ensure that the Sellers and the Buyers are authorized to enter into and perform such agreements. Where a Userconcludes an agreement with another User that has its registered office or habitual residence outside Poland, this might result in the Transaction being covered by the provisions of foreign law"
Allegro.docx,15,Autor,pato,"The Buyer’s failure to pay for the Goods in a timely manner will result in Allegro.pl automatically canceling the Transaction (except for the “OTC drugs” category), which has no impact on the civil-law effects of the sale contract concluded between the Users and does not release them from the obligation to render performances towards each other under the legal relation arisen."
Allegro.docx,16,Autor,core,"Allegro.pl shall not be held liable for Users’ conduct on Allegro and for the undue performance or failure to perform Transaction-related agreements, and also for the consequences of actions performed by Users or third parties which violate the provisions hereof. In particular, Allegro.pl shall not be held liable for the quality, safety, and legality of Goods sold in Offers, Sellers’ capacity to sell, Buyers’ solvency, and the veracity and accuracy of data and other contents provided/submitted by Users within Allegro."
Allegro.docx,17,Autor,uncle 3,", in accordance with generally applicable laws and regulations "
Allegro.docx,18,Autor,cnt_del 0,"close before its deadline or delete an Offer with Buy Now option; however, agreements concluded between Users as part of such an Offer until such closure shall remain valid;"
Allegro.docx,19,Autor,cnt_modr 0; acc_sus 0,"In case of repeated or material violations of the Terms & Conditions understood asfailure to pay the amounts due to Allegro.pl within the set time limit,the provision by the User of incomplete or false contact details (e.g. name, company, address) in the Account settings,disposal of the Account by the User without Allegro.pl consent,making the Account available by the User to other persons contrary to paragraph 2.10 of the Terms & Conditions,Publication of Offers, the subject of which is Forbidden Goods specified in Attachment No. 1 to the Terms & Conditions or Restricted Goods, where the User has not fulfilled the conditions necessary to list such Goods, which are specified in Attachment No. 1 to the Terms & Conditions,Infringing the rules on posting Offers set forth in Appendix No. 2 to the Terms & Conditions,Registration of multiple Accounts and their use contrary to the rules specified in paragraph 2.9 of the Terms & Conditions,Sending spam messages to other Users,Decrease of the overall quality (in the “My Sales Quality” tab) to the “Requires improvement” or to the “Unacceptable” level,Taking actions to avoid the payment of fees or sales commissions billed by Allegro.pl,Infringing on the rating system rules set forth in Section 11 of the Terms & Conditions,Making purchases for purposes other than completing a Transaction,Infringing the rules on ordering Allegro.pl to post Offers set forth in paragraph 5.4. of the Terms & Conditions,Infringing the rules on rejecting bids made by Bidders set forth in paragraph 6.5. of the Terms & Conditions,Infringing the rules set forth in paragraphs 10.1., 10.3, and 10.10 of the Terms & Conditions, Allegro.pl may:temporarily restrict the User’s access to respective services provided on Allegro, in particular, restrict the User Account’s functionality for a definite or indefinite period;suspend one, more, or all of the User’s Accounts for a definite or indefinite period.Allegro.pl shall notify the User about the suspension of the Account or restriction of access to specific services via email, indicating the reasons for the suspension or restriction of access to the Account. The User may appeal against the decision of Allegro.pl in accordance with the provisions of Section 16 of the Terms & Conditions."
Allegro.docx,20,Autor,core,Services provided on Allegro by Allegro.pl shall be paid services. The Seller shall be charged with all fees and sales commissions. Such amounts payable shall be charged on an ongoing basis and presented for payment for consecutive settlement periods. The settlement period shall be a calendar month.
Allegro.docx,21,Autor,cnt_del 0,"Allegro.pl shall not interfere with the content of any rating or responses; however, it reserves the right to delete or block the possibility of their posting in justified cases when:they violate the provisions of the Terms & Conditions, in particular, of Section 11, paragraphs 11.5 or 11.6;they have been posted for a wrong User or Transaction by mistake if their content explicitly indicates that a mistake has been made;the content of a rating explicitly indicates that a mistake has been made as to its type;the content of a rating contains characters that make that rating illegible; this shall not apply, however, to the special characters specific to the language in which the rating was published;Allegro.pl receives the Buyer's request to remove the rating."
Allegro.docx,22,Autor,cnbt_del 0,"Allegro.pl reserves the right to edit or delete reviews in justified cases, when a review:is a subsequent review referring to the same Goods;refers to a different Goods than the reviewed one;violate the rules set forth in Section 11 paragraph 11.12.;violates applicable provisions of law, good practice or offends religious feelings;infringes patent rights, copyrights, business secrets or other intellectual property rights, or personal data protection rights;is only a summary of a film, book or record, etc.;is fully or partially copied from other Users, the manufacturer of the reviewed Goods or from other available sources;it contains characters that make the review illegible; this shall not apply, however, to the diacritica characters specific to the language in which the opinion was published."
Allegro.docx,23,Autor,uncle 4,pursuant to the applicable provisions of law 
Allegro.docx,24,Autor,price_chg 0,amendments to the price list;
Allegro.docx,25,Autor,contr_chg 0,technological and functional changes;
Allegro.docx,26,Autor,acc_del 1,"In the event when a User repeatedly violates the Terms & Conditions, the agreement may be terminated by Allegro.pl against a thirty day notice."
Allegro.docx,27,Autor,com_sys 0,"If in a User’s opinion, services to be provided under the Terms & Conditions are not rendered by Allegro.pl or are not rendered in accordance with the Terms & Conditions, the User may present their reservations in the manner specified below (“Complaint”). In addition, in the case of own sale of Goods by Allegro.pl, a User may make a Complaint in the manner described in Allegro.pl’s Offer.16.4.A Complaint may be lodged in an electronic form using the contact form or in a written form. A Complaint shall contain at least the name under which the User acts on Allegro (login), the description of their reservations, and the proposed method of handling the Complaint.16.5.Allegro.pl shall handle a Complaint within 14 days from the date of its receipt. When a Complaint does not contain the information necessary to handle it, Allegro.pl shall ask the User making the Complaint to supplement the required information, and then the period of 14 days shall run from the date of submitting the supplemented Complaint.16.6.A response to a Complaint shall be sent only to the email address assigned to a given User’s Account. In particularly justified cases, Allegro.pl may send a response to a different email address provided by the User making a Complaint, which is not assigned to the User’s Account, or in writing to the address provided in the Compliant.16.7.A User may appeal against the decision taken by Allegro.pl concerning a Complaint (“Appeal”). The provisions of Section 16, paragraphs 16.3, 16.4, and 16.5 shall apply accordingly."
Allegro.docx,28,Autor,c_law -1,"An agreement between User and Allegro.pl, relating to services provided on Allegro by Allegro.pl on terms and conditions set forth herein, shall be governed by Polish law with exclusion of the United Nations Convention on Contracts for the International Sale of Goods of 11 April 1980 (Dz. U. 97.45.286)."
Allegro.docx,29,Autor,uncle 5,"In the case of Users who are consumers, the above choice of law shall not exclude the protection afforded to the Users by mandatorily applicable laws of the country in which the User has its habitual residence."
Allegro.docx,30,Autor,c_forum 0,"Any disputes between Allegro and a User that is not a consumer, concerning Allegro, including connected with the services provided on Allegro by Allegro.pl shall be resolved by Polish courts of general jurisdiction competent for the registered office of Allegro."
Allegro.docx,31,Autor,docu 3-26,Appendix No. 1: Forbidden and restricted items;Appendix No. 2: Rules on creating Offer description;Appendix No. 3: Policy on technical breaks and compensation for technical failures; Appendix No. 4: Fees and sales commissions;Appendix No. 5: Privacy protection policy; Appendix No. 6: Junior account principles;Appendix No. 7A: Terms & Conditions of PayU service; Appendix No. 7B: Terms & Conditions of Przelewy 24 service; Appendix No. 7C: Allegro Finance Terms & Conditions;Appendix No. 8: Notes of guidance on agreement renouncement and draft renouncement statement; Appendix No. 9: Buyer Protection Program;Appendix No. 10: Adding Products;Appendix No. 11: Use of databases of Allegro.pl and available in Allegro;Appendix No. 12: Terms & Conditions of the “Allegro Smart!” service for the Sellers; Appendix No. 13: Allegro Lokalnie;Appendix No. 14: General Terms & Conditions of the Cooperation Related to the Mail Order Sales of Medicinal Products;Appendix No. 15: Allegro Community;Appendix No. 16: General Terms & Conditions of Delivery Service;Appendix No. 16A: General Terms & Conditions of the Delivery Service for Allegro Lokalnie; Appendix No. 17: Charity Offers;Appendix No. 18: General Terms & Conditions of the Cooperation Related to the Sales of Vouchers Exchangeable for Medical Services;Appendix No. 19: Data processing Agreement.Appendix No. 20. Transactions subject to the obligation of archiving or VAT settlement through Allegro.pl Appendix No. 21: Details of Allegro Prices program
Allegro.docx,32,Autor,sever 0,"If any provision hereof is held invalid by a final and absolute court judgment, the remaining ones shall stay in full force and effect unless the relevant laws provide for a different effect."
Allegro.docx,33,Autor,com_sys 0,Allegro.pl shall ensure the operation of an internal complaint-handling system within the meaning of paragraph 11.1. of Regulation (EU) 2019/1150 of the European Parliament and of the Council of 20 June 2019 on promoting fairness and transparency for business users of online intermediation services.Complaints of the Users that relate to the issues listed in this regulation can be made through https://na.allegro.pl/skarga.
Snapchat.docx,0,Autor,pato,and “look and feel” of the Services
Snapchat.docx,1,Autor,docu 2,"Services in a way that these Terms and our policies, such as our Community Guidelines and Sounds on Snapchat Guidelines, allow. You may not use the Services in ways that are not authorised by these T"
Snapchat.docx,2,Autor,docu 1,"Services in a way that these Terms and our policies, such as our Community Guidelines and Sounds on Snapchat Guidelines, allow. You may not use the Services in ways that are not authorised by these T"
Snapchat.docx,3,Autor,ip 0,"For all content you submit to the Services, you grant Snap and our afﬁliates a worldwide, royalty-free, sub- licencable, and transferable licence to host, store, cache, use, display, reproduce, modify, adapt, edit, publish, analyse, transmit, and distribute that content. This licence is for the limited purpose of operating, developing, providing, promoting and improving the Services and researching and developing new ones. This licence includes a right for us to make your content available to, and pass these rights along to, other service providers with whom we have contractual relationships related to the provision of the Services, solely for the purpose of providing such Services."
Snapchat.docx,5,Autor,docu 3,our Privacy Policy 
Snapchat.docx,6,Autor,docu 4,Support Site
Snapchat.docx,4,Autor,ip -1,"We call Story submissions as “Public Content"" that are set to be viewable by everyone as well as content you submit to public Services, like Public Proﬁles, Snap Map, or Lens Studio. Because Public Content is inherently public, you grant Snap, our afﬁliates, other users of the Services, and our business partners all of the same rights you grant for non-Public Content in the previous paragraph, as well as a worldwide, royalty- free, and irrevocable right and licence to create derivative works from, promote, exhibit, broadcast, syndicate, reproduce, distribute, synchronise, overlay graphics and auditory effects on, publicly perform, and publicly display all or any portion of your Public Content (including the separate video, image, sound recording, or musical compositions contained therein) in any form and in any and all media or distribution methods, now known or later developed. When you appear in, create, upload, post, or send Public Content(including your Bitmoji), you also grant Snap, our afﬁliates, other users of the Services, and our business partners an unrestricted, worldwide, royalty-free, and irrevocable right and licence to use the name, likeness, and voice, of anyone featured in your Public Content. This means, among other things, that you will not be entitled to any compensation if your content, videos, photos, sound recordings, musical compositions, name, likeness, or voice are used by us, our afﬁliates, users of the Services, or our business partners. The licences granted by you for Public Content continue for so long as the Public Content is on the Services and for a reasonable period of time after you remove or delete the Public Content from the Services (provided we may retain server copies of your Public Content indeﬁnitely). For information about how to tailor who can watch your content, please take a look at our Privacy Policy and Support Site. All Public Content must be appropriate for people ages 13+."
Snapchat.docx,7,Autor,uncle 1,To the extent permissible by law
Snapchat.docx,8,Autor,infringing Art. 16 of Polish Law on copyright and related rights,you irrevocably waive—or agree not to assert against Snap or its afﬁliates—any moral rights or equivalent rights you may have in content you share on the Services throughout the world.
Snapchat.docx,9,Autor,cnt_del 0; cnt_modr 0,"While we’re not required to do so, we reserve the right to access, review, screen, and delete any content (i) which we think violates these Terms, including any additional terms referenced in Section 4, or our policies, such as our Community Guidelines, or (ii) if necessary to comply with our legal obligations. However, you alone remain responsible for the content you create, upload, post, send or store through the Service."
Snapchat.docx,10,Autor,recom -1,"We, Snap Inc., our afﬁliates, and our third-party partners may place advertising on the Services, including personalised advertising—with your consent, where required—based on the information you provide us, we collect, or we obtain about you. Advertising may sometimes appear near, between, over, or in your content."
Snapchat.docx,11,Autor,sugg 0,"We always love to hear from our users. But if you provide feedback or suggestions, just know that we can use them without compensating you and without any restriction or obligation to you. You agree that we will own all rights in any materials or items we develop based on such feedback or suggestions."
Snapchat.docx,12,Autor,docu 5,Snapchat Brand Guidelines
Snapchat.docx,13,Autor,docu 6,Bitmoji Brand Guidelines
Snapchat.docx,14,Autor,acc_del 0,"If Snap becomes aware that a user has repeatedly infringed copyrights, we will take reasonable steps within our power to terminate the user’s account. "
Snapchat.docx,15,Autor,cnt_del 0; acc_sus 0; acc_del 0,"If you fail to comply, we reserve the right to remove any offending content, terminate or limit the visibility of your account, and notify third parties—including law enforcement agencies—and provide those third parties with information relating to your account. This step may be necessary to protect the safety of our users, and others, to investigate, remedy, and enforce potential Terms violations, and to detect and resolve any fraud or security concerns."
Snapchat.docx,16,Autor,what,"Memories is our data-storage service that makes it easier for you to reminisce anytime, anywhere. By agreeing to these Terms, you automatically enable Memories. Once Memories is enabled, it will remain enabled for as long as you maintain your Snapchat account. But you can always turn off certain Memories features through Settings."
Snapchat.docx,17,Autor,cnt_retr -1,"Your content in Memories might become unavailable for any number of reasons, including things like an operational glitch or a decision on our end to terminate your account."
Snapchat.docx,18,Autor,serv_chg -1,". We reserve the right to set storage limits for Memories, and we may change these limits from time to time in our sole discretion. "
Snapchat.docx,19,Autor,serv_chg -1,"We’re relentlessly improving our Services and creating new ones all the time. That means we may add or remove features, products or functionalities, and we may also suspend or stop the Services altogether. We may take any of these actions at any time and, when we do, we will try to notify you beforehand – but this won't always be possible."
Snapchat.docx,20,Autor,acc_sus -1; acc_del -1,"We may terminate or temporarily suspend your access to the Services if you fail to comply with these Terms, our Community Guidelines or the law, for any reason outside of our control, or for any reason, and without advanced notice."
Snapchat.docx,21,Autor,contr_chg -1,or impose new or additional limits on your ability to use our Services. 
Snapchat.docx,22,Autor,pato,"For example, we may deactivate your account due to prolonged inactivity, and we may reclaim your username at any time for any reason."
Snapchat.docx,24,Autor,uncle 2,to the extent permitted by law
Snapchat.docx,23,Autor,ind 0,"You agree, to the extent permitted by law, to indemnify, defend, and hold harmless Snap, our afﬁliates, directors, ofﬁcers, stockholders, employees, licensors, and agents from and against any and all complaints, charges, claims, damages, losses, costs, liabilities, and expenses (including attorneys’ fees) due to, arising out of, or relating in any way to: (a) your access to or use of the Services; (b) your content, including infringement claims related to your content; (c) your breach of these Terms or any applicable law or regulation; or (d) your negligence or wilful misconduct."
Snapchat.docx,25,Autor,as_is -1,The Services are provided “as is” and “as available”
Snapchat.docx,26,Autor,uncle 3,to the extent permitted by law 
Snapchat.docx,27,Autor,uncle 4,"IF THE LAW OF THE COUNTRY WHERE YOU LIVE DOES NOT ALLOW THE EXCLUSIONS OF LIABILITY PROVIDED FOR IN THIS CLAUSE, THOSE EXCLUSIONS SHALL NOT APPLY TO THE EXTENT PROHIBITED."
Snapchat.docx,28,Autor,uncle 5,To the fullest extent permitted by law
Snapchat.docx,29,Autor,uncle 6,Nothing in these Terms will exclude or limit any responsibility we may have to remove content if so required by the law of the country where you live.
Snapchat.docx,30,Autor,ltd -1,"Snap Group Limited, Snap Inc. and our afﬁliates, directors, ofﬁcers, stockholders, employees, licensors, suppliers, and agents will not be liable for any indirect, incidental, special, consequential, punitive, or multiple damages, or any loss of proﬁts or revenues, whether incurred directly or indirectly, or any loss of data, use, goodwill or other intangible losses, resulting from: (a) your use of the Services or inability to use the Services; (b) your access to or inability to access the Services; (c) the conduct or content of other users or third parties on or through the Services; or (d) unauthorised access, use or alteration of your content. "
Snapchat.docx,31,Autor,ltd_cap -1,"in no event will Snap Group Limited, Snap Inc., or our afﬁliates’ aggregate liability for all claims relating to the Services exceed the greater of (a) €100 EUR, and (b) the amount you paid Snap Group Limited in the last 12 months for any Services."
Snapchat.docx,32,Autor,uncle 7,c) any other liability to the extent that such liability may not be excluded or limited as a matter of law.
Snapchat.docx,33,Autor,uncle 8,"Further, nothing in these Terms affects your statutory rights as a consumer."
Snapchat.docx,34,Autor,uncle 9,"IF THE LAW OF THE COUNTRY WHERE YOU LIVE DOES NOT ALLOW ANY LIMITATION OF LIABILITY PROVIDED FOR IN THIS CLAUSE, THAT LIMITATION WILL NOT APPLY."
Snapchat.docx,36,Autor,uncle 10,to the extent permitted by law
Snapchat.docx,35,Autor,arb 0,"If you are using the Services on behalf of a business (rather than for your personal use), you and Snap Group Limited agree that to the extent permitted by law, all claims and disputes between us arising out of or relating to these Terms or the use of the Services will be ﬁnally settled through binding arbitration under the LCIA Arbitration Rules, which are incorporated by reference into this clause.There will be one arbitrator (to be appointed by the LCIA), the arbitration will take place in London and the arbitration will be conducted in English. If you do not wish to agree to this clause, you must not use the Services."
Snapchat.docx,37,Autor,c_forum -1,both you and Snap Group Limited agree that all claims and disputes (whether contractual or otherwise) arising out of or relating to the Terms or the use of the Services will be litigated exclusively in the courts of England in the United Kingdom
Snapchat.docx,38,Autor,uncle 11,unless this is prohibited by the laws of the country where you reside
Snapchat.docx,39,Autor,c_law -1,"The laws of England and Wales govern these Terms and any claims and disputes (whether contractual contract, tort, or otherwise) arising out of or relating to these Terms or their subject matter. "
Snapchat.docx,40,Autor,uncle 12,"The courts in some countries may not apply the laws of England and Wales to some disputes related to these Terms. If you reside in one of those countries, the laws of your home country may apply to those disputes."
Snapchat.docx,41,Autor,sever 0,"If any provision of these Terms is found unenforceable, then that provision will be severed from these Terms and not affect the validity and enforceability of any remaining provisions."
Snapchat.docx,42,Autor,tran -1,"We reserve the right to transfer our rights under these Terms and provide the Services using another entity, provided that entity upholds these Terms. You may not transfer any of your rights or obligations under these Terms without our consent. "
Tinder.docx,0,Autor,docu 1-5,"Privacy Policy, Cookie Policy, Arbitration Procedures (if applicable to you), Safety Tips, and Community Guidelines"
Tinder.docx,1,Autor,serv_chg -1; contr_chg -1,"We may make changes to this Agreement and to the Service from time to time. We may do this for a variety of reasons including to reflect changes in or requirements of the law, new features, or changes in business practices."
Tinder.docx,2,Autor,uncle 1,unless we’re unable to do so under applicable law
Tinder.docx,3,Autor,serv_chg -1,"Tinder is always striving to improve the Service and bring you additional functionality that you will find engaging and useful. This means we may add new product features or enhancements from time to time as well as remove some features, and if these actions do not materially affect your rights or obligations, we may not provide you with notice before taking them. We may even suspend the Service entirely, in which event we will notify you in advance unless extenuating circumstances, such as safety or security concerns, prevent us from doing so."
Tinder.docx,4,Autor,acc_del -; may infringe Annex1(d) Directive 93/13,"Tinder may terminate your account at any time without notice if it believes that you have violated this Agreement. Upon such termination, you will not be entitled to any refund for purchases."
Tinder.docx,5,Autor,acc_del 0,"Tinder may investigate and take any available legal action in response to illegal or unauthorized uses of the Service, including termination of your account."
Tinder.docx,7,Autor,uncle 2,Our license to your Content is subject to your rights under applicable law
Tinder.docx,6,Autor,ip 0,"By creating an account, you grant to Tinder a worldwide, transferable, sub-licensable, royalty-free, right and license to host, store, use, copy, display, reproduce, adapt, edit, publish, modify and distribute information you authorize us to access from third parties such as Facebook, as well as any information you post, upload, display or otherwise make available (collectively, ""post"") on the Service or transmit to other members (collectively, ""Content""). Tinder's license to your Content shall be non-exclusive, except that Tinder's license shall be exclusive with respect to derivative works created through use of the Service. For example, Tinder would have an exclusive license to screenshots of the Service that include your Content. In addition, so that Tinder can prevent the use of your Content outside of the Service, you authorize Tinder to act on your behalf with respect to infringing uses of your Content taken from the Service by other members or third parties. This expressly includes the authority, but not the obligation, to send notices pursuant to 17 U.S.C. § 512(c)(3) (i.e., DMCA Takedown Notices) on your behalf if your Content is taken and used by third parties outside of the Service. Our license to your Content is subject to your rights under applicable law (for example laws regarding personal data protection to the extent any Content contains personal information as defined by those laws) and is for the limited purpose of operating, developing, providing, and improving the Service and researching and developing new ones. "
Tinder.docx,10,Autor,disc -1,in our sole judgment
Tinder.docx,9,Autor,disc -1,that in our sole judgment violates this Agreement or may harm the reputation of the Service
Tinder.docx,8,Autor,cnt_del 0; cnt_modr 0,"You understand and agree that we may monitor or review any Content you post as part of a Service. We may delete any Content, in whole or in part, that in our sole judgment violates this Agreement or may harm the reputation of the Service."
Tinder.docx,11,Autor,acc_del 0,"If we feel that your behavior towards any of our customer care representatives or other employees is at any time threatening, harassing, or offensive, we reserve the right to immediately terminate your account."
Tinder.docx,12,Autor,sugg 0,"By submitting suggestions or feedback to Tinder regarding our Service, you agree that Tinder may use and share such feedback for any purpose without compensating you."
Tinder.docx,14,Autor,may infringe Annex 1(d) Directive 93/13,without a refund of any purchases 
Tinder.docx,15,Autor,disc -1,or behaved in a way that Tinder regards as inappropriate or unlawful
Tinder.docx,13,Autor,acc_del 0,"Tinder reserves the right to investigate and/or terminate your account without a refund of any purchases if you have violated this Agreement, misused the Service or behaved in a way that Tinder regards as inappropriate or unlawful, including actions or communications that occur on or off the Service. "
Tinder.docx,16,Autor,acc_del 0,"In addition, in certain instances, we may terminate your account for violating the applicable terms of any of the Match Group family of businesses, which includes in addition to Tinder, services such as OkCupid, Plenty of Fish, Match, Meetic, BlackPeopleMeet, LoveScout24, OurTime, Pairs, ParPerfeito, and Twoo (for more details, click here). In the event that you violate these rules or our Community Guidelines, your authorization to use the Service will be automatically revoked. "
Tinder.docx,17,Autor,acc_del -1,"If you initiate a chargeback or otherwise reverse a payment made with your Payment Method, Tinder may terminate your account immediately in its sole discretion."
Tinder.docx,18,Autor,virtu,"From time to time, you may be able to purchase or earn a limited, personal, non-transferable, non-sublicensable, revocable license to use ""virtual items"", which could include virtual products or virtual “coins” or other units that are exchangeable within the Service for virtual products (collectively, ""Virtual Items""). Any Virtual Item balance shown in your account does not constitute a real-world balance or reflect any stored value, but instead constitutes a measurement of the extent of your license. Virtual Items do not incur fees for non-use, however, the license granted to you in Virtual Items will terminate in accordance with the terms of this Agreement, when Tinder ceases providing the Service or your account is otherwise closed or terminated. Tinder, in its sole discretion, reserves the right to charge fees for the right to access or use Virtual Items and may distribute Virtual Items with or without charge. Tinder may manage, regulate, control, modify or eliminate Virtual Items at any time. Tinder shall have no liability to you or any third party in the event that Tinder exercises any such rights. Virtual Items may only be redeemed through the Service. ALL PURCHASES AND REDEMPTIONS OF VIRTUAL ITEMS MADE THROUGH THE SERVICE ARE FINAL AND NON-REFUNDABLE. The provision of Virtual Items for use in the Service is a service that commences immediately upon the acceptance of your purchase of such Virtual Items. YOU ACKNOWLEDGE THAT TINDER IS NOT REQUIRED TO PROVIDE A REFUND IN RESPECT OF VIRTUAL ITEMS FOR ANY REASON, AND THAT YOU WILL NOT RECEIVE MONEY OR OTHER COMPENSATION FOR UNUSED VIRTUAL ITEMS WHEN AN ACCOUNT IS CLOSED, WHETHER SUCH CLOSURE WAS VOLUNTARY OR INVOLUNTARY."
Tinder.docx,19,Autor,pato,"YOU ACKNOWLEDGE THAT TINDER IS NOT REQUIRED TO PROVIDE A REFUND IN RESPECT OF VIRTUAL ITEMS FOR ANY REASON, AND THAT YOU WILL NOT RECEIVE MONEY OR OTHER COMPENSATION FOR UNUSED VIRTUAL ITEMS WHEN AN ACCOUNT IS CLOSED, WHETHER SUCH CLOSURE WAS VOLUNTARY OR INVOLUNTARY."
Tinder.docx,20,Autor,may infringe Annex 1(d) Directive 93/13 ,"Generally, all charges for purchases are nonrefundable, and there are no refunds or credits for partially used periods. "
Tinder.docx,21,Autor,uncle 3,or if the laws applicable in your jurisdiction provide for refunds.
Tinder.docx,22,Autor,acc_del 0,Tinder will terminate the accounts of repeat infringers.
Tinder.docx,23,Autor,as_is -1,TINDER PROVIDES THE SERVICE ON AN “AS IS” AND “AS AVAILABLE” BASIS 
Tinder.docx,24,Autor,uncle 4,TO THE EXTENT PERMITTED BY APPLICABLE LAW
Tinder.docx,25,Autor,uncle 5,TO THE FULLEST EXTENT PERMITTED BY APPLICABLE LAW
Tinder.docx,26,Autor,ltd -1,", IN NO EVENT WILL TINDER, ITS AFFILIATES, EMPLOYEES, LICENSORS OR SERVICE PROVIDERS BE LIABLE FOR ANY INDIRECT, CONSEQUENTIAL, EXEMPLARY, INCIDENTAL, SPECIAL, PUNITIVE, OR ENHANCED DAMAGES, INCLUDING, WITHOUT LIMITATION, LOSS OF PROFITS, WHETHER INCURRED DIRECTLY OR INDIRECTLY, OR ANY LOSS OF DATA, USE, GOODWILL, OR OTHER INTANGIBLE LOSSES, RESULTING FROM: (I) YOUR ACCESS TO OR USE OF OR INABILITY TO ACCESS OR USE THE SERVICE, (II) THE CONDUCT OR CONTENT OF OTHER MEMBERS OR THIRD PARTIES ON, THROUGH, OR FOLLOWING USE OF THE SERVICE; OR (III) UNAUTHORIZED ACCESS, USE OR ALTERATION OF YOUR CONTENT, EVEN IF TINDER HAS BEEN ADVISED OF THE POSSIBILITY OF SUCH DAMAGES."
Tinder.docx,27,Autor,ltd_cap -1,"IN NO EVENT WILL TINDER’S AGGREGATE LIABILITY TO YOU FOR ALL CLAIMS RELATING TO THE SERVICE EXCEED THE GREATER OF THE AMOUNT PAID, IF ANY, BY YOU TO TINDER FOR THE SERVICE AND USD100 WHILE YOU HAVE AN ACCOUNT."
Tinder.docx,28,Autor,uncle 6,"SOME JURISDICTIONS DO NOT ALLOW THE EXCLUSION OR LIMITATION OF CERTAIN DAMAGES, SO SOME OR ALL OF THE EXCLUSIONS AND LIMITATIONS IN THIS SECTION MAY NOT APPLY TO YOU."
Tinder.docx,29,Autor,uncle 7,elsewhere where prohibited by applicable law
Tinder.docx,30,Autor,arb 0,"The exclusive means of resolving any dispute or claim arising out of or relating to this Agreement (including any alleged breach thereof) or the Service shall be BINDING ARBITRATION administered by JAMS under the JAMS Streamlined Arbitration Rules & Procedures, except as modified by our Arbitration Procedures. "
Tinder.docx,31,Autor,class 0,"But whether you choose arbitration or small claims court, you agree that you will not under any circumstances commence, or maintain, or participate in against the Company any class action, class arbitration, or other representative action or proceeding against Tinder."
Tinder.docx,32,Autor,pato,The online dispute settlement platform of the European Commission is available under http://ec.europa.eu/odr. Tinder does not take part in dispute settlement procedures in front of a consumer arbitration entity for members residing in the EU or European Economic Area.
Tinder.docx,33,Autor,uncle 8,or elsewhere where our arbitration agreement is prohibited by law
Tinder.docx,34,Autor,c_law -1,"the laws of Texas, U.S.A., excluding Texas’s conflict of laws rules, will apply to any disputes arising out of or relating to this Agreement or the Service."
Tinder.docx,35,Autor,uncle 9,the choice of Texas governing law shall not supersede any mandatory consumer protection legislation in such jurisdictions.
Tinder.docx,36,Autor,c_forum -1,"all claims arising out of or relating to this Agreement, to the Service, or to your relationship with Tinder that for whatever reason are not submitted to arbitration will be litigated exclusively in the federal or state courts of Dallas County, Texas, U.S.A. You and Tinder consent to the exercise of personal jurisdiction of courts in the State of Texas and waive any claim that such courts constitute an inconvenient forum."
Tinder.docx,38,Autor,uncle 10,to the extent permitted under applicable law
Tinder.docx,37,Autor,ind 0,"You agree, to the extent permitted under applicable law, to indemnify, defend and hold harmless Tinder, our affiliates, and their and our respective officers, directors, agents, and employees from and against any and all complaints, demands, claims, damages, losses, costs, liabilities and expenses, including attorney’s fees due to, arising out of, or relating in any way to your access to or use of the Service, your Content, or your breach of this Agreement."
Tinder.docx,39,Autor,sever 0,"If any provision of this Agreement is held invalid, the remainder of this Agreement shall continue in full force and effect. "
Viber.docx,0,Autor,docu 1-3,"these Terms to apply (and by these Terms we also mean our Privacy Policy, Cookies and Tracking Technologies Policy, DMCA Policy, and other policies on our policies page, which are incorporated herein"
Viber.docx,1,Autor,docu,"Some features of our Services may be subject to additional terms and conditions, which you should read before making use of those features, and they add up to these Terms."
Viber.docx,2,Autor,contr_chg 0,"We are always working on adding additional features to our Services, and because of that, and also since sometimes applicable laws change, we may revise and reissue these Terms occasionally, by posting updated Terms. You consent and agree to receive notices of updates of these Terms through our posting of updated Terms on the Services"
Viber.docx,3,Autor,acc_del 0; acc_sus 0,"If we at Viber believe the details are not correct, current, or complete, we have the right to prevent you from accessing our Services, or any of its resources and to terminate or suspend your account"
Viber.docx,4,Autor,what,"As part of our Service, we offer you to call your friends who use Viber, through our Service, free of charge (calls use your data plan unless connected to Wiﬁ). Viber also offers you the opportunity to become a premium “Viber Out” user, which allows you to call non-Viber users (landlines or mobiles) around the world at such rates as presentedherein https://account.viber.com/en/rates-index.In addition, you are allowing certain incoming calls generated outside the Viber network, by your friends or other people calling your number, to be received by your mobile device or desktop through the Licensed Application (hereinafter: “Viber In”). “Viber In” is provided to you for free and you may disable the ‘Viber In’ service at any time by changing the application settings"
Viber.docx,5,Autor,serv_chg -1,Viber may change the rates for calling phones at any time without notice to you
Viber.docx,6,Autor, docu 4,Fair Usage Principles.
Viber.docx,7,Autor,acc_del 0,We may terminate your subscription and/or offer you an alternative calling plan if we notice that your usage is in breach of our Fair Usage Principals
Viber.docx,8,Autor,serv_chg -1,We reserve the right to change our calling plans and subscriptions or stop offering them at any time
Viber.docx,9,Autor,serv_chg -1,We also may remove at any time any sticker packs included in a subscription
Viber.docx,10,Autor,docu 5,Payments Policy
Viber.docx,11,Autor,price_chg 0,Viber may change the prices of such products at any time without any notice to you
Viber.docx,13,Autor,disc -1,in the event that Viber determines (in its reasonable discretion) that you are abusing the terms of the offer
Viber.docx,12,Autor,pato1,"Viber reserves the right to charge you for such products (at the normal rate) in the event that Viber determines (in its reasonable discretion) that you are abusing the terms of the offer, including if you are using any service, proxy or other device or anonymous IP address that prevents us from locating you"
Viber.docx,14,Autor,pato2,You agree that you are not relying on the future availability of any feature or product offered through the Service in agreeing to or making payments hereunder
Viber.docx,15,Autor,acc_del -1,(ii) You remove Viber from your mobile device and do not reinstall it within three months (iii) You do not log in to Viber for twelve consecutive months
Viber.docx,16,Autor,serv_chg -1,threshold set by Viber from time to time
Viber.docx,17,Autor,pato3; disc -1,"In the event of any errors relating to the pricing or speciﬁcations, Viber shall have the right to refuse or cancel any orders in its sole discretion"
Viber.docx,18,Autor,pato4,"If we charged your credit card or other account prior to cancellation, we will issue a credit to your account in the amount of the charge"
Viber.docx,19,Autor,docu,Additional Terms may apply
Viber.docx,20,Autor,uncle 1,Except as provided by law
Viber.docx,21,Autor,pato5,"If you believe that Viber has charged you in error, you must contact Viber within 90 days of such charge. No refunds will be given for any charges more than 90 days old"
Viber.docx,22,Autor,pato6; explicitly contradicting directive 2019/770,"If you purchase any digital content from Viber, any right you may have to withdraw from or cancel the purchase will terminate once the digital content has been delivered to you upon your request, and you will not be entitled to claim any refund, except where you believe Viber has charged you in error"
Viber.docx,23,Autor,uncle 2,This refund policy does not affect any of your statutory rights to pursue a claim.
Viber.docx,24,Autor,pato7,"VIBER DOES NOT UNDERTAKE TO MONITOR OR REVIEW FORUMS, AND THE CONTENT OF FORUMS IS NOT THE RESPONSIBILITY OF VIBER"
Viber.docx,25,Autor,cnt_del -1; cnt_modr 0; disc -1 ,"VIBER MAY BLOCK, REMOVE OR MODIFY ANY CONTENT WITHOUT NOTICE OR LIABILITY AT ANY TIME IN VIBER’S SOLE DISCRETION"
Viber.docx,26,Autor,cnt_del -1,we reserve the ultimate right at all times (but will not have an obligation) to remove or refuse to distribute any User Content on the Service
Viber.docx,27,Autor,"acc_del -1; acc_sus -1; sometimes such immediate account suspension might be desired, for example, to protect other users against spam, uploading harmful or infringing others’ rights content","to suspend or terminate users, and to block participants of our Forums"
Viber.docx,28,Autor,disc -1,"in our sole discretion, violates these Terms, including these House Rules, the Public Account, Public Chat, Bot, Community and Channels and VAP Terms & Guidelines, these "
Viber.docx,29,Autor,docu 5,"discretion, violates these Terms, including these House Rules, the Public Account, Public Chat, Bot, Community and Channels and VAP Terms & Guidelines, these "
Viber.docx,30,Autor,docu 6,Content Guidelines 
Viber.docx,31,Autor,uncle 3,applicable laws
Viber.docx,32,Autor,uncle 4,"under any applicable international or local laws, rules and regulations"
Viber.docx,33,Autor,ip 0,"License: When you use our public Forums, your content is public and you allowing anyone, on Viber and elsewhere to view it and associate it with you. Your content will be used to help improve how we offer content to you and other users. By posting or uploading any User Content to Viber, you speciﬁcally grant us and our afﬁliates a non-exclusive, transferable, sub-licensable, royalty-free, worldwide license to use any intellectual property rights for the content that you share publicly on or in connection with our Service, including without a limitation host, store, display, reproduce, modify, adapt, edit, publish, and distribute such content. This License will end once you delete such content or your account unless users who have seen the content saved it. Removed content may persist in backup copies for a reasonable period of time (but will not be available to others)."
Viber.docx,34,Autor,sugg 0,"Viber will consider anything you provide to Viber, including feedback, ideas or suggestions and/or contribute to this Service as available for our use free of any obligations to you (including any payment)"
Viber.docx,35,Autor,pato8,Under no circumstances will we pay you for the use of your ideas or submissions
Viber.docx,36,Autor,acc_del 0,terminate your User Account
Viber.docx,37,Autor,uncle 5,Where permissible under the law
Viber.docx,38,Autor,acc_del -1,Viber has the right to terminate your rights under our Service without notice
Viber.docx,39,Autor,as_is -1,"THE SERVICE AND ALL THE MATERIALS, INFORMATION, SOFTWARE, FACILITIES, SERVICES AND OTHER CONTENT IN THE SITE ARE PROVIDED “AS IS” AND “AS AVAILABLE” WITHOUT WARRANTIES OF ANY KIND, EITHER EXPRESS OR IMPLIED"
Viber.docx,40,Autor,uncle 6,TO THE FULLEST EXTENT PERMISSIBLE PURSUANT TO APPLICABLE LAW
Viber.docx,41,Autor,pato9,"THE VIBER GROUP DOES NOT WARRANT THAT THE FUNCTIONS CONTAINED ON OR THROUGH THIS SERVICE WILL BE AVAILABLE, UNINTERRUPTED OR ERROR-FREE, THAT DEFECTS WILL BE CORRECTED, OR THAT THE SERVICE OR THE SERVERS THAT MAKE THE SERVICE AVAILABLE ARE FREE OF VIRUSES OR OTHER HARMFUL COMPONENTS"
Viber.docx,42,Autor,uncle 7,"IF APPLICABLE LAW DOES NOT ALLOW THE EXCLUSION OF SOME OR ALL OF THE ABOVE IMPLIED WARRANTIES TO APPLY TO YOU, THE ABOVE EXCLUSIONS WILL APPLY TO YOU ONLY TO THE EXTENT PERMITTED BY APPLICABLE LAW"
Viber.docx,43,Autor,ltd -1,"THE VIBER GROUP DISCLAIMS ALL LIABILITY, WHETHER BASED IN CONTRACT, TORT (INCLUDING NEGLIGENCE), STRICT LIABILITY, OR OTHERWISE, AND DOES NOT ACCEPT ANY LIABILITY FOR ANY LOSS OR DAMAGE (DIRECT, INDIRECT, PUNITIVE, ACTUAL, CONSEQUENTIAL, INCIDENTAL, SPECIAL, EXEMPLARY, OR OTHERWISE) RESULTING FROM ANY USE OF, OR INABILITY TO USE, THE SERVICE OR ANY OTHER SITE, APP OR SERVICE, OR THE MATERIAL, INFORMATION, SOFTWARE, FACILITIES, SERVICES, OR OTHER CONTENT ON THE SERVICE OR ANY OTHER SITE, APP OR SERVICE, REGARDLESS OF THE BASIS UPON WHICH LIABILITY IS CLAIMED AND EVEN IF ANY MEMBER OF THE VIBER GROUP HAS BEEN ADVISED OF THE POSSIBILITY OF SUCH LOSS OR DAMAGE. WITHOUT LIMITATION, YOU (AND NOT ANY MEMBER OF THE VIBER GROUP) ASSUME THE ENTIRE COST OF ALL NECESSARY SERVICING, REPAIR, OR CORRECTION IN THE EVENT OF ANY SUCH LOSS OR DAMAGE ARISING THEREIN"
Viber.docx,44,Autor,uncle 8,"IF APPLICABLE LAW DOES NOT ALLOW ALL OR ANY PART OF THE ABOVE LIMITATION OF LIABILITY TO APPLY TO YOU, THE LIMITATIONS WILL APPLY TO YOU ONLY TO THE EXTENT PERMITTED BY APPLICABLE LAW"
Viber.docx,45,Autor,uncle 9,other than as may be required by applicable law in cases involving personal injury
Viber.docx,46,Autor,ltd_cap -1,exceed the amount of ﬁfty dollars ($50.00)
Viber.docx,47,Autor,ind 0,"You agree to indemnify and hold harmless The Viber Group from and against any and all claims, demands, liabilities, costs or expenses, including reasonable attorney’s fees, resulting from your breach of these Terms, including any of the foregoing provisions, representations or warranties, from your placement or transmission of any content onto Viber’s servers and/or from any and all use of your User Account"
Viber.docx,48,Autor,ind 0,"If you have a dispute with one or more users (including game developers and/or merchants), you release The Viber Group from claims, demands, liabilities, costs, or expenses and damages (actual and consequential of every kind and nature, known and unknown, arising out of or in any way connected with such disputes)"
Viber.docx,49,Autor,uncle 10,to the extent permitted by applicable law
Viber.docx,50,Autor,acc_sus 0,Viber may suspend any users whose conduct or postings are under investigation
Viber.docx,51,Autor,cnt_del 0,may remove such material from its servers as it deems appropriate and without notice
Viber.docx,52,Autor,disc -1,in its sole discretion
Viber.docx,53,Autor,cnt_modr 0,or take other corrective action
Viber.docx,54,Autor,ind 0,BY ACCEPTING THIS AGREEMENT YOU WAIVE AND HOLD HARMLESS ALL MEMBERS OF THE VIBER GROUP FROM ANY CLAIMS RESULTING FROM ANY ACTION TAKEN BY ANY MEMBER OF THE VIBER GROUP DURING OR AS A RESULT OF ITS INVESTIGATIONS AND/OR FROM ANY ACTIONS TAKEN AS A CONSEQUENCE OF INVESTIGATIONS BY EITHER A MEMBER OF THE VIBER GROUP OR LAW ENFORCEMENT AUTHORITIES
Viber.docx,55,Autor,serv_chg -1,". Viber reserves the right to modify or discontinue, temporarily or permanently, all or any part of this Service and/or any software, facilities, and services on this Service, with or without notice"
Viber.docx,56,Autor,contr_chg -1,to establish general guidelines and limitations on their use
Viber.docx,57,Autor,uncle 11,"We make no representation that our Service is available for use or permitted by law in any particular location. To the extent you choose to access our Service, you do so at your own initiative and are responsible for compliance with any applicable laws, including but not limited to applicable local laws. You are responsible for complying with local laws, if and to the extent local laws are applicable. You speciﬁcally agree to comply with all applicable laws concerning the transmission of technical data exported from the United States or the country you reside in"
Viber.docx,58,Autor,uncle 12,To the extent permitted by law
Viber.docx,59,Autor,c_law -1,"these Terms shall be governed by, construed and enforced in accordance with the laws of the State of New York, as they are applied to agreements entered into and to be performed entirely within New York"
Viber.docx,60,Autor,arb 0,"If you ever wish to seek any relief from us, you agree to do it only through arbitration"
Viber.docx,61,Autor,class 0,you waive the ability to pursue class action
Viber.docx,62,Autor,uncle 13,To the fullest extent permissible by law
Viber.docx,63,Autor,uncle 14,pursuant to law
Viber.docx,64,Autor,sever 0,"If any provision of these Terms are adjudged, by written decision, to be unlawful, void, or for any reason unenforceable, then that provision shall be deemed severable from this agreement and shall not affect the validity and enforceability of any remaining provisions"
Twitch.docx,0,Autor,docu,Community Guidelines 
Twitch.docx,1,Autor,docu,Twitch Terms of Sale 
Twitch.docx,2,Autor,docu,Privacy Notice 
Twitch.docx,3,Autor,docu,Privacy Choices 
Twitch.docx,4,Autor,contr_chg -1,Twitch may amend any of the terms of these Terms of Service by posting the amended terms. 
Twitch.docx,6,Autor,uncle,to the furthest extent and for the maximum duration permitted by applicable law
Twitch.docx,5,Autor,Ip -1,"Unless otherwise agreed to in a written agreement between you and Twitch that was signed by an authorized representative of Twitch, if you submit, transmit, display, perform, post, or store User Content using the Twitch Services, you grant Twitch and its sub-licensees, to the furthest extent and for the maximum duration permitted by applicable law (including in perpetuity if permitted under applicable law), an unrestricted, worldwide, irrevocable, fully sub-licenseable, nonexclusive, and royalty-free right to: (a) use, reproduce, modify, adapt, publish, translate, create derivative works from, distribute, perform, and display such User Content (including without limitation for promoting and redistributing part or all of the Twitch Services (and derivative works thereof) in any form, format, media, or media channels now known or later developed or discovered; and (b) use the name, identity, likeness, and voice (or other biographical information) that you submit in connection with such User Content. Should such User Content contain the name, identity, likeness, and voice (or other biographical information) of third parties, you represent and warrant that you have obtained the appropriate consents and/or licenses for your use of such features and that Twitch and its sub-licensees are allowed to use them to the extent indicated in these Terms of Service."
Twitch.docx,7,Autor,uncle,To the furthest extent permitted by applicable law
Twitch.docx,8,Autor,as_is -1,"THE SECURITY MEASURES TO PROTECT USER CONTENT USED BY TWITCH HEREIN ARE PROVIDED AND USED “AS-IS” AND WITH NO WARRANTIES, GUARANTEES, CONDITIONS, ASSURANCES, OR OTHER TERMS THAT SUCH SECURITY MEASURES WILL WITHSTAND ATTEMPTS TO EVADE SECURITY MECHANISMS OR THAT THERE WILL BE NO CRACKS, DISABLEMENTS, OR OTHER CIRCUMVENTION OF SUCH SECURITY MEASURES."
Twitch.docx,9,Autor,docu,FTC’s Guidelines Concerning the Use of Testimonials and
Twitch.docx,10,Autor,docu,Disclosures Guide
Twitch.docx,11,Autor,docu,Native Advertising Guidelines
Twitch.docx,12,Autor,uncle,To the extent permitted by applicable law
Twitch.docx,13,Autor,uncle,To the fullest extent permitted by applicable law
Twitch.docx,14,Autor,cnt_del -1; cnt_modr 0,"To the fullest extent permitted by applicable law, Twitch reserves the right to remove, screen, or edit any User Content posted or stored on the Twitch Services at any time and without notice, including where such User Content violates these Terms of Service or applicable law, and you are solely responsible for creating backup copies of and replacing any User Content you post or store on the Twitch Services at your sole cost and expense. Any use of the Twitch Services in violation of the foregoing violates these Terms of Service and may result in, among other things, termination or suspension of your rights to use the Twitch Services."
Twitch.docx,15,Autor,acc_sus 0; acc_del 0,"Any use of the Twitch Services in violation of the foregoing violates these Terms of Service and may result in, among other things, termination or suspension of your rights to use the Twitch Services."
Twitch.docx,16,Autor,docu,DMCA Guidelines
Twitch.docx,17,Autor,docu,Trademark Guidelines
Twitch.docx,18,Autor,sugg 0,"By submitting ideas, suggestions, documents, and/or proposals (the “Submissions”) to Twitch or its employees, you acknowledge and agree that Twitch shall be entitled to use or disclose such Submissions for any purpose in any way without providing compensation or credit to you."
Twitch.docx,19,Autor,uncle,To the fullest extent permitted by applicable law
Twitch.docx,20,Autor,acc_sus -1; acc_del -1,"To the fullest extent permitted by applicable law, Twitch reserves the right, without notice and in our sole discretion, to terminate your license to use the Twitch Services (including to post User Content) and to block or prevent your future access to and use of the Twitch Services, including "
Twitch.docx,21,Autor,uncle,To the fullest extent permitted by applicable law
Twitch.docx,22,Autor,uncle,To the fullest extent permitted by applicable law
Twitch.docx,23,Autor,ind 0,"To the fullest extent permitted by applicable law, you agree to indemnify, defend, and hold harmless Twitch, its aﬃliated companies, and each of our respective contractors, employees, oﬃcers, directors, agents, third-party suppliers, licensors, and partners (individually and collectively, the “Twitch Parties”) from any claims, losses, damages, demands, expenses, costs, and liabilities, including legal fees and expenses, arising out of or related to your access, use, or misuse of the Twitch Services, any User Content you post, store, or otherwise transmit in or through the Twitch Services, your violation of the rights"
Twitch.docx,24,Autor,uncle,TO THE FULLEST EXTENT PERMITTED BY APPLICABLE LAW
Twitch.docx,25,Autor,as_is -1,"TO THE FULLEST EXTENT PERMITTED BY APPLICABLE LAW: (A) THE TWITCH SERVICES AND THE CONTENT AND MATERIALS CONTAINED THEREIN ARE PROVIDED ON AN “AS IS” BASIS WITHOUT WARRANTIES OF ANY KIND, EITHER EXPRESS OR IMPLIED, EXCEPT AS EXPRESSLY PROVIDED TO THE CONTRARY IN WRITING BY TWITCH"
Twitch.docx,26,Autor,uncle,TO THE FULLEST EXTENT PERMITTED BY APPLICABLE LAW
Twitch.docx,27,Autor,ltd -1 ,"TO THE FULLEST EXTENT PERMITTED BY APPLICABLE LAW: (A) IN NO EVENT SHALL TWITCH OR THE TWITCH PARTIES BE LIABLE FOR ANY DIRECT, SPECIAL, INDIRECT, OR CONSEQUENTIAL DAMAGES, OR ANY OTHER DAMAGES OF ANY KIND, INCLUDING BUT NOT LIMITED TO LOSS OF USE, LOSS OF PROFITS, OR LOSS OF DATA, WHETHER IN AN ACTION IN CONTRACT, TORT (INCLUDING BUT NOT LIMITED TO NEGLIGENCE), OR OTHERWISE, ARISING OUT OF OR IN ANY WAY CONNECTED WITH THE USE OF OR INABILITY TO USE THE TWITCH SERVICES, THE CONTENT OR THE MATERIALS, INCLUDING WITHOUT LIMITATION ANY DAMAGES CAUSED BY OR RESULTING FROM RELIANCE ON ANY INFORMATION OBTAINED FROM TWITCH, OR THAT RESULT FROM MISTAKES, OMISSIONS, INTERRUPTIONS, DELETION OF FILES OR EMAIL, ERRORS, DEFECTS, VIRUSES, DELAYS IN OPERATION OR TRANSMISSION, OR ANY FAILURE OF PERFORMANCE, WHETHER OR NOT RESULTING FROM ACTS OF GOD, COMMUNICATIONS FAILURE, THEFT, DESTRUCTION, OR UNAUTHORIZED ACCESS TO TWITCH’S RECORDS, PROGRAMS, OR SERVICES; AND (B) IN NO EVENT SHALL THE AGGREGATE LIABILITY OF TWITCH, WHETHER IN CONTRACT, WARRANTY, TORT (INCLUDING NEGLIGENCE, WHETHER ACTIVE, PASSIVE, OR IMPUTED), PRODUCT LIABILITY, STRICT LIABILITY, OR OTHER THEORY, ARISING OUT OF OR RELATING TO THE USE OF OR INABILITY TO USE THE TWITCH"
Twitch.docx,28,Autor,ltd_cap -1,"IF ANY, FOR ACCESSING THE TWITCH SERVICES DURING THE TWELVE (12) MONTHS IMMEDIATELY PRECEDING THE DATE OF THE CLAIM OR ONE HUNDRED DOLLARS, WHICHEVER IS GREATER"
Twitch.docx,29,Autor,uncle,"TO THE EXTENT THAT APPLICABLE LAW PROHIBITS LIMITATION OF SUCH LIABILITY, TWITCH SHALL LIMIT ITS LIABILITY TO THE FULL EXTENT ALLOWED BY APPLICABLE LAW."
Twitch.docx,30,Autor,uncle,To the fullest extent permitted by applicable law
Twitch.docx,31,Autor,arb -1,You and Twitch agree to arbitrate any dispute arising from these Terms of Service or your use of the Twitch Services
Twitch.docx,32,Autor,c_forum -1,"and that the state or federal courts in Santa Clara County, California have exclusive jurisdiction over any appeals of an arbitration award and over any suit between the parties not subject to arbitration"
Twitch.docx,33,Autor,c_law -1,Any dispute between the parties will be governed by this Agreement and the laws of the State of California and applicable United States law
Twitch.docx,34,Autor,class -1,"Whether the dispute is heard in arbitration or in court, you and Twitch will not commence against the other a class action, class arbitration, or other representative action or proceeding"
Twitch.docx,35,Autor,period -1,"YOU AND TWITCH AGREE THAT ANY CAUSE OF ACTION ARISING OUT OF OR RELATED TO THE TWITCH SERVICES MUST COMMENCE WITHIN ONE (1) YEAR AFTER THE CAUSE OF ACTION ACCRUES. OTHERWISE, SUCH CAUSE OF ACTION IS PERMANENTLY BARRED."
Twitch.docx,36,Autor,sever 0,"If any provision of these Terms of Service is held to be unlawful, void, or for any reason unenforceable, then that provision will be limited or eliminated from these Terms of Service to the minimum extent necessary and will not aﬀect the validity and enforceability of any remaining provisions."
Twitch.docx,37,Autor,tran -1,"These Terms of Service, and any rights and licenses granted hereunder, may not be transferred or assigned by you, but may be assigned by Twitch without restriction"
Twitch.docx,38,Autor,docu,Music Guidelines 
Twitch.docx,39,Autor,serv_chg -1,"Thus, we reserve the right to modify or remove certain songs or other content from Soundtrack at any time (for example, as necessary to comply with our music licenses or with applicable laws). Twitch takes no responsibility and assumes no liability in connection with your use of Soundtrack."
MultiSport.docx,0,Autor,docu 1,"""Terms and Conditions of Use of MultiSport Programme Cards"" document, available at https://www.benefitsystems.pl/dla-ciebie/multisport/,"
MultiSport.docx,1,Autor,docu 2,"“Terms and Conditions of Use of the MultiLife Programme” available at https://www.benefitsystems.pl/dla-ciebie/multilife/,"
MultiSport.docx,2,Autor,core,"Account Agreement – means a free-of-charge agreement of electronically supplied services, which is concluded between the Service User and Benefit Systems for an indefinite period of time, the object of which is to maintain the Account for the Service User,"
MultiSport.docx,3,Autor,core,"Upon the moment the Website or the Application is actually used by an unregistered Service User, an agreement of electronically supplied services is concluded, under which functionalities of the Website or the Application can be used in accordance with provisions of the Terms and Conditions. The agreement is terminated upon the moment the service is actually performed."
MultiSport.docx,4,Autor,acc_sus 0,"If the Service User is found to have been using the Website or the Application in breach of the applicable regulations or these Terms and Conditions, and in particular that they engage in the practices described in subpara. 10-12 above, and particularly breach the security mechanisms of the Website or the Application or engage in other forms of hacking, Benefit Systems may, with immediate effect, block such Service User’s Account. Benefit Systems shall immediately notify the Service User of the blocking of the Account, and provide a reason for such a measure, to the e-mail address given by the Service User during registration. Benefit Systems may set a deadline for the User to reinstate compliance with law and these Terms and Conditions, and if the Service User adheres, Benefit Systems may unblock the Account."
MultiSport.docx,5,Autor,acc_del 1,"Benefit Systems may terminate the Account Agreement with a 14 days notice (by sending the notice to the Service User by e-mail) for important reasons, such as the following circumstances:the lapse of uninterrupted 18 months or more since the Service User has not held a Product;the Customer’s decision to withdraw the Service User’s rights to use the MultiSport Programme or the MultiLife Programme;death of the Service User;gross breach of the Terms and Conditions by the Service User, i.e. situations when the Service User (closed catalogue) breaches provisions of § 2 subpara. 1, 3 – 7, 10 – 12 of the Terms and Conditions.In the event of termination of the Account Agreement, Benefit Systems shall delete the Account on the Websites and in the Application within 14 days of the termination notice."
MultiSport.docx,6,Autor,docu 3,Detailed information on personal data processing is available at: https://www.kartamultisport.pl/obowiazek-informacyjny
MultiSport.docx,7,Autor,com_sys 0,"The Service User may contact Benefit Systems by post by writing to Benefit Systems S.A., Plac Europejski 2, 00-844 Warsaw, adding the name of the concerned Website or the Application, or by e-mail at: bok@benefitsystems.pl or by calling (22) 242 42 42. The call will be charged at the operator’s rate applicable to domestic calls.The Service User may lodge complaints related to the use of the Website, Application, MultiSport Programme or MultiLife Programme, at the discretion of the complaining person: by writing to the address of Benefit Systems: Plac Europejski 2, 00-844 Warszawa, with a notation “Reklamacja” [Complaint] or by e-mail to: reklamacje@benefitsystems.pl, with a notation “Reklamacja” [Complaint] in the message’s title.A complaint should contain data identifying the person lodging the complaint (full name, login, Product number), the exact mailing address or e-mail address for responding to the complaint as well as an indication of the reason for the complaint and the related request.A response to the complaint is provided within up to 14 days of the complaint being received by Benefit Systems. If the complaint does not contain the information necessary for reviewing the complaint, Benefit Systems will ask the complainant to supplement the complaint as necessary, and the time limit of 14 days shall run anew from the moment the supplemented complaint is submitted.A complaint shall be answered in writing or by e-mail, depending on how it has been lodged, to the address specified in the complaint letter/message.Complaints shall be considered in accordance with these Terms and Conditions and the provisions of law generally applicable in Poland."
MultiSport.docx,8,Autor,ltd 0,"Benefit Systems may interrupt or disrupt provision of electronic services and provision of access to the Website or the Application if the reason for such interruptions or disruptions is:a modification, modernization, expansion or maintenance of the ICT system or Benefit Systems’ software provided that Service Users are notified of that by means of a message posted on the Website or the Application;reasons beyond control of Benefit Systems (force majeure, acts or omissions by third parties which Benefit Systems is not liable for).The Website or the Application may contain links (connections) to websites that support the use of websites or electronically supplied services which are made available or provided by the Partners. Service Users shall use the websites and electronically supplied services from the Partners at their own risk. In addition, these Terms and Conditions shall not apply to the websites and electronically supplied services made available or provided by the Partners. In such case, terms and conditions defined separately by the Partners shall apply.Benefit Systems shall not be liable to Service Users for:1)      the Website being non-operational or difficulties in using the Website or the Application due to reasons attributable to the Service User;2)      the loss of the Password by the Service User or third parties learning the Password (regardless of the method used). However, Benefit Systems shall be liable if the Service User lost his/her Password or third parties learn the Password for reasons which Benefit is liable for;3)      damage caused by an act or omission by the Service User, in particular for the use of the Website or the Application by the User in a manner inconsistent with the applicable provisions of the law or these Terms and Conditions."
MultiSport.docx,10,Autor,serv_chg -1,"change of existing services, introduction of new services or discontinuation of some product or services by Benefit Systems;"
MultiSport.docx,9,Autor,contr_chg 0,"For important reasons, Benefit Systems may make amendments to the Terms and Conditions. The Terms and Conditions may be amended for the following important causes: change of existing services, introduction of new services or discontinuation of some product or services by Benefit Systems;schange to service provision methods;brand change;change necessitated by changes to any mandatory provisions of law or their interpretation;change necessitated by administrative decisions or a court ruling or another similar act (e.g. guidelines of competent bodies of public administration);technical change relating to the operation of the Website or the Application, including change or enhancement of the functionalities of the Website or the Application;change motivated by an improvement in the quality of service provision or enhancement of Service Users safety;prevention of violations of the Terms and Conditions or stopping their abuse;elimination of uncertainties or interpretation doubts concerning the Terms and Conditions;introduction by Benefit Systems of organisational or technological changes, including changes concerning the rules of serving Service Users, which affect the manner in which Service Users are served.Each Service User shall be notified of amendments to these Terms and Conditions by sending information of amendments to the Service User’s e-mail or additionally by posting information about amendments on the Website or the Application. The text of the current Terms and Conditions shall always be available in the relevant tab on the Website or the Application.Changes to these Terms and Conditions shall take effect on the date specified in the change notice, but not earlier than 14 days after notification of the change. In the event that the Service User does not accept the changes, he or she may terminate the Account Agreement (as specified in Article 3.2 hereof)."
MultiSport.docx,11,Autor,c_law -1,The Polish law shall apply to settlement of any disputes arising out these Terms and Conditions. 
MultiSport.docx,12,Autor,uncle 1 ,These Terms and Conditions do not restrict or waive any rights of Service Users inuring to them under unconditionally applicable laws.
MultiSport.docx,13,Autor,core,"Product Use Agreement – means an agreement for the provision of services under the MultiSport Programme or MultiLife Programme concluded between the Client and the Operator electronically via the Account under the rules set out in the Terms and Conditions, based on which the Operator provides the User with a service of membership in the MultiSport Programme or MultiLife Programme and delivers the ordered MultiSport Cards or MultiLife Services respectively that entitle the User to use the services set out in the MultiSport Programme or MultiLife Programme, and the Client, by making the Payment, finances or co-finances the cost of membership in the Programme. The Client may conclude the Product Use Agreement only if the Customer makes it possible for the Client under the Master Agreement,"
MultiSport.docx,14,Autor,what,"The Client may use the following functionalities of the Platform: enter into Product Use Agreement or place Product Orders, order a Product duplicate, activate and deactivate the Product, perform other functionalities described on the Platform; the scope of functionalities available to the Client is defined in the Master Agreement."
MultiSport.docx,15,Autor,acc_sus 0,"If the Operator or Customer terminates the Master Agreement, Benefit Systems shall block access to the Platform for Platform Users of that Customer, on the day the Master Agreement is terminated. Platform Users shall continue to have an Account and shall be able to use other Websites and Applications (other than the Platform).If the Customer decides to deprive the Platform User from the right to use the Platform or the MultiSport Programme or the MultiLife Programme, Benefit Systems shall block access to the Platform to that User from the day specified by the Customer. The Platform User shall continue to hold the Account and shall be able to use other Websites and Applications (other than the Platform).If the Customer ceases to pay amounts due under the Master Agreement, the Operator may block Platform access to Users of the Platform of that Customer. After the outstanding payments are made, the access will be unblocked."
MultiSport.docx,16,Autor,acc_sus 0,"Failure to make the Payment by the date prescribed by the Product Use Agreement results in the Product being blocked, i.e. suspension of the right to use the services specified in the Programme. "
MultiSport.docx,17,Autor,acc_del 1,"If the Product remains blocked due to failure to make the Payment for a period longer than 9 consecutive months, the Operator may terminate the Product Use Agreement with a one month’s notice (i.e. one month before termination of the Agreement, the Operator will send an electronic message to the Client informing him or her about the planned termination of the Product Use Agreement)."
MultiSport.docx,18,Autor,what,"In case of unregistered Service Users, the Application enables searching for Facilities and sharing the Application with other Service Users, as well as Service Users can browse selected content, including information about the MultiSport Programme, contact details and FAQ.A Service User registered and logged in to the Application may use all features available to unregistered Service Users and the following features available only to registered Service Users: Service User’s Account,pedometer,evaluating the Application and leaving comments about the Application in the additional “Rate Application” module,other services described in the Application for logged-in Service Users.A Service User registered and logged in to the Application who holds an active MultiSport Card may use the features specified in subpara. 1-2 above, and the following additional features:access to the video content,adding Facilities searched in the search engine to the “Favourites"" category and giving opinions on the Facilities,connecting the Mobile Kids Card to the Service User Account – feature available only to Employee Service Users,making the Mobile Kids Card available to other Service Users registered in the Application (excluding other Kids Card Service Users) – feature available only to Employee Users,Confirmed Identity,other services described in the Application for logged-in Service Users who hold an active MultiSport Card."
MultiSport.docx,19,Autor,what,"When searching for a Facility, the Application uses the geolocation feature. The geolocation feature is disabled by default. The Service User may manually enable geolocation by granting consent to save the location of their mobile device. Geolocation is not necessary for using the search engine."
MultiSport.docx,20,Autor,acc_sus 0,"Benefit Systems shall have the right to deactivate a Confirmed Identity or block the Service User from using the Mobile Card in the following cases: using the Confirmed Identity or the Mobile Card by the Service User in contravention of these Terms and Conditions, in particular if the Service User is not a Cardholder or if he/she uploaded a photo of a person other than the Cardholder into the Application to obtain a Confirmed Identity;reasonable suspicion of use of the Confirmed Identity or Mobile Card by unauthorised persons;use of the Mobile Card for a purpose which only serves to reduce the functionality of the Application by deliberately limiting its availability or overloading its capacity;reasonable suspicion of any unauthorised operations related to the use of the Confirmed Identity or Mobile Card."
EliteSingles.docx,0,Autor,docu 1,"For information on how to use the service or for a simple cancellation of your membership, please see our help section"
EliteSingles.docx,1,Autor,docu 2,"The following information, together with the PrivacyI amaa manPolicy deﬁnes the conditions under which the use "
EliteSingles.docx,2,Autor,what,"ELITESINGLES operates an Internet online dating and matchmaking platform, and provides customers with both free and paid services. The customer receives access to the ELITESINGLES database that contains proﬁles and information about other members."
EliteSingles.docx,3,Autor,recom -1,receive individual partner suggestions 
EliteSingles.docx,4,Autor,cnt_del 0; cnt_modr 0,"ELITESINGLES will block or remove from its site any offensive or incorrect communication or information, and any communication or information which it reasonably suspects infringes any applicable laws, regulations or third party rights (such as material that is obscene, indecent, pornographic, seditious, offensive, defamatory, threatening, liable to incite racial hatred, menacing, blasphemous or in breach of any third party intellectual property rights) that becomes known to it"
EliteSingles.docx,5,Autor,what,"ELITESINGLES ensures service availability for 99.7% of the calendar year. This does not include failures of the service, for example for essential maintenance or technical failures of the Internet."
EliteSingles.docx,6,Autor,what,"An order for paid membership is conﬁrmed once the registered customer clicks the ﬁnal payment button “Purchase (via secure server)”, after entering their payment information. This customer then enters into another contractual relationship with ELITESINGLES, in addition to the free membership."
EliteSingles.docx,7,Autor,acc_sus 0; acc_del 0,"If the customer does not pay any amount due under the contract, ELITESINGLES is entitled to suspend the customer’s access temporarily until the outstanding payment is received or to terminate the contract."
EliteSingles.docx,8,Autor,acc_del 1,"Once ELITESINGLES has begun to provide the services, either party may terminate the contract with immediate effect by giving written notice to the other party (in the manner speciﬁed in paragraph 3 above where the customer is the terminating party) if the contract is broken in a material way and the offending party does not ﬁx or correct the situation within 14 days of the innocent party asking the offending party to ﬁx or correct the situation in writing."
EliteSingles.docx,9,Autor,ltd 0,"If ELITESINGLES fails to comply with these terms and conditions, ELITESINGLES is responsible for loss or damage the customer suffers that is a foreseeable result of its breach of these Terms and Conditions or its negligence, but ELITESINGLES is not responsible for any loss or damage that is not foreseeable. Loss or damage is foreseeable if they were an obvious consequence of ELITESINGLES‘ breach or if they were contemplated by the customer and ELITESINGLES at the time the parties entered into the contract."
EliteSingles.docx,10,Autor,uncle 1,any other liability which cannot be limited or excluded by applicable law.
EliteSingles.docx,11,Autor,cnt_del 0,"ELITESINGLES is entitled, in the case of a complaint from a third party, and on suspicion of a violation or breach of these terms and conditions, to delete the member’s content, which triggered this suspicion or complaint."
EliteSingles.docx,12,Autor,cnt_retr -1,or if the contract is terminated in accordance with these Terms and Conditions. 
Uber.docx,0,Autor,docu 1,Community Guidelines 
Uber.docx,1,Autor,core,"For any Third Party Services other than in the field of passenger transportation, Uber acts as the agent for the Third Party Providers for Third Party Services and as the service provider for Uber Provided Services (see clause 4 below)."
Uber.docx,2,Autor,core,"For the Third Party Services in the field of passenger transportation, Uber Poland acts as the agent for the Third Party Providers for Third Party Services and as the service provider for Uber Provided Services (see clause 4 below)."
Uber.docx,3,Autor,what,"The services provided to you by Uber consist of:Access to and use of Uber's mobile applications and/or websites which enable you to request and receive Third Party Services and/or Uber Provided Services; andPayment collection and payment processing services (including issuing invoices and receipts on behalf of Third Party Providers) allowing us to charge you and to pay charges into the bank account of Third Party Providers for Third Party Services or Uber for Uber Provided Services (Uber B.V. may engage affiliates or third parties to provide these services on its behalf) (together the ""App/Website Services"")."
Uber.docx,4,Autor,what,The Services of intermediating passenger transportation are provided to you by Uber Poland and consist of:Enabling you to request and receive Third Party Services and/or Uber Provided Services; and2.1.2. Enabling you to enter into direct contracts for transportation with Third Party Providers and/or to settle fares for transportation (together the “Intermediation Services”).
Uber.docx,5,Autor,pato,Third Party Providers (for Third Party Services) and Uber (for Uber Provided Services) are free to decide to accept or reject a request.
Uber.docx,6,Autor,what,You may be asked to rate the Third Party Provider whose services you requested. The Third Party Provider may also be able to give you a rating. Third Party Providers will see the rating in the Uber’s applications and/or websites and this rating may affect whether or not they decide to provide Third Party Services to you. 
Uber.docx,7,Autor,acc_sus 0; cnt_modr 0,"We may temporarily restrict your access to and use of the App(s)/Website(s) Services if there is a suspected breach of your obligations (see clause 6 below) or of these Terms, including where we receive a complaint in relation to fraud"
Uber.docx,8,Autor,price_chg 0,"However, we reserve the right to introduce a usage charge, in which case you will be informed in writing and given the opportunity to terminate these Terms before any such charge is introduced"
Uber.docx,9,Autor,pato,"Please be aware that the final amount charged to you may be different from the estimate. You may be charged supplementary charges, costs and/or fines by Third Party Providers, for your use or misuse of Third Party Services (such as repair or cleaning fees) or by Uber for your use or misuse of Uber Provided Services."
Uber.docx,10,Autor,docu 2-3,Cancellation Policy for Rides and the Cancellation Policy for Eats
Uber.docx,11,Autor,uncle 1,except as allowed under law
Uber.docx,12,Autor,docu 4,"We collect, use and disclose information from or about you as described in our Privacy Notice. Additional privacy notices may apply, including from third party controllers, for "
Uber.docx,13,Autor,ind 0,"In order to have access to the App(s)/Websites(s) Services, you agree to indemnify, defend (at our option) and hold us and our respective officers, directors, and employees harmless from and against all claims, liabilities, expenses, damages, penalties, fines, social security contributions and taxes arising out of or related to a breach of these Terms, breach of applicable law or third party claims directly or indirectly related to your use of the Third Party Services, the Uber Provided Services or your use of the Services generally."
Uber.docx,14,Autor,as_is -1,"We provide the App(s)/Website(s) Services “as is” and “as available.” The App(s)/Website(s) Services may be subject to limitations, delays, and/or other problems inherent to the use of the internet and electronic communications and are not guaranteed to be available or error free at all times."
Uber.docx,15,Autor,uncle 2,Nothing in these Terms limits and excludes any liability which cannot legally be limited or excluded
Uber.docx,16,Autor,uncle 3,that cannot be excluded under applicable law
Uber.docx,17,Autor,ltd -1,"We are not liable under or in relation to these Terms including, but not limited to, liability in contract, tort (including negligence, misrepresentation), restitution or otherwise for any of the following connected to the use of the App(s)/Website(s) Services: (i) loss of profits; (ii) loss of sales or business; (iii) loss of agreements or contracts; (iv) loss of anticipated savings; (v) loss of use or corruption of software, data or information; (vi) loss of or damage to goodwill and (vii) indirect or consequential loss."
Uber.docx,18,Autor,ltd_cap -1,Our total liability to you for usage of Uber’s mobile applications and/or websites (and not in relation to any other arrangements between us for which the liability arrangements are governed by way of separate agreement) shall not exceed five hundred euros(500 euros).
Uber.docx,19,Autor,uncle 4,To the extent permitted by law
Uber.docx,20,Autor,acc_del 0,We may terminate these Terms and your access to the App(s)/Website(s) Services with immediate effect if we conclude that there is a breach by you of these Terms or any other agreement between you and Uber for the provision of Uber Provided Services
Uber.docx,21,Autor,acc_sus 0; acc_del 0,If we cannot charge the charges to your preferred payment method we may suspend or remove your access to Uber’s mobile applications and/or websites until paymentis made
Uber.docx,22,Autor,contr_chg -1,"Uber may change these Terms from time to time, in particular if it is required by law or if the scope or the character of services changes significantly. We will inform you of changes within a reasonable time period. "
Uber.docx,23,Autor,sever 0,"The invalidity of any clauses in these Terms does not affect the validity and enforceability of the rest of these Terms. Any such invalid, illegal or unenforceable clause shall be deemed deleted."
Uber.docx,24,Autor,tran -1,"We may assign, subcontract or transfer these Terms or any of our rights or obligations in them, in whole or in part, without your prior consent, provided this will not lead to a reduction of the rights you are entitled to by virtue of these Terms or by law. You may not assign, subcontract or transfer these Terms or any of our rights or obligations, in whole or in part, as your use of the Uber’s mobile applications and/or websites is personal, unless agreed otherwise."
Uber.docx,25,Autor,c_law -1,These Terms shall be exclusively governed by and construed in accordance with the laws of the Netherlands
Uber.docx,26,Autor,uncle 5,"if you reside in the EU, statutory consumer protection regulations in your country of residence contain provisions that are more beneficial for you, in which case those provisions may apply"
Uber.docx,27,Autor,c_forum -1,"You may bring judicial proceedings relating to the Services before a competent Dutch court. If you reside in the EU you may also bring judicial proceedings relating to the Services before the competent court of your country of residence. If you reside in the EU, we may only bring judicial proceedings against you in your country of residence, unless you are acting as a business in which case you agree to submit to the exclusive jurisdiction of theDutch courts."
trivago.docx,0,Autor,what,"trivago is a hotel search and offers users information about different types of accommodation (such as hotels, holiday homes, etc.), travel areas and services associated with travel."
trivago.docx,1,Autor,contr_chg -1,These terms and conditions are subject to occasional changes 
trivago.docx,2,Autor,docu 1,privacy policy
trivago.docx,3,Autor,docu 2,the use of cookies.
trivago.docx,4,Autor,what,"On the trivago website, you have the ability to compare third party services via the trivago system."
trivago.docx,5,Autor,core,"In addition, for some hotels, users have the possibility of booking the selected hotel through a direct connection to the hotel booking sites (third parties) (‘trivago Express Booking’ Booking’ and ‘trivago Book & Go’). As a result, the booking will be made directly on the hotel booking site and not on the trivago sites. In such cases, trivago is not the travel operator or the contractual party for the user, but only an agent providing the technical connection to the hotel booking site of a third party. "
trivago.docx,6,Autor,what,"Furthermore, you may also search for travel destination products such as, e.g., tours, events, attractions, cruises and others on the trivago website. trivago does not provide, own or control any of the destination travel products, but the travel destination products are owned, controlled or made available by third parties, either directly (e.g., a tour operator) or through a facilitator (e.g., an online travel company) via a booking site. Bookings will be made directly with the third parties as set out on the booking site."
trivago.docx,7,Autor,what,"Users have the option of joining the trivago Community (hereafter “Community”) and/ or creating a member account within the trivago Member Area. Users who register for the Community can publish self-generated content, as well as actively participate in the platform’s development via the administrative functions. Unregistered users may read the content on trivago for free."
trivago.docx,8,Autor,what,Using the trivago Member Area users have the option to administer and store their searches. 
trivago.docx,9,Autor,cnt_del 0; cnt_moder 0,"If there is a breach in the terms and conditions, trivago reserves the right to remove content without declaration of reason"
trivago.docx,10,Autor,acc_del 0,trivago reserves the right to terminate a user’s access and to delete their registration within a period of one week after receipt of relevant information via email about improper use of the website.
trivago.docx,11,Autor,as_is -1; ltd -1,"trivago is not liable for the accuracy, quality, completeness, reliability or credibility of content provided by users and/or booking sites. In particular, there is no advice or information from trivago regarding the selection of accommodations or other travel products."
trivago.docx,12,Autor,core,"All agreements that arise through this service are between the trivago user and the respective external contracting booking site. In particular, trivago does not act as organiser or travel agency at any time."
trivago.docx,13,Autor,what,"For technical reasons, no updating of the prices we receive from booking sites are done in real time. Therefore it is possible that the price that appears on the booking site does not correspond to the price specified on the trivago sites. trivago does not guarantee the accuracy of information, in particular prices and availability."
trivago.docx,14,Autor,contr_chg -1,The current terms and conditions when using trivago apply. Registered users receive notifications about changes by email.
trivago.docx,15,Autor,c_law -1,The laws of the Federal Republic of Germany apply. 
trivago.docx,16,Autor,c_forum -1,Düsseldorf applies as the place of jurisdiction
Bolt.docx,0,Autor,core; pato,Bolt provides an information society service through Bolt app that enables mediation of the requests for transport services between the passengers and drivers and Bolt does not provide transport services
Bolt.docx,1,Autor,may be considered an unfair contract term according to Annex(1)(n) of the Directive 93/13,Bolt is not responsible in any way for the fulfilment of the contract entered into between the passenger (you) and the driver
Bolt.docx,2,Autor,what ,Data regarding the drivers and their transport service is available in the Bolt app and receipts for journeys are sent to the email address listed in passenger’s profile
Bolt.docx,3,Autor,docu 1,separate agreement for Business journeys
Bolt.docx,4,Autor,core,"By providing Bolt in-App Payment service, Bolt acts as commercial agent for the providers of the transport services. Every driver has authorised Bolt as their commercial agent for the mediation of conclusion of contracts between the driver and the passenger, including the power to accept payments from the passengers and to forward the payments to the driver. Your obligation to the provider of the transport service will be fulfilled when the payment order is given to transfer funds to Bolts’ bank account. You, as a passenger are responsible for ensuring that the payment takes place and ensuring that sufficient funds are available"
Bolt.docx,5,Autor,disc -1,"Bolt reserves the right to withhold the Tip, if the payment of the Tip is suspected as being"
Bolt.docx,6,Autor,to whom,to pay a cancellation fee
Bolt.docx,7,Autor,acc_sus 0,we may temporarily block your account for warning
Bolt.docx,8,Autor,acc_sus 0,we may suspend your account for longer period (e.g 6 months)
Bolt.docx,9,Autor,"again, may be considered an unfair contract term according to Annex(1)(n) of the Directive 93/13",please note that Bolt is not responsible for such situations
Bolt.docx,10,Autor,may become an unfair contract term according to Annex(1)(e) of the Directive 93/13,a penalty of 50 EUR and require compensation for any damages exceeding the penalty
Bolt.docx,11,Autor,docu 2,the Privacy Notice 
Bolt.docx,12,Autor,tran 0,You may not transfer or sub-license this right to use the Bolt app
Bolt.docx,13,Autor,"again, an unfair contract term according to Annex(1)(n) of the Directive 93/13; pato2","As the Bolt app is an information society service (a means of communication) between passengers and drivers, we cannot guarantee or take any responsibility for the quality orthe absence of defects in the provision of transport services. As the usage of Bolt app for requesting transport services depends on the behaviour of the drivers, Bolt does not guarantee that you will always have offers available for the provision of the transport services"
Bolt.docx,14,Autor,"so, the consumer’s right of refund is completely waived? seems like an unfair contract term",The consumer’s right of refund is not applied to Bolt app orders
Bolt.docx,15,Autor,as_is -1,"The Bolt app is provided on an ""as is"" and “as available” basis"
Bolt.docx,16,Autor,ltd -1,"Bolt, its representatives, directors and employees are not liable for any loss or damage that you may incur as a result of using Bolt app or relying on, the journey contracted for through the Bolt app, including but not limited to:any direct or indirect property damage or monetary loss;loss of profit;loss of business, contracts, contacts, goodwill, reputation and any loss that may arise from interruption of the business;loss or inaccuracy of data; andany other type of loss or damage"
Bolt.docx,17,Autor,ltd_cap -1,The financial liability of Bolt in connection with breach of the contract will be limited to 500 euros
Bolt.docx,18,Autor,"again, may be an unfair contract term according to Annex(1)(n) of the Directive 93/13",Bolt will not be liable for the actions or inactions of the driver and will not be liable for damages that the driver causes to the passengers
Bolt.docx,19,Autor,ind 0,You agree to fully indemnify
Bolt.docx,21,Autor,disc -1,we consider it necessary 
Bolt.docx,20,Autor,acc_del 0,Bolt may immediately end your use of the Bolt app if you breach these General Terms and Conditions or we consider it necessary to protect the integrity of Bolt or the safety of drivers
Bolt.docx,22,Autor,sugg 1,We ask to fill out a feedback form in the Bolt app. This enables us to offer suggestionsto the drivers for improving the quality of their service.
Bolt.docx,23,Autor,acc_del 0,"Bolt retains the right to close your account if you have violated the terms set out in this General Terms and Conditions or if your activities are malicious, i.e. withholding payment for the provision of the transport service, fraud, being disrespectful towards the drivers, etc. In these cases, your Bolt app account may be revoked without prior notice"
Bolt.docx,24,Autor,contr_chg -1,"If any substantial amendments are made to the General Terms and Conditions, then you will be notified by e-mail or Bolt app notifications"
Bolt.docx,25,Autor,c_law -1,The General Terms and Conditions will be governed by and construed and enforced in accordance with the laws of Republic of Estonia
Bolt.docx,26,Autor,c_forum -1,"then the dispute will be finally solved in Harju County Court in Tallinn, Estonia"
Bolt.docx,27,Autor,sever 0,"If any provision of the General Terms is held to be unenforceable, the parties will substitute for the affected provision an enforceable provision that approximates the intent and economic effect of the affected provision"
Wolt.docx,0,Autor,docu 1,Wolt Corporate Terms & Conditions
Wolt.docx,1,Autor,what,"3.1. Wolt provides a platform on which the User can purchase food and other products or services from the Partner of their choice as well as possible delivery services either from the Partner or Wolt, as applicable. In certain countries Partners charge Users a delivery fee and service fee for the delivery services as defined in more detail in the Wolt Service where relevant."
Wolt.docx,3,Autor,uncle 1,", unless regulation in the country where the User is located requires that the Partner provides the receipt directly to the User, for the products and, to the extent applicable, for the delivery services"
Wolt.docx,2,Autor,what,"When selecting the Partner’s products and services that the User wishes to purchase from the Partner, the User makes a binding order to purchase the products and services from the Partner on the terms and conditions presented to the User herein and in the Wolt Service before placing the order (“the Order”). After having received the Order, Wolt will transmit the details of the Order to the Partner. When the Order is accepted by the Partner and Wolt has provided the User with an order confirmation on behalf of the Partner, the User or the Customer Organization and the Partner enter into the Purchase Agreement for the purchase of the Partner's products and, if applicable, delivery or other services. In some cases, the Purchase Agreement for the purchase of the delivery service is entered into with Wolt instead of the Partner, as reflected on the receipt. Wolt will provide the User with a receipt on behalf of the Partner, unless regulation in the country where the User is located requires that the Partner provides the receipt directly to the User, for the products and, to the extent applicable, for the delivery services"
Wolt.docx,4,Autor,may infringe Annex 1(n) Directive 93/13,The Partner selected by the User will prepare and/or collect and pack the products set out on the Order. Wolt is not responsible or liable towards the User for the proper execution of the Purchase Agreement by the Partner
Wolt.docx,5,Autor,uncle 2,in accordance with the statutory provisions of the country where you are located
Wolt.docx,6,Autor,acc_del 0; cnt_modr 0,Wolt will take appropriate measures which may include disabling the cash option from the User or even disabling the User's account in the Wolt Service for further Orders. 
Wolt.docx,7,Autor,virtu,"7. Wolt credits and tokens7.1. The Users of the Wolt Service can obtain Wolt credits or tokens e.g. by inviting new users to sign up to the Wolt Service. The User can use Wolt credits and tokens to get a discount on their purchases in the Wolt Service.7.2. For Users in Denmark section 7.1. is not applicable. For Users in Denmark, you can share your code on social media or as a message by pasting the link from your user profile and inserting it where you wish. Your friends will get Wolt credits when they use your code for their first order. 7.3. Wolt may unilaterally determine the conditions applicable to the granting, use and validity of the Wolt credits and tokens.7.4. Any signing-up bonus credits or tokens can be used only once.7.5. Wolt credits and tokens cannot be exchanged to cash.7.6. The Wolt credits and tokens will be nullified if Wolt detects any abuse of Wolt credits or tokens or suspects or detects that Wolt credits or tokens have been granted on incorrect grounds. In such cases, Wolt shall invoice the amount that was paid using such Wolt credits or tokens."
Wolt.docx,8,Autor,pato,Any delivery time or pick-up time or other time estimate communicated to the User by the Partner or Wolt in the Wolt Service are only estimated times. There is no guarantee that the Order will be delivered or available for pick-up or consumption at the estimated time
Wolt.docx,10,Autor,sugg 0,"feedback, suggestions"
Wolt.docx,9,Autor,ip -1,"User grants to Wolt a worldwide, royalty-free, sublicensable, and transferable right to use, modify, reproduce, distribute, display and publish any content provided by User in connection with the Wolt Service. Such content may include photographs, data, information, feedback, suggestions, text, and other materials that are uploaded, posted or otherwise transmitted relating to the Wolt Service."
Wolt.docx,11,Autor,serv_chg -1,"Wolt is constantly developing the Wolt Service and Wolt may change or remove different parts of the Wolt Service, including features, the products and Partners available in the Wolt Service in part or in whole."
Wolt.docx,12,Autor,acc_del 0,"Wolt is entitled to remove a User from the Wolt Service with immediate effect and/or refuse or cancel any Orders from a User if: (i) the User abuses the Wolt Service or causes any harm or detriment to the use of the Wolt Service or the Partners or Wolt or Wolt’s employees, (ii) Wolt has reasonable belief of fraudulent acts by the User when using the Wolt Service, (iii) the User places a false Order (for example by not paying or by not being present on the delivery or collection location in order to receive the Order) or otherwise fails to comply with his obligations arising from these Terms of Service; (iv) there is reasonable doubt about the correctness or authenticity of the Order. "
Wolt.docx,13,Autor,docu 2,Wolt Privacy Statement.
Wolt.docx,14,Autor,pato,The User can discontinue the use of the Wolt Service at any time. Wolt can discontinue providing the Wolt Service permanently or temporarily at any time
Wolt.docx,15,Autor,as_is -1,"While we do our best in providing you our platform and services (including new and/or temporary services such as no-contact deliveries, deliveries with novel technology or deliveries of new product categories) error-free, Wolt does not promise or guarantee you anything regarding the reliability, functionality, timeliness, quality or suitability of the Wolt Service, its features or any service offered by Wolt. Wolt does not promise or guarantee anything that is not expressly mentioned in these Terms of Service."
Wolt.docx,16,Autor,uncle 3,in accordance with applicaple laws
Wolt.docx,17,Autor,uncle 4,To the extent that any maintenance or support is required by applicable law
Wolt.docx,18,Autor,uncle 5,To the extent any warranty exists under law that cannot be disclaimed
Wolt.docx,19,Autor,c_law 1,These Terms of Service shall be governed by and construed in accordance with the laws of the country where the User is located
Wolt.docx,20,Autor,uncle 6,"If you are a consumer, please note that you cannot be deprived of the rights granted to you by the mandatory consumer protection laws of your country of domicile"
Wolt.docx,21,Autor,c_forum 1,"Disputes arising from these Terms of Service shall be resolved by the competent courts of the country where the User is located. A consumer may, however, always institute proceedings in the competent court of its domicile"
Wolt.docx,22,Autor,contr_chg -1,"17.1. These User Terms of Service are subject to amendments.17.2. Wolt shall publish the amended User Terms of Service at the Wolt Website. Wolt shall inform the User of any changes that are material by nature on the Wolt Service or by email to the email address submitted to the Wolt Service by the User. If the User does not agree to any amended Wolt Terms of Service, they shall discontinue the use of the Wolt Service."
Wolt.docx,23,Autor,tran -1,18.1. Wolt shall be entitled to assign all or any of its rights or obligations hereunder in whole or part to an affiliate or successor or to a purchaser or acquirer of its business assets relating to Wolt Service without the User’s prior consent.18.2. The User shall not be entitled to assign any of its rights or obligations hereunder in whole or part.
Ubisoft.docx,0,Autor,docu 1-4,"Additional terms may be applicable to a specific Service, including for example the Terms of Sale of the Ubisoft Store, the End User License Agreement and code(s) of conduct (“Code of Conduct”). In addition, our Privacy Policy "
Ubisoft.docx,2,Autor,uncle 1,except if required by law
Ubisoft.docx,1,Autor,virtu,"We may license to you access or use of online or off-line elements of Services, including without limitation virtual points, coins or currencies (collectively ""Ubisoft Virtual Currency""). When you obtain Ubisoft Virtual Currency from us or our authorized partners, you receive a personal, limited, non-assignable, non-exclusive, revocable license to access and select the Ubisoft Virtual Currency that we expressly make available to you.Ubisoft Virtual Currency has no monetary value and has no value outside of our Services. Ubisoft Virtual Currency cannot be sold, traded, transferred, or exchanged for cash; it only may be redeemed for Content available on the Services. Ubisoft Virtual Currency is non-refundable, and you are not entitled to a refund for any unused Ubisoft Virtual Currency, except if required by law. Once you redeem Ubisoft Virtual Currency for Content, that Content is not returnable, exchangeable, or refundable."
Ubisoft.docx,3,Autor,uncle 2,unless required by law
Ubisoft.docx,4,Autor,serv_chg -1,"We may update such limits from time to time, at our discretion."
Ubisoft.docx,5,Autor,price_chg 0,"Modification of Services price. We reserve the right to modify the prices of the Services, including from a paid Service to a free-to-play one and vice versa. The new price applies only to orders placed after it has come into effect."
Ubisoft.docx,6,Autor,serv_chg -1,"We may modify the Content for any reason, at any time, in particular for technical reasons such as updates, maintenance operations or resets to improve or optimize the Services."
Ubisoft.docx,7,Autor,cnt_modr 0; acc_sus 0; acc_del 0,"We may apply sanctions, in the event of violation of the Terms and/or of a Code of Conduct. The sanctions are decided on a case- by-case basis, based on multiple criteria, including but not limited to, the seriousness of the violation, the number of violations, and the impact of the violations on the Services, on other users and/or on our representatives.Here is a non-exhaustive list of sanctions we may apply:Issuance of a warning,Disability of any username, avatar or password,Reset of your in-game progress to a previous state,Decrease of your Account level or of your level/points associated to a given Service,Remove your Access from particular features (including chats) on one or several Services,Issuance of a temporary ban of your Account from one or several Services,Issuance of a long-term ban of your Account from one or several Services,Prevention from accessing a specific or several Services on a particular device, and/orSuspension or closing of your Account and/or your ability to use one or more Services, or part of the Services, as further described in Article 8.2."
Ubisoft.docx,8,Autor,cnt_del 0,We notably reserve the right to delete and/or deactivate the Content reported and to ask you and other users to cease using such Content.
Ubisoft.docx,9,Autor,disc -1,at our sole discretion 
Ubisoft.docx,10,Autor,acc_sus -1; acc_del -1,for any other reason in relation to your actions in or outside of the Services;
Ubisoft.docx,11,Autor,cnt_retr -1,"You will lose, and we may delete, your profile and the related information you have passed on to us, together with any Content you may have published, uploaded, made available on the Services, notably your username, avatar(s), and UGC"
Ubisoft.docx,12,Autor,uncle 3,As far as is permitted by law
Ubisoft.docx,13,Autor,sugg 0,"You may submit reviews, comments, suggestions, proposals, materials or other feedback (“Submissions”) on or outside the Services. We appreciate your enthusiasm but you acknowledge that we have no obligation concerning unsolicited Submissions, including but not limited to, no obligation to accept, consider, review or return any materials or acknowledge receipt of any Submissions. You agree that products, services or features developed or published by us might appear to be similar or identical to such unsolicited Submissions."
Ubisoft.docx,14,Autor,ip -1,"We are the sole owner of all Intellectual Property Rights relating to Derived UGC.You hereby irrevocably assign to us, with full title guarantee, free of charge, all Intellectual Property Rights and rights of use you may have over Derived UGC, on a worldwide basis and for the period of protection of each right.We may file or register any application for Intellectual Property Rights relating to Derived UGC in our name, in all countries in the world.In this respect, you must:sign and supply any document in particular, deed of transfer, requested by us for all registration purposes ; and provide all necessary assistance to us, at our expense, in any related action or procedure.In the event that a competent court rules that some or all of your rights in Derived UGC cannot be validly transferred to us, you hereby grant us a perpetual, royalty-free, exclusive, irrevocable, transferable, sublicensable to other users, worldwide licence to use, copy, host, reproduce, represent, modify, display, distribute, publicly perform, publicly display and, in general, otherwise exploit, online and offline, Derived UGC for any purpose, without you necessarily being mentioned as the source of such Derived UGC."
Ubisoft.docx,15,Autor,shad_ip,"In the event that a competent court rules that some or all of your rights in Derived UGC cannot be validly transferred to us, you hereby grant us a perpetual, royalty-free, exclusive, irrevocable, transferable, sublicensable to other users, worldwide licence to use, copy, host, reproduce, represent, modify, display, distribute, publicly perform, publicly display and, in general, otherwise exploit, online and offline, Derived UGC for any purpose, without you necessarily being mentioned as the source of such Derived UGC."
Ubisoft.docx,16,Autor,ind 0,"and you indemnify us for any losses which we may incur in the event of a complaint, action or claim by such other person concerning the use by us of his/her image, derived from your UGC."
Ubisoft.docx,17,Autor,ip -1; shad_ip,"You hereby grant us, and our licensees, distributors, partners, agents, representatives a perpetual, royalty-free, non-exclusive, irrevocable, transferable (in whole or part) worldwide licence to use, copy, host, reproduce, represent, modify, display, distribute, publicly perform, publicly display and, in general, otherwise exploit, online and offline, Independent UGC (including all Intellectual Property Rights therein) in whole or in part, for any purpose."
Ubisoft.docx,18,Autor,uncle 4,To the extent permissible under applicable law
Ubisoft.docx,19,Autor,against Art. 16 of the Polish Law on copyright and related rights; shad_ip,"To the extent permissible under applicable law, you waive your moral rights in all your UGC and any broadly equivalent rights you may have in any territory of the world, and you vouch for the obtaining of the same agreement from any other person who might invoke moral rights over your UGC."
Ubisoft.docx,20,Autor,as_is -1,"Test Contents are supplied to you “as is” and “according to availability” without any explicit or implicit guarantee of any kind. You understand that you use the Test Contents at your own risk, that they may include bugs and that your progression and data associated to the Beta Test may be erased at any time."
Ubisoft.docx,21,Autor,acc_del 0,without prejudice to the right to terminate your Account.
Ubisoft.docx,22,Autor,uncle 5,Subject to the applicable legal requirements
Ubisoft.docx,23,Autor,may infringe Annex 1(n) Directive 93/13,"We may also display certain third party products, services and/or content by inserting, in our Services, promotional links, advertising banners or any other advertising and promotional element, and may also carry out cross-marketing operations with any partner of our choice.In both cases, we may not be held responsible for such third party services, products and/or content."
Ubisoft.docx,24,Autor,as_is -1,"The Services are supplied “as is”, without any guarantees, conditions, warranties or other terms as to: their suitability for a particular use;their market value;the absence of interruptions or errors, bugs, viruses or harmful elements, or that errors, bugs, viruses or harmful elements will be corrected; and/oryour satisfaction."
Ubisoft.docx,25,Autor,ltd -1,"We hereby expressly exclude:all conditions, warranties and other terms which might otherwise be implied by statute, common law or the law of equity; and any liability for loss or damage suffered in connection with your use of the Services or any related third party service.This includes all losses of any kind (direct, accidental, incidental, consequential and/or indirect), whether in tort (including for negligence or breach of statutory duty), contract and/or misrepresentation (whether innocent or negligent)."
Ubisoft.docx,26,Autor,pato,"When we acknowledge that a Content you purchased is unusable due to our fault, our liability will be limited to providing you with a Content of an equivalent value, chosen by us."
Ubisoft.docx,27,Autor,uncle 6,", nor any other liability which cannot be excluded or limited under applicable law"
Ubisoft.docx,28,Autor,uncle 7,"Nothing in these Terms restricts, excludes or modifies, or purports to restrict, exclude or modify and statutory consumer rights under any applicable law including the Australian Competition and Consumer Act 2010 (Cth)"
Ubisoft.docx,29,Autor,uncle 8,To the extent permitted by law
Ubisoft.docx,30,Autor,uncle 9,To the extent permitted by law
Ubisoft.docx,31,Autor,uncle 10,Our goods come with guarantees that cannot be excluded under the Australian consumer law
Ubisoft.docx,32,Autor,uncle 11,Subject to applicable laws 
Ubisoft.docx,33,Autor,uncle 12,nor any other liability which cannot be excluded or limited under applicable law
Ubisoft.docx,34,Autor,ind 0,"You agree to defend, indemnify and keep us and our licensors, licensees, assignees and successors in title and their respective employees, officers or directors, our respective subcontractors and Content suppliers (collectively the “Affiliates”) indemnified from and against any claim or alleged claim, all liabilities and damages and all costs, including lawyers’ fees, following and/or resulting from a violation of these Terms for which you are responsible, or related to your behaviour on the Services, including relating to your UGC.Without limiting the generality of the foregoing, you agree to defend, indemnify and keep indemnified us and our Affiliates in the event of inappropriate or illegal use of your Account, including by someone you have authorised to use your Account. You agree to be held personally responsible for your use of the Services and for all your communications and activities on the Services, including the Forums.We reserve the right to take sole conduct, at our own expense, of any claim which you have indemnified us of or which may give rise to compensation by you. You agree in such case to fully collaborate with us upon request in defense of our interests."
Ubisoft.docx,35,Autor,contr_chg 0,"We may revise these Terms at any time for security, legal, best practice and/or regulatory reasons. We will not use this right to make substantial changes to the Terms, affecting your rights, without giving you a chance to agree. If you do not agree to the changes made to these Terms, you shall terminate your Account as set out in Article 8.1. You should check for revisions to the Terms regularly as they are binding on you. Any use of the Services subsequent to revised Terms coming into force implies acceptance of the revised Terms"
Ubisoft.docx,36,Autor,sever 0,"If any court or competent authority finds that any provision of these Terms (or part of any provision) is invalid, illegal or unenforceable, that provision or part-provision shall, to the extent required, be deemed to be deleted, and the validity and enforceability of the other provisions of these Terms shall not be affected."
Ubisoft.docx,37,Autor,inter -1,to reflect our initial intentions.
Ubisoft.docx,38,Autor,c_law -1,"These Terms, your Account and any disputes or claims arising in connection with them or their subject matter or formation (including non-contractual disputes or claims) are governed by and construed in accordance with the laws of England and Wales"
Ubisoft.docx,39,Autor,c_forum -1,You irrevocably agree that the courts of England and Wales have exclusive jurisdiction to settle any such dispute or claim.
Ubisoft.docx,40,Autor,uncle 13,THESE TERMS ARE APPLICABLE ONLY TO THE EXTENT AUTHORISED BY LAW.
vod.mdag.pl.docx,0,Autor,what,"provides access to purchasable or free ﬁlm content (in the form of ﬁlms available on the VOD platform), or the “Service”, particularly by means of electronically providing purchasable or free tickets (“E-tickets”) and passes (“E-passes”) granting access to ﬁlms hosted on the vod.mdag.pl platform located at vod.mdag.pl (the “Platform”)."
vod.mdag.pl.docx,1,Autor,price_chg -1,"The Owner reserves the right to modify the prices according to its current offer communicated on the Platform, as well as to introduce temporary promotional offerings or discounts and modify them"
vod.mdag.pl.docx,2,Autor,serv_chg -1,"The ﬁlms and other audiovisual material hosted on the Platform may be added, removed, and modiﬁed at will by Against Gravity while preserving the acquired rights of Users."
vod.mdag.pl.docx,3,Autor,docu 1,Privacy Policy 
vod.mdag.pl.docx,4,Autor,what,An E-ticket allows its holder to watch a ﬁlm within 24 hours of purchasing an E-ticket or downloading a free E- ticket; the purchaser or downloader will have access to the given ﬁlm for 12 hours from the moment of conﬁrming the “Play” command in the pop-up on the Film Subpage or from the moment of clicking the “Watch” and “Play” buttons associated with the given ﬁlm on the My Account subpage.
vod.mdag.pl.docx,6,Autor,serv_chg -1,The number of E-passes and the availability of speciﬁc ﬁlms through an E-pass may be limited
vod.mdag.pl.docx,5,Autor,what,"Various types of E-passes are available for purchase. The Platform Owner speciﬁes that the User may hold a maximum of one active E-pass of a given type; holding more than one active E-pass is only possible if the User purchased two or more E-passes of different types and the Platform Owner enabled this purchase in the System. After an E-pass is exhausted, another E-pass of the speciﬁc type may be purchased.The User may not purchase single E-tickets granting access to speciﬁc ﬁlms while holding an active E-pass allowing access to the given ﬁlms; if the active E-pass does not allow access to the given ﬁlm, a single E-ticket may be purchased. The User may purchase single E-tickets once the E-pass is exhausted, unless the Platform Owner decides otherwise.An E-pass allows the streaming of a set number of ﬁlms hosted on the Platform throughout the access period obtained in accordance with the information in §1 Art. 7 of these Terms, subject to the provisions of §4 Art. 10 of these Terms.The purchaser of an E-pass may watch the ﬁlms covered by the E-pass either by accessing the Film Subpage or by clicking the “Watch with your E-pass” button next to the ﬁlms tagged by the User as “To Watch” on the My Account subpage.The number of E-passes and the availability of speciﬁc ﬁlms through an E-pass may be limited; further access to these ﬁlms will be impossible after the limit is reached. Information about limited availability or unavailability is listed on the Buy Access subpage."
vod.mdag.pl.docx,7,Autor,what,"After creating an E-ticket with an active E-pass, the User has 12 hours to watch the ﬁlm after clicking the “Watch with your E-pass” button on the Film Subpage or after clicking the “Watch with your E-pass” button next to the ﬁlms tagged by the User as “To Watch” on the My Account subpage."
vod.mdag.pl.docx,8,Autor,may infringe Annex 1(n) Directive 93/13,"Against Gravity is not responsible for any consequence of malfunctions of the payment system maintained by the Payment System Operator covered by §5 Art. 1 above, nor for any action or neglect on the part of the Payment System Operator."
vod.mdag.pl.docx,9,Autor,acc_del 1,"In the case of Customers who are also Consumers, any termination requires signiﬁcant grounds, i.e. 1) changes to universally applicable laws impacting the rights and duties resulting from the Agreement between the User and Against Gravity or differences in interpretation of the above laws due to court rulings, decisions, orders, recommendations, or guidelines of the relevant institutions or organs; 2) the discontinuance of the Service provided by Against Gravity as deﬁned in these Terms, particularly the closure of the vod.mdag.pl ﬁlm portal."
vod.mdag.pl.docx,10,Autor,what,Films and other audiovisual materials are accessible via the Platform.Access to the ﬁlms on the Platform may also be gained by receiving an access code allowing authorized access to said content in accordance with the terms set by the Platform Owner.
vod.mdag.pl.docx,11,Autor,acc_del 0,Any attempt to break into the Platform or use it in violation of these Terms or applicable laws will result in irreversible termination of access to the Service followed by appropriate legal action. 
vod.mdag.pl.docx,12,Autor,no acc_sus as requiring notice period would not make sense in this situation,"Access to the Service may be restricted in case of attempting to access the Service simultaneously on several devices or in case of attempting unauthorized access to the User Account on the Platform. Information about restrictions will be provided in the form of a pop-up on the Platform. If access is restricted, the Customer should contact Against Gravity."
vod.mdag.pl.docx,13,Autor,acc_sus 1; acc_del 1,Against Gravity reserves the right to restrict access to the Service or immediately terminate the Agreement in the event of Service or Platform usage in contravention of these Terms or applicable laws after the User had been requested to remedy the violation and did not comply within the stated period.
vod.mdag.pl.docx,14,Autor,what,"The ﬁlms hosted on the Platform are available with Polish subtitles or in Polish. A subset of the ﬁlms is available with Polish and English subtitles. While streaming a ﬁlm where Polish and English subtitles are available, the User may select Polish or English subtitles; however, some ﬁlms may be screened withpermanent subtitles. Audio descriptions are available for a subset of the ﬁlms; this information is listed on the Film Subpage. Children’s ﬁlms hosted on the Platform may be voice-overed."
vod.mdag.pl.docx,15,Autor,ltd 0,"Events resulting from circumstances beyond the control of Against Gravity do not constitute a failure in performance or inadequate performance on the part of Against Gravity. These include:restrictions or interruptions of Internet access, orfailures or malfunctions of the User’s devices or software, orother interruptions in the use of the Service resulting from any action or neglect on part of the User in violation of the Agreement or these Terms, orrestrictions in the operation of this Platform covered in these Terms and consented to by the User at the moment of consenting to these Terms."
vod.mdag.pl.docx,16,Autor,com_sys 0,"All Users have the right to submit a complaint about issues related to the functioning of the Service.Complaints related to Service access, Platform functioning, and the services themselves must be submitted to the following e-mail address: vod@againstgravity.pl. The complaint should include the User’s data: full name, residential address, registration e-mail, as well as a description of the cause for complaint.The Platform Owner will examine the complaint and inform the User about the decision within 14 days of the receipt of the complaint. AgainstGravity will inform the User about the outcome of the complaint process by sending an e-mail to the address indicated in the complaint by the User.The Service Provider reserves the right to extend the period speciﬁed in Art. 3 above by no more than 10 days if the complaint process requires extraordinary steps and activities or in the case of obstacles beyond the Service Provider’s control (equipment malfunctions, network downtime, etc).If the complaint must be amended in order to be resolved, Against Gravity will promptly notify the Customer about the deadline (no less than 7 days) and scope of amendment, along with a notiﬁcation that a lack of response within the stated time will result in the complaint remaining unresolved. If no amendment is submitted within the stated time, the complaint will remain unresolved."
vod.mdag.pl.docx,17,Autor,c_law -1,The legal relationships resulting from the use of the Service shall be governed by the law of Poland.
vod.mdag.pl.docx,18,Autor,what,"The newsletter is a promotional publication covering products, services, and events organized by Against Gravity and third parties collaborating with Against Gravity."
vod.mdag.pl.docx,19,Autor,recom -1,will be used to deliver ads of our Trusted Partners’ products and services (as indicated in the Privacy Policy) tailored to the User’s interests.
vod.mdag.pl.docx,21,Autor,uncle 1,within the scope of the law currently in force. 
vod.mdag.pl.docx,20,Autor,contr_chg -1,The Platform Owner retains the right to modify these Terms within the scope of the law currently in force. Orders placed prior to the date of modiﬁcation of these Terms coming into force will be realized in accordance with the provisions in force on the day of order placement. Modiﬁcations to these Terms will be announced to the Users on the Platform website and during logging in to the Platform.
vod.mdag.pl.docx,22,Autor,may infringe Annex 1(d) Directive 93/13; pato,Users removing their User Accounts or terminating their Agreements for causes unrelated to Against Gravity are not entitled to refunds for purchased services remaining active at the time of termination.
ZnanyLekarz.docx,0,Autor,what,"Usługodawca świadczy między innymi następujące Usługi:umożliwia Użytkownikom publikowanie informacji i opinii o Profesjonalistach skatalogowanych według województw, miast i kategorii;udostępnia wyszukiwarkę Profesjonalistów i Placówek;powiadamia o nowych informacjach i opiniach;umożliwia Użytkownikom zadawanie pytań zweryfikowanym Profesjonalistom;umożliwia zweryfikowanym Profesjonalistom podawanie i korygowanie informacji o sobie, odnoszenie się do opinii Użytkowników oraz odpowiadanie na zadane pytania;umożliwia rezerwację terminu u Profesjonalistów i w Placówkach, które udostępniły taką możliwość."
ZnanyLekarz.docx,1,Autor,what,ZnanyLekarz świadczy usługi polegające na informowaniu Użytkowników Internetu o praktyce zawodowej Profesjonalistów poprzez umieszczanie informacji o takiej praktyce w Internecie. Na życzenie Profesjonalistów ZnanyLekarz umieszcza również informacje o praktyce zawodowej Profesjonalistów na mapach internetowych oraz tworzy konta dla Profesjonalistów do zarządzania informacjami umieszczonymi na mapach. Na mapach internetowych umieszczony zostanie odnośnik (link) do Profilu Profesjonalisty w Serwisie.
ZnanyLekarz.docx,3,Autor,pato,oraz zawarta z Usługodawcą odpłatna umowa.
ZnanyLekarz.docx,2,Autor,what,"Informacje i opinie o Profesjonalistach i Placówkach publikowane są w formie rankingów, w których miejsce na liście zależy m.in. od otrzymanych opinii.Pozycja Profesjonalisty w wynikach wyszukiwania w Serwisie może zależeć w szczególności od takich czynników jak dostępność terminów w Kalendarzu Wizyt, poziom lub jakości uzupełnienia Profilu oraz zawarta z Usługodawcą odpłatna umowa."
ZnanyLekarz.docx,4,Autor,core,"Dostęp do większości usług Serwisu jest bezpłatny, w szczególności nie są pobierane opłaty za rejestrację oraz publikowanie podstawowych informacji o Profesjonalistach i Placówkach. Usługodawca nie pobiera opłat za opinie i komentarze zamieszczane w Serwisie."
ZnanyLekarz.docx,5,Autor,price_chg 0,Usługodawca zastrzega sobie prawo do wprowadzenia opłat od dowolnych usług świadczonych w ramach Serwisu i jednocześnie zobowiązuje się poinformować o zmianach z odpowiednim wyprzedzeniem.
ZnanyLekarz.docx,6,Autor,pato,Profesjonalista ma możliwość zablokowania wybranym przez siebie Użytkownikom rezerwacji terminów wizyt za pomocą Kalendarza Wizyt. Usługodawca nie odpowiada za niedogodności jakie mogą wystąpić w związku z tym dla Użytkowników.
ZnanyLekarz.docx,7,Autor,cnt_del 0; cnt_modr 0,"Usługodawca ma prawo odmówić opublikowania opinii, komentarzy i informacji, a już opublikowane opinie, komentarze i informacje usunąć, jeżeli są sprzeczne z niniejszym Regulaminem lub przepisami prawa. W przypadku usunięcia opinii, komentarzy lub informacji Użytkownikowi w stosunku do Usługodawcy nie przysługuje jakiekolwiek roszczenie."
ZnanyLekarz.docx,8,Autor,ip 0,"Zadając pytania Profesjonaliście, Użytkownik udziela Usługodawcy niewyłącznej, nieograniczonej w czasie, nieodpłatnej licencji na korzystanie z treści pytania lub jej części na terytorium całego świata, na polach eksploatacji takich jak: zwielokrotnianie techniką analogową i cyfrową, wprowadzanie do pamięci komputera, wprowadzanie do sieci komputerowej lub multimedialnej, wprowadzanie do obrotu, najem, dzierżawa, publiczne udostępnianie w miejscu i czasie wybranym przez Usługodawcę, wyświetlanie, nadawanie, reemitowanie, odtwarzanie, umieszczanie pytania w bazach danych, wykorzystania pytania w celu promocji Usługodawcy i publicznego prezentowania pytania w Serwisie. Usunięcie Konta przez Użytkownika nie ma wpływu na obowiązywanie powyższej licencji."
ZnanyLekarz.docx,9,Autor,cnt_del 0,Zdjęcie niespełniające powyższych kryteriów może zostać usunięte przez Usługodawcę bez ostrzeżenia i konieczności powiadomienia Profesjonalisty.
ZnanyLekarz.docx,10,Autor,ip 0,"Zamieszczając zdjęcie w Serwisie, Profesjonalista udziela Usługodawcy niewyłącznej, nieograniczonej w czasie, nieodpłatnej licencji na korzystanie ze zdjęcia na terytorium całego świata, na polach eksploatacji takich jak: zwielokrotnianie techniką analogową i cyfrową, wprowadzanie do pamięci komputera, wprowadzanie do sieci komputerowej lub multimedialnej, wprowadzanie do obrotu, najem, dzierżawa, publiczne udostępnianie w miejscu i czasie wybranym przez Usługodawcę, wyświetlanie, nadawanie, reemitowanie, odtwarzanie, umieszczanie zdjęcia w bazach danych, wykorzystania zdjęcia w celu promocji Usługodawcy i prezentacji zdjęcia w Serwisie. Usunięcie Konta przez Profesjonalistę nie ma wpływu na obowiązywanie powyższej licencji."
ZnanyLekarz.docx,11,Autor,cnt_del 0,"Usługodawca ma prawo odmówić opublikowania informacji na temat Profesjonalisty, w tym zdjęcia, a opublikowane usunąć, jeżeli zostanie stwierdzona ich nieprawdziwość."
ZnanyLekarz.docx,12,Autor,ip 0,"Zamieszczając w Serwisie odpowiedź na pytanie, Profesjonalista udziela Usługodawcy niewyłącznej, nieograniczonej w czasie, nieodpłatnej licencji na korzystanie z treści pytaniaodpowiedzi lub jegojej części na terytorium całego świata, na polach eksploatacji takich jak: zwielokrotnianie techniką analogową i cyfrową, wprowadzanie do pamięci komputera, wprowadzanie do sieci komputerowej lub multimedialnej, wprowadzanie do obrotu, najem, dzierżawa, publiczne udostępnianie w miejscu i czasie wybranym przez Usługodawcę, wyświetlanie, nadawanie, reemitowanie, odtwarzanie, umieszczanie odpowiedzi w bazach danych, wykorzystaniaodpowiedzi w celu promocji Usługodawcy i prezentacji odpowiedzi w Serwisie. Usunięcie Konta przez Profesjonalistę nie ma wpływu na obowiązywanie powyższej licencji."
ZnanyLekarz.docx,13,Autor,acc_del 0,"Usługodawca zastrzega sobie prawo do rozwiązania umowy o świadczenie Usług poprzez skasowanie Konta, jeżeli działanie Użytkownika lub Profesjonalisty jest niezgodne z prawem, Regulaminem lub godzi w wizerunek Serwisu. Wypowiedzenie ma skutek natychmiastowyUst. 19 stosuje się."
ZnanyLekarz.docx,14,Autor,as_is -1,"Usługodawca wyraźnie zastrzega, iż korzystanie z Serwisu i udostępnianych przez niego Usług odbywa się na wyłączne ryzyko Użytkownika lub Profesjonalisty. Wszelkie umieszczone w Serwisie informacje i materiały, a także dostarczane za pośrednictwem Serwisu usługi nie są objęte gwarancją co do ich wartości, przydatności, zupełności, kompletności czy użyteczności."
ZnanyLekarz.docx,15,Autor,pato,Usługodawca nie odpowiada za wady fizyczne i prawne oferowanych Usług bezpłatnych oraz za należytą jakość towarów i usług bezpłatnych
ZnanyLekarz.docx,16,Autor,may infringe Annex 1(n) Directive 93/13,"Usługodawca nie odpowiada za wady fizyczne i prawne oferowanych Usług bezpłatnych oraz za należytą jakość towarów i usług bezpłatnych. Usługodawca nie odpowiada także za skutki niewykonania lub nienależytego wykonania zaciągniętych przez kogokolwiek, za pośrednictwem Serwisu, zobowiązań oraz zdolności tych osób do zaciągania zobowiązań."
ZnanyLekarz.docx,17,Autor,pato; uncle 1,"Odpowiedzialność Usługodawcy za należytą jakość towarów i usług odpłatnych określają przepisy szczególne, stanowiące podstawę świadczeń odpłatnych"
ZnanyLekarz.docx,18,Autor,ltd 0,"W stosunku do podmiotów innych niż konsumenci, Usługodawca odpowiada wyłącznie za szkody spowodowane z wyłącznej winy umyślnej Usługodawcy. Wyłączona jest odpowiedzialność Usługodawcy za utracone korzyści."
ZnanyLekarz.docx,19,Autor,com_sys 0,"§9. Tryb zgłaszania zastrzeżeń i postępowania reklamacyjnegoUsługodawca dołoży wszelkich starań w celu zapewnienia prawidłowego działania Serwisu oraz udzieli pomocy w rozwiązywaniu problemów związanych z jego funkcjonowaniem.Zastrzeżenia co do rzetelności opinii zawartych w Serwisie zgłasza się bezpośrednio przy danej opinii za pomocą przycisku ""zgłoś nadużycie"". Zgłoszenie zostanie rozpatrzone przez Usługodawcę w terminie 14 dni roboczych.Pozostałe zastrzeżenia, a także uwagi, sugestie i błędy strony można zgłaszać, pisząc na adres e-mail: kontakt@znanylekarz.pl.Odpowiedzi na zgłoszenia będą udzielane na adres poczty elektronicznej Użytkownika lub Profesjonalisty.Zakłócenia w funkcjonowaniu Serwisu, problemy i uwagi związane ze świadczonymi usługami w ramach Serwisu mogą być reklamowane przez Użytkownika, Placówkę lub Profesjonalistę w terminie 21 dni od daty zdarzenia, poprzez zgłoszenie na adres: kontakt@znanylekarz.pl.Reklamacja rozpatrywana jest w terminie 21 dni od dnia jej wniesienia. Jeżeli termin ten nie będzie mógł być dotrzymany, Usługodawca powiadomi przed jego upływem o przyczynach opóźnienia i wyznaczy kolejny termin.Usługodawca zastrzega sobie prawo do pozostawienia reklamacji bez rozpoznania, jeżeli wynikać ona będzie z nieznajomości niniejszego Regulaminu, jego załączników lub przepisów prawa. Reklamacje zawierające treści wulgarne lub obraźliwe wobec Usługodawcy nie będą rozpatrywane."
ZnanyLekarz.docx,20,Autor,contr_chg 0,"Usługodawca zastrzega sobie prawo do jednostronnej zmiany Regulaminu w ważnych przypadkach, w szczególności w przypadku zmiany funkcjonalności Serwisu, zmiany profilu działalności Usługodawcy lub zmiany przepisów prawa.O dokonanej zmianie Regulaminu Usługodawca poinformuje Użytkownika drogą poczty elektronicznej na wskazany adres e-mail lub w drodze korespondencji wewnętrznej kierowanej do Użytkownika przez mechanizm informatyczny na Konto Użytkownika, na 14 dniprzed ich wejściem w życie."
ZnanyLekarz.docx,21,Autor,c_law -1,Prawem właściwym dla niniejszego Regulaminu oraz dla umowy o świadczenie Usług jest prawo polskie.
ZnanyLekarz.docx,22,Autor,c_forum -1,"Właściwym do rozstrzygania sporów wynikających ze świadczenia Usług, w przypadku sporów z Użytkownikami niebędącymi konsumentami jest sąd właściwy dla siedziby Usługodawcy"
ZnanyLekarz.docx,23,Autor,pato,"ZnanyLekarz informuje, a Usługobiorca przyjmuje do wiadomości i akceptuje fakt, że w tym samym czasie u różnych Użytkowników Serwisu Profil danego Profesjonalisty może mieć różną pozycję w wynikach wyszukiwania."
ZnanyLekarz.docx,24,Autor,cnt_retr 0,"Po zakończeniu Umowy Usługobiorca ma możliwość wyeksportowania danych i informacji o pacjentach, które Usługobiorca wprowadził do Kalendarza Wizyt oraz danych i informacji o Użytkownikach, którzy za pośrednictwem Serwisu zarezerwowali termin wizyty u Usługobiorcy. Z wnioskiem o wyeksportowanie danych i informacji można zwrócić się do 3 miesięcy od dnia zakończenia Umowy."
iCloud.docx,0,Autor,what,"Apple is the provider of the Service, which permits you to utilize certain Internet services, including storing your personal content (such as contacts, calendars, photos, notes, reminders, documents, app data, and iCloud email) and making it accessible on your compatible devices and computers, and certain location based services"
iCloud.docx,1,Autor,acc_sus 0; acc_del 0,"If your use of the Service or other behavior intentionally or unintentionally threatens Apple’s ability to provide the Service or other systems, Apple shall be entitled to take all reasonable steps to protect the Service and Apple’s systems, which may include suspension of your access to the Service. Repeated violations of the limitations may result in termination of your Account."
iCloud.docx,2,Autor,contr_chg -1; serv_chg -1,"Apple reserves the right at any time to modify this Agreement and to impose new or additional terms or conditions on your use of the Service, provided that Apple will give you 30 days’ advance notice of any material adverse change to the Service or applicable terms of service, unless it would not be reasonable to do so due to circumstances arising from legal, regulatory, or governmental action; to address user security, user privacy, or technical integrity concerns; to avoid service disruptions to other users; or due to a natural disaster, catastrophic event, war, or other similar occurrence outside of Apple’s reasonable control. With respect to paid iCloud services, e.g. iCloud+ as defined below, Apple will not make any material adverse change to the Service before the end of your current paid term, unless a change is reasonably necessary to address legal, regulatory, or governmental action; to address user security, user privacy, or technical integrity concerns; toavoid service disruptions to other users; or to avoid issues resulting from a natural disaster, a catastrophic event, war, or other similar occurrence outside of Apple’s reasonable control. In the event that Apple does make material adverse changes to the Service or terms of use, you will have the right to terminate this Agreement and your account, in which case Apple will provide you with a pro rata refund of any pre-payment for your then- current paid term. Apple shall not be liable to you for any modifications to the Service or terms of service made in accordance with this Section IE."
iCloud.docx,3,Autor,ltd -1,Apple shall not be liable to you for any modifications to the Service or terms of service made in accordance with this Section IE.
iCloud.docx,4,Autor,docu 1,Apple Media Services Terms and Conditions
iCloud.docx,5,Autor,disc -1,or otherwise objectionable
iCloud.docx,6,Autor,as_is -1,"neither Apple nor any of its service and/or content providers guarantees the availability, accuracy, completeness, reliability, or timeliness of location data or any other data displayed by the Service. "
iCloud.docx,7,Autor,cnt_del -1,"If a device has not backed up to iCloud for a period of one hundred and eighty (180) days, Apple reserves the right to delete any backups associated with that device."
iCloud.docx,8,Autor,uncle 1,TO THE GREATEST EXTENT PERMISSIBLE BY APPLICABLE LAW
iCloud.docx,9,Autor,ltd -1,"APPLE DOES NOT GUARANTEE OR WARRANT THAT ANY CONTENT YOU MAY STORE OR ACCESS THROUGH THE SERVICE WILL NOT BE SUBJECT TO INADVERTENT DAMAGE, CORRUPTION, LOSS, OR REMOVAL IN ACCORDANCE WITH THE TERMS OF THIS AGREEMENT, AND APPLE SHALL NOT BE RESPONSIBLESHOULD SUCH DAMAGE, CORRUPTION, LOSS, OR REMOVAL OCCUR"
iCloud.docx,10,Autor,acc_sus 0; cnt_del 0; acc_del 0,"If Apple is unable to successfully charge your credit card or payment account for fees due, Apple reserves the right to revoke or restrict access to your stored content, delete your stored content, or terminate your Account."
iCloud.docx,11,Autor,acc_del 0,"You acknowledge and agree that if you do not provide all required account information, Apple shall have the right to terminate your account."
iCloud.docx,12,Autor,acc_sus 0; acc_del 0,"Failure to provide accurate, current and complete Service Registration Data may result in the suspension and/or termination of your Account. "
iCloud.docx,13,Autor,acc_sus 0,"(Apple reserves the right to reject or block any Apple ID or email address which could be deemed to be an impersonation or misrepresentation of your identity, or a misappropriation of another person’s name or identity"
iCloud.docx,15,Autor,disc -1,Apple reserves the right at all times to determine whether Content is appropriate and in compliance with this Agreement
iCloud.docx,16,Autor,disc -1,otherwise objectionable
iCloud.docx,14,Autor,cnt_modr 0; cnt_del -1,"However, Apple reserves the right at all times to determine whether Content is appropriate and in compliance with this Agreement, and may screen, move, refuse, modify and/or remove Content at any time, without prior notice and in its sole discretion, if such Content is found to be in violation of this Agreement or is otherwise objectionable."
iCloud.docx,17,Autor,ltd -1,"Apple does not guarantee or warrant that any Content you may store or access through the Service will not be subject to inadvertent damage, corruption or loss."
iCloud.docx,18,Autor,disc -1,as Apple believes is reasonably necessary or appropriate
iCloud.docx,19,Autor,uncle 2,as required or permitted by law
iCloud.docx,20,Autor,docu 2,Copyright Policy
iCloud.docx,21,Autor,acc_sus 0; acc_del 0,"Apple may, in its sole discretion, suspend and/or terminate Accounts of users that are found to be repeat infringers."
iCloud.docx,22,Autor,ip 1,"you grant Apple a worldwide, royalty-free, non-exclusive license to use, distribute, reproduce, modify, adapt, publish, translate, publicly perform and publicly display such Content on the Service solely for the purpose for which such Content was submitted or made available, without any compensation or obligation to you. "
iCloud.docx,24,Autor,disc -1,"or otherwise be obscene, objectionable, or in poor taste"
iCloud.docx,23,Autor,pato,"You agree that any Content submitted or posted by you shall be your sole responsibility, shall not infringe or violate the rights of any other party or violate any laws, contribute to or encourage infringing or otherwise unlawful conduct, or otherwise be obscene, objectionable, or in poor taste."
iCloud.docx,25,Autor,against Article 8 (1)(d) Directive 2019/770; pato,"You acknowledge that Apple has no obligation to provide a commercial version of the Beta Features, and that should such a commercial version be made available, it may have features or functionality different than that contained in the Beta Features."
iCloud.docx,26,Autor,sugg 0,"As part of the Program, Apple will provide you with the opportunity to submit comments, suggestions, or other feedback regarding your use of the Beta Features. You agree that in the absence of a separate written agreement to the contrary, Apple will be free to use any feedback you provide for any purpose."
iCloud.docx,27,Autor,may infringe Annex 1(d) Directive 93/13,Any fees paid by you prior to your termination are nonrefundable 
iCloud.docx,28,Autor,acc_sus 0; acc_del 0,"Apple may at any time, under certain circumstances and without prior notice, immediately terminate or suspend all or a portion of your Account and/or access to the Service. Cause for such termination shall include: (a) violations of this Agreement or any other policies or guidelines that are referenced herein and/or posted on the Service; (b) a request by you to cancel or terminate your Account; (c) a request and/or order from law enforcement, a judicial body, or other government agency; (d) where provision of the Service to you is or may become unlawful; (e) unexpected technical or security issues or problems; (f) your participation in fraudulent or illegal activities; or (g) failure to pay any fees owed by you in relation to the Service, provided that in the case of non-material breach, Apple will be permitted to terminate only after giving you 30 days’ notice and only if you have not cured the breach within such 30-day period. "
iCloud.docx,29,Autor,disc -1,Any such termination or suspension shall be made by Apple in its sole discretion
iCloud.docx,30,Autor,acc_del 0,"In addition, Apple may terminate your Account upon 30 days’ prior notice via email to the address associated with your Account if (a) your Account has been inactive for one (1) year; or (b) there is a general discontinuance of the Service or any part thereof. "
iCloud.docx,31,Autor,ltd -1,Apple shall not be liable to you for any modifications to the Service or terms of service in accordance with this Section VIIB.
iCloud.docx,32,Autor,cnt_retr -1,"Upon termination of your Account you may lose all access to the Service and any portions thereof, including, but not limited to, your Account, Apple ID, email account, and Content. In addition, after a period of time, Apple will delete information and data stored in or as a part of your account(s). Any individual components of the Service that you may have used subject to separate software license agreements will also be terminated in accordance with those license agreements."
iCloud.docx,33,Autor,may infringe Annex 1(n) Directive 93/13,"Certain Content, components or features of the Service may include materials from third parties and/or hyperlinks to other web sites, resources or Content. Because Apple may have no control over such third party sites and/or materials, you acknowledge and agree that Apple is not responsible for the availability of such sites or resources, and does not endorse or warrant the accuracy of any such sites or resources, and shall in no way be liable or responsible for any Content, advertising, products or materials on or available from such sites or resources. You further acknowledge and agree that Apple shall not be responsible or liable in any way for any damages you incur or allege to have incurred, either directly or indirectly, as a result of your use and/or reliance upon any such Content, advertising, products or materials on or available from such sites or resources."
iCloud.docx,34,Autor,uncle 3,"SOME JURISDICTIONS DO NOT ALLOW THE EXCLUSION OF CERTAIN WARRANTIES, AS SUCH, TO THE EXTENT SUCH EXCLUSIONS ARE SPECIFICALLY PROHIBITED BY APPLICABLE LAW, SOME OF THE EXCLUSIONS SET FORTH BELOW MAY NOT APPLY TO YOU."
iCloud.docx,35,Autor,as_is -1,"YOU EXPRESSLY UNDERSTAND AND AGREE THAT THE SERVICE IS PROVIDED ON AN “AS IS” AND “AS AVAILABLE” BASIS. APPLE AND ITS AFFILIATES, SUBSIDIARIES, OFFICERS, DIRECTORS, EMPLOYEES, AGENTS, PARTNERS AND LICENSORS EXPRESSLY DISCLAIM ALL WARRANTIES OF ANY KIND, WHETHER EXPRESS OR IMPLIED, INCLUDING BUT NOT LIMITED TO THE IMPLIED WARRANTIES OF MERCHANTABILITY, FITNESS FOR A PARTICULAR PURPOSE, AND NON-INFRINGEMENT. IN PARTICULAR, APPLE AND ITS AFFILIATES, SUBSIDIARIES, OFFICERS, DIRECTORS, EMPLOYEES, AGENTS, PARTNERS AND LICENSORS MAKE NO WARRANTY THAT (I) THE SERVICE WILL MEET YOUR REQUIREMENTS; (II) YOUR USE OF THE SERVICE WILL BE TIMELY, UNINTERRUPTED, SECURE OR ERROR-FREE; (III) ANYINFORMATION OBTAINED BY YOU AS A RESULT OF THE SERVICE WILL BE ACCURATE OR RELIABLE; AND(IV) ANY DEFECTS OR ERRORS IN THE SOFTWARE PROVIDED TO YOU AS PART OF THE SERVICE WILL BE CORRECTED.APPLE DOES NOT REPRESENT OR GUARANTEE THAT THE SERVICE WILL BE FREE FROM LOSS, CORRUPTION, ATTACK, VIRUSES, INTERFERENCE, HACKING, OR OTHER SECURITY INTRUSION, AND APPLE DISCLAIMS ANY LIABILITY RELATING THERETO."
iCloud.docx,36,Autor,uncle 4,"SOME JURISDICTIONS DO NOT ALLOW THE EXCLUSION OR LIMITATION OF LIABILITY BY SERVICE PROVIDERS. TO THE EXTENT SUCH EXCLUSIONS OR LIMITATIONS ARE SPECIFICALLY PROHIBITED BY APPLICABLE LAW, SOME OF THE EXCLUSIONS OR LIMITATIONS SET FORTH BELOW MAY NOT APPLY TO YOU."
iCloud.docx,37,Autor,ltd -1,"YOU EXPRESSLY UNDERSTAND AND AGREE THAT APPLE AND ITS AFFILIATES, SUBSIDIARIES, OFFICERS, DIRECTORS, EMPLOYEES, AGENTS, PARTNERS AND LICENSORS SHALL NOT BE LIABLE TO YOU FOR ANY DIRECT, INDIRECT, INCIDENTAL, SPECIAL, CONSEQUENTIAL OR EXEMPLARY DAMAGES, INCLUDING, BUT NOT LIMITED TO, DAMAGES FOR LOSS OF PROFITS, GOODWILL, USE, DATA, COST OF PROCUREMENT OF SUBSTITUTE GOODS OR SERVICES, OR OTHER INTANGIBLE LOSSES (EVEN IF APPLE HAS BEEN ADVISED OF THE POSSIBILITY OF SUCH DAMAGES), RESULTING FROM: (I) THE USE OR INABILITY TO USE THE SERVICE (II) ANY CHANGES MADE TO THE SERVICE OR ANY TEMPORARY OR PERMANENT CESSATION OF THE SERVICE OR ANY PART THEREOF; (III) THE UNAUTHORIZED ACCESS TO OR ALTERATION OF YOUR TRANSMISSIONS OR DATA; (IV) THE DELETION OF, CORRUPTION OF, OR FAILURE TO STORE AND/OR SEND OR RECEIVE YOUR TRANSMISSIONS OR DATA ON OR THROUGH THE SERVICE; (V) STATEMENTS OR CONDUCT OF ANY THIRD PARTY ON THE SERVICE; AND (VI) ANY OTHER MATTER RELATING TO THE SERVICE."
iCloud.docx,38,Autor,ind 0,"You agree to defend, indemnify and hold Apple, its affiliates, subsidiaries, directors, officers, employees, agents, partners, contractors, and licensors harmless from any claim or demand, including reasonable attorneys’ fees, made by a third party, relating to or arising from: (a) any Content you submit, post, transmit, or otherwise make available through the Service; (b) your use of the Service; (c) any violation by you of this Agreement; (d) any action taken by Apple as part of its investigation of a suspected violation of this Agreement or as a result of its finding or decision that a violation of this Agreement has occurred; or (e) your violation of any rights of another. "
iCloud.docx,39,Autor,c_law -1; c_forum -1,"Except to the extent expressly provided in the following paragraph, this Agreement and the relationship between you and Apple shall be governed by the laws of the State of California, excluding its conflicts of law provisions. You and Apple agree to submit to the personal and exclusive jurisdiction of the courts located within the county of Santa Clara, California, to resolve any dispute or claim arising from this Agreement. If (a) you are not a U.S. citizen; (b) you do not reside in the U.S.; (c) you are not accessing the Service from the U.S.; and (d) you are a citizen of one of the countries identified below, you hereby agree that any dispute or claim arising from this Agreement shall be governed by the applicable law set forth below, without regard to any conflict of law provisions, and you hereby irrevocably submit to the non-exclusive jurisdiction of the courts located in the state, province or country identified below whose law governs:If you are a citizen of any European Union country or Switzerland, Norway or Iceland, the governing law and forum shall be the laws and courts of your usual place of residence."
iCloud.docx,41,Autor,inter 0,"in a manner consistent with applicable law to reflect, as nearly as possible, the original intentions of the parties"
iCloud.docx,40,Autor,sever 0,"If any part of this Agreement is held invalid or unenforceable, that portion shall be construed in a manner consistent with applicable law to reflect, as nearly as possible, the original intentions of the parties, and the remaining portions shall remain in full force and effect. "
iCloud.docx,42,Autor,docu 3,Apple’s Privacy Policy
HBO GO.docx,0,Autor,what,"HBO Europe s.r.o. with its registered office at Jankovcova 1037/49, Praha 7, Postcode: 170 00, the Czech Republic, registered in the commercial register administered by the City Court in Praha, Section C, Insert 29418 (hereinafter ”HBO”) provides (i) an on demand audiovisual media service; and (ii) the linear audiovisual media services: HBO, HBO2 and HBO3 channels, currently jointly known as “HBO GO”, to be made available at www.hbogo.pl or another website or application designated by HBO (hereinafter the ”Website”) with the linear and on-demand content as applicable (hereinafter the ”Service”)."
HBO GO.docx,1,Autor,acc_del 0,"HBO has the right to refuse to enter into an agreement, or immediately terminate an agreement with a User if the User has previously breached HBO's User Terms and Conditions"
HBO GO.docx,2,Autor,docu 1,Personal Data Policy 
HBO GO.docx,3,Autor,what,"On the Website the Service contains movies, series, documentaries and other programs available:as the live channels: “HBO”, “HBO2” and “HBO3” channels (the “Channels”); andon-demand basis included by HBO at its sole discretion from time to time."
HBO GO.docx,4,Autor,serv_chg -1,"The Service and its content may therefore, in the future from time to time be replaced, modified or updated."
HBO GO.docx,6,Autor,uncle 1,unless applicable law requires otherwise.
HBO GO.docx,5,Autor,pato,". Changes, modifications to, or updates of, the on-demand content of the Service and other changes to the appearance of the Website are not to be deemed to constitute a modification of the Agreement or the Service unless applicable law requires otherwise."
HBO GO.docx,7,Autor,what,"Most of the programming included in the Service is available in Polish language (either voiced-over or dubbed and/or subtitled), however some programming may only be available in original language."
HBO GO.docx,8,Autor,price_chg 0,HBO may introduce different tiers of the Service with different pricing in the future.
HBO GO.docx,9,Autor,core,"For a monthly fee, the User may subscribe and obtain access to the full content of the Service or selected tier of the Service, if made available."
HBO GO.docx,10,Autor,acc_del 0,"In the event HBO has cause to believe that the Log-On Information has been disclosed or in some other manner is being misused by unauthorised persons, HBO shall be entitled to immediately terminate the Agreement in accordance with section 12.4 (c)."
HBO GO.docx,11,Autor,disc -1,. HBO shall be entitled from time to time to determine which device that is to be regarded as approved based on current technical development and standards. 
HBO GO.docx,12,Autor,pato,HBO shall be entitled from time to time to determine which device that is to be regarded as approved based on current technical development and standards. HBO does not provide its own devices and assumes no responsibility for any approved device’s performance or its continuous compatibility with the Service and updates thereof.
HBO GO.docx,13,Autor,contr_chg -1,"HBO may implement rules regarding the frequency with which registered, approved devices may be changed by the User. Information regarding such rules shall be communicated to the User in accordance with section 11 below. "
HBO GO.docx,14,Autor,uncle 2,To the extent permitted by the applicable law
HBO GO.docx,15,Autor,acc_sus 0; acc_del 0,"If payment is not made on time, HBO shall also be entitled to suspend or limit the User's access to the Service immediately. HBO shall also be entitled to terminate the Agreement immediately if the delay in payment exceeds twenty (20) days."
HBO GO.docx,16,Autor,disc -1,or unsuitable purpose
HBO GO.docx,17,Autor,acc_del 0,"Use of the Service in violation of this section 7 shall at all times be deemed to constitute a material breach of Agreement which may result in HBO terminating the Service with immediate effect (see, further, section 12)."
HBO GO.docx,18,Autor,contr_chg -1,User hereby expressly acknowledges that HBO has a right to change the fees and other clauses of the Terms and Conditions to a reasonable extent.
HBO GO.docx,19,Autor,serv_chg -1,User hereby expressly acknowledges that HBO has a right to make significant changes to the content covered by the Service to reasonable extent. 
HBO GO.docx,20,Autor,pato,"For the purpose of section 9.2, a change which relates to the content is significant where the volume of the content covered by the Service is drastically reduced or the overall orientation of the content is significantly changed. The expiry or termination of a license for a certain program or series, or the decision not to produce or include further seasons of a certain series shall not be deemed a significant change. The significant change shall be only such change, which will result in significant decrease of the titles of the films and/or series included in the Service. The significant decrease shall mean the decrease by 50% or more of all titles of films and/or series on the overall content covered by the Service."
HBO GO.docx,21,Autor,uncle 3,in compliance with the applicable laws
HBO GO.docx,22,Autor,acc_del 0,"Subject to what is prescribed above, HBO shall be entitled to terminate the Agreement with immediate effect and at the same time make the Service immediately unavailable to the User in the event that:the User is delayed in making payment for a period of not less than twenty (20) days;there are reasonable grounds to assume that the User is insolvent;the User abuses the Trial Period, the Promotion Period or its terms;there is unauthorised use of the Service or there are reasonable grounds to assume that such unauthorised use is occurring;the User has tried to use a Trial Period on more than one (1) occasion during any twelve (12) month consecutive period;, orthe User has in some other manner committed a material breach of the Agreement, or repeated breach of the Agreement."
HBO GO.docx,23,Autor,period -1,"The User shall notify HBO on any disruptions, outages and other faults as soon as possible, and not later than seven days following their occurrence, to be entitled to any compensation in accordance with Section 15.2 hereof. "
HBO GO.docx,24,Autor,ltd_cap -1,"In respect of such disruptions, outages and other faults for which HBO bears responsibility under section15.1 and resulting in the Service being unusable for a continuous period exceeding 24 hours, Users who request it, shall be entitled to receive a proportional reduction in the fee. If the disruptions, outages and other faults for which HBO bears responsibility under section 15.1, result in the Service being unusable for period exceeding (i) three consecutive days, or (ii) ten days in total during any calendar month, User may terminate the subscription agreement with retroactive effect as of the last payment (billing) date (the “Termination Date”) and request the refund of the monthly subscription fee paid for the month after the Termination Date. In addition, Users may request compensation of costs reasonably spent for making a justified claim under this Section 15.2. within one month following the deadline for making such claim. "
HBO GO.docx,25,Autor,ind 0,"The User consents to compensate and hold HBO, its subsidiaries, employees, board members and licensors harmless for any losses, expenses or demands arising as a result of, or in conjunction with, the User's breach of the Agreement, the User's violation of applicable laws or the User's violations of third-party rights."
HBO GO.docx,26,Autor,tran 1,"HBO shall be entitled, with the prior consent of the User, to assign its rights, claims and obligations pursuant to the Agreement to another company within the same group or to a third party who may be reasonably expected to fulfil its obligations pursuant to the Agreement in a satisfactory manner. The User shall be entitled to assign the User's rights and obligations pursuant to the Agreement with prior HBO's consent."
HBO GO.docx,27,Autor,c_law -1,The Agreement is governed by the Czech Law
HBO GO.docx,28,Autor,uncle 4,You may also be entitled to certain consumer protection rights and other mandatory provisions under the laws of Polish jurisdiction
KAYAK.docx,0,Autor,docu,Privacy Policy
KAYAK.docx,1,Autor,contr_chg -1,We may modify these Terms for any reason—at any time—by posting a new version on Our Website
KAYAK.docx,2,Autor,acc_sus -1; acc_del -1,"We may, at our sole discretion, at any time and without advance notice or liability, suspend, terminate or restrict your access to any or all component(s) of Our Website. "
KAYAK.docx,3,Autor,ip -1,"When you provide us with Trips information or make a booking through KAYAK, you authorise us to make copies as we deem necessary in order to facilitate the storage and assimilation of the Trips information. By providing us Trips information, you represent and warrant that you have the right to give us an irrevocable, perpetual, non-exclusive, transferable, fully-paid, worldwide licence (with the right to freely sublicense) to use, copy, modify, reformat, translate, syndicate and distribute that Trips information that we receive from you for any purpose, including business, commercial, marketing, advertising, or otherwise, and to prepare derivative works of (or incorporate into other works) that Trips information. You may remove your Trips information from Trips at any time, but the licence that you have granted will remain in eﬀect. You understand that we do not control nor are"
KAYAK.docx,4,Autor,cnt_del -1; cnt_modr 0,". However, we reserve the right to review, edit, or delete any Trips information or your account at any time."
KAYAK.docx,5,Autor,as_is -1,"Our Website, all content and services provided on Our Website and all itineraries that you obtain through Trips are provided on an 'as-is' and 'as available' basis. Our content is largely generated in an automated fashion; errors can and do happen. We usually have many search results, but we are not comprehensive and do not display all available providers and oﬀers. Accordingly, we do not always display the lowest available price."
KAYAK.docx,7,Autor,uncle,to the extent permitted by law
KAYAK.docx,6,Autor,ltd -1,"We (together with our oﬃcers, directors, employees, representatives, shareholders, aﬃliates, and providers), to the extent permitted by law, hereby expressly exclude any responsibility and liability for (a) any loss or damages to, or viruses that may infect, your computer equipment or other property as the result of your access to Our Website, your downloading of any content from Our Website or your use of Trips or (b) any injury; death; loss; claim; act of god; accident; delay; or any direct, special, exemplary, punitive, indirect, incidental or consequential damages of any kind (including—without limitation— lost proﬁts or lost savings), whether based in contract, tort, strict liability or otherwise, that arise out of or is in any way connected with: (i) any use of Our Website, Trips or our content; (ii) any failure or delay (including—without limitation—the use of or inability to use any component of this Website for reservations or booking); or (iii) the performance ornon-performance by us or any Travel Provider, even if we have been advised of the possibility of damages to such parties or any other party. Some states or countries do not allow this limitation of liability, so the limitations above may not apply or apply only partially to you."
KAYAK.docx,8,Autor,uncle,"Some states or countries do not allow this limitation of liability, so the limitations above may not apply or apply only partially to you."
KAYAK.docx,9,Autor,ind 0,"Subject to these Terms, you will defend, indemnify and hold us and each of our oﬃcers, directors, employees and agents harmless from and against any claim, cause of action, liability, expense, loss or demand, including—without limitation—reasonable legal and accounting fees, arising out of, or in any way connected with your breach of these Terms"
KAYAK.docx,10,Autor,serv_chg -1; contr_chg -1,"We may change the site and these Terms at any time, in our sole discretion and without notice to you. "
KAYAK.docx,11,Autor,tran -1,"We may assign our rights and duties under these Terms without such assignment being considered a change to the Terms and without notice to you, provided your rights under these Terms are not prejudiced. "
KAYAK.docx,12,Autor,sever 0,"If we fail to act with respect to your breach or anyone else's breach on any occasion, we are not waiving our right to act with respect to future or similar breaches. If a court ﬁnds any of these Terms to be unenforceable or invalid, that Term will be enforced to the fullest extent permitted by applicable law and the other Terms will remain valid and enforceable. "
KAYAK.docx,13,Autor,uncle,To the extent permitted by law
KAYAK.docx,14,Autor,c_law -1,"the laws of Switzerland, without regard to its conﬂict of laws rules, will govern these Terms"
KAYAK.docx,15,Autor,c_forum -1,"you agree to ﬁle such action only in the courts of Zurich, Switzerland"
KAYAK.docx,16,Autor,uncle,"if you are a consumer, the law may allow you "
KAYAK.docx,17,Autor,uncle,To the extent permitted by law
KAYAK.docx,18,Autor,class -1,"you agree that any disputes, claims and causes of action arising out of or connected with Our Website and/or these Terms, will be resolved individually, without resort to any form of class action."
KAYAK.docx,19,Autor,sugg 0,"We encourage you to share your comments and questions with us here, but we may not be able to respond to all of them. Please note that we assume no responsibility for reviewing unsolicited ideas for our business (like product or advertising ideas) and will not incur any liability as a result of any similarities between those ideas and materials that may appear in future KAYAK products or services. Also, please remember that you are responsible for whatever material you submit, including its reliability, originality, and copyright. Please do not reveal trade secrets or other conﬁdential information in your messages. Any and all rights to materials submitted to us become the exclusive property of KAYAK. Furthermore, by submitting Feedback, you are granting us an irrevocable,"
PayPal.docx,0,Autor,docu,Fees page
PayPal.docx,1,Autor,docu,PayPal's Buyer Protection program
PayPal.docx,2,Autor,docu,PayPal's Seller Protection program
PayPal.docx,3,Autor,docu,Acceptable Use Policy
PayPal.docx,4,Autor,docu,Alternative Payment Methods Agreement
PayPal.docx,5,Autor,docu,Policy Update 
PayPal.docx,6,Autor,contr_chg -1,"We may revise this user agreement and any of the documents listed above from time to time. The revised version will be effective at the time we post it, unless otherwise noted. If our changes reduce your rights or increase your responsibilities we will post a notice on the Policy Updates page of our website and provide notice to you of at least two months. By continuing to use our services after any changes to this user agreement take effect, you agree to be bound by those changes. If you do not agree with any changes, you may close your account before the changes take effect."
PayPal.docx,7,Autor,docu ,Commercial Entity Agreements 
PayPal.docx,8,Autor,docu,Key Payment and Service Information 
PayPal.docx,9,Autor,acc_del 0,We may close your account at our convenience by providing you with 2 months’ prior notice. We may also close your account at any time if:You are in breach of this user agreement and/or we are otherwise entitled to close your account under this user agreement;You do not access your account for 3 years; orWe suspect that your account has been accessed without your authorization.
PayPal.docx,10,Autor,serv_chg -1,"In the event that we decide to discontinue any of our services or any portion or feature of our services for any reason, we will give you at least two months prior notice before discontinuing the service or feature, unless we determine in good faith that:"
PayPal.docx,17,Autor,serv_chg -1,"We may, at our discretion, impose limits on the amount and value of payments you can make, including money you send for purchases. You can view any sending limit by logging into your PayPal account. To lift your sending limit, you must follow the steps that we will notify to you or publish from time to time (which we may set out in your account overview)."
PayPal.docx,21,Autor,serv_chg -1,"We may, at our discretion, impose limits on the amount and value of payments you can receive, including money you receive for purchases. To lift your receiving limit, you must follow the steps that we will notify to you or publish from time to time (which we may set out in your account overview)."
PayPal.docx,22,Autor,docu,the PayPal Payouts Agreement 
PayPal.docx,27,Autor,docu,Chargeback fee table 
PayPal.docx,28,Autor,acc_sus 0,Place a hold on your PayPal account until sufficient funds become available in your PayPal account to cover the amount; or
PayPal.docx,32,Autor,acc_sus 0; acc_del 0,"Terminate this user agreement, limit your account, and/or close or suspend your account, immediately and without penalty to us;"
PayPal.docx,33,Autor,acc_sus 0,"Block your PayPal account and/or hold any funds in the reserve account (including, without limitation, for more than 180 days if so required by PayPal, where PayPal’s rights arise from your engagement in the restricted activity);"
PayPal.docx,36,Autor,acc_sus 0,"In our discretion, immediately upon such execution restrict the payer’s account;"
PayPal.docx,42,Autor,Ind 0,You must indemnify PayPal for actions related to your PayPal account and your use of the PayPal services.
PayPal.docx,43,Autor,ltd -1,"PayPal’s liability is limited with respect to your PayPal account and your use of the PayPal services. In no event shall PayPal be liable for:Direct or indirect lost profits; orAny special, incidental or consequential damages (including without limitation damages for loss of data or loss of business),arising out of or in connection with our websites, software, systems (including any networks and servers used to provide any of the PayPal services) operated by us or on our behalf, any of the PayPal services, or this user agreement (however arising, including negligence), unless and to the extent prohibited by law."
PayPal.docx,44,Autor,ltd_cap -1,"in any circumstance is limited to the actual amount of direct damages (excluding direct loss of profits), unless and to the extent prohibited by law."
PayPal.docx,45,Autor,as_is -1,"The PayPal services are provided “as-is” and without any representation or warranty, whether express, implied or statutory. PayPal specifically disclaims any implied warranties of:"
PayPal.docx,47,Autor,ip 0 ,"PayPal does not claim ownership of the content that you provide, upload, submit or send to PayPal. Nor does PayPal claim ownership of the content you host on third-party websites or applications that use PayPal services to provide payments services related to your content. Subject to the next paragraph, when you provide content to the PayPal companies or post content using PayPal services, you grant PayPal (and parties that we work with) a non-exclusive, irrevocable, royalty-free, transferable, and worldwide license to use your content and associated intellectual property and publicity rights to help us improve, operate and promote our current services and develop new ones. PayPal will not compensate you for any of your content. You acknowledge that PayPal’s use of your"
PayPal.docx,49,Autor,tran -1,You may not transfer or assign any rights or obligations you have under this user agreement without PayPal’s prior written consent. PayPal may transfer or assign this user agreement or any right or obligation under this user agreement at any time.
PayPal.docx,50,Autor,c_law,"This user agreement and the relationship between us is governed by the laws of England and Wales. However, if you are a consumer, nothing in this Agreement shall deprive you of the protection granted by the provisions of Polish law which are mandatory (in particular those defining consumer rights)."
DoorDash.docx,0,Autor,what,"DoorDash, including its wholly-owned subsidiary Caviar, provides an online marketplace connection, using web-based technology that connects you and other consumers, restaurants and/or other businesses and independent delivery contractors (“Contractors”). DoorDash’s software permits consumers to place orders for food and/or other goods from various restaurants and businesses, either for delivery or pickup (the “Software”). Once a delivery order is made, the Software notiﬁes Contractors that a delivery opportunity is available and the Software facilitates completion of the delivery to the consumer. Once a pickup order is made, the Software communicates with the customer regarding the availability of the order for pickup. DoorDash is not a restaurant, delivery service, or food preparation business"
DoorDash.docx,1,Autor,contr_chg -1,"Subject to Section 12(k) of this Agreement, DoorDash reserves the right to modify the terms and conditions of this Agreement or its policies relating to the Software or Services at any time, effective upon posting of an updated version of this Agreement through the Services."
DoorDash.docx,2,Autor,docu 1,"collection, use, and disclosure of your personal information in accordance with DoorDash’s Privacy Policy, which is incorporated in this Agreement by reference. You also agree to abide by any "
DoorDash.docx,3,Autor,acc_sus 0; acc_del 0,"In the event that we believe or determine that you have breached any of the aforementioned, we reserve the right to suspend and/or permanently deactivate your account at our sole discretion."
DoorDash.docx,5,Autor,may infringe Annex 1(n) Directive 93/13,"You agree that DoorDash is not responsible for the Merchants’ food preparation or the safety of the food or whether the photographs or images displayed through the Services accurately reﬂect the food prepared by the Merchants and/or delivered by the Contractor, and does not verify Merchants’ compliance with applicable laws or regulations. DoorDash has no responsibility or liability for acts or omissions by any Merchant or Contractor"
DoorDash.docx,4,Autor,what,"You understand and agree that DoorDash provides a technology platform connecting you with independent food service providers and others that provide the products offered through the Services (“Merchants”), and independent third-party contractors who provide delivery services (“Contractors”). You acknowledge and agree that DoorDash does not itself prepare food or offer delivery services, and has no responsibility or liability for the acts or omissions of any Merchant or any Contractor. Merchant is the retailer; the services offered by DoorDash pursuant to this Agreement do not include any retail services or any food preparation services. DoorDash is not in the delivery business nor is it a common carrier.DoorDash provides a technology platform facilitating the transmission of orders by Users to Merchants for pickup or delivery by Contractors. DoorDash will not assess or guarantee the suitability, legality or ability of any Contractor or Merchant. You agree that DoorDash is not responsible for the Merchants’ food preparation or the safety of the food or whether the photographs or images displayed through the Services accurately reﬂect the food prepared by the Merchants and/or delivered by the Contractor, and does not verify Merchants’ compliance with applicable laws or regulations. DoorDash has no responsibility or liability for acts or omissions by any Merchant or Contractor."
DoorDash.docx,6,Autor,acc_sus 0; acc_del 0,"If you provide any information that is untrue, inaccurate, not current, or incomplete, or DoorDash has reasonable grounds to suspect that such information is untrue, inaccurate, not current, or incomplete, DoorDash has the right to suspend or terminate your account and refuse any and all current or future use of the Services (or any portion thereof)."
DoorDash.docx,7,Autor,ip -1; shad_ip,"You hereby grant DoorDash a perpetual, irrevocable, transferable, fully paid, royalty-free, non-exclusive, worldwide, fully sublicenseable right and license to use, copy, display, publish, modify, remove, publicly perform, translate, create derivative works, distribute and/or otherwise use the User Content in connection with DoorDash’s business and in all forms now known or hereafter invented (“Uses”), without notiﬁcation to and/or approval by you. "
DoorDash.docx,9,Autor,disc -1,we consider to be objectionable 
DoorDash.docx,8,Autor,cnt_del -1; acc_sus -1; acc_del -1; cnt_modr 0,"DoorDash reserves the right in its sole discretion to remove or disable access to any User Content from the Services, suspend or terminate your account at any time, or pursue any other remedy or relief available under equity or law if you post any User Content that violates this Agreement or any community or content guidelines we may publish or that we consider to be objectionable for any reason."
DoorDash.docx,10,Autor,sugg 0,"Feedback. You agree that any submission of any ideas, suggestions, and/or proposals to DoorDash through its suggestion, feedback, wiki, forum or similar pages (“Feedback”) is at your own risk and that DoorDash has no obligations (including without limitation, obligations of conﬁdentiality) with respect to such Feedback. You represent and warrant that you have all rights necessary to submit the Feedback and you hereby grant to DoorDash a perpetual, irrevocable, transferable, fully paid, royalty-free, non- exclusive, worldwide, fully sublicenseable right and license to use, copy, display, publish, modify, remove, publicly perform, translate, create derivative works, distribute and/or otherwise use such Feedback."
DoorDash.docx,11,Autor,may infringe Annex 1(d) Directive 93/13,"No Refunds. Charges paid by you for completed and delivered orders are ﬁnal and non-refundable. DoorDash has no obligation to provide refunds or credits, but may grant them, in each case in DoorDash’s sole discretion."
DoorDash.docx,12,Autor,docu 2,DoorDash’s Terms and Conditions for Promotional Offers and Credits 
DoorDash.docx,13,Autor,uncle 1,except to the extent prohibited under applicable law 
DoorDash.docx,14,Autor,price_chg 0,"DoorDash may change the fees for our Services as we deem necessary or appropriate for our business, including but not limited to Delivery Fees, Service Fees, Small Order Fees, and Surge Fees. DoorDash may also charge merchants fees on orders that you place through the Services, including commissions and other fees, and may change those merchant fees as we deem necessary or appropriate for our business or to comply with applicable law."
DoorDash.docx,15,Autor,docu 3,DoorDash’s Referral Program Terms and Conditions 
DoorDash.docx,16,Autor,uncle 2,ONLY TO THE EXTENT REQUIRED BY APPLICABLE LAW
DoorDash.docx,17,Autor,docu 4-7,Chase Sapphire Reserve®Chase Sapphire® & Chase Sapphire Preferred® Chase FreedomChase Slate
DoorDash.docx,18,Autor,serv_chg -1; price_chg 0,The DashPass prices and features may change in the future.
DoorDash.docx,19,Autor,acc_sus -1; acc_del -1,"DoorDash reserves the right to accept, refuse, suspend, or cancel your DashPass subscription at any time in its sole discretion. "
DoorDash.docx,20,Autor,uncle 3,except when required by applicable law
DoorDash.docx,21,Autor,arb 0,"You agree that any dispute or claim relating in any way to your access or use of the Services as a User of the Services, to any advertising or marketing communications regarding DoorDash or the Services, to any products or services sold or distributed through the Services that you received as a User of our Services, or to any aspect of your relationship or transactions with DoorDash as a User of our Services will be resolved by binding arbitration"
DoorDash.docx,22,Autor,class 0,"EXCEPT AS EXPRESSLY AGREED TO IN SECTION 12(G) OF THIS AGREEMENT, YOU AND DOORDASH AGREE TO WAIVE ANY RIGHT TO RESOLVE CLAIMS WITHIN THE SCOPE OF THIS ARBITRATION AGREEMENT ON A CLASS, COLLECTIVE, OR REPRESENTATIVE BASIS. ALL CLAIMS AND DISPUTES WITHIN THE SCOPE OF THIS ARBITRATION AGREEMENT MUST BE ARBITRATED ON AN INDIVIDUAL BASIS AND NOT ON A CLASS OR COLLECTIVE BASIS EXCEPT AS SET FORTH IN SECTION 12(G). CLAIMS OF MORE THAN ONE CUSTOMER OR USER CANNOT BE ARBITRATED OR LITIGATED JOINTLY OR CONSOLIDATED WITH THOSE OF ANY OTHER CUSTOMER OR USER EXCEPT AS SET FORTH IN SECTION 12(G)."
DoorDash.docx,23,Autor,may infringe Annex 1(n) Directive 93/13,"Third-Party Websites, Applications and Advertisements. The Services may contain links to third- party websites (“Third-Party Websites”) and applications (“Third-Party Applications”) and advertisements (“Third-Party Advertisements”) (collectively, “Third-Party Websites & Advertisements”). When you click on a link to a Third-Party Website, Third-Party Application or Third- Party Advertisement, DoorDash will not warn you that you have left DoorDash’s website or Services and will not warn you that you are subject to the terms and conditions (including privacy policies) of another website or destination. Such Third-Party Websites & Advertisements are not under the control of DoorDash. DoorDash is not responsible for any Third-Party Websites, Third-Party Applications or any Third-Party Advertisements. DoorDash does not review, approve, monitor, endorse, warrant, or make any representations with respect to such Third-Party Websites & Advertisements, or their products or services. You use all links in Third-Party Websites & Advertisements at your own risk. You should review applicable terms and policies, including privacy and data gathering practices of any Third-Party Websites or Third-Party Applications, and make whatever investigation you feel necessary or appropriate before proceeding with any transaction with any third party."
DoorDash.docx,24,Autor,docu 8,Social Media Community Guidelines
DoorDash.docx,25,Autor,ind 0,"You agree to indemnify and hold harmless DoorDash and its ofﬁcers, directors, employees, agents and afﬁliates (each, an “Indemniﬁed Party”), from and against any losses, claims, actions, costs, damages, penalties, ﬁnes and expenses, including without limitation, attorneys’ fees and expenses, that may be incurred by an Indemniﬁed Party arising out of, relating to or resulting from (a) your User Content; (b) your misuse of the Software or Services; (c) your breach of this Agreement or any representation, warranty or covenant in this Agreement; or (d) your violation of any applicable laws, rules or regulations through or related to the use of the Software or Services. In the event of any claim, allegation, suit or proceeding alleging any matter potentially covered by the agreements in this Section, you agree to pay for the defense of the Indemniﬁed Party, including reasonable costs and attorneys’ fees incurred by the Indemniﬁed Party. DoorDash reserves the right, at its own cost, to assume the exclusive defense and control of any matter otherwise subject to indemniﬁcation by you, in which event you will fully cooperate with DoorDash in asserting any available defenses. This provision does not require you to indemnify any Indemniﬁed Party for any unconscionable commercial practice by such party, or for such party’s negligence, fraud, deception, false promise, misrepresentation or concealment, suppression oromission of any material fact in connection with the Software or Services. You agree that the provisions in this section will survive any termination of your account, this Agreement, or your access to the Software and/or Services."
DoorDash.docx,26,Autor,uncle 4,TO THE FULLEST EXTENT OF LAW
DoorDash.docx,27,Autor,serv_chg -1,CHANGES ARE PERIODICALLY MADE TO THE SOFTWARE AND SERVICES AND MAY BE MADE AT ANY TIME WITHOUT NOTICE TO YOU. 
DoorDash.docx,28,Autor,as_is -1,"THE SOFTWARE AND SERVICES ARE PROVIDED ON AN “AS IS” BASIS WITHOUT WARRANTIES OF ANY KIND, EITHER EXPRESS OR IMPLIED, INCLUDING, BUT NOT LIMITED TO, WARRANTIES OF MERCHANTABILITY, FITNESS FOR A PARTICULAR PURPOSE AND NON-INFRINGEMENT"
DoorDash.docx,29,Autor,uncle 5,or as otherwise required by applicable law
DoorDash.docx,30,Autor,unlce 6,TO THE FULLEST EXTENT PERMITTED BY LAW
DoorDash.docx,31,Autor,ltd_cap -1,DOORDASH’S AGGREGATE LIABILITY SHALL NOT EXCEED THE GREATER OF AMOUNTS ACTUALLY PAID BY AND/OR DUE FROM YOU TO DOORDASH IN THE SIX (6) MONTH PERIOD IMMEDIATELY PRECEDING THE EVENT GIVING RISE TO SUCH CLAIM. 
DoorDash.docx,32,Autor,uncle 7,TO THE FULLEST EXTENT OF LAW
DoorDash.docx,33,Autor,ltd -1,"DOORDASH SHALL NOT BE LIABLE TO YOU OR ANYONE ELSE FOR ANY INDIRECT, PUNITIVE, SPECIAL, EXEMPLARY, INCIDENTAL, CONSEQUENTIAL OR OTHER DAMAGES OF ANY TYPE OR KIND (INCLUDING PERSONAL INJURY, LOST PROFITS, PAIN AND SUFFERING, EMOTIONAL DISTRESS, AND LOSS OF DATA, REVENUE, USE AND ECONOMIC ADVANTAGE)."
DoorDash.docx,34,Autor,c_forum -1,"To the extent the parties are permitted under this Agreement to initiate litigation in a court, both you and DoorDash agree that all claims and disputes arising out of or relating to the Agreement will be litigated exclusively in the state or federal courts located in San Francisco County if you are a California citizen or resident, and in the United States District Court for the District in which you reside if you are not a California citizen or resident."
DoorDash.docx,35,Autor,serv_chg -1; acc_sus -1; acc_del -1,"at its sole discretion, DoorDash may modify or discontinue the Software or Service, or may modify, suspend or terminate your access to the Software or the Services, for any reason, with or without notice to you and without liability to you or any third party. "
DoorDash.docx,36,Autor,c_law -1,"This Agreement is governed by the laws of the State of Delaware consistent with the Federal Arbitration Act, without giving effect to any principles that provide for the application of the law of any other jurisdiction."
DoorDash.docx,37,Autor,sever 0,"Except as otherwise provided in this Agreement, if any provision of this Agreement is found to be invalid, the invalidity of such provision shall not affect the validity of the remaining provisions of this Agreement, which shall remain in full force and effect."
DoorDash.docx,38,Autor,uncle 8,to the fullest extent permitted by law
DoorDash.docx,39,Autor,tran -1,"This Agreement, and any rights and licenses granted hereunder, may not be transferred or assigned by you, but may be assigned by DoorDash without restriction."
PayPay.docx,0,Autor,as_is -1,Our Company disclaims any warranty that the contents of services provided by Our Company is free of any defects and bugs.
PayPay.docx,1,Autor,serv_chg -1,"Further, Our Company may, without giving any prior notice to the users, change contents or speciﬁcations of services, or suspend or discontinue the provision thereof."
PayPay.docx,2,Autor,pato,"Our Company prohibits members of anti-social force (including any person who was such member at any point in its past) and their aﬃliates, persons who are likely to launder money or otherwise abuse services, or users who bring troubles on third parties from utilising services."
PayPay.docx,3,Autor,disc -1,; infringes any rights of Our Company or a third party; brings any trouble on a third party; or is otherwise inappropriate
PayPay.docx,4,Autor,pato,"Act of posting etc. of enquiries or complaints relating to Our Companyʼs services, function of such services, and accuracy of information provided by such services."
PayPay.docx,5,Autor,disc -1,Act of posting etc. of something containing any contents which is or may be against a subject or purpose of Our Companyʼs services.
PayPay.docx,6,Autor,ind 0,"In the event that Our Company has borne any cost or paid any compensation in connection with the complaint caused by a userʼs act, such user shall bear the cost, compensation, etc. which Our Company has paid (including attorney fees which Our Company has paid)."
PayPay.docx,7,Autor,ip -1,"A user is deemed to grant Our Company a non-compensatory and non-exclusive right of utilisation (including duplicating, screening, publicly transmitting, exhibiting, distributing, transferring, lending, translating, adapting and publishing) of the contents which such user has made posting etc., inside or outside of Japan with no time limit (including right to sublicense).Further, such users shall not exercise a moral right of author."
PayPay.docx,8,Autor,shad_ip ,"Further, such users shall not exercise a moral right of author."
PayPay.docx,9,Autor,cnt_modr 0; cnt_del 0; acc_sus 0; acc_del 0,"Our Company may, in order to properly operate the services which it provides, in the event that it falls into any of the following items, implement measures such as deleting any data or contents, denying utilisation of all or part of Our Companyʼs services, deleting any userʼs Account, or any other measures which Our Company reasonably determines it is necessary and appropriate, without any prior notice"
PayPay.docx,10,Autor,cnt_retr -1,"Further, if any userʼs Account is deleted, PayPay Balance, usage history and any and all other rights and information of such user recorded in such Account will be erased."
PayPay.docx,11,Autor,disc -1,or Our Company determines that there is a suspicion thereof
PayPay.docx,12,Autor,acc_del 1,"In the case of the passage of ten (10) years commencing on the date on which the latest change has occurred on a userʼs PayPay Balance (meaning what stipulated in these Terms of Use, Part 2, Chapter 1, Article 1, item 13); provided, however, that if such userʼs Account will be deleted for this cause, Our Company will give a notice to such user in advance.In the event that such user passed away.In the event that such user utilises more than two Accounts in order to unduly acquire the beneﬁt given by a campaign etc.In the event that Our Companyʼs service is utilised for any wrongdoing such as money laundering etc., or in the event that Our Company determines that there is a suspicion thereof.When true and accurate information is not registered, such as when the account registration information is not the latest informationIn the event that Our Company determines that it is diﬃcult to sustain the contract between Our Company and such user, such as the case that a trust relationship between such user has lost, etc."
PayPay.docx,13,Autor,as_is -1,"Our Company disclaims any warranty on the following items. A user must, when it utilises Our Companyʼs services, evaluate by itself a usefulness etc. of the information or services provided via Our Companyʼs services, and utilise it on its own responsibility."
PayPay.docx,14,Autor,ltd 0,Our Company assumes liability to compensate damage within the damages ordinarily incurred from it 
PayPay.docx,15,Autor,ltd_cap -1,"and up to the amount of the Charge in the case of paid services (or, in the case of continuing services, equivalent to the amount for one (1) month), except for the cases that it is caused by Our Companyʼs willful misconduct or gross negligence"
PayPay.docx,16,Autor,may infringe Annex 1(n) Directive 93/13,"Our Company never makes any warranty and assumes any responsibility on quality, trustworthiness, adequateness, etc. of the Mini-Application."
PayPay.docx,17,Autor,serv_chg -1,Our Company reserves a right to delete or discontinue the Mini-Application which is available on PayPay application pursuant to these Terms of Use at Our Companyʼs discretion without giving any notice to users.
PayPay.docx,18,Autor,contr_chg -1,"Our Company may, if it determines that it is necessary, revise these Terms of Use at any time without giving any prior notice to users; provided, that if it materially aﬀects the active users, Our Company will take a reasonable prior notice period in advance."
PayPay.docx,19,Autor,c_law -1,"These Terms of Use are governed by the laws of Japan with respect to its execution, validity and construction."
PayPay.docx,20,Autor,c_forum -1,The Tokyo District Court has exclusive jurisdiction for the ﬁrst-instance over any dispute that arises between Our Company and users caused by or in connection with Our Companyʼs services (including posted contents and advertisements) or software.
PayPay.docx,21,Autor,sever 0,"In the event that any provision in these Terms of Use goes against the related laws and regulations which apply to contracts with users based on these Terms of Use, such provision will not apply to such contract with users only to such extent; provided, in such a case, it will not aﬀect the validity of other provisions in these Terms of Use."
Discord.docx,0,Autor,docu 1,Privacy Policy 
Discord.docx,1,Autor,contr_chg -1,"The Company reserves the right to update these Terms, which we may do for reasons that include, but are not limited to, complying with changes to the law or reflecting enhancements to Discord"
Discord.docx,2,Autor,what,The Service provides a chat and social platform. The Service may allow you to participate in public and private chat rooms and to utilize messaging features to communicate with other users of the Service
Discord.docx,3,Autor,serv_chg -1,"The Company reserves the right to modify or discontinue, temporarily or permanently, the Service (or any part thereof) with or without notice. "
Discord.docx,4,Autor,pato,"The Company reserves the right to refuse any user access to the Services without notice for any reason, including but not limited to a violation of the Terms"
Discord.docx,5,Autor,acc_sus 0; acc_del 0,"If you violate these Terms, the Company reserves the right to issue you a warning regarding the violation or immediately terminate or suspend any or all Accounts you have created using the Service. You agree that the Company need not provide you notice before terminating or suspending your Account(s), but it may do so."
Discord.docx,6,Autor,pato,"We reserve the right to reject any username or to terminate your username or prevent use of a username in our sole discretion, and without any liability to you"
Discord.docx,7,Autor,pato,"By using the Service or providing information to us, you agree that we may communicate with you electronically regarding security, privacy, and administrative issues relating to your use of the Service, and that all agreements, notices, disclosures, and other communications that Discord provides to you electronically satisfy any legal requirements that such communications be in writing."
Discord.docx,8,Autor,ip 0,", you grant to us a perpetual, nonexclusive, transferable, royalty-free, sublicensable, and worldwide license to use, host, reproduce, modify, adapt, publish,translate, create derivative works from, distribute, perform, and display Your Content in connection with operating and providing the Service."
Discord.docx,9,Autor,cnt_del -1; cnt_modr 0; pato,The Company reserves the right to remove and permanently delete Your Content from the Service with or without notice for any reason or no reason.
Discord.docx,10,Autor,acc_del -1; acc_sus -1,"The Company may also terminate or suspend your access to any Communication Channels at any time, without notice, for any reason."
Discord.docx,11,Autor,docu 2,Community Guidelines 
Discord.docx,12,Autor,disc -1,"we reserve the right to determine what conduct we consider to be a violation of the Terms, Community Guidelines or improper use of the Service "
Discord.docx,13,Autor,sugg 0,"We appreciate hearing from our users and welcome your comments regarding the Service. If you choose to provide feedback, comments or suggestions for improvements to the Service or otherwise (in written or oral form) (“Feedback”), you represent and warrant that (a) you have the right to disclose the Feedback, (b) the Feedback does not violate the rights of any other person or entity, and (c) your Feedback does not contain the confidential or proprietary information of any third party or parties.By sending us any Feedback, you further (i) agree that we are under no obligation of confidentiality, express or implied, with respect to the Feedback, (ii) acknowledge that we may have something similar to the Feedback already under consideration or in development, (iii) grant us anirrevocable, non-exclusive, royalty-free, perpetual, worldwide license to use, modify, prepare derivative works from, publish, distribute and sublicense the Feedback, and (iv) irrevocably waive, and cause to be waived, against Discord and its users any claims and assertions of any moral rights contained in such Feedback. This Feedback section shall survive any termination of your account or the Services.All rights in this section are granted without the need for additional compensation of any sort to you."
Discord.docx,14,Autor,may infringe Annex 1(n) Directive 93/13,"We use third-party services to help us provide the Service, but such use does not indicate that we endorse them or are responsible or liable for their actions. In addition, the Service may link to third-party websites to facilitate its provision of services to you. If you use these links, you will leave the Service. Please note that your use of such third-party services will be governed by the terms and privacy policy applicable to the corresponding third party. Some of these third-party websites may use Service Materials under license from us. We are not responsible for nor do we endorse these third-party websites or the organizations sponsoring such third-party websites or their products or services, whether or not we are affiliated with such third-party websites. You agree that we are not responsible or liable for any loss or damage of any sort incurred as a result of any such dealings you may have on or through a third-party website or as a result of the presence of any third-party advertising on the Service."
Discord.docx,15,Autor,acc_sus 0; acc_del 0,", the Company has adopted a policy of terminating, in appropriate circumstances and at the Company's sole discretion, users who are deemed to be repeat infringers. The Company may also at its sole discretion limit access to the Service and/or terminate the memberships of any users who infringe any intellectual property rights of others, whether or not there is any repeat infringement."
Discord.docx,16,Autor,acc_del -1," The Company may terminate your Account and your access to the Service (or, at the Company's sole option, applicable portions of the Service) at any time and for any reason. The Company is not required to provide you with any notice or warning prior to any such termination. "
Discord.docx,17,Autor,cnt_retr -1,"You may, as the result of termination, lose your Account and all information and data associated therewith, including without limitation your Virtual Currency and Virtual Goods, as applicable, and the Company is under no obligation to compensate you for any such loss."
Discord.docx,18,Autor,as_is -1,"THE SERVICES AND THE SERVICE MATERIALS ARE PROVIDED ""AS IS"" AND “AS AVAILABLE” WITHOUT WARRANTIES OF ANY KIND, EITHER EXPRESS OR IMPLIED, INCLUDING, BUT NOT LIMITED TO, IMPLIED WARRANTIES OF MERCHANTABILITY, FITNESS FOR A PARTICULAR PURPOSE, TITLE, AND NON-INFRINGEMENT"
Discord.docx,19,Autor,uncle 1,THE FOREGOING DISCLAIMERS SHALL APPLY TO THE EXTENT PERMITTED BY APPLICABLE LAW.
Discord.docx,20,Autor,uncle 2,TO THE MAXIMUM EXTENT PERMITTED BY LAW
Discord.docx,21,Autor,ltd -1,"IN NO EVENT WILL THE COMPANY, BE LIABLE TO YOU OR TO ANY THIRD PERSON FOR ANY CONSEQUENTIAL, INCIDENTAL, SPECIAL, PUNITIVE OR OTHER INDIRECT DAMAGES, INCLUDING ANY LOST PROFITS OR LOST DATA, ARISING FROM YOUR USE OF THE SERVICE OR OTHER MATERIALS ON, ACCESSED THROUGH OR DOWNLOADED FROM THE SERVICE, WHETHER BASED ON WARRANTY, CONTRACT, TORT, OR ANY OTHER LEGAL THEORY, AND WHETHER OR NOT THE COMPANY HAS BEEN ADVISED OF THE POSSIBILITY OF THESE DAMAGES"
Discord.docx,22,Autor,ltd_cap -1,THE COMPANY SHALL NOT BE LIABLE TO YOU FOR MORE THAN THE GREATER OF (A) THE AMOUNT YOU HAVE PAID TO US IN ACCORDANCE WITH THESE TERMS IN THE THREE (3) MONTHS IMMEDIATELY PRECEDING THE DATE ON WHICH YOU FIRST ASSERT A CLAIM OR (B) $100
Discord.docx,23,Autor,uncle 3,THE LIMITATIONS AND DISCLAIMERS IN THESE TERMS DO NOT PURPORT TO LIMIT LIABILITY OR ALTER RIGHTS THAT CANNOT BE EXCLUDED UNDER APPLICABLE LAW
Discord.docx,24,Autor,uncle 4,"SOME JURISDICTIONS DO NOT ALLOW THE EXCLUSION OF IMPLIED WARRANTIES OR LIMITATION OF LIABILITY FOR INCIDENTAL OR CONSEQUENTIAL DAMAGES, WHICH MEANS THAT SOME OF THE ABOVE DISCLAIMERS AND LIMITATIONS MAY NOT APPLY TO YOU. IN THESE JURISDICTIONS, DISCORD’S LIABILITY WILL BE LIMITED TO THE GREATEST EXTENT PERMITTED BY LAW."
Discord.docx,25,Autor,ind 0,"You agree to indemnify and hold the Company, harmless from and against any loss, liability, claim, demand, damages, costs and expenses, including reasonable attorney's fees, arising out of or in connection with (i) your use of and access to the Service; (ii) your violation of any term of these Terms; (iii) your violation of any third party right, including without limitation any copyright, property, or privacy right or any third party agreement; or (iv) any of Your Content or information in your Account or any other information you post or share on or through the Service. As used in this section, ""you"" shall include anyone accessing the Service using your password"
Discord.docx,26,Autor,virtu,"The Service may include an opportunity to obtain virtual currency (""Virtual Currency"") or virtual goods (""Virtual Goods"") that may require you to pay a fee using legal tender (that is, ""real money"") to obtain the Virtual Currency or Virtual Goods. Your purchase of Virtual Currency is final and is not refundable, exchangeable, transferable, except in the Company’s or the platform provider’s sole discretion. You may not purchase, sell, or exchange Virtual Currency outside the Service. Doing so is a violation of the Terms and may result in termination of your Account with the Service and/or legal action. The Company retains the right to modify, manage, control and/or eliminate Virtual Currency and/or Virtual Goods at its sole discretion. Prices and availability of Virtual Goods are subject to change without notice. We shall have no liability to you or any third party for the exercise of such rights. You shall have a limited, personal, non-transferable, non-sublicensable permission to use solely within the Service Virtual Goods and Virtual Currency that you have earned, purchased or otherwise obtained in a manner authorized by the Company. You have no other right, title or interest in or to any such Virtual Goods or Virtual Currency appearing or originating in the Service."
Discord.docx,27,Autor,pato,"Discord reserves the right, with or without prior notice, to: change descriptions or references to products and/or services; limit the available quantity of any product or service; honor, or refuse to honor, any coupon, coupon code, promotional code or other similar promotions; and/or refuse to provide any visitor to, or use of the Service with any product or service."
Discord.docx,28,Autor,pato,"If a product’s correct price is higher than the listed price, we will either confirm that we’ll provide the item at the price listed or cancel your order and notify you of such cancellation."
Discord.docx,29,Autor,pato,"We may, in our sole discretion, cancel your payment at any time by providing notice to you through your contact information or by a notice when you attempt to make a payment. We may cancel a payment or prevent you from initiating future payments for any reason"
Discord.docx,30,Autor,docu 3,refund policy 
Discord.docx,31,Autor,price_chg 0,"Discord may change the price for Nitro subscriptions from time to time, and will communicate any price changes to you in advance and, if applicable, how to accept those changes. Price changes for Nitro subscriptions will take effect at the start of the next subscription period following the date of the price change"
Discord.docx,32,Autor,uncle 5,As permitted by local law
Discord.docx,33,Autor,arb 0,"Binding Arbitration. Except as provided herein, if we cannot resolve a dispute informally, any dispute will be resolved only by binding arbitration to be held in the U.S. state in which you reside."
Discord.docx,34,Autor,?,For residents outside the United States
Discord.docx,35,Autor,uncle 6,unless Discord is specifically required to pay such fees under applicable law
Discord.docx,36,Autor,class 0,"Discord and you agree to resolve any dispute in an individual capacity, and not on behalf of, or as part of, any purported class, consolidated, or representative proceeding."
Discord.docx,37,Autor,uncle 7,To the maximum extent permitted by applicable law
Discord.docx,38,Autor,c_law -1,"By visiting or using the Service, you agree that the laws of the United States and the State of California, without regard to principles of conflict of laws and regardless of your location, will govern these Terms and any dispute of any sort that might arise between you and the Company."
Discord.docx,39,Autor,c_forum -1,"Any claim or dispute between you and the Company that arises out of or is related to the Service and is not subject to arbitration shall be decided exclusively by a court of competent jurisdiction located in San Francisco County, California, and you hereby consent to, and waive all defenses of lack of personal jurisdiction and forum non conveniens with respect to venue and jurisdiction in the state and federal courts of San Francisco County, California."
Discord.docx,41,Autor,inter 0,that the court should endeavor to give effect to the parties' intentions as reflected in the provision
Discord.docx,40,Autor,sever 0,"If any provision of these Terms is found by a court of competent jurisdiction to be invalid, the parties nevertheless agree that the court should endeavor to give effect to the parties' intentions as reflected in the provision, and the other provisions of these Terms shall remain in full force and effect."
Discord.docx,42,Autor,tran -1,"These Terms may not be assigned by you without the Company's prior written consent, but are freely assignable by the Company"
Discord.docx,43,Autor,inter -1,Interpretation. You agree that these Terms will not be construed against the Company by virtue of having drafted them.
Amazon.docx,0,Author,docu 1, Informacji o prywatności 
Amazon.docx,1,Author,docu 2,Informacji o plikach cookie i reklamie internetowej.
Amazon.docx,2,Author,uncle 1,"poza przypadkami, w których bezwzględnie obowiązujące przepisy prawa wymagać będą innej formy komunikacji."
Amazon.docx,3,Author,acc_del 0,Udzielone przez Amazon licencje na korzystanie z Usług Amazon ulegają rozwiązaniu w przypadku nieprzestrzegania przez Ciebie niniejszych Warunków Użytkowania lub Warunków świadczenia Usługi. 
Amazon.docx,5,Author,it should be included in the ToS,"naszych wytycznych lub zasad, których treść dostępna jest na naszej stronie internetowej."
Amazon.docx,4,Author,acc_del 1,"Zastrzegamy sobie prawo do odmowy świadczenia usługi lub zamknięcia konta w przypadku naruszenia przez Ciebie obowiązujących przepisów prawa, obowiązujących postanowień umownych, naszych wytycznych lub zasad, których treść dostępna jest na naszej stronie internetowej. Niezależnie od ograniczenia możliwości korzystania z usług lub zamknięcia konta, będziesz miał prawo w dalszym ciągu korzystać z dostępu do treści i usług nabytych przez Ciebie do tego momentu. Przed zakończeniem usługi powiadomimy Cię o tym z odpowiednim wyprzedzeniem."
Amazon.docx,6,Author,cnt_del 0; cnt_modr 0,"Zastrzegamy sobie prawo usunięcia lub edycji tego rodzaju treści (przy czym, o ile nie otrzymamy Formularza zgłoszenia, nie jesteśmy do tego zobowiązani). "
Amazon.docx,7,Author,ip -1; shad_ip,"W braku odmiennego wskazania przez Amazon, umieszczając na stronie jakiekolwiek treści lub nadsyłając materiały, udzielasz: (a) Amazon niewyłącznego, nieodpłatnego i w pełni przenoszalnego prawa (wraz z pełnym prawem do udzielania sublicencji) do korzystania, zwielokrotniania, modyfikowania, adaptacji, publikacji, tłumaczenia, dystrybucji i wyświetlania oraz tworzenia opracowań takich treści lub materiałów na całym świecie oraz na dowolnych nośnikach, a także (b) Amazon, sublicencjobiorcom i nabywcom praw Amazon - prawa do wykorzystywania, zgodnie z wyborem ww. podmiotów, nazwy bądź imienia i nazwiska podanego przez Ciebie w związku z zamieszczeniem danej treści. Niniejszy zapis nie stanowi podstawy przeniesienia autorskich praw osobistych."
Amazon.docx,9,Author,uncle 2,W zakresie dozwolonym przepisami prawa
Amazon.docx,10,Author,infringing Art. 16 of the Polish Law on copyright and related rights,", zobowiązujesz się nie wykonywać przysługującego Ci prawa do wskazywania Cię jako autora takich treści oraz prawa zgłaszania sprzeciwu wobec działań naruszających ich integralność."
Amazon.docx,8,Author,shad_ip,"Dokonane powyżej udzielenie praw ma charakter nieodwołalny przez cały okres ochrony praw własności intelektualnej przysługujących Ci wobec danej treści lub materiałów, na co niniejszym wyrażasz zgodę. W zakresie dozwolonym przepisami prawa, zobowiązujesz się nie wykonywać przysługującego Ci prawa do wskazywania Cię jako autora takich treści oraz prawa zgłaszania sprzeciwu wobec działań naruszających ich integralność. Wyrażasz zgodę na dokonanie wszelkich dalszych czynności koniecznych do nadania skuteczności powyższym prawom udzielonym przez Ciebie Amazon, w tym podpisanie, na wniosek Amazon, dodatkowych dokumentów."
Amazon.docx,11,Author,docu 3,pod tym linkiem.
Amazon.docx,12,Author,may infringe Annex 1(n) Directive 03/13; pato,"Działalność związaną z prowadzeniem sklepów, świadczeniem usług i sprzedażą produktów na niniejszej stronie prowadzą również podmioty inne niż Amazon. Ponadto, zamieszczamy odnośniki do stron internetowych podmiotów powiązanych i innych przedsiębiorców. Nie jesteśmy odpowiedzialni za badanie ani ocenę tych przedsiębiorców lub osób ani treści umieszczanych na ich stronach, jak również nie udzielamy jakichkolwiek gwarancji w odniesieniu do ich oferty. Amazon nie ponosi odpowiedzialności za działania którejkolwiek z powyższych osób lub jakichkolwiek innych osób trzecich, ani też za zamieszczane przez nie produkty lub treści."
Amazon.docx,13,Author,core,"Amazon umożliwia zewnętrznym sprzedawcom wystawianie i sprzedaż produktów na stronie Amazon.pl. W takim przypadku stosowna informacja jest każdorazowo zamieszczana na odpowiedniej stronie szczegółowej produktu. Jakkolwiek Amazon ułatwia zawieranie transakcji poprzez platformę Amazon Marketplace, nie występuje jako sprzedawca ani nabywca w odniesieniu do produktów oferowanych przez sprzedawcę. Amazon udostępnia platformę umożliwiającą sprzedawcom i nabywcom negocjowanie i realizację transakcji. W związku z powyższym, stronami umowy zawieranej w związku ze sprzedażą produktów osób trzecich są wyłącznie sprzedawca i nabywca. Amazon nie jest stroną takiej umowy oraz nie przyjmuje na siebie odpowiedzialności z jej tytułu lub w związku z nią, ani też nie występuje w roli agenta ani pośrednika sprzedawcy."
Amazon.docx,14,Author,docu 4, Gwarancji od a do z
Amazon.docx,16,Author,uncle 3,"Przepisy prawa obowiązujące w niektórych krajach nie zezwalają na zastosowanie wszystkich lub niektórych z powyższych ograniczeń. Jeżeli takie przepisy obowiązują w Twoim przypadku, wówczas niektóre lub wszystkie powyższe ograniczenia mogą nie mieć do Ciebie zastosowania oraz mogą Ci przysługiwać dodatkowe prawa."
Amazon.docx,15,Author,ltd 0,"W zakresie relacji z profesjonalistami (przedsiębiorcami), Amazon nie ponosi odpowiedzialności za (i) straty, które nie zostały spowodowane jakimkolwiek naruszeniem ze strony Amazon, oraz (ii) jakiekolwiek straty gospodarcze (w tym utratę zysków, przychodów, zamówień, spodziewanych oszczędności, danych lub wartości firmy oraz zmarnowane nakłady), oraz (iii) jakiekolwiek straty pośrednie lub następcze, których żadna ze stron nie mogła przewidzieć w chwili przystąpienia przez Ciebie do korzystania z Usług Amazon.Nie będziemy ponosić odpowiedzialności za jakiekolwiek opóźnienie w wykonaniu lub brak wykonania naszych zobowiązań wynikających z niniejszych warunków, jeżeli opóźnienie lub niewykonanie wynikać będzie z siły wyższej.Przepisy prawa obowiązujące w niektórych krajach nie zezwalają na zastosowanie wszystkich lub niektórych z powyższych ograniczeń. Jeżeli takie przepisy obowiązują w Twoim przypadku, wówczas niektóre lub wszystkie powyższe ograniczenia mogą nie mieć do Ciebie zastosowania oraz mogą Ci przysługiwać dodatkowe prawa.Żadne z niniejszych postanowień nie ogranicza ani nie wyłącza naszej odpowiedzialności za złożenie fałszywych oświadczeń ani za spowodowanie śmierci lub uszkodzenia ciała na skutek naszego zaniedbania lub umyślnego nieprawidłowego działania."
Amazon.docx,17,Author,c_law -1,Niniejsze warunki podlegają prawu Wielkiego Księstwa Luksemburga i zgodnie z nim winny być interpretowane
Amazon.docx,18,Author,c_forum 1,"Obie strony poddają się niewyłącznej jurysdykcji sądów okręgu Miasta Luksemburga, co oznacza, że w celu dochodzenia praw przysługujących Ci na podstawie przepisów o ochronie konsumentów w związku niniejszymi Warunkami Użytkowania możesz wystąpić z powództwem do sądu w Luksemburgu lub w państwie UE, w którym zamieszkujesz."
Amazon.docx,19,Author,pato,"Ze względu na to, że preferujemy rozstrzyganie zgłoszeń w bezpośrednim kontakcie z naszymi użytkownikami, nie uczestniczymy w procedurach alternatywnego rozstrzygania sporów konsumenckich. "
Amazon.docx,20,Author,what does it mean and who defines it?,w sposób niesprawiedliwy
Amazon.docx,21,Author,contr_chg 0,"możemy dokonać zmiany zasad polityki oraz warunków korzystania z Usług Amazon, w tym niniejszych Warunków Użytkowania i Warunków świadczenia Usługi, bądź ich dowolnej części, w dowolnym czasie z następujących przyczyn: z przyczyn natury prawnej lub regulacyjnej; ze względów bezpieczeństwa; w celu udoskonalenia istniejących funkcji lub uzupełnienia naszych Usług o dodatkowe funkcje; w celu wprowadzenia zmian wynikających z postępu technologicznego; wprowadzenia uzasadnionych korekt technicznych do naszych Usług; jak również w celu zapewnienia ciągłej dyspozycyjności naszych Usług. "
Amazon.docx,22,Author,serv_chg 0,"Z zastrzeżeniem tych samych warunków, zastrzegamy sobie prawo wprowadzania zmian do dowolnych Usług Amazon w dowolnym czasie."
Amazon.docx,23,Author,cnt_modr 0,"Po otrzymaniu skargi możemy podjąć stosowne działania, włącznie z usunięciem określonej informacji lub pozycji oraz, w stosownych okolicznościach, wykluczeniem sprawców wielokrotnych naruszeń. "
Amazon.docx,24,Author,acc_del 1,". Możemy zaprzestać udostępniania dowolnego Oprogramowania Amazon oraz zakończyć Twoje prawo do korzystania z dowolnego Oprogramowania Amazon w przypadku niezastosowania się przez Ciebie do dowolnego z niniejszych Warunków korzystania z Oprogramowania, Warunków Użytkowania lub dowolnych innych obowiązujących i wiążących Warunków świadczenia Usług. Przed zakończeniem usługi powiadomimy Cię o tym z odpowiednim wyprzedzeniem. "
Amazon.docx,26,Author,contrary to Art. 66[1] of the Polish Civil Code; pato,"Po złożeniu przez Ciebie zamówienia na zakup produktu od Amazon prześlemy Ci powiadomienie z potwierdzeniem otrzymania Twojego zamówienia i szczegółowym opisem zamówienia („Potwierdzenie Zamówienia”). Jeżeli korzystasz z określonych Usług Amazon (np. aplikacji mobilnych Amazon), Potwierdzenie Zamówienia może zostać umieszczone w Centrum Powiadomień na stronie internetowej. Potwierdzenie Zamówienia stanowi oświadczenie, że wpłynęło do nas Twoje zamówienie, nie stanowi natomiast przyjęcia złożonej przez Ciebie oferty zakupu zamówionych produktów lub usług. Przyjęcie Twojej oferty i zawarcie umowy sprzedaży zamówionego przez Ciebie produktu następuje dopiero z chwilą wysłania do Ciebie produktu oraz przesłania Ci wiadomości e-mail lub umieszczenia powiadomienia w Centrum Powiadomień na stronie internetowej, z potwierdzeniem wysyłki produktu do Ciebie („Potwierdzenie Wysyłki”). "
Amazon.docx,25,Author,core,"Składając zamówienie składasz Amazon ofertę nabycia produktu lub produktów wskazanych w Twoim zamówieniu. Po złożeniu przez Ciebie zamówienia na zakup produktu od Amazon prześlemy Ci powiadomienie z potwierdzeniem otrzymania Twojego zamówienia i szczegółowym opisem zamówienia („Potwierdzenie Zamówienia”). Jeżeli korzystasz z określonych Usług Amazon (np. aplikacji mobilnych Amazon), Potwierdzenie Zamówienia może zostać umieszczone w Centrum Powiadomień na stronie internetowej. Potwierdzenie Zamówienia stanowi oświadczenie, że wpłynęło do nas Twoje zamówienie, nie stanowi natomiast przyjęcia złożonej przez Ciebie oferty zakupu zamówionych produktów lub usług. Przyjęcie Twojej oferty i zawarcie umowy sprzedaży zamówionego przez Ciebie produktu następuje dopiero z chwilą wysłania do Ciebie produktu oraz przesłania Ci wiadomości e-mail lub umieszczenia powiadomienia w Centrum Powiadomień na stronie internetowej, z potwierdzeniem wysyłki produktu do Ciebie („Potwierdzenie Wysyłki”). Jeżeli w ramach realizacji Twojego zamówienia wysłana została więcej niż jedna przesyłka, wówczas dla każdej przesyłki możesz otrzymać oddzielne Potwierdzenie Wysyłki, a każde Potwierdzenie Wysyłki i odpowiadająca mu przesyłka stanowić będą odrębną umowę sprzedaży zawartą pomiędzy nami w odniesieniu do produktu lub produktów wskazanych w danym Potwierdzeniu Wysyłki. Podmiotem, z którym zawierasz umowę, jest Amazon EU SARL. "
Amazon.docx,27,Author,infringing Art. 9 Directive 2011/83/EU,a zwrot towarów poprzez nasze Centrum Zwrotów Online został dokonany we wskazanym poniżej terminie.
Amazon.docx,28,Author,docu 5,warunkach dotyczących zwrotu.
Amazon.docx,29,Author,pato,"Pomimo naszych najlepszych starań istnieje ryzyko, że w przypadku niewielkiej liczby artykułów widniejących w naszym katalogu ich ceny mogły zostać podane w sposób nieprawidłowy. Podczas realizacji Twojego zamówienia, przed przyjęciem od Ciebie płatności, zweryfikujemy prawidłowość podanej ceny. Jeżeli okaże się, że po naszej stronie wystąpił błąd, a prawidłowa cena produktu jest znacznie wyższa od ceny podanej na stronie internetowej, a różnica w cenie jest oczywistym błędem cenowym (błędem, który mógł być łatwo przez Ciebie zauważony), zwrócimy się do Ciebie przed dokonaniem wysyłki z pytaniem, czy wyrażasz wolę zakupu produktu za prawidłową cenę, lub aby poinformować Cię o anulowaniu Twojego zamówienia."
Amazon.docx,30,Author,uncle 4,. Powyższa sytuacja nie będzie miała wpływu na Twoje ustawowe prawa.
Amazon.docx,31,Author,…,Jako podmiot przywiązujący dużą wagę do prywatności
Amazon.docx,32,Author,ltd 0,"Stosujemy wszelkie dostępne nam środki w celu wykonywania usług będących przedmiotem niniejszych Warunków Sprzedaży. W sytuacji korzystania ze strony internetowej lub zawierania umowy sprzedaży pomiędzy Tobą a nami ponosimy odpowiedzialność za szkody, których wystąpienie jest możliwe do przewidzenia (normalne następstwa działania lub zaniechania). W zakresie współpracy z profesjonalistami (przedsiębiorcami) nie ponosimy odpowiedzialności za utratę zysków, utratę zleceń, utratę danych ani za pozostałe szkody pośrednie, których żadna ze stron nie mogła przewidzieć w chwili zawierania pomiędzy nami umowy sprzedaży produktów.Wskazane powyżej ograniczenie odpowiedzialności nie ma zastosowania w przypadku oszustwa lub rażącego zaniedbania z naszej strony, w sytuacji, w której doszło do uszkodzenia ciała, oraz w stosunku do odpowiedzialności powstałej na gruncie wadliwości produktów, jak również w przypadku zajęcia produktów na drodze prawnej oraz ich niezgodności ze specyfikacją (w tym wad ukrytych)."
Amazon.docx,33,Author,c_law -1,Niniejsze warunki podlegają prawu Wielkiego Księstwa Luksemburga 
Amazon.docx,34,Author,c_forum 1,"Obie strony poddają się niewyłącznej jurysdykcji sądów Okręgu Miasta Luksemburga, co oznacza, że w celu dochodzenia praw przysługujących Ci na podstawie przepisów o ochronie konsumentów w związku niniejszymi Warunkami sprzedaży możesz wystąpić z powództwem do sądu w Luksemburgu lub w państwie UE, w którym zamieszkujesz."
Amazon.docx,35,Author,"no contr_chg, as in this case sales contract is not a contract of indeterminate duration","Zastrzegamy sobie prawo do dokonywania w dowolnym czasie zmian zawartości naszej strony internetowej, jak również naszych zasad i warunków, w tym niniejszych Warunków Sprzedaży. "
Amazon.docx,36,Author,sever 0,"Jeżeli którekolwiek z postanowień niniejszych Warunkach sprzedaży zostanie uznane za nieważne, nieskuteczne lub niewykonalne z jakiejkolwiek przyczyny, będzie ono uznane za rozdzielne względem pozostałych postanowień i nie będzie wywierało wpływu na ważność ani wykonalność któregokolwiek z pozostałych postanowień."
Maya.docx,0,Autor,docu 1,the Privacy Policy available here http://plackal.in/terms-and- privacy-policy/. 
Maya.docx,1,Autor,contr_chg -1,We may update these Terms of Use from time to time and will notify You as and when We do so. 
Maya.docx,2,Autor,acc_sus 0; acc_del 0,"You provide any information that is untrue, inaccurate, not current or incomplete, or We have reasonable grounds to suspect that such information is untrue, inaccurate, not current or incomplete, We reserve the right to suspend or terminate Your account and refuse any and all current or future use of the Application (or any portion thereof) at any time."
Maya.docx,3,Autor,what,"The Company offers You a technology platform via the Application which facilitates You to update Your information to help You track Your period cycles (“Cycles”), flow duration and also help predict Your next Cycle contingent to the information update by You."
Maya.docx,4,Autor,serv_chg -1,"Further, any services provided by the Company may be subject to change at the discretion of the Company, and the Company does not require Your permission for the same."
Maya.docx,5,Autor,what,You may use our premium services by paying an amount as specified in the Application to avail exclusive premium services.
Maya.docx,6,Autor,may infringe Annex 1(d) Directive 93/13; pato,Any payments made to the Company in respect of premium services are non-refundable and there are no refunds or credits for partially used periods.
Maya.docx,7,Autor,price_chg 0,"The Company may at its discretion revise the amount payable in respect of premium services, and any services that may be applicable to premium Users. "
Maya.docx,8,Autor,ltd -1,"You expressly waive and release any claim that You may have against the Company or its directors, employees, agents, contractors, affiliates and representatives at any time for any health concerns issues of any kind that You may experience as a result of Your use of the Application."
Maya.docx,9,Autor,as_is -1,The Application and any content on it is provided on an “AS IS” basis.
Maya.docx,10,Autor,acc_sus -1; acc_del -1; ltd -1,"You agree that the Company may at any time and for any reason, terminate Your access to the Application, or restrict or suspend Your access to all or any part of the Application at any time, for any or no reason, with or without prior notice, and without liability. "
Maya.docx,11,Autor,may infringe Annex 1(d) Directive 93/13,The Company however does not offer any refunds.
Maya.docx,13,Autor,disc -1,"if the Company believes that You have breached any of these Terms, the Privacy Policy"
Maya.docx,12,Autor,acc_del 0; ltd -1,"Your account or Your access to the Application maybe terminated immediately, with or without notice to You, and without liability to You, if the Company believes that You have breached any of these Terms, the Privacy Policy, or any false or misleading information, or interfered with use of the Application by others."
Maya.docx,14,Autor,acc_del 0; disc -1,"The Company reserves the right to cancel delete or deactivate Your Account, if it believes the same has been compromised, or is being used fraudulently, at its own discretion."
Maya.docx,15,Autor,as_is -1,"All Material on this Application, (including but not limited to software) and services, included on or otherwise made available to You through this Application are provided on “AS IS” and “AS AVAILABLE” basis withoutany representation or warranties, express or implied except otherwise specified in writing. "
Maya.docx,16,Autor,ltd -1,"The Company will not be liable to You in any way or in relation to the Material, or use of, or otherwise in connection with the Application. "
Maya.docx,17,Autor,uncle 1,SUBJECT TO APPLICABLE LAWS
Maya.docx,18,Autor,ltd_cap -1,", IN NO EVENT WILL THE COMPANY OR ITS EMPLOYEES’, OR ITS AGENTS’, PARTNERS, AND CONTRACTORS’, AGGREGATE LIABILITY ARISING FROM OR RELATED TO THE AFORESAID SERVICES SHALL EXCEED THE PAYMENTS ACTUALLY RECEIVED AND RETAINED BY THE COMPANY FROM YOU, FOR ANY AND ALL CAUSES OF ACTION BROUGHT BY YOU OR YOUR AGENTS."
Maya.docx,19,Autor,uncle 2,"Some jurisdictions do not allow the exclusion of certain warranties or the limitation or exclusion of liability for incidental or consequential damages. Accordingly, in certain jurisdictions, some of the above limitations of liability may not apply to You; all other provisions of these Terms remain in full force and effect."
Maya.docx,20,Autor,ind 0,"You agree to defend, indemnify and hold harmless the Company, its subsidiaries, affiliates, subcontractors, officers, directors, employees, consultants, representatives and agents, from and against any and all claims, damages, obligations, losses, liabilities, costs or expenses (including but not limited to attorneys’ fees and costs) arising from:Your use of and access to the Application;Your violation of any Terms and the Privacy Policy contained herein;Your violation of any third party right, including without limitation any copyright, property, or privacy right."
Maya.docx,21,Autor,serv_chg -1,"We reserve the right at any time to modify, edit, delete, suspend or discontinue, temporarily or permanently the service or any of the Application (or any portion thereof) with or without notice. You agree that we will not be liable to You or to any third party for any such modification, editing, deletion, suspension or discontinuance of the Application."
Maya.docx,22,Autor,tran -1,"This Agreement and any rights and licenses granted hereunder, may not be transferred or assigned by You, but may be assigned by the Company without restriction."
Maya.docx,23,Autor,sever 0; inter 0,"If any provision of these Terms is found by a court of competent jurisdiction to be invalid, the Parties nevertheless agree that the court should endeavour to give effect to the Parties’ intentions as reflected in the provision, and the other provisions of this Agreement remain in full force and effect."
Maya.docx,24,Autor,c_law -1,These Terms are governed by the laws of India.
Maya.docx,25,Autor,c_forum -1,Any matters arising under these terms shall be subject to the exclusive jurisdiction of courts located in Bangalore.
TikTok.docx,0,Autor,what,TikTok is a leading platform for creating and sharing short-form videos (the “Platform”).
TikTok.docx,2,Autor,docu 1,Virtual Items Policy 
TikTok.docx,4,Autor,docu 2,Privacy Policy
TikTok.docx,3,Autor,recom -1,"The Service provides you with a customised “For You” page in which the Service selects videos to show you based on what the Service determines could be interesting for you. For further information, please see the Privacy Policy."
TikTok.docx,1,Autor,what,"The Services allow you to create, publish and share short-form videos and to consume videos other users have created and interact with those videos and other users.Create and share videos: In particular:You can record or import videos into the Services.You can edit videos and enrich them with ﬁlters and additional elements.You can also include content from other users in your videos, provided the creator of the respective video allows the use of their content for such purposes. Other users can use your content in their videos, if you allow the use of your content for such purposes.You can publish videos in the Services so that other users can consume your videos. Videos you publish publicly will be available in the App and on the Website.You can share your videos, or videos of others that have enabled sharing, via various messaging services and on third-party social media platforms (e.g. Instagram, Facebook, YouTube, Twitter) in accordance with the respective terms of service.You can enter a video description, tags and various privacy settings when publishing a video.You can enter a short biography text and proﬁle picture in your public user proﬁle.Subject to the conditions of our Virtual Items Policy you can live stream, use live streaming features, purchase coins and exchange coins for gifts (the “Live Stream Program”).Consume videos: You can consume videos of other users of the Services. In particular:You can consume videos that other users have shared publicly or by users you follow.The Service provides you with a customised “For You” page in which the Service selects videos to show you based on what the Service determines could be interesting for you. For further information, please see the Privacy Policy.The Service provides other ways to ﬁnd content for you to consume, e.g. a list of other users’ videos on their proﬁle, a search function, and category selection.You can watch live streams of other users.Interact with other users: You can interact with users’ content and other users. In particular:Direct messages: You can send direct messages to users if they follow you.Likes: You can like videos.Comments: Subject to users’ settings, you can post comments on their videos.Follows: You can follow users. If users restrict their proﬁle, you can only follow users if they approve your request to follow.“Find Friends” functionality: You can ﬁnd friends through your phone address book and through Facebook."
TikTok.docx,5,Autor,what,"Pro Accounts: You can also upgrade your user account to a free “Pro Account”. A Pro Account gives you access to additional features, such as aggregated statistics about your content. If you participate in the TikTok Creator Marketplace (“Marketplace”), you can use the Pro Account menu to access settings and manage requests relating to Marketplace functions."
TikTok.docx,6,Autor,docu 3,"Your access to and use of our Services is also subject to our Community Guidelines and our Virtual Items Policy, the terms of which can be found directly on the Platform, or where the Platform is made available "
TikTok.docx,7,Autor,serv_chg -1; contr_chg -1,"We may also amend these Terms from time to time, for instance when we update the functionality of the Services, or when there are regulatory changes that impact these Terms or the Services."
TikTok.docx,8,Autor,acc_sus -1; acc_del -1; cnt_modr 0,We reserve the right to temporarily or permanently suspend or terminate your user account or impose limits on or restrict your access to parts or all of the Services with or without notice at any time for any or no reason including:
TikTok.docx,9,Autor,uncle 1,Subject to any statutory rights you might have
TikTok.docx,10,Autor,cnt_retr -1,"if your account is temporarily or permanently suspended or terminated, access to your username, password, and any related information or content associated with youraccount may be suspended or terminated. As we do not guarantee the permanent availability of your content, you should make backups of any content you value."
TikTok.docx,11,Autor,acc_sus 0; acc_del 0,"incorporate the Platform or any portion thereof into any other program or product and, in such case, we reserve the right to refuse service, terminate accounts or limit access to the Services at our sole discretion;"
TikTok.docx,12,Autor,disc -1,"any material that, in the sole judgment of TikTok, is objectionable "
TikTok.docx,14,Autor,disc -1,"access to content if in our sole opinion the content violates or potentially violates these Terms or our Community Guidelines, third party rights (including intellectual property rights), applicable laws or regulations or is otherwise"
TikTok.docx,13,Autor,cnt_del 0,"We reserve the right, at any time and without prior notice, to permanently or temporarily remove or suspend access to content if in our sole opinion the content violates or potentially violates these Terms or our Community Guidelines, third party rights (including intellectual property rights), applicable laws or regulations or is otherwise harmful to the Services, our users or third-parties."
TikTok.docx,15,Autor,pato,"You acknowledge and agree that we may generate revenues, increase goodwill or otherwise increase our value from your use of the Services, including, by way of example and not limitation, through the sale of advertising, sponsorships, promotions, usage data and gifts and except as speciﬁcally permitted by us in these Terms or in another agreement you enter into with us, you will have no right to share in any such revenue, goodwill or value whatsoever. You further acknowledge that, except as speciﬁcally permitted by us in these Terms or in another agreement you enter into with us, you (i) have no right to receive any income or other consideration from any User Content (deﬁned below) or your use of any musical works, sound recordings or audiovisual clips made available to you on or through the Services, including in any User Content created by you, and (ii) are prohibited from exercising any rights to monetizeor obtain consideration from any User Content within the Services or on any third party service (including, without limitation, YouTube, Facebook, Instagram, Twitter or any other social media platform) to the extent that such User Content has been in any way edited or otherwise altered through the Services (including through the use of TikTok Elements (as deﬁned below))."
TikTok.docx,16,Autor,as_is -1,"We make no representations, warranties or guarantees, whether express or implied, that any TikTok Content (including User Content) is accurate, complete or up to date. "
TikTok.docx,17,Autor,may infringe Annex 1(n) Directive 93/13,"Where the Services contain links to other sites and resources provided by third parties, these links are provided for your information only. We have no visibility or control over the contents on or available through those sites or resources and you acknowledge and agree that we have no liability for any such content. Such links should not be interpreted as approval by us of those linked websites or information you may obtain on or through them. "
TikTok.docx,18,Autor,ind 0,and you will be liable to us and indemnify us for any breach of that warranty
TikTok.docx,19,Autor,ip -1; shad_ip,"but by submitting User Content via the Services, you hereby grant (i) to us and our afﬁliates, agents, services providers, partners and other connected third parties an unconditional irrevocable, non- exclusive, royalty-free, fully transferable (including sub-licensable), perpetual worldwide licence to use, modify, adapt, reproduce, make derivative works of, publish and/or transmit, and/or distribute and to authorise others users of the Services and other third-parties to view, access, use, download, modify, adapt, reproduce, make derivative works of, publish and/or transmit your User Content in any format and on any platform, either now known or hereinafter invented; (ii) to other users of the Services an unconditional irrevocable, non-exclusive, royalty-free, perpetual worldwide licence to use, modify, adapt, reproduce, make derivative works of, download, publishand/or transmit, and/or distribute some or all of your User Content in any format and on any platform, either now known or hereinafter invented for the purpose of generating other User Content or viewing your User Content for entertainment or other private, non-commercial purposes."
TikTok.docx,21,Autor,uncle 2,to the extent permitted by applicable law
TikTok.docx,22,Autor,uncle 3,to the extent permitted by applicable law
TikTok.docx,20,Autor,shad_ip,"Waiver of Rights to User Content. By posting User Content to or through the Services, you waive any rights to prior inspection or approval of any marketing or promotional materials related to such User Content. You also waive (to the extent permitted by applicable law) any and all rights of privacy, publicity, or any other rights of a similar nature in connection with your User Content, or any portion thereof. You hereby waive (to the extent permitted by applicable law) and agree never to assert any and all moral rights you may have in or with respect of any of the User Content you upload or otherwise make available through the Services, or to support, maintain or permit any action based on any such moral rights."
TikTok.docx,24,Autor,disc -1,that we consider to violate these Terms
TikTok.docx,23,Autor,cnt_del 0,"We have the right to remove, disallow, block or delete any posting you make on our Platform if, in our opinion, your post does not comply with the content standards set out at Section 7 (Your Use of Our Services) above. In addition, we have the right – but not the obligation – in our sole discretion to remove, disallow, block or delete any User Content (i) that we consider to violate these Terms, or (ii) in response to complaints from other users or third parties, with or without notice and without any liability to you. "
TikTok.docx,25,Autor,sugg 0,"While our own staff is continually working to develop and evaluate our own product ideas and features, we pride ourselves on paying close attention to the interests, feedback, comments, and suggestions we receive from the user community. If you choose to contribute by sending us or our employees any ideas for products, services, features, modiﬁcations, enhancements, content, reﬁnements, technologies, content offerings (such as audio, visual, games, or other types of content), promotions, strategies, or product/feature names, or any related documentation, artwork, computer code, diagrams, or other materials (collectively “Feedback”), then regardless of what your accompanying communication may say, the following terms will apply, so that the status of such Feedback is clearly understood by you and us. Accordingly, by sending Feedback to us, you agree that:we have no obligation to review, consider, or implement your Feedback, or to return to you all or part of any Feedback for any reason;Feedback is provided on a non-conﬁdential basis, and we are not under any obligation to keep any Feedback you send conﬁdential or to refrain from using or disclosing it in any way; andyou irrevocably grant us an unconditional, non-exclusive, royalty free, fully transferable (including sub-licensable), perpetual worldwide and unlimited license to adapt, reproduce, distribute, create derivative works of, modify, publicly perform (including on a through-to-the- audience basis), communicate to the public, make available, publicly display, and otherwise useand exploit the Feedback and derivatives thereof for any purpose and without restriction, free of charge and without attribution of any kind, including by making, using, selling, offering for sale, importing, and promoting commercial products and services that incorporate or embody Feedback, whether in whole or in part, and whether as provided or as modiﬁed."
TikTok.docx,26,Autor,ind 0,"You agree to defend, indemnify, and hold harmless TikTok, its parents, subsidiaries, and afﬁliates, and each of their respective ofﬁcers, directors, employees, agents and advisors from any and all claims, liabilities, costs, damages, losses and expenses (including, but not limited to, attorneys’ fees and expenses) arising out of or in connection with any breach by you (or any user of your account for any of the Services) of these Terms, including but not limited to a breach of your obligations, representation and warranties."
TikTok.docx,27,Autor,uncle 4,NOTHING IN THESE TERMS SHALL AFFECT ANY STATUTORY RIGHTS THAT YOU: (I) CANNOT CONTRACTUALLY AGREE TO ALTER OR WAIVE; AND (II) ARE LEGALLY ALWAYS ENTITLED TO AS A CONSUMER.
TikTok.docx,28,Autor,as_is -1,THE SERVICES ARE PROVIDED “AS IS” AND WE MAKE NO WARRANTY OR REPRESENTATION TO YOU WITH RESPECT TO THEM. IN PARTICULAR WE DO NOT REPRESENT OR WARRANT TO YOU THAT:
TikTok.docx,29,Autor,uncle 5,TO THE EXTENT ALLOWED UNDER APPLICABLE LAW
TikTok.docx,30,Autor,serv_chg -1,"WE MAY CHANGE, SUSPEND, WITHDRAW OR RESTRICT THE AVAILABILITY OF ALL OR ANY PART OF OUR PLATFORM FOR BUSINESS AND OPERATIONAL REASONS AT ANY TIME WITHOUT NOTICE."
TikTok.docx,31,Autor,uncle 6,NOTHING IN THESE TERMS SHALL EXCLUDE OR LIMIT OUR LIABILITY FOR LOSSES WHICH MAY NOT BE LAWFULLY EXCLUDED OR LIMITED BY APPLICABLE LAW
TikTok.docx,32,Autor,ltd -1,"SUBJECT TO THE PARAGRAPH ABOVE, WE SHALL NOT BE LIABLE TO YOU WHETHER IN CONTRACT, IN TORT (INCLUDING NEGLIGENCE), UNDER ANY STATUTE OR OTHERWISE UNDER OR IN CONNECTION WITH THESE TERMS OR THE PROVISION OR RECEIPT OF THE SERVICES FOR : (I) ANY LOSS OF PROFIT (II) ANY LOSS OF GOODWILL; (III) ANY LOSS OF OPPORTUNITY; (IV) ANY LOSS OF DATA; (V) ANY LOSS OF BUSINESS; (VI) ANY BUSINESS INTERRUPTION; (VII) ANY LOSS OF BUSINESS REPUTATION; OR (VIII) ANY INDIRECT OR CONSEQUENTIAL LOSSES OF WHATEVER NATURE."
TikTok.docx,33,Autor,ltd_cap -1,"SUBJECT TO THE FIRST PARAGRAPH OF THIS SECTION 12, OUR TOTAL AGGREGATE LIABILITY WHETHER IN CONTRACT, IN TORT (INCLUDING NEGLIGENCE), UNDER ANY STATUTE OR OTHERWISE UNDER OR IN CONNECTION WITH THESE TERMS AND THE PROVISION AND RECEIPT OF THE SERVICES WILL BE LIMITED TO THE HIGHER OF: (I) THE AMOUNT PAID BY YOU TO TIKTOK WITHIN THE 12 MONTH PERIOD IMMEDIATELY PRECEDING YOUR CLAIM AGAINST TIKTOK; OR (II) € 100.00."
TikTok.docx,34,Autor,pato,PLEASE NOTE THAT WE ONLY PROVIDE OUR PLATFORM FOR DOMESTIC AND PRIVATE USE. YOU AGREE NOT TO USE OUR PLATFORM FOR ANY COMMERCIAL OR BUSINESS PURPOSES UNLESS WE HAVE GRANTED EXPRESS WRITTEN CONSENT.
TikTok.docx,36,Autor,uncle 7,subject only to any applicable mandatory law in the country in which you reside
TikTok.docx,37,Autor,uncle 8 ,subject only to any applicable mandatory law in the country in which you reside or choice of jurisdiction provisions that cannot be varied by contract
TikTok.docx,35,Autor,c_law -1; c_forum 1,"Residents of the EEA and Switzerland. These Terms and any dispute or claim (including non-contractual disputes or claims) arising out of or in connection with their subject matter, are governed by the laws of Ireland subject only to any applicable mandatory law in the country in which you reside. The United Nations Convention on Contracts for the International Sale of Goods as well as any other similar law, regulation or statute in effect in any other jurisdiction shall not apply. You and TikTok agree that the Irish courts shall have non- exclusive jurisdiction to settle any dispute or claim (including non-contractual disputes or claims) arising out of or in connection with the Terms or their subject matter or formation subject only to any applicable mandatory law in the country in which you reside or choice of jurisdiction provisions that cannot be varied by contract. Alternatively, you may raise the dispute with an alternative dispute resolution body via the EU Commission’s Online Dispute Resolution (ODR) Platform."
TikTok.docx,38,Autor,docu 4,"software is subject to its own applicable license terms, which can be found in our Open Source Policy."
TikTok.docx,39,Autor,sever 0,"Severability. If any court of law, having jurisdiction to decide on this matter, rules that any provision of these Terms is invalid, illegal or unenforceable then that provision shall be removed from the Terms without affecting the rest of the Terms, and the remaining provisions of the Terms will continue to be valid and enforceable."
TikTok.docx,40,Autor,uncle 9,To the extent permitted by applicable law
TikTok.docx,41,Autor,uncle 10,To the maximumextent permitted by applicable law
Lyft.docx,0,Autor,docu 1,Community Guidelines
Lyft.docx,1,Autor,contr_chg -1,"Lyft reserves the right to modify the terms and conditions of this Agreement, and such modiﬁcations shall be binding on you only upon your acceptance of the modiﬁed Agreement. "
Lyft.docx,2,Autor,price_chg 0,Lyft has the authority and reserves the right to determine and modify pricing by posting applicable pricing terms toyour market’s Lyft Cities page or quoting you a price for a speciﬁc ride at the time you make a request.
Lyft.docx,3,Autor,docu 2,Driver Addendum
Lyft.docx,4,Autor,docu 3,participation in the Referral Program is subject to this Agreement and the additional Referral Program rules.
Lyft.docx,5,Autor,docu 4-6,You will not discriminate against Riders with disabilities and agree to review Lyft’s Anti- Discrimination Policies. You will make reasonable accommodation as required by law and our Service Animal Policy and Wheelchair Policy 
Lyft.docx,6,Autor,sugg 0,"You acknowledge and agree that any questions, comments, suggestions, ideas, feedback or other information (“Submissions”) provided by you to us are non-conﬁdential and shall become the sole property of Lyft. "
Lyft.docx,7,Autor,acc_del 0; cnt_modr 0,"Violation of any provision of this License may result in immediate termination of the License, "
Lyft.docx,8,Autor,docu 7,view our Copyright Policy f
Lyft.docx,9,Autor,as_is -1,"The Lyft Platform is provided on an “as is” basis and without any warranty or condition, express, implied or statutory"
Lyft.docx,10,Autor,uncle 1,To the fullest extent permitted by law
Lyft.docx,11,Autor,docu 8,www.lyft.com/terms/disclosures
Lyft.docx,12,Autor,ind 0,"You will defend, indemnify, and hold Lyft including our afﬁliates, subsidiaries, parents, successors and assigns, and each of our respective ofﬁcers, directors, employees, agents, or shareholders harmless from any claims, actions, suits, losses, costs, liabilities and expenses (including reasonable attorneys’ fees) relating to or arising out of your use of the Lyft Platform and participation in the Rideshare Services, including: (1) your breach of this Agreement or the documents it incorporates by reference; (2) your violation of any law or the rights of a third party, including, Drivers, Riders, other motorists, and pedestrians, as a result of your own interaction with such third party; (3) any allegation that any materials that you submit to us or transmit through the Lyft Platform or to us infringe or otherwise violate the copyright, trademark, trade secret or other intellectual property or other rights of any third party; (4) your ownership, use or operation of a motor vehicle or passenger vehicle, including your provision of Rideshare Services as a Driver; and/or (5) any other activities in connection with the Rideshare Services. This indemnity shall be applicable without regard to the negligence of any party, including any indemniﬁed person."
Lyft.docx,14,Autor,uncle 2,CERTAIN JURISDICTIONS MAY NOT ALLOW THE EXCLUSION OR LIMITATION OF CERTAIN DAMAGES
Lyft.docx,13,Autor,ltd -1,"IN NO EVENT WILL LYFT, INCLUDING OUR AFFILIATES, SUBSIDIARIES, PARENTS, SUCCESSORS AND ASSIGNS, AND EACH OF OUR RESPECTIVE OFFICERS, DIRECTORS, EMPLOYEES, AGENTS, OR SHAREHOLDERS (COLLECTIVELY “LYFT” FOR PURPOSES OF THIS SECTION), BE LIABLE TO YOU FOR ANY INCIDENTAL, SPECIAL, EXEMPLARY, PUNITIVE, CONSEQUENTIAL, OR INDIRECT DAMAGES (INCLUDING DAMAGES FOR DELETION, CORRUPTION, LOSS OF DATA, LOSS OF PROGRAMS, FAILURE TO STORE ANY INFORMATION OR OTHER CONTENT MAINTAINED OR TRANSMITTED BY THE LYFT PLATFORM, SERVICE INTERRUPTIONS, OR FOR THE COST OF PROCUREMENT OF SUBSTITUTE SERVICES) ARISING OUT OF OR IN CONNECTION WITH THE LYFT PLATFORM, RIDESHARE SERVICES, OR THIS AGREEMENT, HOWEVER ARISING INCLUDING NEGLIGENCE, EVEN IF WE OR OUR AGENTS OR REPRESENTATIVES KNOW OR HAVE BEEN ADVISED OF THE POSSIBILITY OF SUCH DAMAGES. THE LYFT PLATFORM MAY BE USED BY YOU TO REQUEST AND SCHEDULE TRANSPORTATION, GOODS, OR OTHER SERVICES WITH THIRD-PARTY PROVIDERS, BUT YOU AGREE THAT LYFT HAS NO RESPONSIBILITY OR LIABILITY TO YOU RELATED TO ANY TRANSPORTATION, GOODS OR OTHER SERVICES PROVIDED TO YOU BY THIRD PARTY PROVIDERS OTHER THAN AS EXPRESSLY SET FORTH IN IN THIS AGREEMENT. CERTAIN JURISDICTIONS MAY NOT ALLOW THE EXCLUSION OR LIMITATION OF CERTAIN DAMAGES. IF THESE LAWS APPLY TO YOU, SOME OR ALL OF THE ABOVE DISCLAIMERS, EXCLUSIONS OR LIMITATIONS MAY NOT APPLY TO YOU, AND YOU MAY HAVE ADDITIONAL RIGHTS."
Lyft.docx,15,Autor,acc_del 0,"by either Party immediately, without notice, upon the other Party’s material breach of this Agreement"
Lyft.docx,17,Autor,disc -1,Lyft’s reasonable satisfaction 
Lyft.docx,16,Autor,acc_sus 1; acc_ del 1,"Lyft may terminate this Agreement or deactivate your User account immediately in the event: (1) you no longer qualify to provide Rideshare Services or to operate the approved vehicle under applicable law, rule, permit, ordinance or regulation; (2) you fall below Lyft’s star rating or cancellation threshold; (3) Lyft has the good faith belief that such action is necessary to protect the safety of the Lyft community or third parties, provided that in the event of a deactivation pursuant to (1)-(3) above, you will be given notice of the potential or actual deactivation and an opportunity to attempt to cure the issue to Lyft’s reasonable satisfaction prior to Lyft permanently terminating the Agreement. For all other breaches of this Agreement, you will be provided notice and an opportunity to cure the breach. If the breach is cured in a timely manner and to Lyft’s satisfaction, this Agreement will not be permanently terminated. Sections 2, 6, 7 (with respect to the license), 11-12, 14-19, and 21 shall survive any termination or expiration of this Agreement."
Lyft.docx,18,Autor,arb -1,YOU AND LYFT MUTUALLY AGREE TO WAIVE OUR RESPECTIVE RIGHTS TO RESOLUTION OF DISPUTES IN A COURT OF LAW BY A JUDGE OR JURY AND AGREETO RESOLVE ANY DISPUTE BY ARBITRATION
Lyft.docx,19,Autor,class -1,"YOU UNDERSTAND AND AGREE THAT YOU AND LYFT MAY EACH BRING CLAIMS IN ARBITRATION AGAINST THE OTHER ONLY IN AN INDIVIDUAL CAPACITY AND NOT ON A CLASS, COLLECTIVE ACTION, OR REPRESENTATIVE BASIS (“CLASS ACTION WAIVER”)."
Lyft.docx,20,Autor,uncle 3,to the fullest extent possible
Lyft.docx,21,Autor,uncle 4,to the fullest extent permitted by law
Lyft.docx,22,Autor,uncle 5,to the extent required by applicable law
Lyft.docx,23,Autor,uncle 6,to the extent authorized by applicable law
Lyft.docx,24,Autor,sever 0,"Except as otherwise provided in the severability provisions in subsections (b) and (c) above, in the event that any portion of this Arbitration Agreement is deemed illegal or unenforceable under applicable law not preempted by the FAA, such provision shall be severed and the remainder of the Arbitration Agreement shall be given full force and effect."
Lyft.docx,25,Autor,docu 9,ADT Mobile Security Monitoring Terms
Lyft.docx,26,Autor,c_law -1,this Agreement shall be governed by the laws of the State of California without regard to choice of law principles
Lyft.docx,27,Autor,tran -1,"You agree that this Agreement and all incorporated agreements may be automatically assigned by Lyft, in our sole discretion by providing notice to you"
Sleep Cycle.docx,0,Autor,docu 1,Privacy Policy
Sleep Cycle.docx,1,Autor,as_is -1,The Application and all of its content is provided on an ”As Is” and ”As available” basis
Sleep Cycle.docx,2,Autor,ltd -1,"We shall not be liable for any errors in any content or for any actions taken in reliance thereon. Furthermore, we shall not be liable to you for any interception of online communications, software or hardware problems (including, without limitation, viruses, loss of data or compatibility conflicts)."
Sleep Cycle.docx,3,Autor,price_chg 0,We reserve the right to change the subscription fees from time to time.
Sleep Cycle.docx,4,Autor,contr_chg -1,"We reserve the right to, from time to time, in our sole discretion amend these Terms of Use."
Crypto.com.docx,0,Autor,contr_chg -1,This document and other terms that apply to your activities may change from time to time. You should check our website for the latest terms and additional information before you enter into any new transaction.
Crypto.com.docx,4,Autor,docu,The Exchange FAQs.
Crypto.com.docx,5,Autor,docu,Any Addendum with respect to the suite of services (other than your use of the Exchange and/or the Account) offered through the Exchange.
Crypto.com.docx,12,Autor,uncle,"Subject to the application of any mandatory provisions of any Applicable Law, if there is any inconsistency between:"
Crypto.com.docx,17,Autor,contr_chg -1,The Exchange FAQs may be amended or varied by us from time to time through an Agreed Communication Method. The updated Exchange FAQs will apply from when they are published. Please ensure you always check the latest published version
Crypto.com.docx,24,Autor,uncle,"If you are a resident of a particular Available Jurisdiction, or have a relevant connection to a particular jurisdiction, additional terms and conditions may apply as notified by us at any time."
Crypto.com.docx,26,Autor,acc_sus -1; acc_del -1,"We have the sole discretion as to the opening, operation and closure of an Account or any wallet that forms part of your Account.  Without limiting the terms of the Agreement, we may, at any time, without liability:vary, suspend or close an Account or wallet;specify or vary the scope and extent of an Account or wallet and the Exchange;prescribe the specific Exchange (including any specific Virtual Assets) supported in respect of an Account;set or vary any limit regarding an Account or wallet; orrestrict or impose conditions or limits on an Account or wallet."
Crypto.com.docx,30,Autor,uncle,"Without limiting our other rights or obligations under the Agreement, and subject to Applicable Law:"
Crypto.com.docx,35,Autor,uncle,"otherwise in accordance with your Instructions, subject to Applicable Law."
Crypto.com.docx,40,Autor,uncle,To the extent applicable
Crypto.com.docx,44,Autor,uncle,(aa)the Instruction could result in a breach of any Applicable Law;
Crypto.com.docx,45,Autor,uncle,that we incur in relation to any action taken under that clause or any Applicable Law.
Crypto.com.docx,53,Autor,uncle,or similar right or requirement to which we are at any time otherwise entitled or subject whether under the Agreement or by operation of Applicable Law.
Crypto.com.docx,57,Autor,ind 0,"If a judgment, order or proof of debt for or the recovery of an amount in connection with the Agreement is expressed in a Virtual Asset other than that in which the amount is due under the Agreement, then you agree to indemnify us on demand against:any difference arising from converting the Virtual Asset, if the rate of exchange we would otherwise use under the Agreement when wereceive a payment in the Virtual Asset is less favourable to us than the rate of exchange used for the purpose of the judgment, order or acceptance of proof of debt; andthe Costs of conversion."
Crypto.com.docx,85,Autor,ind 0,You indemnify us against any Loss as a result of your breach of any limits or controls imposed by us under this clause 11.3(a) provided that such limits or controls are notified to you at the time that they are imposed.
Crypto.com.docx,88,Autor,as_is -1,"“As is” basisYou acknowledge that the Exchange, your Account, the Website and the App have not been developed for your individual needs.You acknowledge that you use the Exchange and your Account (including the Website and the App) on an “as is” basis at your own risk.We are not responsible for any consequence or Loss arising from your choice to use the Exchange or your Account, including via the Website or the App."
Crypto.com.docx,92,Autor,disc -1,desirable 
Crypto.com.docx,91,Autor,acc_sus 0; acc_del 0,"In addition to any other rights under the Agreement, we may suspend, terminate and/or replace an Account at any time and without notice to you if we believe this is necessary or desirable to enable us to comply with Applicable Law."
Crypto.com.docx,106,Autor,contr_chg -1,"NoticeCrypto.com will provide 14 Business Days’ notice prior to revising any material terms of the Agreement:subject to clause 3.2(e) and any other applicable terms that may permit revisions to take immediate effect, or a shorter notice period; andunless otherwise specified in the relevant notice."
Crypto.com.docx,128,Autor,ind 0,Indemnities
Crypto.com.docx,135,Autor,ltd -1,"TO THE MAXIMUM EXTENT PERMITTED BY APPLICABLE LAW AND WITHOUT PREJUDICING THE FOREGOING, IN NO EVENT SHALL CRYPTO.COM AND CRYPTO.COM GROUP MEMBER, THEIR RESPECTIVE SHAREHOLDERS, MEMBERS, DIRECTORS, OFFICERS, EMPLOYEES, ATTORNEYS, AGENTS, REPRESENTATIVES, SUPPLIERS OR CONTRACTORS BE LIABLE FOR ANY INCIDENTAL, INDIRECT, SPECIAL, PUNITIVE, CONSEQUENTIAL OR SIMILAR DAMAGES OR LIABILITIES WHATSOEVER (INCLUDING, WITHOUT LIMITATION, DAMAGES FOR LOSS OF DATA, INFORMATION, REVENUE, PROFITS OR OTHER BUSINESS OR FINANCIAL BENEFIT) ARISING OUT OF OR IN CONNECTION WITH THE SERVICES PROVIDED HEREUNDER, ANY PERFORMANCE OR NON- PERFORMANCE OF THE SERVICES PROVIDED HEREUNDER, OR ANY OTHER PRODUCT, SERVICE OR OTHER ITEM PROVIDED BY OR ON BEHALF OF CRYPTO.COM OR CRYPTO.COM GROUP MEMBER, WHETHER UNDER CONTRACT, STATUTE, STRICT LIABILITY OR OTHER THEORY EVEN IF CRYPTO.COM HAS BEEN ADVISED OF THE POSSIBILITY OF SUCH DAMAGES EXCEPT TO THE EXTENT OF A FINAL JUDICIAL DETERMINATION THAT SUCH DAMAGES WERE A RESULT OFCRYPTO.COM OR CRYPTO.COM GROUP MEMBER’S, GROSS NEGLIGENCE, FRAUD OR WILLFUL MISCONDUCT."
Crypto.com.docx,136,Autor,ltd_cap -1,"NOTWITHSTANDING THE FOREGOING, IN NO EVENT SHALL THE LIABILITY OF CRYPTO.COM OR CRYPTO.COM GROUP MEMBER, AFFILIATES AND THEIR RESPECTIVE SHAREHOLDERS, MEMBERS, DIRECTORS, OFFICERS, EMPLOYEES, ATTORNEYS, AGENTS, REPRESENTATIVES, SUPPLIERS OR CONTRACTORS ARISING OUT OF OR IN CONNECTION THE SERVICES PROVIDED HEREUNDER, ANY PERFORMANCE OR NON-PERFORMANCE OF THE SERVICES, OR ANY OTHER PRODUCT, SERVICE OR OTHER ITEM PROVIDED BY OR ON BEHALF OF CRYPTO.COM, CRYPTO.COM GROUP MEMBER, WHETHER UNDER CONTRACT, STATUTE, STRICT LIABILITY OR OTHER THEORY,EXCEED THE AMOUNT OF THE FEES PAID BY YOU TO CRYPTO.COM UNDER THE AGREEMENT IN THE TWELVE-MONTH PERIOD IMMEDIATELY PRECEDING THE EVENT GIVING RISE TO THE CLAIM FOR LIABILITY."
Crypto.com.docx,154,Autor,acc_del 0,"Either you or we may terminate any part of the Agreement, or the Agreement as a whole, by giving the other party at least seven days’ notice in writing."
Crypto.com.docx,156,Autor,acc_del 0,"In addition to our rights in clause 23.1, we may terminate any (or all) of the Agreement immediately by notice to you, if:"
Crypto.com.docx,163,Autor,acc_sus  -1,"We may suspend our engagement in any or all of the activities contemplated by the Agreement at any time, including the Exchange generally, for any reason (even if no Event of Default has occurred and is continuing), with effect from such time and for such duration as we may determine. If we do so, we will notify you as soon as practicable, to the extent permitted by Applicable Law."
Crypto.com.docx,176,Autor,tran -1,"Assignment and other dealingsYou may not assign, transfer or otherwise deal with your rights or obligations under the Agreement to anyone without our prior written consent.We may assign, transfer or otherwise deal with our rights and obligations as we see fit and need not obtain your prior written consent, nor notify you. To the extent that any consent is required under Applicable Law to effect a relevant dealing, you agree that this clause 24.10(b) is deemed to serve that purpose."
Crypto.com.docx,179,Autor,sever 0,"However, if and to the extent that an Applicable Law is inconsistent with the Agreement in a way that would otherwise have the effect of making a provision of the Agreement illegal, void or unenforceable, or contravene a requirement of Applicable Law or impose an obligation or liability which is prohibited by that law, then the Applicable Law overrides the Agreement to the extent of the inconsistency, and the Agreement is to be read as if that provision were varied to the extent necessary to comply with that Applicable Law and avoid that effect (or, if necessary, omitted)."
Crypto.com.docx,187,Autor,com_sys 0,"ComplaintsIf you have any feedback, questions or complaints, please contact us via email at contact@crypto.com. Whilst we strive to respond to you as soon as possible, for more complicated issues, it may take us up to 45 days to resolve and get back to you. You accept and agree that we shall not be responsible for any loss and damage incurred during such period."
Crypto.com.docx,188,Autor,com_sys 0,"If you have any feedback, questions or complaints, please contact us via email at contact@crypto.com. Whilst we strive to respond to you as soon as possible, for more complicated issues, it may take us up to 45 days to resolve and get back to you. You accept and agree that we shall not be responsible for any loss and damage incurred during such period."
Crypto.com.docx,201,Autor,c_law -1,"Governing lawUnless otherwise specified, the Agreement is governed by the law in force in Hong Kong."
Crypto.com.docx,204,Autor,arb -1,"Unless otherwise specified, any dispute, controversy, difference or claim arising out of or relating to the Agreement, including the existence, validity, interpretation, performance, breach or termination thereof or any dispute regarding non-contractual obligations arising out of or relating to the Agreement will be referred to and finally resolved by arbitration administered by HKIAC under the HKIAC Administered Arbitration Rules in force when the Notice of Arbitration is submitted."
Crypto.com.docx,207,Autor,acc_sus -1; acc_del -1,"We have the sole discretion as to the opening, operation and closure of a Sub-Account or wallet(s) that forms part of your Sub-Account. Without limiting the terms of the Agreement, we may, at any time, without liability:vary, suspend or close a Sub-Account;specify or vary the scope and extent of a Sub-Account and the Exchange;prescribe the specific products, services and/or Virtual Assets supported in respect of a Sub-Account;set or vary any limit regarding a Sub-Account; orrestrict or impose conditions or limits on a Sub-Account."
Crypto.com.docx,208,Autor,acc_del 0,"Either you or we may terminate a Sub-Account, by giving the other party at least seven days’ notice."
Crypto.com.docx,209,Autor,acc_del 0,"Without prejudice to the generality of Exchange Terms and Conditions, Crypto.com may close all or any of the Sub-Accounts immediately without notice to the Customer if:there is any change of Applicable Law which prohibits or renders illegal the maintenance or operation of such Sub-Accounts; orCrypto.com’s records show a zero balance on any of such Sub-Accounts for a period of three continuous years or for such shorter period as Crypto.com may reasonably prescribe in writing."
Crypto.com.docx,210,Autor,ind 0,"In addition to our general rights of indemnity under the Agreement, you agree to indemnify us and each other Crypto.com Group Member, and indemnified party (as defined in the Exchange Terms and Conditions) against, and must pay the indemnified party on demand for, any Loss the indemnified party may sustain or incur in relation to, in connect with or arising from, any Sub-Account, including without limitation:"
Quora.docx,0,Autor,docu 1,Privacy Policy
Quora.docx,1,Autor,docu 2,Acceptable Use Policy
Quora.docx,2,Autor,docu 3,"Copyright Policy,"
Quora.docx,3,Autor,docu 4,Trademark Policy
Quora.docx,4,Autor,acc_sus -1; acc_del -1,We may terminate or suspend your Quora account if you violate any Quora policy or for any other reason.
Quora.docx,5,Autor,serv_chg -1,We may need to add or change features and may do so without notice to you.
Quora.docx,6,Autor,sugg 0,"By submitting feedback, you agree to grant us the right, at our discretion, to use, disclose and otherwise exploit the feedback, in whole or part, freely and without compensation to you."
Quora.docx,7,Autor,what,"The Quora Platform enables you to add posts, texts, photos, videos, links, and other files and information about yourself to share with others. "
Quora.docx,8,Autor,ip -1,"By submitting, posting, or displaying Your Content on the Quora Platform, you grant Quora and its affiliated companies a nonexclusive, worldwide, royalty free, fully paid up, transferable, sublicensable (through multiple tiers), license to use, copy, reproduce, process, adapt, modify, create derivative works from, publish, transmit, store, display and distribute, translate, communicate and make available to the public, and otherwise use Your Content in connection with the operation or use of the Quora Platform or the promotion, advertising or marketing of the Quora Platform or our business partners, in any and all media or distribution methods (now known or later developed), including via means of automated distribution, such as through an application programming interface (also known as an “API”). You agree that this license includes the right for Quora to make Your Content available to other companies, organizations, business partners, or individuals who collaborate with Quora for the syndication, broadcast, communication and making available to the public, distribution or publication of Your Content on the Quora Platform or through other media or distribution methods. This license also includes the right for other users of the Quora Platform to use, copy, reproduce, adapt, modify, create derivative works from, publish, transmit, display, and distribute, translate, communicate and make available to the public Your Content, subject to our Terms of Service. "
Quora.docx,9,Autor,cnt_del -1; cnt_modr 0,"Quora may remove suspected spam from your answers. Once you post a question, it may be edited or deleted by other users or by Quora at any time. "
Quora.docx,10,Autor,uncle 1,to the maximum extent permitted by law
Quora.docx,11,Autor,cnt_del -1,"We also may remove or refuse to publish Your Content, in whole or part, at any time."
Quora.docx,12,Autor,pato,We may terminate our license to you at any time for any reason. 
Quora.docx,13,Autor,recom -1,"The Quora Platform may include advertisements, which may be targeted to content or information on the Quora Platform, queries made through the Quora Platform, or other information, in an effort to make them relevant to you."
Quora.docx,14,Autor,uncle 2,EACH PROVISION BELOW APPLIES TO THE MAXIMUM EXTENT PERMITTED UNDER APPLICABLE LAW
Quora.docx,15,Autor,as_is -1,"WE ARE PROVIDING YOU THE QUORA PLATFORM, ALONG WITH OUR CONTENT AND MATERIALS AND THE OPPORTUNITY TO CONNECT WITH OTHERS, ON AN “AS IS” AND “AS AVAILABLE” BASIS"
Quora.docx,16,Autor,uncle 3,TO THE MAXIMUM EXTENT PERMITTED BY LAW
Quora.docx,17,Autor,pato,QUORA ENTITIES WILL NOT BE LIABLE TO YOU UNDER ANY THEORY OF LIABILITY. 
Quora.docx,19,Autor,uncle 4,TO THE MAXIMUM EXTENT PERMITTED BY LAW
Quora.docx,18,Autor,ltd -1,"WITHOUT LIMITING THE FOREGOING, YOU AGREE THAT, TO THE MAXIMUM EXTENT PERMITTED BY LAW, QUORA ENTITIES SPECIFICALLY WILL NOT BE LIABLE FOR ANY INDIRECT, INCIDENTAL, CONSEQUENTIAL, SPECIAL, OR EXEMPLARY DAMAGES, LOSS OF PROFITS, BUSINESS INTERRUPTION, REPUTATIONAL HARM, OR LOSS OF DATA (EVEN IF WE HAVE BEEN ADVISED OF THE POSSIBILITY OF SUCH DAMAGES OR SUCH DAMAGES ARE FORESEEABLE) ARISING OUT OF OR IN ANY WAY CONNECTED WITH YOUR USE OF, OR INABILITY TO USE, THE QUORA PLATFORM."
Quora.docx,20,Autor,pato,YOUR SOLE REMEDY FOR DISSATISFACTION WITH THE QUORA PLATFORM IS TO STOP USING THE QUORA PLATFORM.
Quora.docx,21,Autor,ltd_cap -1,"WITHOUT LIMITING THE FOREGOING, QUORA’S MAXIMUM AGGREGATE LIABILITY TO YOU FOR LOSSES OR DAMAGES THAT YOU SUFFER IN CONNECTION WITH THE QUORA PLATFORM OR THIS AGREEMENT IS LIMITED TO THE AMOUNT PAID TO QUORA IN CONNECTION WITH THE QUORA PLATFORM IN THE TWELVE (12) MONTHS PRIOR TO THE ACTION GIVING RISE TO LIABILITY."
Quora.docx,22,Autor,uncle 5,"SOME JURISDICTIONS DO NOT ALLOW LIMITATIONS ON IMPLIED WARRANTIES OR EXCLUSION OF LIABILITY FOR CERTAIN TYPES OF DAMAGES. AS A RESULT, THE ABOVE LIMITATIONS OR EXCLUSIONS MAY NOT APPLY TO YOU IN WHOLE OR IN PART"
Quora.docx,23,Autor,ind 0,"You agree to release, indemnify, and defend Quora Entities from all third-party claims and costs (including reasonable attorneys’ fees) arising out of or related to: i) your use of the Quora Platform, ii) Your Content, iii) your conduct or interactions with other users of the Quora Platform, or iv) your breach of any part of this Agreement. We will promptly notify you of any such claim and will provide you (at your expense) with reasonable assistance in defending the claim. You will allow us to participate in the defense and will not settle any such claim without our prior written consent. We reserve the right, at our own expense, to assume the exclusive defense of any matter otherwise subject to indemnification by you. In that event, you will have no further obligation to defend us in that matter."
Quora.docx,24,Autor,c_law -1,This Agreement and any action arising out of your use of the Quora Platform will be governed by the laws of the State of California 
Quora.docx,25,Autor,c_forum -1,"all claims, legal proceedings or litigation arising in connection with your use of the Quora Platform will be brought solely in Santa Clara County, California, and you consent to the jurisdiction of and venue in such courts and waive any objection as to inconvenient forum"
Quora.docx,26,Autor,contr_chg -1,"We may amend this Agreement (including any policies, such as the Privacy Policy, Acceptable Use Policy, Copyright Policy, and Trademark Policy that are incorporated into this Agreement) at any time, in our sole discretion."
Quora.docx,27,Autor,pato,"Quora expressly disclaims any representation or warranty that the Quora Platform complies with all applicable laws and regulations outside of the United States. If you use the Quora Platform outside of the United States, you expressly understand and agree that you are responsible for determining compliance with different laws, regulations, or customs that may apply in connection with your use of the Quora Platform."
Quora.docx,28,Autor,tran -1,"Assignment. You may not assign or transfer this Agreement (or any of your rights or obligations under this Agreement) without our prior written consent; any attempted assignment or transfer without complying with the foregoing will be void. We may freely assign or transfer this Agreement. This Agreement inures to the benefit of and is binding upon the parties and their respective legal representatives, successors, and assigns."
Quora.docx,29,Autor,sever 0,"This Agreement supersedes all prior terms, agreements, discussions and writings regarding the Quora Platform and constitutes the entire agreement between you and us regarding the Quora Platform (except as to services that require separate written agreement with us, in addition to this Agreement). If any provision in this Agreement is found to be unenforceable, then that provision will not affect the enforceability of the remaining provisions of the Agreement, which will remain in full force and effect."
Quora.docx,30,Autor,inter 0,no presumption is to operate in either party’s favor as a result of its counsel’s role in drafting this Agreement.
Quora.docx,31,Autor,pato; infringing Art. 61 of the Polish Civil Code,"Notices will be deemed given (a) if to you, when emailed, and (b) if to us, on receipt by us."
iTaxi.docx,0,Autor,docu 1,Aktualny cennik usług dodatkowych 
iTaxi.docx,1,Autor,acc_sus 0,"Po trzykrotnym przerwaniu zlecenia Usługi przewozu osób, o którym mowa w niniejszym paragraﬁe lub w przypadku nieuiszczenia opłaty za złożenie i przerwanie zlecenia Usługi przewozu osób, o której mowa w niniejszym paragraﬁe, niezależnie od naliczonych opłat za złożenie i przerwanie zlecenia iTaxi ma prawo do częściowego lub całkowitego ograniczenia funkcji Aplikacji iTaxi Pasażera, w tym w szczególności ograniczenia czasowego możliwości zamawiania przejazdów, ograniczenia dostępnych form płatności lub zablokowania konta Pasażera."
iTaxi.docx,2,Autor,acc_sus 0,"Jeśli zajdzie podejrzenie o nieuprawnionym użyciu Kodu Promocyjnego lub naruszeniu warunków niniejszego regulaminu, iTaxi ma prawo zablokować proﬁl Pasażera i odmówić Pasażerowi dostępu do usług możliwych za pośrednictwem Aplikacji iTaxi. W przypadku zaistnienia takiej sytuacji Pasażerowi nie przysługują żadne roszczenia względem iTaxi dotyczące wartości niewykorzystanych Kodów Promocyjnych."
iTaxi.docx,3,Autor,serv_chg -1,iTaxi zastrzega sobie prawo do zmian i dalszego rozwoju Aplikacji iTaxi oraz rozszerzania proﬁlu świadczonych za pomocą Aplikacji iTaxi usług. Zmiany takie mogą być wprowadzane do Aplikacji iTaxi w dowolnej chwili bez konieczności uprzedniego poinformowania Pasażerów i Kierowców.
iTaxi.docx,4,Autor,uncle 1,Z zastrzeżeniem bezwzględnie obowiązujących przepisów prawa
iTaxi.docx,5,Autor,ltd -1,"iTaxi nie ponosi odpowiedzialności za autentyczność, poprawność i kompletność danych jakie są przekazywane za pośrednictwem Aplikacji iTaxi pomiędzy Pasażerem a Kierowcą"
iTaxi.docx,6,Autor,uncle 2,z zastrzeżeniembezwzględnie obowiązujących przepisów prawa
iTaxi.docx,7,Autor,uncle 3,. Z zastrzeżeniem bezwzględnie obowiązujących przepisów prawa
iTaxi.docx,8,Autor,cnt_del 0; cnt_modr 0,"iTaxi zastrzega sobie prawo do bezzwłocznego usunięcia publikacji, które w jakikolwiek sposób są sprzeczne z prawem, naruszają ogólnie przyjęte normy i zasady współżycia społecznego jak również normy moralne i obyczajowe"
iTaxi.docx,9,Autor,com_sys 0,"iTaxi stosuje następującą procedurę reklamacyjną:reklamacje należy składać za pośrednictwem formularza dostępnego na stronie https://itaxi.pl/reklamacja/ lub mailowo na adres bok@itaxi.pl,składana reklamacja powinna zawierać: dane Pasażera, w tym adres e-mail na który zostanie przesłana odpowiedź, dane ﬁrmy (ﬁrma, NIP/REGON) jeśli przejazd realizowany jest w ramach przejazdów biznesowych, dokładne informacje dotyczące kursu będącego przedmiotem reklamacji (data, godzina, trasa przejazdu), opis przyczyny reklamacji,iTaxi udziela odpowiedzi na reklamację w terminie 14 dni roboczych od jej złożenia. Odpowiedź jest udzielana na adres e-mail zgłaszającego, podany w zgłoszeniu reklamacyjnym, z tym zastrzeżeniem, że w przypadku reklamacji dotyczącej kursu biznesowego odpowiedź na reklamację udzielana jest osobie reprezentującej podmiot (ﬁrmę), w zakresie zawarcia i wykonania umowy dotyczącej przejazdów biznesowych zawarta z iTaxi.pl (którą może być w szczególności administrator konta biznesowego),dla właściwego rozpatrzenia reklamacji iTaxi może zwrócić się z prośbą do zgłaszającego reklamację o złożenie dodatkowych pisemnych informacji lub dostarczenie dodatkowych dokumentów, jeżeli ich uzyskanie będzie niezbędne do właściwego rozpatrzenia reklamacji."
iTaxi.docx,10,Autor,docu 2,Polityce prywatności
iTaxi.docx,11,Autor,sever 0,"Jeśli którekolwiek z postanowień niniejszego regulaminu (lub część któregokolwiek z postanowień) zostanie uznane przez sąd lub inny uprawniony organ jako nieważne, niewykonalne lub niezgodne z prawem, pozostałe postanowienia pozostaną w mocy i w będą uznawane za obowiązujące i wiążące"
iTaxi.docx,12,Autor,contr_chg -1,"iTaxi zastrzega sobie prawo do zmiany treści regulaminu. O zmianie treści regulaminu iTaxi informuje Pasażerów na stronie internetowej www.itaxi.pl oraz w Aplikacji iTaxi. Nowy regulamin obowiązuje od dnia umieszczenia nowej jegowersji na stronie internetowej www.itaxi.pl oraz w Aplikacji iTaxi, chyba, że komunikat zawierający informację o zmianie treści Regulaminu podaje inny termin obowiązywania zmiany Regulaminu"
iTaxi.docx,13,Autor,c_law -1,Prawem właściwym dla niniejszego regulaminu będzie prawo polskie
iTaxi.docx,14,Autor,uncle 4,"ochrony przyznanej mu na podstawie przepisów, których nie można wyłączyć w drodze umowy, na mocy prawa, jakie zgodnie z właściwymi przepisami prawa byłoby właściwe w braku wyboru prawa"
iTaxi.docx,15,Autor,uncle 5,Z zastrzeżeniem bezwzględnie obowiązujących przepisów prawa 
Steam.docx,0,Autor,what,"As a Subscriber you may obtain access to certain services, software and content available to Subscribers. The Steam client software and any other software, content, and updates you download or access via Steam, including but not limited to Valve or third-party video games and in-game content, software associated with Hardware and any virtual items you trade, sell or purchase in a Steam Subscription Marketplace are referred to in this Agreement as ""Content and Services;"" the rights to access and/or use any Content and Services accessible through Steam are referred to in this Agreement as ""Subscriptions."""
Steam.docx,1,Autor,docu 1,Steam Online Conduct Rules 
Steam.docx,2,Autor,docu 2,Steam Refund Policy 
Steam.docx,3,Autor,docu 3,Valve Privacy Policy 
Steam.docx,4,Autor,"serv_chg -1; -1 as “reasons include, without limitation”","For reasons that include, without limitation, system security, stability, and multiplayer interoperability, Steam may need to automatically update, pre-load, create new versions of or otherwise enhance the Content and Services and accordingly, the system requirements to use the Content and Services may change over time. You consent to such automatic updating. "
Steam.docx,5,Autor,docu 4,Valve video policy
Steam.docx,6,Autor,uncle 1,"), or under applicable law notwithstanding these restrictions"
Steam.docx,7,Autor,acc_del 0,Valve may terminate your access to your Account.
Steam.docx,8,Autor,pato,funds added to the Steam Wallet are non-refundable and non-transferable
Steam.docx,9,Autor,serv_chg -1; price_chg 0,"You understand and acknowledge that Valve may decide to cease operation of any Subscription Marketplace, change the fees that it charges or change the terms or features of the Steam Subscription Marketplace. Valve shall have no liability to you because of any inability to trade Subscriptions in the Steam Trading Marketplace, including because of discontinuation or changes in the terms, features or eligibility requirements of any Subscription Marketplace."
Steam.docx,10,Autor,may infringe Annex 1(n) Directive 93/13,"Steam may provide links to other third-party sites. Some of these sites may charge separate fees, which are not included in and are in addition to any Subscription or other fees that you may pay to Valve. Steam may also provide access to third-party vendors, who provide content, goods and/or services on Steam or the Internet. Any separate charges or obligations you incur in your dealings with these third parties are your responsibility. Valve makes no representations or warranties, either express or implied, regarding any third party site. In particular, Valve makes no representation or warranty that any service or subscription offered via third-party vendors will not change or be suspended or terminated."
Steam.docx,11,Autor,docu 5,Steam Online Conduct Rules
Steam.docx,12,Autor,acc_del 0,"Valve may terminate your Account or a particular Subscription for any conduct or activity that is illegal, constitutes a Cheat, or otherwise negatively affects the enjoyment of Steam by other Subscribers. You acknowledge that Valve is not required to provide you notice before terminating your Subscription(s) and/or Account."
Steam.docx,13,Autor,ip 0,"When you upload your content to Steam to make it available to other users and/or to Valve, you grant Valve and its affiliates the worldwide, non-exclusive right to use, reproduce, modify, create derivative works from, distribute, transmit, transcode, translate, broadcast, and otherwise communicate, and publicly display and publicly perform, your User Generated Content, and derivative works of your User Generated Content, for the purpose of the operation, distribution, incorporation as part of and promotion of the Steam service, Steam games or other Steam offerings, including Subscriptions. This license is granted to Valve as the content is uploaded on Steam for the entire duration of the intellectual property rights. It may be terminated if Valve is in breach of the license and has not cured such breach within fourteen (14) days from receiving notice from you sent to the attention of the Valve Legal Department at the applicable Valve address noted on this Privacy Policy page. "
Steam.docx,14,Autor,sugg 0,"If you provide Valve with any feedback or suggestions about Steam, the Content and Services, or any Valve products, Hardware or services, Valve is free to use the feedback or suggestions however it chooses, without any obligation to account to you."
Steam.docx,15,Autor,cnt_del -1; cnt_modr 0,"You understand and agree that Valve is not obligated to use, distribute, or continue to distribute copies of any Workshop Contribution and reserves the right, but not the obligation, to restrict or remove Workshop Contributions for any reason."
Steam.docx,16,Autor,uncle 2,"THIS SECTION 7 DOES NOT EXCLUDE, RESTRICT OR MODIFY THE APPLICATION OF ANY GUARANTEE, RIGHT OR REMEDY THAT CANNOT BE SO EXCLUDED, RESTRICTED OR MODIFIED, INCLUDING THOSE CONFERRED BY THE AUSTRALIAN CONSUMER LAW (ACL)"
Steam.docx,17,Autor,uncle 3,"THIS SECTION 7 DOES NOT EXCLUDE, RESTRICT OR MODIFY THE APPLICATION OF ANY RIGHT OR REMEDY THAT CANNOT BE SO EXCLUDED, RESTRICTED OR MODIFIED INCLUDING THOSE CONFERRED BY THE NEW ZEALAND CONSUMER GUARANTEES ACT 1993"
Steam.docx,18,Autor,uncle 4,TO THE MAXIMUM EXTENT PERMITTED BY APPLICABLE LAW
Steam.docx,19,Autor,as_is -1,"VALVE AND ITS AFFILIATES AND SERVICE PROVIDERS EXPRESSLY DISCLAIM (I) ANY WARRANTY FOR STEAM, THE CONTENT AND SERVICES, AND THE SUBSCRIPTIONS, AND (II) ANY COMMON LAW DUTIES WITH REGARD TO STEAM, THE CONTENT AND SERVICES, AND THE SUBSCRIPTIONS, INCLUDING DUTIES OF LACK OF NEGLIGENCE AND LACK OF WORKMANLIKE EFFORT. STEAM, THE CONTENT AND SERVICES, THE SUBSCRIPTIONS, AND ANY INFORMATION AVAILABLE IN CONNECTION THEREWITH ARE PROVIDED ON AN ""AS IS"" AND ""AS AVAILABLE"" BASIS, ""WITH ALL FAULTS"" AND WITHOUT WARRANTY OF ANY KIND, EITHER EXPRESS OR IMPLIED, INCLUDING, WITHOUT LIMITATION, THE IMPLIED WARRANTIES OF MERCHANTABILITY, FITNESS FOR A PARTICULAR PURPOSE, OR NONINFRINGEMENT"
Steam.docx,20,Autor,uncle 5,TO THE MAXIMUM EXTENT PERMITTED BY APPLICABLE LAW
Steam.docx,21,Autor,ltd -1,"NEITHER VALVE, ITS LICENSORS, NOR THEIR AFFILIATES, NOR ANY OF VALVE’S SERVICE PROVIDERS, SHALL BE LIABLE IN ANY WAY FOR LOSS OR DAMAGE OF ANY KIND RESULTING FROM THE USE OR INABILITY TO USE STEAM, YOUR ACCOUNT, YOUR SUBSCRIPTIONS AND THE CONTENT AND SERVICES INCLUDING, BUT NOT LIMITED TO, LOSS OF GOODWILL, WORK STOPPAGE, COMPUTER FAILURE OR MALFUNCTION, OR ANY AND ALL OTHER COMMERCIAL DAMAGES OR LOSSES. IN NO EVENT WILL VALVE BE LIABLE FOR ANY INDIRECT, INCIDENTAL, CONSEQUENTIAL, SPECIAL, PUNITIVE OR EXEMPLARY DAMAGES, OR ANY OTHER DAMAGES ARISING OUT OF OR IN ANY WAY CONNECTED WITH STEAM, THE CONTENT AND SERVICES, THE SUBSCRIPTIONS, AND ANY INFORMATION AVAILABLE IN CONNECTION THEREWITH, OR THE DELAY OR INABILITY TO USE THE CONTENT AND SERVICES, SUBSCRIPTIONS OR ANY INFORMATION, EVEN IN THE EVENT OF VALVE’S OR ITS AFFILIATES’ FAULT, TORT (INCLUDING NEGLIGENCE), STRICT LIABILITY, OR BREACH OF VALVE’S WARRANTY AND EVEN IF IT HAS BEEN ADVISED OFTHE POSSIBILITY OF SUCH DAMAGES."
Steam.docx,22,Autor,uncle 6,"BECAUSE SOME STATES OR JURISDICTIONS DO NOT ALLOW THE EXCLUSION OR THE LIMITATION OF LIABILITY FOR CONSEQUENTIAL OR INCIDENTAL DAMAGES, IN SUCH STATES OR JURISDICTIONS, EACH OF VALVE, ITS LICENSORS, AND ITS AFFILIATES’ LIABILITY SHALL BE LIMITED TO THE FULL EXTENT PERMITTED BY LAW."
Steam.docx,23,Autor,uncle 7,TO THE MAXIMUM EXTENT PERMITTED BY APPLICABLE LAW
Steam.docx,24,Autor,contr_chg -1,"Valve may amend this Agreement (including any Subscription Terms or Rules of Use) unilaterally at any time in its sole discretion. In this case, you will be notified by e-mail of any amendment to this Agreement made by Valve at least 30 (30) days before the effective date of the amendment. "
Steam.docx,25,Autor,may infringe Annex 1(d) Directive 93/13,"Valve shall not have any obligation to refund any fees that may have accrued to your Account before cancellation of your Account or cessation of use of any Subscription, nor shall Valve have any obligation to prorate any fees in such circumstances."
Steam.docx,26,Autor,acc_del 0,"Valve may cancel your Account or any particular Subscription(s) at any time in the event that (a) Valve ceases providing such Subscriptions to similarly situated Subscribers generally, or (b) you breach any terms of this Agreement (including any Subscription Terms or Rules of Use). "
Steam.docx,27,Autor,c_law -1,"You and Valve agree that this Agreement shall be deemed to have been made and executed in the State of Washington, U.S.A., and Washington law"
Steam.docx,28,Autor,c_forum -1,"Subject to Section 11 (Dispute Resolution/Binding Arbitration/Class Action Waiver) below, you and Valve agree that any claim asserted in any legal proceeding shall be commenced and maintained exclusively in any state or federal court located in King County, Washington, having subject matter jurisdiction"
Steam.docx,29,Autor,uncle 8,This Section 11 shall apply to the maximum extent permitted by applicable law
Steam.docx,30,Autor,arb -1,"YOU AND VALVE AGREE TO RESOLVE ALL DISPUTES AND CLAIMS BETWEEN US IN INDIVIDUAL BINDING ARBITRATION. THAT INCLUDES, BUT IS NOT LIMITED TO, ANY CLAIMS ARISING OUT OF OR RELATING TO: (i) ANY ASPECT OF THE RELATIONSHIP BETWEEN US; (ii) THIS AGREEMENT; OR (iii) YOUR USE OF STEAM, YOUR ACCOUNT, HARDWARE OR THE CONTENT AND SERVICES. IT APPLIES REGARDLESS OF WHETHER SUCH CLAIMS ARE BASED IN CONTRACT, TORT, STATUTE, FRAUD, UNFAIR COMPETITION, MISREPRESENTATION OR ANY OTHER LEGAL THEORY, AND INCLUDES ALL CLAIMS BROUGHT ON BEHALF OF ANOTHER PARTY."
Steam.docx,31,Autor,class -1,"YOU AND VALVE AGREE NOT TO BRING OR PARTICIPATE IN A CLASS OR REPRESENTATIVE ACTION, PRIVATE ATTORNEY GENERAL ACTION, WHISTLE BLOWER ACTION, OR CLASS, COLLECTIVE, OR REPRESENTATIVE ARBITRATION, EVEN IF AAA’s RULES WOULD OTHERWISE ALLOW ONE. THE ARBITRATOR MAY AWARD RELIEF ONLY IN FAVOR OF THE INDIVIDUAL PARTY SEEKING RELIEF AND ONLY TO THE EXTENT OF THAT PARTY’S INDIVIDUAL CLAIM. You and Valve also agree not toseek to combine any action or arbitration with any other action or arbitration without the consent of all parties to this Agreement and all other actions or arbitrations."
Steam.docx,32,Autor,sever 0,"Except as otherwise expressly set forth in this Agreement, in the event that any provision of this Agreement shall be held by an arbitrator, court, or other tribunal of competent jurisdiction to be illegal or unenforceable, such provision will be enforced to the maximum extent permissible and the remaining portions of this Agreement shall remain in full force and effect."
Steam.docx,33,Autor,docu 6,Valve Hardware Limited Warranty Policy
Keep.docx,0,Autor,arb -1,"THESE TERMS REQUIRE THE USE OF ARBITRATION TO RESOLVE DISPUTES, RATHER THAN JURY TRIALS"
Keep.docx,1,Autor,what,"The products and services under this Agreement refer to the products and services provided by Keep via Internet and mobile applications, including but not limited to Internet media, Internet value-added services, and interactive entertainment (in the form of, but not limited to, online video, pictures, software, technical code, etc.)"
Keep.docx,2,Autor,docu 1,Privacy Policy
Keep.docx,3,Autor,contr_chg -1,Keep has the right to revise this Agreement (including but not limited to any new terms and amendments to existing provisions) at any time in its sole discretion and to announce the changes in the form of an online bulletin without providing a notice to you separately
Keep.docx,4,Autor,docu 2,Individual Product Agreement
Keep.docx,5,Autor,which ones,Some of our products and services are paid services.
Keep.docx,6,Autor,sugg 0,"In order to enhance your experience and improve the service content, Keep has the right to develop new products and services based on your feedback and the information collected through your use"
Keep.docx,7,Autor,serv_chg -1,"Keep may from time to time in its sole discretion develop and provide updates to our products and services, which may include upgrades, bug ﬁxes, patches, other error corrections, and/or new features (collectively, including related documentation, ""Updates""). Updates may also modify or delete in their entirety certain features and functionality. You agree that Keep has no obligation to provide any Updates or to continue to provide or enable any particular features or functionality"
Keep.docx,8,Autor,pato 1; directly infringing Article 19(1)(c) of the Directive 2019/770,You understand and agree that Keep has the right not to notify you of the Updates or any changes to or restrictions of any features or functionality
Keep.docx,9,Autor,uncle 1,applicable data protection laws
Keep.docx,10,Autor,disc -1,where Keep determines
Keep.docx,11,Autor,uncle 2,does not violate the mandatory provisions of applicable data protection laws and regulations
Keep.docx,12,Autor,"pato 2; such provision may have very far-reaching consequences, if the party authorized to determine a “failure to comply with the provisions” is the service provider himself, who can subsequently free himself from any liability",Keep cannot and will not be liable for any loss you incurred as a result of your failure to comply with the provisions of this Agreement
Keep.docx,13,Autor,acc_del 0,Keep has the right to terminate portions or all of the services.
Keep.docx,14,Autor,uncle 3,Except as otherwise required by law
Keep.docx,15,Autor,ind 0,shall indemnify and hold harmless Keep
Keep.docx,16,Autor,uncle 4,according to local laws
Keep.docx,17,Autor,uncle 5,Within the scope of law
Keep.docx,18,Autor,ltd 0,"Keep is not liable for termination of service or obstruction caused by the following circumstances:Computer virus, Trojan horse or other malicious program and hacker attack;User’s computer software, system, hardware and communication lines;Improper operation of users;Use of the service is in a way without Keep’s authorization;Others that we cannot control or reasonably foresee."
Keep.docx,20,Autor,what actions,to take actions 
Keep.docx,19,Autor,cnt_modr 0,"Keep has the right, but not the obligation, to take actions regarding any unlawful content, product or service according to this Agreement"
Keep.docx,21,Autor,as_is -1,"OUR PRODUCTS AND SERVICES ARE PROVIDED TO END USER ""AS IS"" "
Keep.docx,22,Autor,uncle 6,TO THE MAXIMUM EXTENT PERMITTED UNDER APPLICABLE LAW
Keep.docx,23,Autor,uncle 7,SOME JURISDICTIONS DO NOT ALLOW
Keep.docx,24,Autor,uncle 8,TO THE FULLEST EXTENT PERMITTED BY APPLICABLE LAW
Keep.docx,25,Autor,ltd -1,"IN NO EVENT WILL KEEP OR ANY OF ITS LICENSORS OR SERVICE PROVIDERS, HAVE ANY LIABILITY ARISING FROM OR RELATED TO YOUR USE OF OR INABILITY TO USE THE PRODUCTS OR SERVICES FOR:PERSONAL INJURY, PROPERTY DAMAGE, LOST PROFITS, COST OF SUBSTITUTE GOODS OR SERVICES, LOSS OF DATA, LOSS OF GOODWILL, BUSINESS INTERRUPTION, COMPUTER FAILURE OR MALFUNCTION, OR ANY OTHER CONSEQUENTIAL, INCIDENTAL, INDIRECT, EXEMPLARY, SPECIAL, OR PUNITIVE DAMAGES.DIRECT DAMAGES IN AMOUNTS THAT IN THE AGGREGATE "
Keep.docx,26,Autor,ltd_cap -1,EXCEED THE AMOUNT ACTUALLY PAID BY YOU FOR THE PRODUCTS AND SERVICES
Keep.docx,27,Autor,uncle 9,SOME JURISDICTIONS DO NOT ALLOW
Keep.docx,28,Autor,acc_sus 0,Suspend or restrict your right to use our products and services
Keep.docx,29,Autor,acc_del 0,Terminate your right to use our products and services
Keep.docx,30,Autor,serv_chg -1,"Keep has the right to suspend, alter, terminate its products or part of its functions in accordance with its development plan, and to decide whether or not to provide certain products and services. Keep does not have an obligation to notify you about the foregoing information"
Keep.docx,31,Autor,uncle 10,Unless stipulated by the local law
Keep.docx,32,Autor,cnt_retr -1; directly infringing Article 16(4) of the Directive 2019/770,"When your service is terminated, Keep has the right to permanently delete all relevant data of you from the server, and does not have the obligation to return or in any form provide to you"
Keep.docx,34,Autor,disc -1,at our sole discretion
Keep.docx,33,Autor,price_chg 0,"We reserve the right, at our sole discretion, to modify or adjust current and future pricing models for the use of our service, at any time."
Keep.docx,35,Autor,"it may be considered an unfair contract term in some cases, according to Annex(1)(f) of the Directive 93/13 ",All fees and charges are non-refundable and there are no refunds or credits for partially used periods
Keep.docx,36,Autor,c_law -1,"The laws of the PRC mainland region (excluding conﬂict of laws) shall govern the formation, performance, and interpretation of this Agreement and any dispute arising out of or in connection with this Agreement"
Keep.docx,37,Autor,sever 0,"If any terms in this Agreement are invalid or not enforceable for any reason, it shall not aﬀect the binding force of the remaining provisions"
Keep.docx,38,Autor,pato3,The title of the terms of this Agreement is provided for readability only and shall not be construed as a basis for interpreting the terms of this Agreement
Pyszne.pl.docx,0,Autor,core,Umowa: stosunek prawny zawarty pomiędzy Konsumentem a Restauracją na podstawie złożonego Zamówienia dotyczący jego realizacji oraz jego dostawy lub osobistego odbioru.
Pyszne.pl.docx,1,Autor,what,"Usługi: Czynności oferowane Konsumentowi przez Spółkę za pośrednictwem Platformy, w tym w szczególności: publikacja Oferty, ułatwienie/pośredniczenie przy zawieraniu Umów w tym przekazywanie Zamówień do właściwej Restauracji, umożliwienie dodawania ocen, komentarzy i opinii na temat poszczególnych Restauracji oraz ich wyświetlania, umożliwienie, z zastrzeżeniem postanowień poniższych, uiszczania online - opłat tytułem realizacji Umów na rzecz Restauracji [obsługa płatności]."
Pyszne.pl.docx,2,Autor,pato; may infringe Annex 1(n) Directive 93/13,"Spółka nie odpowiada natomiast za prawidłowe wykonanie Umowy, nie jest bowiem jej stroną."
Pyszne.pl.docx,3,Autor,core,"Usługi świadczone przez Spółkę na rzecz Konsumentów, a wchodzące w zakres niniejszych OWU mają, w stosunku do nich charakter bezpłatny."
Pyszne.pl.docx,4,Autor,acc_del 1,"Spółka ma prawo do natychmiastowego usunięcia Konta danego Konsumenta, w sytuacji rażącego naruszania przez niego postanowień niniejszych OWU, w tym w szczególności: umyślnego wystawiania niezgodnych z prawdą ocen poszczególnych Restauracji, dostarczania treści o charakterze bezprawnym, o których mowa w ust. 9 czy też podania nieprawdziwych/fałszywych danych podczas procesu rejestracyjnego - jeżeli nie zaprzestaje on przedmiotowego działania pomimo wyznaczonego przez Spółkę w tym zakresie terminu - nie krótszego niż 7 dni."
Pyszne.pl.docx,5,Autor,what,Po złożeniu Zamówienia Klient może według własnego uznania zdecydować się na przekazanie napiwku kurierowy za pośrednictwem dostępnych metod płatności online.
Pyszne.pl.docx,6,Autor,pato,"Spółka jest uprawniona do niezwłocznego odrzucania Zamówień składanych przez Konsumentów, jeżeli zachodzi uzasadniona wątpliwość co do ich poprawności lub autentyczności."
Pyszne.pl.docx,7,Autor,what,"Spółka umożliwia Konsumentom dokonywanie ocen wykonania Umów przez poszczególne Restauracje w szczególności poprzez możliwość przyznawania im gwiazdek i/lub wystawianie komentarzyW przypadku odstąpienia od Umowy, wystawione przez Konsumentów oceny nie będą publikowane.Spółka jest upoważniona, lecz nie zobowiązana, do ujawnienia ocen, o których mowa w powyższych ustępach wszystkim użytkownikom Platformy. Oceny ujawniane są w ciągu 7dni. Spółka ma możliwość usuwania wystawionychocen."
Pyszne.pl.docx,8,Autor,com_sys 0,"W przypadku reklamacji Konsumenta dotyczącej Usług, reklamacja winna być przekazana Działowi Obsługi Klienta Spółki za pośrednictwem:formularza kontaktowego dostępnego pod adresem pyszne.pl/obsluga-klienta ,poczty elektronicznej na adres info@pyszne.pl lubpoczty tradycyjnej na adres: Rybacka 9, 53-656 Wrocław,Po otrzymaniu przez Spółkę reklamacji, o której mowa w ust. 2, zostanie ona niezwłocznie rozpatrzona, jednak nie później niż w terminie dwóch tygodni od dnia jej otrzymania. Spółka potwierdzi otrzymanie reklamacji złożonej przez Konsumenta na podany przez niego podczas zgłoszenia adres mailowy."
Pyszne.pl.docx,9,Autor,c_law -1,"Do wykonywania Usług świadczonych przez Spółkę na rzecz Konsumentów, stosuje się powszechnie obowiązujące przepisy prawa polskiego, w szczególności przepisy Kodeksu cywilnego oraz ustawy z dnia 30 maja 2014 r o prawach konsumenta (Dz.U. 2014 poz. 827),"
Pyszne.pl.docx,10,Autor,uncle,Sąd właściwy miejscowo według przepisów prawa polskiego
Pyszne.pl.docx,11,Autor,docu 1,Polityce Prywatności.
MyFitnessPal.docx,0,Autor,docu 1,P RIVACY POLICY
MyFitnessPal.docx,1,Autor,serv_chg -1; ltd -1,"We may change, suspend, or discontinue any or all of the Services at any time, including the availability of any product, feature, database, or Content. In addition, we have no obligation to provide any Updates or to continue to provide or enable any particular features or functionality of any Service. We may also impose limits on certain Services or restrict your access to part or all of the Services without notice or liability."
MyFitnessPal.docx,2,Autor,acc_sus -1,or restrict your access to part or all of the Services without notice or liability.
MyFitnessPal.docx,4,Autor,disc -1,"if we, in our sole discretion, determine you are or have been in violation of these Terms or the spirit thereof "
MyFitnessPal.docx,3,Autor,cnt_modr 0; acc_sus 0; acc_del 0,"We may also deactivate, terminate or suspend your account or access to certain Services at any time: (1) if we, in our sole discretion, determine you are or have been in violation of these Terms or the spirit thereof (as highlighted in our Community Guidelines), (2) if we, in our sole discretion, determine you have created risk or possible legal exposure for MyFitnessPal, the general public, any third party, or any user of our Services, (3) in response to requests by law enforcement or other government agencies, (4) upon discontinuation or material modiﬁcation of any Services, or(5) due to unexpected technical issues or problems. We will endeavor to notify you by email or the next time you attempt to access your account after any such deactivation, termination or suspension"
MyFitnessPal.docx,5,Autor,uncle 1,Except as expressly permitted by applicable law 
MyFitnessPal.docx,6,Autor,cnt_del -1,We can edit or remove your Content from our Services at any time for any reason.
MyFitnessPal.docx,8,Autor,pato; infringes Art. 16 of Polish Act on Copyright and Related Rights,"we have no obligation to provide you with any credit when using your User-Generated Content, but if we choose to provide you with credit, the size and placement of the credit is at our sole discretion"
MyFitnessPal.docx,7,Autor,ip 0,"When you provide User-Generated Content to MyFitnessPal through the Services, you grant us and our users a non-exclusive, irrevocable, royalty-free, freely transferable, sublicensable, worldwide right and license to use, host, store, cache, reproduce, publish, display (publicly or otherwise), perform (publicly or otherwise), distribute, transmit, modify, adapt (including, without limitation, in order to conform to the requirements of any networks, devices, services, or media through which the Services are available), commercialize, create derivative works of, and otherwise exploit such User-Generated Content in connection with any and all Services. You acknowledge and agree that: (a) we have the right to arrange the posting of User-Generated Content in any way we desire; (b) we have no obligation to provide you with any credit when using your User-Generated Content, but if we choose to provide you with credit, the size and placement of the credit is at our sole discretion; and (c) you are not entitled to any compensation or other payment from us in connection with the use of your User-Generated Content.The rights you grant in this license are for the limited purposes of allowing MyFitnessPal to operate and allow other users to use the Services in accordance with their functionality, improve theServices, and develop new Services. "
MyFitnessPal.docx,9,Autor,ind 0,will indemnify us for any breach of this representation and warranty.
MyFitnessPal.docx,10,Autor,ind 0,will indemnify us for any breach of this representation and warranty.
MyFitnessPal.docx,11,Autor,uncle 2,or as otherwise required or permitted by law
MyFitnessPal.docx,12,Autor,what,"Some of our Services may include reviews, discussion forums, conversation pages, blogs or other interactive areas or social features that allow you and other users to post User-Generated Content and interact with one another (“Interactive Areas”)."
MyFitnessPal.docx,13,Autor,ind 0,you release MyFitnessPal from all responsibility and liability arising out of or in connection with such dispute.
MyFitnessPal.docx,14,Autor,acc_del 0,"If you violate the Community Guidelines, we reserve the right to terminate your access to the Services."
MyFitnessPal.docx,15,Autor,acc_sus 0,Creating an account for the purposes of deceiving other users or to work around a suspension is not permitted and will be grounds for a permanent ban from the Services.
MyFitnessPal.docx,16,Autor,disc -1,"Don’t post any Content that contains anything that, we in our sole determination, may determine is objectionable"
MyFitnessPal.docx,17,Autor,acc_del 0; cnt_del 0,"If we determine you are violating the Community Guidelines or otherwise have breached the Terms, we may take actions to address the issue, including, but not limited to, terminating your right to use the Services, removing your User-Generated Content"
MyFitnessPal.docx,18,Autor,may infringe Annex 1(n) Directive 93/13,"You may be able to access certain third-party links, applications, content, services, promotions, special offers, or other events or activities (“Third-Party Applications”) via our Services. If you choose to access these Third-Party Applications, you may be requested to log-in and sync your accounts with such applications. You are in no way obligated to use any Third-Party Applications, your access and use of such applications is entirely at your own risk, and we have no associated liability. In addition, we are not responsible for the accuracy, availability, or reliability of any information, content, goods, data, opinions, advice, or statements made available by any Third- Party Applications. As such, we are not liable for any damage or loss caused or alleged to be caused by or in connection with the use of or reliance on any such Third-Party Applications."
MyFitnessPal.docx,19,Autor,may infringe Annex 1(n) Directive 93/13,"Our Services may be accessed on third-party devices or other products (“Third Party Products”), and your ability to use certain features of the Services may require you to purchase Third-Party Products (e.g., ﬁtness trackers, smart scales, etc.). While we may recommend, promote, or market the products of certain partners, we have no responsibility for your acquisition or use of any Third- Party Products, and we do not guarantee that Third-Party Products will function with the Services or will be error-free. We hereby disclaim liability for all Third-Party Products, including any Third- Party Products offered by our partners."
MyFitnessPal.docx,20,Autor,uncle 3,to the maximum extent permitted by applicable law
MyFitnessPal.docx,21,Autor,uncle 4,to the maximum extent permitted by applicable law
MyFitnessPal.docx,22,Autor,acc_del 0,"If you do not pay the fees or charges due for your use of the Premium Services, we may make reasonable efforts to notify you and resolve the issue; however, we reserve the right to disable or terminate your access to the Premium Services (and may do so without notice)."
MyFitnessPal.docx,23,Autor,uncle 5,To the maximum extent permitted by applicable laws
MyFitnessPal.docx,24,Autor,price_chg 0,we may change our prices for Premium Services at any time
MyFitnessPal.docx,25,Autor,ltd -1,"We provide our Services for information purposes only, and can't be held liable if you suffer an injury or experience a health condition. "
MyFitnessPal.docx,26,Autor,uncle 6,to the maximum extent permitted by applicable law
MyFitnessPal.docx,27,Autor,ltd -1,"we are not responsible or liable, either directly or indirectly, for any injury, illness, or damages sustained from your use of, or inability to use, any Services or features of the Services, including any Content or activities you access or learn about through our Services even if caused in whole or part by the action, inaction or negligence of MyFitnessPal or others."
MyFitnessPal.docx,28,Autor,as_is -1,"All information is provided “as is” without any representation, warranty or condition as to its accuracy or reliability."
MyFitnessPal.docx,29,Autor,uncle 7,To the extent permitted by applicable law
MyFitnessPal.docx,30,Autor,uncle 8,To the extentpermitted by applicable law
MyFitnessPal.docx,31,Autor,pato,"You represent to us (which representation shall be deemed to be made each time you use the Services), that you are not using the Services or participating in any of the activities offered by the Services for purpose of seeking medical attention."
MyFitnessPal.docx,32,Autor,uncle 9,To the extent permitted by applicable law
MyFitnessPal.docx,33,Autor,contr_chg -1,"We reserve the right to modify these Terms by (i) posting revised Terms on and/or through the Services, and/or (ii) providing advance notice to you of material changes to the Terms, generally via email where practicable, and otherwise through the Services (such as through a notiﬁcation on the home page of the MyFitnessPal website or in -app). Modiﬁcations will not apply retroactively unless required by law."
MyFitnessPal.docx,34,Autor,uncle 10,EXCEPT WHERE PROHIBITED BY LAW
MyFitnessPal.docx,35,Autor,uncle 11,TO THE FULLEST EXTENT PERMISSIBLE UNDER THE LAW
MyFitnessPal.docx,36,Autor,as_is -1,THE SERVICES AND ALL CONTENT ARE PROVIDED ON AN“AS IS” AND “AS AVAILABLE” WITH ALL FAULTS BASIS
MyFitnessPal.docx,37,Autor,uncle 12,to the maximum extent permitted by applicable law
MyFitnessPal.docx,38,Autor,uncle 13,To the maximum extent permitted by applicable law
MyFitnessPal.docx,39,Autor,uncle 14,. To the maximum extent permitted by applicable law
MyFitnessPal.docx,40,Autor,uncle 15,To the maximum extent permitted by applicable law
MyFitnessPal.docx,41,Autor,ltd -1,"under no circumstances (including, without limitation, negligence) shall MyFitnessPal, its subsidiaries, partners or any wireless carriers be liable to you or any third party for (a) any indirect, incidental, special, reliance, exemplary, punitive, or consequential damages of any kind whatsoever; (b) loss of proﬁts, revenue, data, use, goodwill, or other intangible losses; (c) damages relating to your access to, use of, or inability to access or use the Services; (d) damages relating to any conduct or Content of any third party or user of the Services, including without limitation, defamatory, offensive or illegal conduct or content; and/or (e) damages in any manner relating to any Third-Party Content or Third-party Products accessed or used via the Services"
MyFitnessPal.docx,42,Autor,uncle 16,To the maximum extent permitted by applicable law
MyFitnessPal.docx,43,Autor,uncle 17,To the maximum extent permitted by applicable law
MyFitnessPal.docx,44,Autor,ltd_cap -1,"the total liability of MyFitnessPal, for any claim under these Terms, including for any implied warranties, is limited to the greater of ﬁve hundred dollars (us $500.00) or the amount you paid us to use the applicable Service(s) in the past twelve months."
MyFitnessPal.docx,45,Autor,uncle 18,to the extent permitted by applicable law
MyFitnessPal.docx,46,Autor,uncle 19,To the extent permitted by applicable law
MyFitnessPal.docx,47,Autor,pato,"To the extent permitted by applicable law, you acknowledge and agree that we offer the Services and set the Services’ prices in reliance upon the warranty disclaimers, releases, and limitations of liability set forth in the Terms, that these warranty disclaimers, releases, and limitations of liability reﬂect a reasonable and fair allocation of risk between you and form an essential basis of the bargain between you and us. We would not be able to provide the Services to you on an economically reasonable basis without these warranty disclaimers, releases, and limitations of liability."
MyFitnessPal.docx,48,Autor,uncle 20,To the maximum extent permitted by applicable law
MyFitnessPal.docx,49,Autor,ind 0,"you agree to indemnify and hold MyFitnessPal, its afﬁliates and partners harmless from any claim or demand, including reasonable accounting and attorneys’ fees, made by any third party due to or arising out of (a) the User-Generated Content you access or share through the Services; (b) your use of the Services, (c) your activities in connection with the Services, (d) your connection to the Services, (e) your violation of these Terms,(f) your use or misuse of any user’s Personal Data, (g) any violation of the rights of any other person or entity by you, or (h) your employment of the Services to meet another user in person."
MyFitnessPal.docx,50,Autor,c_law -1,"If you are a resident of the United States or any non-European Union location: These Terms shall be governed by and construed in accordance with the laws of the New York and controllingU.S. federal law as applicable, without regard to its conﬂict of law principles.If you are a resident of the European Union: These Terms shall be governed by and construed in accordance with the laws of the Netherlands, without regard to its conﬂict of law principles."
MyFitnessPal.docx,51,Autor,arb 0,If you are a resident of the United States:Arbitration AgreementYOU AND MYFITNESSPAL AGREE TO SUBMIT ANY AND ALL DISPUTES ARISING OUT OF OR RELATED TO YOUR USE OF THE SERVICE (A “DISPUTE”) TO BINDING ARBITRATION
MyFitnessPal.docx,52,Autor,uncle 21,Tothe maximum extent permitted by applicable law
MyFitnessPal.docx,53,Autor,period -1,You must ﬁle any claim within one (1) year after such claim arose or it is forever barred.
MyFitnessPal.docx,54,Autor,c_forum -1,"If this arbitration provision is found to be null and void, then all disputes arising under the Terms between us will be subject to the jurisdiction of the state and federal courts located in New York, New York, and you and we hereby submit to the personal jurisdiction and venue of these courts. "
MyFitnessPal.docx,55,Autor,class 0,"neither you nor MyFitnessPal may be a class representative or class member or otherwise participate in any class, representative, consolidated, or private attorney general proceeding."
MyFitnessPal.docx,56,Autor,uncle 22,"Notwithstanding anything in these Terms to the contrary, please note that certain jurisdictions may not allow the waiver or limitation of certain warranties, liabilities or damages under mandatory law, so some of the exclusions and limitations in these Terms may not apply to you"
MyFitnessPal.docx,57,Autor,pato,"If you are a resident of Germany, France, Austria or Finland: Notwithstanding anything in these Terms to the contrary, the qualiﬁer “to the maximum extent permitted by law” and other qualiﬁers of similar effect shall be deemed to be deleted from the Terms everywhere it appears and shall have no force and effect."
MyFitnessPal.docx,58,Autor,sever 0,"If our relationship or these Terms terminate, it will not limit any of our other rights or remedies, and any provision of these Terms that must survive in order to give proper effect to the intent and purpose of these Terms will survive termination, including without limitation Sections 2 (Ownership and Use of Content), 8 (Fitness and Wellness Activities and Dietary Guidance), 10 (No Warranties), 11 (Limitations of Liability), 12 (Indemniﬁcation), 14 (Disputes and Arbitration, Jurisdiction and Venue), and 16 (Survival)."
MyFitnessPal.docx,60,Autor,inter 0,to give effect to the parties’ intentions
MyFitnessPal.docx,59,Autor,sever 0,"If any provision of the Terms is found by a court of competent jurisdiction to be invalid, the parties nevertheless agree that the court should endeavor to give effect to the parties’ intentions as reﬂected in the provision, and the other provisions of the Terms remain in full force and effect."
MyFitnessPal.docx,61,Autor,tran -1,"You may not assign, delegate, or otherwise transfer your account or your obligations under these Terms without our prior written consent. We have the right, in our sole discretion, to transfer or assign all or any part of our rights under these Terms and will have the right to delegate or use third-party contractors to fulﬁll our duties and obligations under these Terms and in connection with the Services."
Zenly.docx,0,Autor,what,"In case you’re not familiar, Zenly is an app that makes it fun and easy to know what your friends and family are up to and keep memories of your real life interactions. Want to see how much you really know about your hometown? Show off how much of the world you’ve explored? Lost your friends at a festival, on the beach, or on the slopes? We’ve got you covered! With Zenly, you can keep up with the people you care about the most, both near and far, create a personal diary of where you’ve been, or publicly showcase the places you’ve visited."
Zenly.docx,1,Autor,contr_chg -1,(ii) when we make any material changes to the Terms.
Zenly.docx,2,Autor,docu 1,Privacy Policy
Zenly.docx,3,Autor,what,"You understand that Zenly is a location-based service. In order to provide the Services, Zenly requires access to the location data of your device and needs to keep a record of your location history. You will ﬁrst have to grant permission to Zenly before we can access your location data. "
Zenly.docx,4,Autor,uncle 1,unless laws prohibit these restrictions 
Zenly.docx,5,Autor,may infringe Annex 1(b) Directive 93/13,Zenly is not responsible or liable for a third party’s terms or actions taken under the third party’s terms.
Zenly.docx,6,Autor,serv_chg -1,"We’re relentlessly improving our Services and creating new ones all the time. This means that we may add or remove features, products, or functionalities, and we may also suspend or stop the Services altogether. We may take any of these actions at any time, and when we do, we will try to notify you beforehand—but this won’t always be possible."
Zenly.docx,7,Autor,acc_sus -1; acc_del -1,"Zenly may also terminate these Terms with you if you fail to comply with these Terms, the law, or for any reason outside of our control. And while we’ll try to give you advance notice, we can’t guarantee it. Our right to terminate these Terms means that we may stop providing you with any Services, or impose new or additional limits on your ability to use the Services. For example, we may deactivate your account due to prolonged inactivity (12 months)."
Zenly.docx,9,Autor,uncle 2,to the extent permitted by law
Zenly.docx,8,Autor,ind 0,"You agree, to the extent permitted by law, to indemnify, defend and hold harmless Zenly and our afﬁliates, directors, ofﬁcers, stockholders, employees, licensors, suppliers, and agents from and against any complaints, charges, claims, damages, losses, costs, liabilities and expenses (including attorneys’ fees) due to, arising out of, or relating in any way to: (a) your access to or use of the Services; (b) your content; and (c) your breach of these Terms."
Zenly.docx,10,Autor,as_is -1,The Services are provided “as is” and “as available” 
Zenly.docx,11,Autor,uncle 3,to the extent permitted by law 
Zenly.docx,12,Autor,uncle 4,"IF THE LAW OF THE COUNTRY WHERE YOU LIVE DOES NOT ALLOW THE EXCLUSIONS OF LIABILITY PROVIDED FOR IN THIS CLAUSE, THOSE EXCLUSIONS SHALL NOT APPLY."
Zenly.docx,13,Autor,uncle 5,Nothing in these Terms will exclude or limit any responsibility we may have to remove content if so required by the law of the country where you live.
Zenly.docx,14,Autor,ltd -1,"Zenly and our afﬁliates, directors, ofﬁcers, stockholders, employees, licensors, suppliers, and agents will not be liable for any indirect, incidental, special, consequential, punitive, or multiple damages, or any loss of proﬁts or revenues, whether incurred directly or indirectly, or any loss of data, use, goodwill or other intangible losses, resulting from: (a) your use of the Services or inability to use the Services; (b) your access to or inability to access the Services;(c) the conduct or content of other users or third parties on or through the Services; or (d) unauthorised access, use or alteration of your content. "
Zenly.docx,15,Autor,ltd_cap -1,In no event will Zenly or their afﬁliates’ aggregate liability for all claims relating to the Services exceed the greater of €100 EUR.
Zenly.docx,16,Autor,uncle 6,"IF THE LAW OF THE COUNTRY WHERE YOU LIVE DOES NOT ALLOW ANY LIMITATION OF LIABILITY PROVIDED FOR IN THIS CLAUSE, THAT LIMITATION WILL NOT APPLY."
Zenly.docx,17,Autor,c_forum -1,"To the extent the parties are permitted under these Terms to initiate litigation in a court, both you and Zenly agree that all claims and disputes (whether contractual or otherwise) arising out of or relating to the Terms or the use of the Services will be litigated exclusively in the courts of France"
Zenly.docx,18,Autor,uncle 7,unless this is prohibited by the laws of the country where you reside
Zenly.docx,19,Autor,c_law -1,The laws of France govern these Terms and any claims and disputes (whether contractual or otherwise) arising out of or relating to these Terms or their subject matter.
Zenly.docx,20,Autor,uncle 8,"The courts in some countries may not apply the laws of France to some disputes related to these Terms. If you reside in one of those countries, the laws of your home country may apply to those disputes"
Zenly.docx,21,Autor,sever 0,"If any provision of these Terms is found unenforceable, then that provision will be severed from these Terms and not affect the validity and enforceability of any remaining provisions."
Zenly.docx,22,Autor,sugg 0,If you do happen to volunteer feedback or suggestions just know that we can use your ideas without compensating you.
Cisco.docx,0,Autor,price_chg 0,"Your Approved Source will notify You reasonably in advance of any Renewal Term if there are fee changes. The new fees will apply for the upcoming Renewal Term unless You or Your Cisco Partner promptly notify Cisco in writing, before the renewal date, that You do not accept the fee changes. "
Cisco.docx,1,Autor,docu 1,"(except as permitted under Cisco’s Software License Portability Policy); (c) remove, modify, or conceal any"
Cisco.docx,2,Autor,serv_chg -1,"Cisco may: (a) enhance or refine a Cloud Service, although in doing so, Cisco will not materially reduce the core functionality of that Cloud Service, except as contemplated in this Section"
Cisco.docx,3,Autor,docu 2,Open source software not owned by Cisco is subject to separate license terms as set out at www.cisco.com/go/opensource
Cisco.docx,4,Autor,uncle 1,To the extent permitted by law
Cisco.docx,5,Autor,uncle 2,to the extent legally permissible
Cisco.docx,6,Autor,sugg 0,Cisco may use anyfeedbackYouprovideinconnectionwithYouruseof the Cisco Technology as part of its business operations.
Cisco.docx,7,Autor,docu 3,www.cisco.com/go/warranty
Cisco.docx,8,Autor,uncle 3,to the extent allowed by applicable law
Cisco.docx,9,Autor,as_is -1,"Cisco expressly disclaims all warranties and conditions of anykind, express or implied, including without limitation any warranty, condition or other implied term as to merchantability, fitness for a particular purpose or non- infringement, or that the Cisco Technology will be secure, uninterrupted or error free. "
Cisco.docx,10,Autor,uncle 4,You may have legal rights in Your country of residence that prohibit the limitations set out in this Section 
Cisco.docx,11,Autor,ltd -1,"Neither party will be liable for indirect, incidental, exemplary, special or consequential damages; loss or corruption of data or interruption or loss of business; or loss of revenues, profits, goodwill or anticipated sales or savings. "
Cisco.docx,12,Autor,ltd_cap -1,"The maximum aggregate liability of each party under this EULA is limited to (a) for claims solely arising from Software licensed on a perpetual basis, the fees received by Cisco for that Software; or (b) for all other claims, the fees received by Cisco for the applicable Cisco Technology and attributable to the 12 month period immediately preceding the first event giving rise to such liability."
Cisco.docx,13,Autor,uncle 5,Nothing in this EULA limits or excludes any liability that cannot be limited or excluded under applicable law.
Cisco.docx,14,Autor,acc_sus 0; cnt_modr 0,"Cisco may immediately suspend Your Usage Rights if You breach Sections 2.1 (License and Right to Use), 3.1 (Cisco Technology Generally), 3.2 (Cloud Services) or 12.8 (Export)."
Cisco.docx,15,Autor,acc_del 1,"If a party materially breaches this EULA and does not cure that breach within 30 days after receipt of written notice of the breach, the non- breaching party may terminate this EULA for cause. "
Cisco.docx,16,Autor,acc_del 0,"Cisco may immediately terminate this EULA if You breach Sections 2.1 (License and Right to Use), 3.1 (Cisco Technology Generally), 3.2 (Cloud Services) or12.8 (Export)."
Cisco.docx,17,Autor,tran 1,"Assignment and Subcontracting. Except as set out below, neither party may assign or novate this EULA in whole or in part without the other party’s express written consent. Cisco may (a) by written notice to You, assign or novate this EULA in whole or in part to an Affiliate of Cisco, or otherwise as part of a sale or transfer of any part of its business; or (b) subcontract any performance associated with the Cisco Technology to third parties, provided that such subcontract does not relieve Cisco of any of its obligations under this EULA."
Cisco.docx,18,Autor,contr_chg -1,Modifications to the EULA. Cisco may change this EULA or any of its components by updating this EULA on Cisco.com. Changes to the EULA apply to any Entitlements acquired or renewed after the date of modification.
Cisco.docx,19,Autor,c_law 0; c_forum 0,"Governing Law and Venue. This EULA, and any disputes arising from it, will be governed exclusively by the applicable governing law below, based on Your primary place of business and without regard to conflicts of laws rules or the United Nations Convention on the International Sale of Goods. The courts located in the applicable venue below will have exclusive jurisdiction to adjudicate any dispute arising out of or relating to the EULA or its formation, interpretation or enforcement. Each party hereby consents and submits to the exclusive jurisdiction of such courts. Regardless of the below governing law, either party may seek interim injunctive relief in any court of appropriate jurisdiction with respect to any alleged breach of Cisco’s intellectual property or proprietary rights."
Cisco.docx,20,Autor,sever 0,"Severability. If any portion of this EULA is not enforceable, it will not affect any other terms."
Cisco.docx,21,Autor,docu 4,www.cisco.com/go/softwareterms
Apple.docx,0,Autor,price_chg 0,Content prices may change at any time. 
Apple.docx,1,Autor,docu,https://www.apple.com/legal/internet-services/itunes/giftcards/.
Apple.docx,2,Autor,docu,https://www.apple.com/legal/privacy/.
Apple.docx,3,Autor,docu,Apple TV Content Usage Rules at https://support.apple.com/HT210074. 
Apple.docx,4,Autor,contr_chg -1; cnt_del 0; cnt_modr 0,"Your use of such features must comply with the Submissions Guidelines below, which may be updated from time to time, and if we become aware of materials that violate our Submission Guidelines we will remove them. "
Apple.docx,5,Autor,uncle,Except to the extent prohibited by law
Apple.docx,6,Autor,ip -1,"you hereby grant Apple a worldwide, royalty-free, perpetual, nonexclusive license to use the materials you submit within the Services and related marketing, and Apple internal purposes. "
Apple.docx,7,Autor,cnt_del -1,Apple may monitor and decide to remove or edit any submitted material.
Apple.docx,8,Autor,recom 0,"The Services may recommend Content to you based on your downloads, purchases and other activities. You may opt out from receiving such personalized recommendations for some Services in your account settings."
Apple.docx,9,Autor,uncle,", or as required under applicable law"
Apple.docx,10,Autor,uncle,except as and only to the extent that any foregoing restriction is prohibited by applicable law or to the extent as may be permitted by the licensing terms governing use of any open-sourced components included with the Licensed Application
Apple.docx,11,Autor,ltd -1,"Limitation of Liability.Except as set out in section (ii) hereunder, in no case shall Licensor, its directors, officers, employees, affiliates, agents, contractors, principals or licensors be liable for any loss or damage caused by Licensor, its employees or agents where:there is no breach of a legal duty of care owed to you by Licensor or by any of its employees or agents;it is not a reasonably foreseeable result of any such breach;any increase in loss or damage results from breach by you of any term of this End User Licence Agreement (""Agreement"");it results from a decision by Licensor to warn you, to suspend or terminate your access to the External Services, or to take any other action during the investigation of a suspected violation or as a result of Licensor’s conclusion that a violation of this Agreement has occurred;it relates to loss of income, business or profits, or any loss or corruption of data in connection with your use of the Licensed Application.Nothing in this Agreement removes or limits Licensor’s liability for fraud, gross negligence, wilful misconduct, or for death or personal injury caused by its negligence."
Apple.docx,12,Autor,c_law -1,this Agreement and the relationship between you and Apple shall be governed by the laws of the State of California
Apple.docx,13,Autor,c_forum -1,"You and Apple agree to submit to the personal and exclusive jurisdiction of the courts located within the county of Santa Clara, California"
Apple.docx,14,Autor,as_is -1,"iCloud Music Library is provided on an “AS IS” basis and could contain errors or inaccuracies. You should back up your data and information prior to using iCloud Music Library. If you are not an Apple Music member, you may purchase an iTunes Match subscription, which uses iCloud Music Library. When your Apple Music membership ends, you will lose access to your iCloud Music Library, including iCloud Music Library Content that is uploaded to iCloud Music Library servers."
Apple.docx,15,Autor,contr_chg -1,Apple reserves the right at any time to modify this Agreement and to add new or additional terms or conditions on your use of the Services.
Apple.docx,16,Autor,acc_sus 0; acc_del 0,"If you fail, or Apple suspects that you have failed, to comply with any of the provisions of this Agreement, Apple may, without notice to you: (i) terminate this Agreement and/or your Apple ID, and you will remain liable for all amounts due under your Apple ID up to and including the date of termination; and/or (ii) terminate your license to the software; and/or (iii) preclude your access to the Services."
Apple.docx,17,Autor,serv_chg -1,"Apple further reserves the right to modify, suspend, or discontinue the Services (or any part or Content thereof) at any time with or without notice to you"
Apple.docx,18,Autor,uncle,YOU AGREE THAT UNLESS REQUIRED BY APPLICABLE LAW
Apple.docx,20,Autor,uncle,in the event that you are exercising any applicable statutory right to refund or compensation
Apple.docx,19,Autor,ltd -1,"Except as set out in (e) below, or in the event that you are exercising any applicable statutory right to refund or compensation, in no case shall Apple, its directors, officers, employees, affiliates, agents, contractors, or licensors be liable for any loss or damage caused by Apple, its employees or agents where:there is no breach of a legal duty of care owed to you by Apple or by any of our employees or agents;it is not a reasonably foreseeable result of any such breach;any increase in loss or damage results from breach by you of any term of this Agreement;it results from a decision by Apple to remove or refuse to process any information or content, to warn you, to suspend or terminate your access to the Service, or to take any other action during the investigation of a suspected violation or as a result of Apple’s conclusion that a violation of this Agreement has occurred; orit relates to loss of income, business or profits, or any loss of data or corruption of data in connection with your use of the Services."
Apple.docx,21,Autor,c_law -1,"Except to the extent expressly provided in the following paragraph, this Agreement and the relationship between you and Apple, and all Transactions on the Services shall be governed by the laws of the State of California"
Apple.docx,22,Autor,c_forum -1,"You and Apple agree to submit to the personal and exclusive jurisdiction of the courts located within the county of Santa Clara, California"
Apple.docx,23,Autor,sever 0; inter 0,". If any part of this Agreement is held invalid or unenforceable, that portion shall be construed in a manner consistent with applicable law to reflect, as nearly as possible, the original intentions of the parties, and the remaining portions shall remain in full force and effect. "
Apple.docx,24,Autor,disc -1,reasonably necessary 
Match.com.docx,0,Autor,core,"We, as well as other business entities controlled by, controlling, or under common control with us (our “Group”) offer a number of dating, matchmaking and social discovery platforms.  We provide our products and services, some of which are free, some of which are paid for, via desktop, web mobile and apps (the “Services”)"
Match.com.docx,1,Autor,docu 1-4,"ii) Safety Tips, and (iii) Community Guidelines, and that you have read and acknowledge our (iv) Privacy Policy and (v) Cookie Policy"
Match.com.docx,2,Autor,"acc_del 0; acc_sus 0; sometimes immediate account suspension (without notice period) might be desired, for example, to protect other users against spam or uploading harmful or infringing others’ rights content","We reserve the right to decline, suspend or terminate your access or membership at any time if you do not meet any of these conditions."
Match.com.docx,3,Autor,core,Registration to our Services is free
Match.com.docx,4,Autor,pato1,"When you disclose and disseminate information, data, text, content, videos and images about you, you waive your right to make any claim against us"
Match.com.docx,5,Autor,cnt_modr 0,"you acknowledge and accept that the data you provide, as well as your behaviour or comments may be subject to acts of moderation and/or control by us in accordance with our moderation policies"
Match.com.docx,6,Autor,contr_chg -1,as updated from time to time
Match.com.docx,8,Autor,disc -1,that we regard as inappropriate or unlawful
Match.com.docx,7,Autor,"acc_del 0; acc_sus 0; sometimes immediate account suspension (without notice period) might be desired, for example, to protect other users against spam or uploading harmful or infringing others’ rights content","We reserve the right to suspend or terminate your account without notice and without any refund if you have violated these obligations, misused the Services or behaved in a way that we regard as inappropriate or unlawful, including by reference to any action or communication that occurred on or off the Services"
Match.com.docx,9,Autor,acc_del 0,including terminating their account
Match.com.docx,10,Autor,contractual imbalance,by us from you 
Match.com.docx,11,Autor,serv_chg -1,may change over time
Match.com.docx,12,Autor,what,Free features and functionalities notably include
Match.com.docx,13,Autor,serv_chg -1,We may also from time-to-time change or stop offering certain types of Purchases
Match.com.docx,14,Autor,virtu1,"We may from time to time offer profile badges, distinctions or similar items for users to obtain depending as to whether they fulfil the qualifying criteria to gain that item."
Match.com.docx,15,Autor,ip -1,"you grant us a worldwide licence to use the intellectual property rights arising from the content provided by you (information, images, descriptions, search criteria, recordings, etc.) in connection with your use of the Services, including without limitation your profile and interactions with other users. This licence specifically includes the right for us to reproduce, represent, broadcast, modify, adapt (in order to comply with the graphic charter of the Services and/or to make it compatible with its technical functionalities or the formats supported by the relevant media), translate, digitise, use for the purposes of the Services and/or sub-license the content provided by you on all or parts of the Services, in our emails and notifications to other users or any other communications related to the Services"
Match.com.docx,16,Autor,uncle 1,subject to applicable law
Match.com.docx,17,Autor,pato2,we do not control nor moderate exhaustively any of the content which users may publish or upload on the Services under their sole responsibility
Match.com.docx,18,Autor,as_is -1,Our Services are provided to you ‘as is’
Match.com.docx,19,Autor,serv_chg 0,Some functionalities may also be disabled permanently if required for security or other pressing reasons
Match.com.docx,20,Autor,uncle 2,Subject to applicable law
Match.com.docx,21,Autor,ltd 0,we are only responsible for direct damage caused by us if we fail to provide the Services in compliance with these Terms of Use and applicable laws and regulations
Match.com.docx,22,Autor,uncle 3,applicable laws and regulations
Match.com.docx,23,Autor,uncle 4,We do not exclude or limit in any way our liability to users where it would be unlawful to do so
Match.com.docx,24,Autor,ind 0,"In the event we or the Group are held liable on the basis of your breach of any of your legal or contractual obligations under these Terms of Use, you will indemnify and hold us and/or the Group harmless against any damages, expenses or orders issued against it resulting from or arising in connection with such breach"
Match.com.docx,25,Autor,serv_chg -1,We may update and modify at any time the content and/or features of any of the Services
Match.com.docx,26,Autor,contr_chg -1,and these Terms of Use
Match.com.docx,27,Autor,sever 0,"If one or more provisions in the Terms of Use are held to be unenforceable under applicable laws or regulations or as a result of a final decision by a competent court or authority, the other provisions will remain in full force and effect"
Match.com.docx,28,Autor,uncle 5,"to the extent permitted by law, regulation or applicable court decisions"
Match.com.docx,29,Autor,tran -1,"All of our rights and obligations under these Terms of Use are freely assignable by us in connection with a merger, acquisition, business sale or transfer of assets, or by operation of law or otherwise"
Match.com.docx,30,Autor,c_law -1,"These Terms of Use are governed, interpreted and applied in accordance with the laws of England"
Match.com.docx,31,Autor,uncle 6,subject to mandatory consumer laws in force in your country of residence
Match.com.docx,32,Autor,c_forum 1,"the competent authorities will be the courts of your country of residence located in one of the member States of the European Economic Area, the United Kingdom or Switzerland"
Adobe.docx,0,Autor,what,"your use of and access to our website, customer support, discussion forums or other interactive areas or services and services such as Creative Cloud (collectively, the “Services”) and software that we include as part of the Services, as well as any applications, including mobile applications, Sample Files and Content Files (defined below), scripts, instruction sets and related documentation (collectively, the “Software”)"
Adobe.docx,1,Autor,docu 1,Subscription and Cancellation Terms
Adobe.docx,2,Autor,docu 2,K-12 (Primary and Secondary) and Higher Education Additional Terms for Student Data
Adobe.docx,3,Autor,uncle 1,unless preempted by U.S. federal law
Adobe.docx,4,Autor,c_law -1,the law of Ireland
Adobe.docx,5,Autor,uncle 2,You may have additional rights under your local law. We do not seek to limit those rights where it is prohibited to do so by law.
Adobe.docx,6,Autor,docu 3-23,"1.2 Additional Terms. Our Services and Software are licensed, not sold, to you and may also be subject to one or more of the additional terms below (“Additional Terms”). If there is any conflict between the terms in the General Terms and the Additional Terms, then the Additional Terms govern in relation to that Service or Software. The Additional Terms are subject to change as described in section 1.6 (Updates to Terms) below.Adobe DeveloperAdobe Substance 3D AssetsDemo AssetsMediumAdobe FontsAdobe Substance 3D Community AssetsDocument CloudMixamoAdobe SignBehanceFuseSoftwareAdobe SparkBusiness CatalystInDesign ServerAdobe StockBusiness CustomersK-12 and Higher EducationAdobe Stock ContributorCreative Cloud ExpressLightroom"
Adobe.docx,7,Autor,contr_chg -1,We may make changes to the Terms from time to time 
Adobe.docx,8,Autor,docu 24,Privacy Policy
Adobe.docx,9,Autor,uncle 3,Where permitted by law
Adobe.docx,10,Autor,cnt_modr 0,"we will only access, view or listen to your Content (defined in section 4.1 (Content) below) in limited ways. For example, in order to perform the Services, we may need to access, view or listen to your Content to (A) respond to Feedback or support requests; (B) detect, prevent or otherwise address fraud, security, legal or technical issues; and (C) enforce the Terms. Our automated systems may analyse your Content using techniques such as machine learning in order to improve our Services and Software and the user experience. Learn more about the machine learning we do"
Adobe.docx,11,Autor,docu 25,terms of the Adobe Data Processing Agreement (“DPA”) (available here)
Adobe.docx,12,Autor,pato1,You agree that your decision to use or purchase Software or Services is not contingent on the delivery of any future functionality or features or dependant on any oral or written public comments made by us regarding future functionality or features.
Adobe.docx,13,Autor,acc_sus 0,We may suspend the Services until you are within the storage space limit associated with your account
Adobe.docx,14,Autor,cnt_retr 1,"At the end of your licence term, we will use commercially reasonable efforts to allow you to transition your Content out of the Services. The transition must be completed within 30 days from the date of the termination or expiration of your licence term. At the end of this 30-day transition period, we reserve the right to delete your Content. You should download any Content that you have stored in the Services before your licence ends."
Adobe.docx,15,Autor,pato2,"If you access our Services, you may come across user-generated content that you find offensive or upsetting. Your sole remedy is to stop viewing the content."
Adobe.docx,16,Autor,uncle 4,to the extent permitted under applicable law
Adobe.docx,17,Autor,cnt_del 0,"we may remove the Creative Cloud Customer Fonts from your account, from the Services or from the Content that uses that Creative Cloud Customer Fonts"
Adobe.docx,19,Autor,core,"In exchange for your use of a Beta Version, you agree that Adobe may collect data regarding your use of the Beta Version to improve our products and personalise your experience, regardless of whether or not you have opted-out of data collection for non-Beta Versions"
Adobe.docx,20,Autor,docu,Any separate agreement we enter into with you governing the Beta Version will supersede these provisions
Adobe.docx,21,Autor,cnt_del 0,"We reserve the right to remove Content or restrict access to Content, Services and Software if any of your Content is found to be in violation of these Terms."
Adobe.docx,22,Autor,cnt_modr 0,"We reserve the right to remove Content or restrict access to Content, Services and Software if any of your Content is found to be in violation of these Terms. We do not review all Content uploaded to the Services or Software, but we may use available technologies, vendors or processes to screen for certain types of illegal content (for example, child pornography) or other abusive content or behaviour (for example, patterns of activity that indicate spam or phishing or keywords that indicate adult content has been posted outside of the adult wall)."
Adobe.docx,23,Autor,ip 1,"Solely for the purposes of operating or improving the Services and Software, when you upload Content to the Services or Software, you grant us a nonexclusive, worldwide, royalty-free, sublicensable and transferrable licence to use, reproduce, publicly display, distribute, modify (so as to better showcase your Content, for example), publicly perform and translate the Content."
Adobe.docx,24,Autor,sugg 0,"You have no obligation to provide us with ideas, suggestions, proposals or bug or crash reports (“Feedback”). If you submit Feedback to us however, then you grant us a non-exclusive, irrevocable, perpetual, worldwide, royalty-free, sublicensable and transferable licence to make, use, sell, have made, offer to sell, import, export, reproduce, publicly display, distribute, modify and publicly perform the Feedback."
Adobe.docx,25,Autor,acc_del 0,"If you don't sign into your account periodically, we reserve the right to assume your account is inactive and you agree that we may close it for you. You understand that you will lose access to any Content stored in your account upon closure. Prior to closing your account for inactivity, we will attempt to provide notice to you. "
Adobe.docx,26,Autor,ind 0,"8.2 Indemnification. You will indemnify us and our subsidiaries, affiliates, officers, agents, employees, partners and licensors from any claim, demand, loss or damage, including reasonable solicitors’ fees, arising out of or related to your Content, Creative Cloud Customer Fonts, your use of the Services or Software (as applicable) or your violation of the Terms. We have the right to control the defence of any claim, action or matter subject to indemnification by you with counsel of our own choosing. You will fully cooperate with us in the defence of any such claim, action or matter."
Adobe.docx,27,Autor,as_is -1,"Unless stated in the Additional Terms, the Services and Software are provided “AS-IS.” "
Adobe.docx,28,Autor,uncle 5,.” To the maximum extent permitted by law
Adobe.docx,29,Autor,ltd -1,you are solely responsible for any damage to your computer system or loss of data that results from the use of and access to any Service or Software
Adobe.docx,30,Autor,ltd -1,"If you post your Content on our servers to publicly Share through the Services, we are not responsible for: (A) any loss, corruption or damage to your Content"
Adobe.docx,31,Autor,ltd -1,", we are not liable to you or anyone else for any special, incidental, indirect, consequential, moral, exemplary or punitive damages whatsoever, regardless of cause, including losses and damages (A) resulting from loss of use, data, reputation, revenue or profits; (B) based on any theory of liability, including breach of contract or warranty, negligence or other tortious action; or (C) arising out of or in connection with your use of or access to the Services or Software. Nothing in the Terms limits or excludes our liability for gross negligence, intentional misconduct of Adobe or its employees, death or personal injury"
Adobe.docx,32,Autor,ltd_cap -1,Our total liability in any matter arising out of or related to the Terms is limited to the greater of (A) US $100; or (B) the aggregate amount that you paid for access to the Services and Software during the three-month period preceding the event giving rise to the liability
Adobe.docx,33,Autor,uncle 6,These limitations and exclusions in this section 10 (Limitation of Liability) apply to the maximum extent permitted by law
Adobe.docx,35,Autor,cnt_retr 1,we will make reasonable efforts to notify you at least 30 days prior to termination via the email address you provide to us with instructions on how to retrieve your Content
Adobe.docx,34,Autor,acc_del 0,"If we terminate the Terms or your use of the Service(s) or Software for reasons other than for cause, we will make reasonable efforts to notify you at least 30 days prior to termination via the email address you provide to us with instructions on how to retrieve your Content."
Adobe.docx,37,Autor,pato3,"(F) we elect to discontinue the Services or Software, in whole or in part (such as if it becomes impractical for us to continue offering Services in your region due to change of law)"
Adobe.docx,36,Autor,"acc_sus 0, acc_del 0","we may, at any time, terminate or suspend your right to use and access the Services or Software if:(A) you breach any provision of the Terms (or act in a manner that clearly shows you do not intend to, or are unable to, comply with the Terms);(B) you fail to make the timely payment of fees for the Services or Software, if any;(C) you physically, verbally or through other means abuse, threaten, bully or harass us or our personnel (in such circumstances, we may alternatively suspend or restrict your access to the Services or Software);(D) you have repeatedly made complaints in bad faith or without a reasonable basis and continue to do so after we have asked you to stop (in such circumstances, we may alternatively suspend or restrict your access to the Services or Software); (E) we are required to do so by law (for example, where the provision of the Services or Software to you is or becomes, unlawful);(F) we elect to discontinue the Services or Software, in whole or in part (such as if it becomes impractical for us to continue offering Services in your region due to change of law); or(G) there has been an extended period of inactivity in your free account. "
Adobe.docx,38,Autor,uncle 7,"or any other legislation which may not be excluded, restricted or modified by agreement"
Adobe.docx,39,Autor,uncle 8,or any other legislation
Adobe.docx,40,Autor,uncle 9,to the extent it is able to do so
Adobe.docx,41,Autor,arb -1,", any resulting legal actions must be resolved through final and binding arbitration"
Adobe.docx,42,Autor,period -1,"Claims related to the Terms, Services or Software are permanently barred if not brought within one year of the event resulting in the claim"
Adobe.docx,43,Autor,class -1,"14.3 No Class Actions. You may only resolve disputes with us on an individual basis and you may not bring a claim as a plaintiff or a class member in a class, consolidated or representative action."
Adobe.docx,44,Autor,serv_chg -1,"We may modify, update or discontinue the Services or Software (including any portions or features) at any time, without liability to you or anyone else."
Adobe.docx,45,Autor,cnt_retr 1,"If we discontinue the Services or Software in its entirety, we will use reasonable commercial efforts to allow you to transition your Content"
Adobe.docx,46,Autor,uncle 10,If the laws of your jurisdiction give you the right 
Adobe.docx,47,Autor,tran -1,"You may not assign or otherwise transfer the Terms or your rights and obligations under the Terms, in whole or in part, without our written consent and any such attempt will be void. We may transfer our rights under the Terms to a third party."
Adobe.docx,48,Autor,sever 0,"18.7 Severability. If any provision of the Terms is held invalid or unenforceable for any reason, the remainder of the Terms will continue in full force and effect."
Niantic.docx,0,Autor,docu 1,Privacy Policy
Niantic.docx,1,Autor,docu 2,Guidelines
Niantic.docx,2,Autor,contr_chg -1,"Niantic may modify these Terms at any time, and if we do, we will notify you by posting the modified Terms on the Site or in the App."
Niantic.docx,3,Autor,cnt_modr 0; acc_del 0,"If you breach these Terms we may take action against you, including but not limited to terminating your account."
Niantic.docx,4,Autor,ind 0,"If you have a dispute with any third party relating to your use of Services, you release Niantic (and our officers, directors, agents, subsidiaries, joint ventures, and employees) from all claims, demands, and damages (actual and consequential) of every kind and nature, known and unknown, suspected and unsuspected, disclosed and undisclosed, arising out of or in any way connected with such disputes."
Niantic.docx,5,Autor,acc_sus -1; acc_del -1; -1 as the enlisted reasons do not exhaust the catalogue,"We may suspend or terminate your access to and use of the Services, at our sole discretion, at any time and without notice to you, including if (a) you fail to comply with these Terms; (b) we suspect fraud, cheating, or misuse by you of Content or Services; or (c) we suspect any other unlawful activity associated with your Account."
Niantic.docx,6,Autor,uncle 1,TO THE EXTENT PERMITTED UNDER APPLICABLE LAW
Niantic.docx,7,Autor,uncle 2,or under applicable law
Niantic.docx,9,Autor,uncle 3,if not permitted under applicable law
Niantic.docx,10,Autor,uncle 4,under any applicable law
Niantic.docx,8,Autor,ip -1; shad_ip,"By making any User Content available through the Services you grant to Niantic a nonexclusive, transferable, sublicenseable, worldwide, royalty-free, perpetual license (or, if not permitted under applicable law, a license for the whole duration, including for any extension thereof, of all relevant rights under any applicable law), to use, copy, modify, create derivative works based upon, publicly display, publicly perform, market, promote and distribute your User Content in connection with operating and providing the Services and Content to you and to others. By accepting these terms, you allow Niantic to benefit freely from the above rights, including but not limited to:The right to reproduce User Content by any means and in any form.The right to publicly or privately broadcast or make available the User Content (or any product incorporating the User Content), in return for payment or free of charge in all places by any means or process known or unknown at the present time, and in particular via Internet, pay per view, pay per play, theatrical or television broadcasting, DVD, and print.The right to use the User Content for demonstration, promotion and advertising for all Niantic Services.The right to produce or order the production of any new product or service from the User Content or from any product incorporating or exploiting the User Content, either reproduced as it stands or modified by Niantic or by any outside party of its choice."
Niantic.docx,11,Autor,uncle 5,To the extent permitted by applicable law
Niantic.docx,12,Autor,against Art. 16 of the Polish Law on copyright and related rights; shad_ip,"To the extent permitted by applicable law, you also agree that you will not exercise your moral rights (or equivalent rights under applicable laws), such as your right to be identified as the author of any of the User Contents, against Niantic or any third party designated by Niantic."
Niantic.docx,13,Autor,virtu,"Certain Apps permit Account holders to capture and trade virtual items, including but not limited characters or other items (""Trading Items""), during gameplay. Unlike Virtual Money and Virtual Goods, Trading Items are obtained at no additional charge during gameplay. Trading Items are a category of Content, and you acknowledge that you do not acquire any ownership rights in or to Trading Items and that Trading Items do not have monetary value. Trading Items may be traded with other Account holders for other Trading Items, but Trading Items can never be sold, transferred, or exchanged for Virtual Money, Virtual Goods, “real” goods, “real” money, or “real” services, or any other consideration from us or anyone else."
Niantic.docx,14,Autor,as_is -1,"All Trading Items and other Content are provided ""as is,"" without any warranty, except where prohibited under "
Niantic.docx,15,Autor,uncle 6,except where prohibited under applicable law.
Niantic.docx,17,Autor,acc_del 0,or the termination of your Account.
Niantic.docx,18,Autor,as_is -1,"During the term of your license to your Virtual Money, you may redeem your Virtual Money for selected Virtual Goods. As set forth below, all Virtual Money, Virtual Goods, and other Content is provided ""as is,"" without any warranty"
Niantic.docx,19,Autor,serv_chg -1,"Generally, we have the right to offer, modify, eliminate, and/or terminate Virtual Money, Virtual Goods, the Content, and/or the Services, or any portion thereof, at any time, without notice or liability to you. "
Niantic.docx,16,Autor,virtu,"Certain Apps permit the purchase of virtual currency (""Virtual Money""), specific to each App, and use of that Virtual Money to purchase virtual items or services expressly available for use in the respective Apps (“Virtual Goods”). Virtual Money is a category of Content. You may access and purchase Virtual Goods for your personal, non-commercial use of the Services. You acknowledge that you do not acquire any ownership rights in or to the Virtual Money or Virtual Goods. Any balance of Virtual Goods or Virtual Money does not reflect any stored value and you agree that Virtual Money and Virtual Goods have no monetary value and do not constitute currency or property of any type. Virtual Money may be redeemed only for Virtual Goods and can never be sold, transferred, or exchanged for “real” money, “real” goods, or “real” services from us or anyone else. You agree that you will only obtain Virtual Money and/or Virtual Goods from us and through means provided by us, and not from any third party unless expressly authorized. Once you acquire a license to Virtual Money or Virtual Goods, you may not transfer them to another individual or account. Any such sale, transfer, or exchange (or attempt to do so) is prohibited, is a violation of these Terms and may result in cancellation of such Virtual Money or Virtual Goods or the termination of your Account.During the term of your license to your Virtual Money, you may redeem your Virtual Money for selected Virtual Goods. As set forth below, all Virtual Money, Virtual Goods, and other Content is provided ""as is,"" without any warranty. You agree that all sales by us to you of Virtual Money and Virtual Goods are final and that we will not permit exchanges or refunds for any unused Virtual Money or Virtual Goods once the transaction has been made.Generally, we have the right to offer, modify, eliminate, and/or terminate Virtual Money, Virtual Goods, the Content, and/or the Services, or any portion thereof, at any time, without notice or liability to you. If we discontinue the use of Virtual Money or Virtual Goods, we will provide at least 60 days advance notice to you by posting a notice through the Services or through other communications."
Niantic.docx,20,Autor,sugg 0,"You can submit feedback, comments, and suggestions for improvements to the Services (""Feedback"") by reaching out to us on social media or support channels. Feedback is a form of User Content."
Niantic.docx,21,Autor,docu 3,Copyright Policy
Niantic.docx,22,Autor,uncle 7,unless applicable law mandates that you be given the right to do so
Niantic.docx,24,Autor,disc -1,consider to be objectionable 
Niantic.docx,23,Autor,cnt_del -1; objectionable is very wide,"We reserve the right to remove or disable access to any Content, at any time and without notice. Niantic may remove any Content we consider to be objectionable or in violation of these Terms."
Niantic.docx,25,Autor,uncle 8,Subject to applicable law 
Niantic.docx,26,Autor,uncle 9,Unless otherwise prohibited under applicable law
Niantic.docx,27,Autor,uncle 10,. To the fullest extent permitted by applicable law
Niantic.docx,28,Autor,uncle 11,Unless prohibited by applicable law
Niantic.docx,29,Autor,uncle 12,To the extent permitted under applicable law
Niantic.docx,30,Autor,uncle 13,Subject to applicable law
Niantic.docx,31,Autor,ltd -1,"If an Event is canceled, suspended, or rescheduled and you are not able to attend, you will not be entitled to any compensation other than a refund of the ticket price at its face value with no further liability or compensation from Niantic or any other party. Any travel or accommodation costs incurred are entirely your responsibility."
Niantic.docx,32,Autor,docu 4,Promotional Terms
Niantic.docx,33,Autor,uncle 14,except as prohibited under applicable law
Niantic.docx,34,Autor,uncle 15,Unless prohibited by applicable law
Niantic.docx,35,Autor,as_is -1,"all Test Materials are provided to you ""as is"" without any explicit or implicit warranty of any kind. "
Niantic.docx,36,Autor,uncle 16,To the extent permitted under applicable law
Niantic.docx,38,Autor,uncle 17,To the extent permitted under applicable law
Niantic.docx,37,Autor,may infringe Annex 1(n) Directive 93/13,"Services may contain links to third party websites or resources. Niantic provides these links only as a convenience and is not responsible for the content, products, or services on or available from those websites or resources, or links displayed on such websites. To the extent permitted under applicable law, you acknowledge sole responsibility for and assume all risk arising from, your use of any third party websites or resources."
Niantic.docx,39,Autor,uncle 18,TO THE EXTENT PERMITTED UNDER APPLICABLE LAW
Niantic.docx,40,Autor,as_is -1,"THE SERVICES AND CONTENT ARE PROVIDED ""AS IS,"" WITHOUT WARRANTY OF ANY KIND. "
Niantic.docx,41,Autor,uncle 19,TO THE EXTENT PERMITTED UNDER APPLICABLE LAW
Niantic.docx,42,Autor,ltd -1,"NEITHER NIANTIC NOR ANY OTHER PARTY INVOLVED IN CREATING, PRODUCING, OR DELIVERING THE SERVICES OR CONTENT WILL BE LIABLE TO YOU FOR ANY INDIRECT, INCIDENTAL, SPECIAL, PUNITIVE, EXEMPLARY, OR CONSEQUENTIAL DAMAGES, INCLUDING LOST PROFITS, LOSS OF DATA OR GOODWILL, SERVICE INTERRUPTION, COMPUTER DAMAGE OR SYSTEM FAILURE OR THE COST OF SUBSTITUTE SERVICES, ARISING OUT OF OR IN CONNECTION WITH THESE TERMS, OR FROM THE USE OF OR INABILITY TO USE THE SERVICES OR CONTENT, OR FROM ANY COMMUNICATIONS, INTERACTIONS, OR MEETINGS WITH OTHER USERS OF THE SERVICES OR PERSONS WITH WHOM YOU COMMUNICATE OR INTERACT AS A RESULT OF YOUR USE OF THE SERVICES, WHETHER BASED ON WARRANTY, CONTRACT, TORT (INCLUDING NEGLIGENCE), PRODUCT LIABILITY, OR ANY OTHER LEGAL THEORY, AND WHETHER OR NOT NIANTIC HAS BEEN ADVISED OF THE POSSIBILITY OF SUCH DAMAGES, EVEN IF A LIMITED REMEDY SET FORTH HEREIN IS FOUND TO HAVE FAILED OF ITS ESSENTIAL PURPOSE. "
Niantic.docx,43,Autor,uncle 20,"SOME JURISDICTIONS DO NOT ALLOW THE EXCLUSION OR LIMITATION OF LIABILITY FOR CONSEQUENTIAL OR INCIDENTAL DAMAGES, SO THE FOREGOING LIMITATION OF LIABILITY SHALL APPLY TO THE FULLEST EXTENT PERMITTED BY LAW IN THE APPLICABLE JURISDICTION."
Niantic.docx,44,Autor,uncle 21,TO THE EXTENT PERMITTED UNDER APPLICABLE LAW
Niantic.docx,45,Autor,ltd_cap -1,", IN NO EVENT WILL NIANTIC’S TOTAL LIABILITY ARISING OUT OF OR IN CONNECTION WITH THESE TERMS, AN EVENT, OR FROM THE USE OF OR INABILITY TO USE THE SERVICES OR CONTENT EXCEED ONE THOUSAND DOLLARS ($1000), OR, IF CONTRACTING WITH NIANTIC INTERNATIONAL LIMITED, ONE THOUSAND POUNDS (£1000). "
Niantic.docx,47,Autor,uncle 22,OR ANY JURISDICTION WHICH DOES NOT ALLOW THIS ARBITRATION AGREEMENT
Niantic.docx,46,Autor,arb -1; class -1,"YOU AGREE THAT DISPUTES BETWEEN YOU AND NIANTIC WILL BE RESOLVED BY BINDING, INDIVIDUAL ARBITRATION, AND YOU ARE WAIVING YOUR RIGHT TO A TRIAL BY JURY OR TO PARTICIPATE AS A PLAINTIFF OR CLASS MEMBER IN ANY PURPORTED CLASS ACTION OR REPRESENTATIVE PROCEEDING. THIS NOTICE DOES NOT APPLY: (1) IF YOU ARE A RESIDENT OF THE EEA, OR ANY JURISDICTION WHICH DOES NOT ALLOW THIS ARBITRATION AGREEMENT, (2) IF YOU OPT OUT OF ARBITRATION AS DESCRIBED IN THE ""ARBITRATION"" SECTION BELOW, OR (3) TO CERTAIN TYPES OF DISPUTES DESCRIBED IN SECTION 13.1, “ARBITRATION,” BELOW."
Niantic.docx,48,Autor,uncle 23,to the extent provided under applicable law
Niantic.docx,49,Autor,c_forum -1,"To the extent that these Terms allow you or Niantic to initiate litigation in a court, other than for small claims court actions, both you and Niantic agree to the exclusive jurisdiction of and venue in the state and federal courts located in the Northern District of California. "
Niantic.docx,50,Autor,c_law -1,"These Terms and your use of the Services are governed by the laws of the State of California, excluding its conflicts-of-law rules. "
Niantic.docx,51,Autor,uncle 24,or a country in which this clause is prohibited by local law
Niantic.docx,52,Autor,sever 0,"If any provision of these Terms is held invalid or unenforceable, that provision will be enforced to the maximum extent permissible and the other provisions of these Terms will remain in full force and effect."
Niantic.docx,53,Autor,tran -1,"You may not assign or transfer these Terms, by operation of law or otherwise, without Niantic’s prior written consent. Any attempt by you to assign or transfer these Terms, without such consent, will be null. Niantic may freely assign or transfer these Terms without restriction, and the transferor or assignor shall not remain jointly and severally liable. Subject to the foregoing, these Terms will bind and inure to the benefit of the parties, their successors and permitted assigns."
Niantic.docx,54,Autor,uncle 25,as permitted under applicable law 
Niantic.docx,55,Autor,uncle 26,when we are required to do so by law
ZipRecruiter.docx,1,Autor,docu 1,Privacy Policy
ZipRecruiter.docx,0,Autor,contr_chg -1,"We reserve the right to amend this Agreement (including the Privacy Policy and any Specific Terms of Service) at any time by notifying you as provided in this Agreement. Your continued use of the Services after any such change constitutes your acceptance of the revised Terms of Use. If you do not agree to any of these terms of this Agreement, you are not permitted to use or access (or continue to access), the Services."
ZipRecruiter.docx,2,Autor,uncle,to the extent permitted by the laws of the jurisdiction where you reside
ZipRecruiter.docx,3,Autor,uncle,to the extent permitted by the laws of the jurisdiction where you reside
ZipRecruiter.docx,4,Autor,acc_sus -1; acc_del -1,"We reserve the right at any time and from time to time, to disable or terminate your account, any username, password, or other identifier, whether chosen by you or provided by us, in our sole discretion for any or no reason, including any violation of any provision of these Terms of Use."
ZipRecruiter.docx,5,Autor,acc_sus -1; acc_del -1; ltd -1; cnt_retr -1,"ZipRecruiter may suspend or terminate your account and/or your access to the Services, or any portion of the Services at any time without notice to you, for any reason, including if in our sole discretion we determine that you have violated the terms of this Agreement (including in accordance with Section 1E and/or 6F below). Upon any such termination, all the provisions of this Agreement shall continue to survive except for any provisions that grant you access to any of the Services. You agree that we will have no liability to you for any termination or suspension of your access to the Services or your account, or the deletion of information contained within such account."
ZipRecruiter.docx,6,Autor,serv_chg -1; acc_sus -1; acc_del -1,"We may, without prior notice, change any aspect of the Services; stop providing the Services or features of the Services; or create usage limits for the Services (for paid products and services). If any such change, cessation or limitation of the Services materially and adversely affects you, then you may terminate the Services on written notice to us. In the event of such termination, you will receive a pro-rata refund of any pre-paid fees pertaining to Services paid for, but not provided, for the balance of the applicable term of your then-current subscription plan. We may permanently or temporarily limit, condition, terminate or suspend your access to the Services or any features thereof, including if in our sole determination (acting reasonably) you breach or violate any provision of this Agreement, commit fraud or other abuse using the Services."
ZipRecruiter.docx,7,Autor,as_is -1,"Without limiting the generality of the foregoing or the provisions of Section 13 of these Specific Terms of Service: (I) SALARY DATA AND SALARY DATA DISPLAYS ARE PROVIDED ON AN “AS IS,” “AS AVAILABLE” BASIS; (II) ANY USE OR RELIANCE UPON ANY PORTION OF THE SALARY DATA AND SALARY DATA DISPLAYS SHALL BE AT YOUR OWN RISK. TO THE MAXIMUM EXTENT PERMITTED BY LAW, WE AND ANY THIRD PARTY PROVIDERS OF SALARY DATA HEREBY EXPRESSLY DISCLAIM ALL WARRANTIES, EXPRESS OR IMPLIED, WITH RESPECT TO THE SALARY DATA OR SALARY DATA DISPLAYS, INCLUDING WITHOUT LIMITATION, ANY IMPLIED WARRANTIES OF ACCURACY, COMPLETENESS, CORRECTNESS, QUALITY, OR FITNESS FOR A PARTICULAR PURPOSE, AND (III) NEITHER WE NOR ANY THIRD PARTY PROVIDER OF SALARY DATA SHALL BE LIABLE FOR ANY LOSS, COST OR DAMAGE SUFFERED OR INCURRED BY USE BY YOU OF THE SALARY DATA AND SALARY DATA DISPLAYS."
ZipRecruiter.docx,8,Autor,cnt_del 0; cnt_modr 0,"ZipRecruiter reserves the right to reject and/or remove such User Content, and suspend and/or terminate any User Account associated with such User Content."
ZipRecruiter.docx,9,Autor,ip -1,"By posting, submitting, providing and/or otherwise making available any User Content, you expressly grant, and represent that you have a right to grant, to ZipRecruiter, a royalty-free, sublicensable (through multiple layers of sublicensees), perpetual, transferable, non-exclusive, worldwide license to use, sell, reproduce, adapt, translate, sublicense, publicly perform, publicly display, and make derivative works from and otherwise exploit, all such User Content in whole or in part, and in any form, media or technology, whether now known or hereafter developed, for the purposes of posting such User Content on the ZipRecruiter websites, distributing such User Content through the ZipRecruiter distribution and publishing network and in job alerts to job seekers, and to promote ZipRecruiter and the Services. This license continues even if you stop using the Services."
ZipRecruiter.docx,10,Autor,uncle,except to the extent that such restriction is expressly prohibited by law
ZipRecruiter.docx,11,Autor,sugg 0,"This Agreement provides only a limited license to access and use the Services in accordance with the terms of this Agreement. Accordingly, you hereby agree that ZipRecruiter transfers no ownership or intellectual property interest or title in and to the Services or any materials used in connection with the Services, including, without limitation, software, (including source code), programs, products, information, documentation, images, text, graphics, user interfaces, visual interfaces, illustrations, logos, patents, trademarks, service marks, copyrights, photographs, audio, videos, music, and content (the, ""ZipRecruiter Content""). All such ZipRecruiter Content as well as the design, structure, selection, coordination, expression, “look and feel,” and arrangement of any content contained on or available through the Services (except for Feedback) are exclusively owned, controlled, and/or licensed by ZipRecruiter or its members, parent(s) licensors, or affiliates. ZipRecruiter, the ZipRecruiter logo, and all other marks are proprietary trademarks of ZipRecruiter and any use of such marks, including, without limitation, as domain names, account identifiers, or in connection with any search engine optimization practice(s), without the prior written permission of ZipRecruiter is hereby strictly prohibited."
ZipRecruiter.docx,12,Autor,uncle,To the extent permitted by applicable law
ZipRecruiter.docx,13,Autor,price_chg 0,"ZipRecruiter may (1) add new services and products for additional fees and charges, at any time in its sole discretion, or (2) amend fees andcharges for existing services, at any time in its sole discretion upon notice. Cancellation requests should be made in accordance with Section 6(E)(iv) below."
ZipRecruiter.docx,14,Autor,recom -1,"If you have a ZipRecruiter account, provide your resume/CV to ZipRecruiter, and/or sign up for Job Alerts, you agree that we may (A) use the information you provide to send you information about Job Advertisements that may be of interest to you; and (B) display or provide your resume/CV and profile information (to the extent that you have not designated it as private) to an employer or recruiter who may be interested in candidates like you."
ZipRecruiter.docx,15,Autor,uncle,except where permitted by applicable law
ZipRecruiter.docx,16,Autor,cnt_del -1; cnt_modr 0,"We also have the right to:Remove or refuse to post any User Content for any or no reason in our sole discretion.Take any action with respect to any User Content that we deem necessary or appropriate in our sole discretion, including if we believe that such User Content violates the Terms of Use, including the Content Rules, infringes any intellectual property right or other right of any person or entity, threatens the personal safety of users of the Website or the public, or could create liability for us."
ZipRecruiter.docx,17,Autor,uncle,To the maximum extent permitted by applicable law
ZipRecruiter.docx,18,Autor,ind 0,"To the maximum extent permitted by applicable law, you agree to defend, indemnify and hold harmless ZipRecruiter and its subsidiaries, and their respective directors, officers, board members, employees, agents, successors and assigns, from and against any and all claims, damages, obligations, losses, liabilities, costs or debt, and expenses (including but not limited to all legal fees and expenses) arising from: (i) your use of and access to the Services, including any data or content transmitted or received by you; (ii) your violation of any term of this Agreement and any other agreement that you have with ZipRecruiter, including without limitation your breach of any of the representations and warranties herein; (iii) your violation of any third-party rights, including without limitation any right of privacy or Intellectual Property Rights; (iv) your violation of any applicable law, rule or regulation, including, without limitation, your violation of the U.S. Fair Credit Reporting Act, or pursuant to applicable credit reporting laws, and any applicable data protection, email marketing, or telemarketing laws (including any email, phone call or text message you send or make to another User); (v) any claims or damages that arise as a result of your User Content; (vi) any other party's access and use of the Services with your account or log-in information; and/or (vii) your intentional or willful misconduct, or negligence."
ZipRecruiter.docx,19,Autor,uncle,"NOTHING IN THIS AGREEMENT SEEKS TO EXCLUDE ANY CONDITION, WARRANT OR GUARANTEE THAT CANNOT BE EXCLUDED UNDER APPLICABLE LAW."
ZipRecruiter.docx,20,Autor,uncle,EXCEPT AS OTHERWISE EXPRESSLY PROVIDED IN THIS AGREEMENT AND TO THE MAXIMUM EXTENT PERMITTED BY APPLICABLE LAW
ZipRecruiter.docx,22,Autor,uncle,TO THE MAXIMUM EXTENT PERMITTED BY APPLICABLE LAW
ZipRecruiter.docx,21,Autor,as_is -1,"EXCEPT AS OTHERWISE EXPRESSLY PROVIDED IN THIS AGREEMENT AND TO THE MAXIMUM EXTENT PERMITTED BY APPLICABLE LAW, ZIPRECRUITER DOES NOT GUARANTEE ANY RESULTS FROM USING THE SERVICES. THE SERVICES ARE PROVIDED ON AN ""AS IS"" AND ""AS AVAILABLE"" BASIS. USE OF THE SERVICES ARE AT YOUR OWN OPTION AND RISK. TO THE MAXIMUM EXTENT PERMITTED BY APPLICABLE LAW, THE SERVICES ARE PROVIDED WITHOUT WARRANTIES, GUARANTEES, CONDITIONS OR TERMS OF ANY KIND, WHETHER EXPRESS OR IMPLIED, INCLUDING, BUT NOT LIMITED TO, IMPLIED WARRANTIES OF MERCHANTABILITY, SATISFACTORY QUALITY, FITNESS FOR A PURPOSE OR A PARTICULAR PURPOSE, NON-INFRINGEMENT, OR ANY OTHER IMPLIED WARRANTY UNDER THE UNIFORM COMPUTER INFORMATION TRANSACTIONS ACT AS ENACTED BY ANY STATE. NO ADVICE OR INFORMATION, WHETHER ORAL OR WRITTEN, OBTAINED BY YOU FROM ZIPRECRUITER, ITS EMPLOYEES, OR AGENTS, OR THROUGH THE SERVICES, WILL CREATE ANY WARRANTY, GUARANTEE, TERM OR CONDITION NOT EXPRESSLY STATED HEREIN. WITHOUT LIMITING THE FOREGOING, WE DO NOT WARRANT THAT (I) ANY CONTENT PROVIDED ON OR THROUGH THE SERVICES IS ACCURATE, LEGALLY COMPLIANT, UP-TO-DATE, RELIABLE OR CORRECT; (II) THE SERVICES WILL MEET YOUR REQUIREMENTS; (III) THE SERVICES WILL BE AVAILABLE AT ANY PARTICULAR TIME OR LOCATION, OR WILL BE UNINTERRUPTED OR SECURE;"
ZipRecruiter.docx,23,Autor,uncle,IF ANY SUCH WARRANTY OR GUARANTEE CANNOT BE EXCLUDED UNDER APPLICABLE LAW
ZipRecruiter.docx,24,Autor,uncle,TO THE EXTENT PERMITTED BY APPLICABLE LAW
ZipRecruiter.docx,25,Autor,uncle,TO THE MAXIMUM EXTENT PERMITTED BY APPLICABLE LAW
ZipRecruiter.docx,26,Autor,ltd -1,"TO THE MAXIMUM EXTENT PERMITTED BY APPLICABLE LAW AND EXCEPT AS OTHERWISE EXPRESSLY STATED IN THIS AGREEMENT, IN NO EVENT SHALL ZIPRECRUITER, ITS SUBSIDIARIES, AND THEIR RESPECTIVE BOARD MEMBERS, DIRECTORS, OFFICERS, EMPLOYEES, AGENTS, SUCCESSOR AND ASSIGNS, BE LIABLE TO YOU, WHETHER IN CONTRACT, TORT (INCLUDING NEGLIGENCE), FOR BREACH OF STATUTORY DUTY, OR OTHERWISE FOR ANY (I) INDIRECT, PUNITIVE, INCIDENTAL, SPECIAL, CONSEQUENTIAL, EXEMPLARY DAMAGES OR LOSSES, OR ANY OTHER LOSS OR DAMAGE THAT DOES NOT ARISE NATURALLY AND ACCORDING TO THE USUAL COURSE OF THINGS FROM THE BREACH, ACT OR OMISSION RELATING TO THIS AGREEMENT AND GIVING RISE TO THAT LOSS, WHETHER OT NOT SUCH LOSS MAY REASONABLY BE SUPPOSED TO HAVE BEEN IN THE CONTEMPLATION OF THE PARTIES AT THE TIME THEY ENTERED INTO THIS AGREEMENT AS A PROBABLY RESULT OF THE BREACH, ACT OR OMISSION; OR (II) LOSS OF PROFITS, GOODWILL, USE, DATA THAT RESULT FROM THE USE OF, OR INABILITY TO USE, THE SERVICES. UNDER NO CIRCUMSTANCES WILL ZIPRECRUITER BE RESPONSIBLE FOR ANY DAMAGE, LOSS OR INJURY RESULTING FROM HACKING, TAMPERING OR OTHER UNAUTHORIZED ACCESS OR USE OF THE SERVICES OR YOUR ACCOUNT OR THE INFORMATION CONTAINED THEREIN."
ZipRecruiter.docx,27,Autor,uncle,TO THE MAXIMUM EXTENT PERMITTED BY APPLICABLE LAW
ZipRecruiter.docx,28,Autor,ltd_cap -1 ,"IN NO EVENT SHALL ZIPRECRUITER, ITS SUBSIDIARIES, AND THEIR RESPECTIVE OFFICERS, DIRECTORS, EMPLOYEES AND AGENTS, SUCCESSORS AND ASSIGNS BE LIABLE TO YOU FOR ANY CLAIMS, PROCEEDINGS, LIABILITIES, OBLIGATIONS, DAMAGES, LOSSES OR COSTS IN AN AMOUNT EXCEEDING THE AMOUNT YOU PAID TO ZIPRECRUITER IN THE 3 MONTH PERIOD IMMEDIATELY PRECEDING THE EVENT THAT GAVE RISE TO THE CLAIM OR USD $10, WHICHEVER IS LESSER."
ZipRecruiter.docx,30,Autor,uncle,to the extent that the laws of the jurisdiction where you reside permit the inclusion of Arbitration provision in these Terms of Use
ZipRecruiter.docx,29,Autor,arb -1; class -1,"This Agreement contains an Arbitration provision, which will, with limited exception, require you to submit disputes you have against ZipRecruiter to binding and final arbitration to the extent that the laws of the jurisdiction where you reside permit the inclusion of Arbitration provision in these Terms of Use. You will only be permitted to pursue claims against ZipRecruiter on an individual basis, not as a plaintiff or class member in any class or representative action or proceeding, and you will only be permitted to seek relief (including monetary, injunctive, and declaratory relief) on an individual basis."
ZipRecruiter.docx,32,Autor,uncle,if and to the extent local laws are applicable.
ZipRecruiter.docx,31,Autor,c_law -1,"The Services are controlled and operated by ZipRecruiter from within the United States of America. ZipRecruiter makes no representations that the Services or the materials available via the Services, are appropriate or available for use in locations outside of the United States, Canada, Australia, New Zealand, or India (in accordance with the Applicable Website). Those who choose to access the Services from other locations do so on their own initiative and are responsible for compliance with all United States of America, Canadian, Australian, New Zealand, and/or Indian laws (as applicable and in accordance with the Applicable Website) as well as local laws, if and to the extent local laws are applicable."
ZipRecruiter.docx,33,Autor,uncle,Unless otherwise required by a mandatory law
ZipRecruiter.docx,35,Autor,uncle,to the extent required by applicable law
ZipRecruiter.docx,34,Autor,c_forum -1,"An arbitrator shall not be bound by rulings in prior arbitrations involving different Users, but is bound by rulings in prior arbitrations involving the same User to the extent required by applicable law. Except as otherwise expressly provided in this Agreement, all arbitration and other litigation in a court of competent jurisdiction of any dispute between you and ZipRecruiter related to this Agreement shall be located in Los Angeles County, California."
ZipRecruiter.docx,37,Autor,uncle,other than as required under applicable law.
ZipRecruiter.docx,36,Autor,tran -1,ZipRecruiter can assign this Agreement or delegate its obligations without restriction other than as required under applicable law.
ZipRecruiter.docx,38,Autor,docu 2,"formal document titled ""Quote"" sent by ZipRecruiter to you, which is accepted by you"
ZipRecruiter.docx,39,Autor,sever 0,"If any provision of this Agreement is held invalid or unenforceable by a court of competent jurisdiction, such invalidity shall not affect the validity or operation of any other provision and such invalid provision shall be deemed to be severed from this Agreement."
ZipRecruiter.docx,40,Autor,uncle,to the extent permitted by the laws of the jurisdiction where you reside
ZipRecruiter.docx,41,Autor,uncle,to the extent permitted by the laws of the jurisdiction where you reside
ZipRecruiter.docx,42,Autor,uncle,to the extent permitted by the laws of the jurisdiction where you reside
ZipRecruiter.docx,43,Autor,acc_sus -1; acc_del -1,"We reserve the right at any time and from time to time, to disable or terminate your account, any username, password, or other identifier, whether chosen by you or provided by us, in our sole discretion for any or no reason, including any violation of any provision of these Terms of Use."
ZipRecruiter.docx,44,Autor,serv_chg -1; acc_sus -1; acc_del -1,"We may, without prior notice, change any aspect of the Services; stop providing the Services or features of the Services; or create usage limits for the Services (for paid products and services). We may permanently or temporarily limit, condition, terminate or suspend your access to the Services or any features thereof, without notice and liability for any reason, including if in our sole determination you breach or violate any provision of this Agreement, commit fraud or other abuse using the Services, or for no reason. Upon termination for any reason or no reason, you continue to be bound by this Agreement."
ZipRecruiter.docx,45,Autor,cnt_del -1; cnt_modr 0,"to the extent that ZipRecruiter becomes or is made aware of, User Content that may or does (i) violate the terms of this Agreement or any other Agreement you have with ZipRecruiter, or (ii) violate any law or regulation, or (iii) violate the rights of third parties, or (iv) create liability for ZipRecruiter or otherwise negatively impact ZipRecruiter, ZipRecruiter reserves the right to reject and/or remove such User Content, and suspend and/or terminate any User Account associated with such User Content."
ZipRecruiter.docx,46,Autor,uncle,To the fullest extent permitted by applicable law
ZipRecruiter.docx,47,Autor,ip 0,"By posting, submitting, providing and/or otherwise making available any User Content, you expressly grant, and represent that you have a right to grant, to ZipRecruiter, a royalty-free, sublicensable (through multiple layers of sublicensees), perpetual, transferable, non-exclusive, worldwide license to use, sell, reproduce, adapt, translate, sublicense, publicly perform, publicly display, and make derivative works from and otherwise exploit, all such User Content in whole or in part, and in any form, media or technology, whether now known or hereafter developed, for the purposes of posting such User Content on the ZipRecruiter websites, distributing such User Content through the ZipRecruiter distribution and publishing network and in job alerts to job seekers, and to promote ZipRecruiter and the Services. This license continues even if you stop using the Services."
ZipRecruiter.docx,48,Autor,uncle,except to the extent that such restriction is expressly prohibited by law
ZipRecruiter.docx,50,Autor,uncle,To the extent applicable
ZipRecruiter.docx,49,Autor,sugg 0,"If you participate in any evaluation regarding the Services or otherwise provide ZipRecruiter suggestions, comments, ideas, opinions, recommendations for the modification, correction, improvement, or enhancement of the Services, or other feedback regarding the Services (collectively, ""Feedback""), you agree that ZipRecruiter shall own such Feedback. Accordingly, you understand and accept that ZipRecruiter will be free to use, disclose, reproduce, license or otherwise distribute, commercialize and exploit the Feedback as it sees fit, entirely without obligation or restriction of any kind and without compensation to you. To the extent applicable, you hereby waive any moral rights in your Feedback. You agree not to provide any Feedback that is false or misleading or that breaches any agreement you have with a third party."
ZipRecruiter.docx,51,Autor,price_chg 0,"Certain aspects of the Services may be provided for a fee. If you are a Client and elect to use a paid feature of the Services, you agree to the pricing and payment terms for the applicable Services, as we may update them from time to time. ZipRecruiter may (1) add new services and products for additional fees and charges, at any time in its sole discretion, or (2) amend fees and charges for existing services, at any time in its sole discretion upon notice."
ZipRecruiter.docx,52,Autor,period -1,The following provision is excluded insofar as German law is applicable: All disputes must be submitted to ZipRecruiter in writing within thirty (30) days from the date of the invoice with respect to which you have a dispute. You waive the right to dispute any charges not disputed within such thirty (30) day period.
ZipRecruiter.docx,53,Autor,uncle,"You understand and accept that, to the fullest extent available under applicable law"
ZipRecruiter.docx,54,Autor,acc_sus 0; acc_del 0,"Suspension or Termination for Cause. ZipRecruiter may suspend or terminate your access to the Services and/or this Agreement in the following instances: (I) if you breach this Agreement and cannot correct the breach within that period required by ZipRecruiter if the breach is capable of cure; (II) immediately, if you fail to pay any monies owed to ZipRecruiter for paid services; (III) immediately if you become the subject of a bankruptcy, insolvency, receivership, liquidation, assignment for the benefit of creditors or similar proceeding; (IV) immediately in the event of violations of this Agreement; (V) for any abuse, inappropriate behavior, or other conduct, which in our sole discretion adversely affects or has the potential to affect us, our employees or users of our Services; (VI) immediately if you send excessive, disruptive, deceptive, or abusive communications to another User by mail, email, text, phone, or other mode of communication (as may be determined in ZipRecruiterʼs sole discretion), regardless if such communication takes place on or off the Services; (VII) immediately if you in any way disclose, transfer, or sell any Data (defined below) within a Userʼs resume/CV or profile to a third party, except as expressly permitted by this Agreement; and/or (VIII) immediately, if you charge, or attempt to charge, a Job Seeker any money to review or otherwise proceed with the hiring process after such Job Seeker submits a Job Application on the Services"
ZipRecruiter.docx,55,Autor,recom -1,"If you have signed up for Job Alerts, you agree that we may use the information you provide to send you information about Job Advertisements that may be of interest to you."
ZipRecruiter.docx,56,Autor,uncle,except where permitted by applicable law
ZipRecruiter.docx,57,Autor,acc_sus 0; acc_del 0,"ZipRecruiter may suspend, limit, condition, or terminate an Authorized User's access to the Services or any features thereof, in the event that ZipRecruiter reasonably determines that such Authorized User has violated this Agreement or appears likely to do so."
ZipRecruiter.docx,58,Autor,cnt_del -1,"We also have the right to:Remove or refuse to post any User Content for any or no reason in our sole discretion.Take any action with respect to any User Content that we deem necessary or appropriate in our sole discretion, including if we believe that such User Content violates the Terms of Use, including the Content Rules, infringes any intellectual property right or other right of any person or entity, threatens the personal safety of users of the Website or the public, or could create liability for us"
ZipRecruiter.docx,59,Autor,acc_sus 0; acc_del 0,ZipRecruiter reserves the right to suspend or terminate your access to the Services or terminate this Agreement in the event of any non-compliance with this Agreement or any other agreement you have with ZipRecruiter. 
ZipRecruiter.docx,60,Autor,as_is -1,"ZIPRECRUITER DOES NOT WARRANT, ENDORSE, GUARANTEE, OR ASSUME RESPONSIBILITY FOR ANY PRODUCT OR SERVICE ADVERTISED OR OFFERED BY A USER OR THIRD PARTY TO YOU, AND ZIPRECRUITER WILL NOT BE A PARTY TO OR IN ANY WAY MONITOR ANY TRANSACTION BETWEEN YOU AND A USER OR THIRD-PARTY PROVIDERS OF PRODUCTS OR SERVICES.ZIPRECRUITER DOES NOT WARRANT THAT YOUR USE OF THE SERVICES WILL SATISFY OR ENSURE COMPLIANCE WITH ANY LEGAL OBLIGATIONS OR LAWS OR REGULATIONS."
ZipRecruiter.docx,61,Autor,ltd 0,"If you are a Job Seeker, acting as a consumer and resident in the European Union or United Kingdom, and ZipRecruiter negligently breaches this Agreement, ZipRecruiter is responsible for loss or damage you suffer that is a foreseeable result of a breach by ZipRecruiter of this Agreement or as a result of the negligent breach of ZipRecruiter. ZipRecruiter is not responsible for any loss or damage that is not foreseeable."
ZipRecruiter.docx,62,Autor,uncle,To the extent permitted by applicable law
ZipRecruiter.docx,63,Autor,uncle,"If such clauses are prohibited pursuant to mandatory consumer laws of your country of residence, this limitation of liability will not apply to you"
ZipRecruiter.docx,65,Autor,uncle,your rights as a consumer under applicable law of the country in which you reside; and
ZipRecruiter.docx,66,Autor,uncle,any other liability that cannot be excluded or limited by applicable law
ZipRecruiter.docx,64,Autor,ltd 0,"If you are a Job Seeker, acting as a consumer and resident in the European Union, ZipRecruiter does not exclude or limit in any way its liability for:death or personal injury caused by the negligence of ZipRecruiter fraud or fraudulent misrepresentation by ZipRecruiter;your rights as a consumer under applicable law of the country in which you reside; andany other liability that cannot be excluded or limited by applicable law"
ZipRecruiter.docx,67,Autor,arb -1,"This Agreement contains an Arbitration provision, which will, with limited exception, require you to submit disputes you have against ZipRecruiter to binding and final arbitration to the extent that the laws of the jurisdiction where you reside permit the inclusion of Arbitration provision in these Terms of Use. You will only be permitted to pursue claims against ZipRecruiter on an individual basis, not as a plaintiff or class member in any class or representative action or proceeding, and you will only be permitted to seek relief (including monetary, injunctive, and declaratory relief) on an individual basis."
ZipRecruiter.docx,68,Autor,class -1,"You will only be permitted to pursue claims against ZipRecruiter on an individual basis, not as a plaintiff or class member in any class or representative action or proceeding, and you will only be permitted to seek relief (including monetary, injunctive, and declaratory relief) on an individual basis."
ZipRecruiter.docx,69,Autor,arb -1,"This Section 14 is referred to in this Agreement as the ""Agreement to Arbitrate"". Unless you opt-out pursuant to the opt-out procedures set forth below, you agree that any and all disputes or claims that have arisen or may arise between you and ZipRecruiter or its affiliates, whether relating to the Services, this Agreement (including any alleged breach thereof), or otherwise (each a ""Dispute""), shall be resolved exclusively through final and binding arbitration, rather than a court in accordance with the terms of this Agreement to Arbitrate. Your rights will be determined by a neutral arbitrator, not a judge or jury. YOU UNDERSTAND THAT ABSENT THIS AGREEMENT TO ARBITRATE, YOU WOULD HAVE THE RIGHT TO SUE IN COURT AND HAVE A JURY TRIAL."
ZipRecruiter.docx,70,Autor,uncle,Unless otherwise required by a mandatory law
ZipRecruiter.docx,71,Autor,c_law -1,"shall be governed by the internal substantive laws of the State of California, without respect to its conflict of laws principles"
ZipRecruiter.docx,72,Autor,uncle,to the extent required by applicable law
ZipRecruiter.docx,73,Autor,c_forum -1,"Except as otherwise expressly provided in this Agreement, all arbitration and other litigation in a court of competent jurisdiction of any dispute between you and ZipRecruiter related to this Agreement shall be located in Los Angeles County, California."
ZipRecruiter.docx,74,Autor,tran -1,ZipRecruiter can assign this Agreement or delegate its obligations without restriction.
ZipRecruiter.docx,75,Autor,sever 0,"If any provision of this Agreement is held invalid or unenforceable by a court of competent jurisdiction, such invalidity shall not affect the validity or operation of any other provision and such invalid provision shall be deemed to be severed from this Agreement."
Nike.docx,0,Autor,uncle 1,"Some jurisdictions do not permit unilateral updates or changes to consumer terms, so this paragraph may not apply to you."
Nike.docx,2,Autor,uncle 2,except to the extent prohibited by applicable law
Nike.docx,1,Autor,contr_chg -1,"We may update these Terms from time to time. If a material change is made, we will post a notice on the Platform or send you a notiﬁcation. Read through any changes, and if you don’t agree to them, please stop using the Platform. If you continue to use our Platform after we notify you of changes, you will be deemed to have accepted the updated Terms, except to the extent prohibited by applicable law."
Nike.docx,3,Autor,docu 1,Terms of Sale
Nike.docx,4,Autor,docu 2,Privacy Policy
Nike.docx,5,Autor,uncle 3,TO THE MAXIMUM EXTENT ALLOWED BY APPLICABLE LAW
Nike.docx,6,Autor,cnt_del 0; cnt_modr 0,NIKE reserves the right to take down any Content in violation of these terms or NIKE’s intellectual property rights.
Nike.docx,7,Autor,ip -1,"You represent that you have the right to post your User Content, and you grant NIKE a non- exclusive, perpetual, transferable, sub-licensable, royalty-free, worldwide license to use any of the User Content that you post on or in connection with the Platform, including the likeness of any person that appears in the User Content, or any of the concepts or ideas contained in the User Content, for any purpose, including commercial use, which includes the right to translate, display, reproduce, modify, create derivative works, sublicense, distribute and assign these rights"
Nike.docx,8,Autor,cnt_del -1,"NIKEmay, in its sole discretion, remove any User Content at any time. "
Nike.docx,9,Autor,uncle 4,in accordance with applicable law
Nike.docx,10,Autor,sugg 0,"You understand that any comments, feedback, or ideas you send us are provided on a non-conﬁdential basis and you grant to NIKE a perpetual, worldwide license to use all comments, feedback and ideas you may share with us, without notice, compensation or acknowledgement to you, for any purposes whatsoever, including, but not limited to, developing, manufacturing and marketing products and services and creating, modifying or improving products and services."
Nike.docx,11,Autor,may infringe Annex 1(n) Directive 93/13,"From time to time, NIKE may link to or partner with third-party websites, social media platforms, mobile apps, and other products and services (“Third Parties”). You may be able to connect with these Third Parties through the Platform, but this does not mean NIKE endorses, monitors or has any control over these Third Parties or their activities, which are subject to separate terms of use and privacy policies. You should carefully review any Third Party’s sites and terms of use and privacy policy. NIKE is not responsible for the content, policies, or activities of Third Parties and you interact with Third Parties at your own risk."
Nike.docx,12,Autor,uncle 5,TO THE MAXIMUM EXTENT ALLOWED BY APPLICABLE LAW
Nike.docx,13,Autor,uncle 6,To the extent allowed by applicable law
Nike.docx,14,Autor,uncle 7,"Some jurisdictions do not permit certain limitations or exclusions on liabilities, legal warranties and remedies, so these exclusions and limitations may not apply to you"
Nike.docx,15,Autor,as_is -1,"The Platform, Content, and the materials and products on this Platform are provided ""AS IS.” We aren’t making any promises of any kind, including about the Platform’s accuracy, adequacy, usefulness, reliability or otherwise."
Nike.docx,16,Autor,uncle 8,TO THE MAXIMUM EXTENT ALLOWED BY APPLICABLELAW
Nike.docx,17,Autor,uncle 9,To the fullest extent permitted by law
Nike.docx,18,Autor,ltd -1,You are solely responsible for any damage to your Device resulting from accessing the Platform
Nike.docx,19,Autor,uncle 10,", to the extent applicable law does not provide otherwise"
Nike.docx,20,Autor,serv_chg -1,"NIKE may terminate or modify any Nike Platform, member program, product or service at any time without notice."
Nike.docx,21,Autor,acc_sus -1; acc_del -1; cnt_del -1,"NIKE may terminate or suspend your account, delete your proﬁle or any of your User Content, and restrict your use of all or any part of the Platform at any time and for any reason, without any liability to Nike"
Nike.docx,22,Autor,uncle 11,subject to applicable law
Nike.docx,23,Autor,uncle 12,subject to your right to have your User Content removed upon request in accordance with applicable law.
Nike.docx,24,Autor,uncle 13,". Some jurisdictions do not permit certain limitations or exclusions on liabilities, legal warranties and remedies, so these exclusions limitations may not apply to you"
Nike.docx,25,Autor,ind 0,"You agree to indemnify, defend, and hold harmless NIKE Inc., its afﬁliates, ofﬁcers, directors, employees, agents, licensors and suppliers (the “NIKE Parties”) from and against all claims, losses, liabilities, expenses, damages and costs, including, without limitation, attorneys' fees, arising from or relating in any way to your User Content, your use of Content, your use of the Platform, your conduct in connection with the Platform or with other Platform users, or any violation of these Terms of Use, any law or the rights of any third party. You, for yourself and on behalf of your heirs, estate, insurers, successors and assigns, hereby fully and forever release and discharge the NIKE Parties from any and all claims or causes of action you may have for damages relating in any way to your use of the Platform."
Nike.docx,26,Autor,uncle 14,"Some jurisdictions do not permit certain limitations or exclusions on liabilities, legal warranties and remedies, so these exclusions/limitations may not apply to you"
Nike.docx,27,Autor,ltd -1,"NONE OF THE NIKE PARTIES WILL BE LIABLE FOR ANY DIRECT, SPECIAL, INCIDENTAL, INDIRECT OR CONSEQUENTIAL DAMAGES, INCLUDING WITHOUT LIMITATION FOR ANY LOST PROFITS OR LOST DATA, THAT RESULT FROM THE USE OF, OR THE INABILITY TO USE, THE PLATFORM OR THE PERFORMANCE OF THE PRODUCTS PURCHASED THROUGH THE PLATFORM OR THE CONDUCT OF OTHER PLATFORM USERS (WHETHER ONLINE OR OFFLINE), OR ATTENDANCE AT A NIKE EVENT OR NIKE PARTNER EVENTS, OR ANY USER CONTENT OR ANY OTHER ACTIVITY IN CONNECTION WITH THE USE OF THE PLATFORM, EVEN IF NIKE HAS BEEN ADVISED OF THE POSSIBILITY OF SUCH DAMAGES"
Nike.docx,28,Autor,ltd_cap -1,"IF NIKE IS FOUND TO BE LIABLE TO YOU FOR ANY DAMAGE OR LOSS WHICH IS IN ANY WAY CONNECTED WITH YOUR USE OF THE PLATFORM OR ANY CONTENT, NIKE'S LIABILITY SHALL NOT EXCEED US$100.00 OR EURO 100.00 IF YOU LIVE IN EUROPE."
Nike.docx,30,Autor,uncle 15,unless required by applicable law
Nike.docx,29,Autor,may infringe Annex 1(d) Directive 93/13,SUBSCRIPTIONS NON-REFUNDABLE: Refunds on subscriptions to NTC Premium are subject to the applicable app store policy. Subscriptions to NTC Premium are non-refundable and there is no right to refunds or credits unless required by applicable law or as otherwise permitted by the applicable app store policy.
Nike.docx,31,Autor,uncle 16,"Except where prohibited by applicable law, and without limitation to any statutory rights for consumers"
Nike.docx,32,Autor,class -1,"you agree that all disputes, claims and legal proceedings directly or indirectly arising out of or relating to the Platform (including but not limited to the purchase of NIKE products) shall be resolved individually, without resort to any form of class action, and exclusively in the state or federal courts located in Multnomah County, Oregon, USA."
Nike.docx,33,Autor,period -1,"All claims shall be brought within one (1) year after the claim arises, except to the extent a longer period is required by applicable law."
Nike.docx,34,Autor,uncle 17,except to the extent a longer period is required by applicable law.
Nike.docx,35,Autor,uncle 18,subject to applicable law
Nike.docx,37,Autor,uncle 19,unless notice to you is required by applicable law
Nike.docx,36,Autor,"tran -1 (earlier Do not register for more than one NIKE account, register a NIKE account on behalf of someone else, or transfer your account)","NIKE may assign its rights and duties under these Terms to any party at any time without notice to you, unless notice to you is required by applicable law, but this will not affect your rights or our obligations under these Terms."
Nike.docx,38,Autor,sever 0,"If any provision in these Terms is held invalid or unenforceable, the remainder of these Terms shall continue to be enforceable."
Nike.docx,39,Autor,c_law -1,"You agree that the Platform, Terms, and any dispute between you and NIKE shall be governed in all respects by Dutch law, without regard to choice of law provisions, and not by the 1980 U.N. Convention on Contracts for the International Sale of Goods."
Nike.docx,40,Autor,uncle 20,Except where prohibited and without limitation to any statutory rights for consumers
Nike.docx,41,Autor,c_forum -1,"you agree that all disputes, claims and legal proceedings directly or indirectly arising out of or relating to the Platform (including but not limited to the purchase of NIKE products) shall be resolved and exclusively in the competent courts of Amsterdam, the Netherlands.”"
OVH.docx,0,Autor,docu 1,Specific Terms of Service 
OVH.docx,1,Autor,acc_del 0,"OVHcloud reserves the right not to activate, or to deactivate, the Client Account in the event that any of the information provided by the Client is incomplete, inaccurate, or fraudulent."
OVH.docx,2,Autor,docu 2,the Data Processing Agreement
OVH.docx,3,Autor,docu 3,Third Party Product Terms of Use 
OVH.docx,4,Autor,docu 4,OVHcloud Deontological Charter
OVH.docx,5,Autor,what,"OVHcloud makes available to the Client via the OVHcloud Website, online resources which enable the Client to be informed of the characteristics of the Services offered. These resources may include, in particular, (a) information regarding various available features, configurations, options and ranges and(b) documentation, technical guides and/or examples (or use cases) on using the Services so as to facilitate better understanding and use of the Services. The Client may obtain additional information regarding the Services by contacting OVHcloud Support in accordance with article 4 below. In cases where OVHcloud offers Services which comply with known standards or specific regulations which apply to certain activities, OVHcloud shall communicate its scope of responsibility as well as the conditions in which OVHcloud complies with said standards or regulations."
OVH.docx,6,Autor,core,". OVHcloud undertakes to exercise reasonable care and skill in providing Services in accordance with the characteristics, terms and levels of Service stated in the Contract. In particular, OVHcloud agrees to exercise reasonable skill and care in keeping in place a competent team responsible for assisting the Client and handling Incidents (“OVHcloud Support”) and ensuring the availability and security of Services in accordance with the applicable terms and performance levels."
OVH.docx,7,Autor,core,"The Services must be used in good faith. In particular, the Client undertakes to comply with these General Terms of Service, the Specific Terms of Service, the Data Processing Agreement and the applicable Third Party Product Terms of Use, as well as any information communicated to the Client at the time of the Order. When using the Services on behalf of a third party, or authorizing a third party to use the Service, the Client undertakes to communicate the relevant terms to that third party and procure compliance of the same by the relevant third party."
OVH.docx,8,Autor,pato,"Likewise, OVHcloud does not perform any particular backups of Content stored in the scope of the Services. Therefore, the Client is solely responsible for taking all necessary measures to safeguard its data in order to protect it against risk of loss or degradation regardless of cause."
OVH.docx,9,Autor,acc_sus 0; acc_del 0; cnt_modr 0,". Any use of illegal or fraudulent Content (such as the distribution, publication, storage or transmission of content of sexually explicit material, content that is obscene, offensive, hateful or inflammatory, incites crimes against humanity, acts of terrorism, paedophilia, anti-Semitism, racism, or content inciting hatred or discrimination towards individuals by reason of their gender, religion, sexual orientation or identity, or disability), or the illegal or abusive use of Content (for example, fraudulent use of content, or use of content in violation of rights belonging to a third party such as personality rights, copyrights, patents, brands or other intellectual property rights) within the scope of Services is prohibited, and can lead to, at the sole discretion of OVHcloud, the immediate suspension of all or part of the Services provided under the Contract, the deactivation of the Client Account and/or the termination of the Contract by OVHcloud, without prejudice to OVHcloud's other rights and remedies under the Contract or at law."
OVH.docx,10,Autor,disc -1,(d) non-compliance of the Client with all or part of the Terms of Services
OVH.docx,11,Autor,acc_sus 0,"(d) non-compliance of the Client with all or part of the Terms of Services. Said suspension may occur immediately and without prior notice in case of urgency or necessity, and particularly in the case of an event such as described in point (a) and (c) above, or in case of illicit or fraudulent use of the Services, or use that is in violation of the rights of a third party, and more generally, of any use which may bind the liability of OVHcloud. "
OVH.docx,12,Autor,docu 5,service level agreement
OVH.docx,13,Autor,serv_chg -1,"OVHcloud may modify the Services at any time, and may add, modify or remove ranges, options or features, as well as upgrade their performance."
OVH.docx,14,Autor,ip 1,The Client and Users retain all intellectual property rights in their respective Content which OVHcloud shall not use expect to the extent necessary for the performance of the Services. 
OVH.docx,15,Autor,may infringe Annex 1(n) Directive 93/13,"(a) OVHcloud is not responsible for Third Party Products made available within the scope of the Services which may contain technical errors, security vulnerabilities, incompatibilities or instabilities, and offers no guarantee for the Third Party Products made available by OVHcloud to the Client in the provision of the Services (including all related information and items such as software, systems, applications, etc.), "
OVH.docx,16,Autor,cnt_retr -1,"Unless provided otherwise in the Specific Terms of Service, the termination of Services for any reason whatsoever (in particular, the termination or non-renewal of the Contract, failure to comply with the Terms of Service, etc.), as well as certain operations to update or reinstall the Services, shall automatically result in the irreversible deletion of all Content (including information, data, files, systems, applications, websites, and other items) that is reproduced, stored, hosted, collected, transmitted, distributed, published and more generally used and/or operated by the Client within the scope of the Services, including any potential backup. "
OVH.docx,17,Autor,docu 6,financial terms available on the OVHcloud Website 
OVH.docx,18,Autor,uncle 1,in accordance with applicable laws and regulations
OVH.docx,19,Autor,what,"The OVHcloud Support team is responsible for handling Incidents which may occur in relation to the Services, and to provide the Client, upon request, with information regarding the characteristics and Terms of Services. Provided the other levels of Support referred to in article 4.4 below, OVHcloud Support is available in English only and information regarding the Services is available during business hours only. OVHcloud infrastructures are monitored 24/7, 365 days a year. "
OVH.docx,20,Autor,acc_del 0,"OVHcloud reserves the right to no longer reply to the Client’s requests and to immediately terminate the Contract in case of abusive, outrageous, or degrading behaviour. "
OVH.docx,21,Autor,disc -1,", or that the Incident does not fall under the responsibility of OVHcloud"
OVH.docx,22,Autor,ltd_cap -1,"In cases where the applicable Specific Terms of Service include commitments from OVHcloud to particular levels of service, the corresponding payments or credits which may be due by OVHcloud to the Client shall constitute the Client's sole and exclusive remedy for OVHcloud’s failure to comply with the level of service committed to in the relevant Specific Terms of Service and OVHcloud's entire liability for failing to meet the relevant level of service. In the absence of an applicable commitment to a given level of service under no circumstances shall the total aggregate liability of OVHcloud to the Client (however arising) under or in relation to this Contract, including (but not limited to) liability for breach of contract, misrepresentation (whether tortious or statutory), tort (including but not limited to negligence), breach of statutory duty, or otherwise, exceed the total amount of sums paid by the Client to OVHcloud for the impacted Services over the course of the six (6) months prior to the Client’s claim for compensation."
OVH.docx,23,Autor,uncle 2,To the extent permitted by applicable law
OVH.docx,24,Autor,ltd -1,indirect or consequential loss or damage whatsoever;
OVH.docx,25,Autor,ltd -1,"loss of, damage to, alterations of all or part of the Content (including information, data, applications, files or other items) hosted on the Infrastructure and noting that OVHcloud is not responsible to perform the continuity of the Client’s activities and notably backup operations;"
OVH.docx,26,Autor,ind 0,"The Client undertakes to take appropriate action in the event of any action, claim or complaint by a third party relative to the Content and/or the Terms of Service, including those by legal or judicial authorities, and to indemnify and hold harmless OVHcloud against any damages, losses and expenses which may result therefrom (including legal judgements, reasonable legal defence costs, etc.)."
OVH.docx,27,Autor,ind 0,"The Client is solely responsible for its relationship with any third parties (notably the Users of the Services) and shall indemnify and hold harmless OVHcloud against any action, claim or complaint taken by a third party which implicates the OVHcloud Services. "
OVH.docx,28,Autor,may infringe Annex 1(d) Directive 93/13,". Each billing unit begun shall be invoiced and due in full, even when it is not totally used. "
OVH.docx,29,Autor,price_chg -1,"Changes to prices. OVHcloud reserves the right to change its prices at any time. Pricing changes are immediately applicable to any new Orders. For Services in use at the time of an increase in their price, the Client shall be informed of the change by email at least thirty (30) calendar days in advance. In such a case and subject to article “Conditions Specific to Consumers” the Client has the right to terminate without penalty the impacted Services within thirty (30) calendar days upon the notification of the said price increase. Such termination shall be notified by registered letter with acknowledgement of receipt or through a specific form provided in the Management Interface. In the absence of said termination, the Client shall be deemed to have accepted the new prices."
OVH.docx,30,Autor,may infringe Annex 1(d) Directive 93/13,"the Client remains liable to settle the price in its entirety and shall have no claim to any reimbursement resulting from the non-use, the partial-use, suspension or cessation of the use of Services before the end of the Period of Use "
OVH.docx,31,Autor,acc_sus 0,"(b) the right of OVHcloud to decide to immediately suspend and without prior notice all or part of the Client Services (including those which have been paid for), "
OVH.docx,32,Autor,uncle 3,subject to any mandatory applicable limitation.
OVH.docx,33,Autor,acc_del 0,"Without prejudice to the other cases of termination provided in the Contract, and without affecting any other right or remedy available to it, either Party may terminate this Contract with immediate effect by giving written notice to the other Party if the other Party commits a breach of any term of this Contract which breach is irremediable or (if such breach is remediable) fails to remedy that breach within a period of seven 7 calendar days after being notified by registered letter with acknowledgement ofreceipt to do so."
OVH.docx,34,Autor,acc_del 0,"Notwithstanding the foregoing, in case of malicious, illegal or fraudulent use of the Services, or use made in violation of the rights of a third party, OVHcloud shall be entitled to terminate the relevant Services or the Contract in its entirety with immediate effect by email and without prior formal notice "
OVH.docx,35,Autor,uncle 4,nothing in this article 7.3 shall affect the Client's rights under applicable consumer protection law
OVH.docx,36,Autor,sever 0,". If any provision or part-provision of this Contract is or becomes invalid, illegal or unenforceable, it shall be deemed modified to the minimum extent necessary to make it valid, legal and enforceable. "
OVH.docx,37,Autor,pato,"Each party acknowledges that in entering into this Contract it has not relied upon any oral or written statements, collateral or other warranties, assurances, representations or undertakings which were made by or on behalf of the other party (whether innocently or negligently) in relation to the subject-matter of this Contract at any time before its signature (together ""Pre-Contractual Statements""), other than those which are set out in this Contract. "
OVH.docx,38,Autor,contr_chg -1,"OVHcloud may, at any time and by right, amend the Terms of Service in effect."
OVH.docx,39,Autor,tran -1; each Party shall be entitled to transfer all or part of the Contract to its Affiliates WITHOUT THE CONSUMER’S AGREEMENT,"Neither Party shall assign, transfer, mortgage, charge, declare a trust over or deal in any other manner with any or all of its rights and obligations under this Contract without the prior written consent of the other Party Notwithstanding the foregoing, each Party shall be entitled to transfer all or part of the Contract to its Affiliates. In this case, it shall notify the other Party in writing as soon as reasonablypracticable."
OVH.docx,40,Autor,c_forum 0,Each Party irrevocably agrees that the courts of Ireland shall have exclusive jurisdiction to settle any dispute or claim arising out of or in connection with this Contract or its subject matter or formation (including any disputes or claims relating to non-contractual obligations).
OVH.docx,41,Autor,c_law -1,his Contract and any dispute or claim arising out of or in connection with it or its subject matter or formation (including disputes or claims relating to non-contractual obligations) shall be governed by and construed in accordance with the laws of Ireland
OVH.docx,42,Autor,uncle 5,"that if the Client is a consumer, the Client will benefit from any mandatory provisions of the law of the country in which the Client is resident. Nothing in the Contract, including this article 11.2, affects the Client's rights as a consumer to rely on such mandatory provisions of local law."
OVH.docx,43,Autor,com_sys 0,". All complaints regarding OVHcloud Services may be addressed to:Firstly to: the Customer service via the form available to the Client in its Management Interface.Secondly, if the Client has not received a reply within thirty (30) calendar days following the receipt of its complaint, the Client does not have access to its Management Interface or in the event the Client is notsatisfied with the response provided by the Customer Service, it may write to: OVH - National Consumers Service. - ENTERPRISE HOUSE O'BRIEN ROAD CARLOW R93Y0Y3 The complaint of the Client shall be reviewed within thirty (30) calendar days from the date of its receipt by the OVHcloud National Consumers Service."
OVH.docx,44,Autor,uncle 6,The Client may have statutory rights granted by law.
OVH.docx,45,Autor,serv_chg -1,"OVHcloud may modify the Services at any time, and may add, modify or remove ranges, options or features, as well as upgrade their performance. "
OVH.docx,46,Autor,price_chg -1,"OVHcloud reserves the right to change its prices at any time. Pricing changes are immediately applicable to any new Orders. For Services in use at the time of an increase in their price, the Client shall be informed of the change by email at least one (1) month in advance. In such case the Client, upon notification of said increase, has the right to terminate the impacted Services within four (4) months without penalty. Such termination shall be notified by registered letter with acknowledgement of receipt or through a specific form provided for such purpose in the Management Interface."
OVH.docx,47,Autor,uncle 7,time or the maximum rate authorized by laws if less
OVH.docx,48,Autor,acc_sus 0; acc_del 0,"(b) the right of OVHcloud to decide to immediately suspend, and without prior notice, all or part of the Client Services (including those which have been paid for), and to refuse any new Order or renewal of Services and to terminate all or part of the Contract."
OVH.docx,49,Autor,contr_chg -1,"OVHcloud may, at any time and by right, amend the Terms of Service in effect. "
OVH.docx,50,Autor,c_forum 0,". In case of dispute with the Client, the Court of the place of residence of the defendant shall have express jurisdiction, or, at the choice of the Client, the Court of the place to which the goods were delivered or the place where the services were provided."
Signal.docx,0,Autor,docu 1,Privacy Policy
Signal.docx,1,Autor,what,"Signal Messenger LLC. (“Signal”) utilizes state-of-the-art security and end-to-end encryption to provide private messaging, Internet calling, and other services to users worldwide. "
Signal.docx,2,Autor,as_is -1,WE PROVIDE OUR SERVICES ON AN “AS IS” BASIS
Signal.docx,3,Autor,ind 0,"YOU RELEASE US, AFFILIATES, DIRECTORS, OFFICERS, EMPLOYEES, PARTNERS, AND AGENTS TOGETHER, “SIGNAL PARTIES” FROM ANY CLAIM, COMPLAINT, CAUSE OF ACTION, CONTROVERSY, OR DISPUTE TOGETHER, “CLAIM” AND DAMAGES, KNOWN AND UNKNOWN, RELATING TO, ARISING OUT OF, OR IN ANY WAY CONNECTED WITH ANY SUCH CLAIM YOU HAVE AGAINST ANY THIRD PARTIES."
Signal.docx,4,Autor,ltd -1,"THE SIGNAL PARTIES WILL NOT BE LIABLE TO YOU FOR ANY LOST PROFITS OR CONSEQUENTIAL, SPECIAL, PUNITIVE, INDIRECT, OR INCIDENTAL DAMAGES RELATING TO, ARISING OUT OF, OR IN ANY WAY IN CONNECTION WITH OUR TERMS, US, OR OUR SERVICES, EVEN IF THE SIGNAL PARTIES HAVE BEEN ADVISED OF THE POSSIBILITY OF SUCH DAMAGES."
Signal.docx,5,Autor,ltd_cap -1,"OUR AGGREGATE LIABILITY RELATING TO, ARISING OUT OF, OR IN ANY WAY IN CONNECTION WITH OUR TERMS, US, OR OUR SERVICES WILL NOT EXCEED ONE HUNDRED"
Signal.docx,6,Autor,uncle 1,DOLLARS $100. THE FOREGOING DISCLAIMER OF CERTAIN DAMAGESAND LIMITATION OF LIABILITY WILL APPLY TO THE MAXIMUM EXTENTPERMITTED BY APPLICABLE LAW
Signal.docx,7,Autor,uncle 2,TO THE FULLEST EXTENT PERMITTED BY APPLICABLE LAW.
Signal.docx,8,Autor,serv_chg -1,"We may discontinue some or all of our Services, including certain features and the support for certain devices and platforms, at any time."
Signal.docx,9,Autor,c_forum -1,You also agree to submit to the personal jurisdiction of such courts for the purpose of litigating all such disputes. 
Signal.docx,10,Autor,c_law -1,"The laws of the State of California govern our Terms, as well as any disputes, whether in court or arbitration, which might arise between Signal and you, without regard to conflict of law provisions."
Signal.docx,11,Autor,acc_sus -1; acc_del -1; cnt_modr 0,"We may modify, suspend, or terminate your access to or use of our Services anytime for any reason"
Signal.docx,12,Autor,contr_chg -1,Signal may update the Terms from time to time.
Signal.docx,13,Autor,sever 0,that provision shall be deemed severable from our Terms and shall not affect the enforceability of the remaining provisions
SHEIN.docx,0,Autor,docu 1,Privacy Policy 
SHEIN.docx,1,Autor,uncle 1,Subject to the conditions of applicable law
SHEIN.docx,2,Autor,contr_chg -1,"Minor changes not affecting your rights and constituting an unfair disadvantage to you, may occur at any time, with or without notice to you, and are effective upon posting."
SHEIN.docx,3,Autor,ltd -1,"Your claims for damages are excluded, except for such claims for damages arising from injury to life, body, health or from the breach of essential contractual obligations (cardinal obligations) and except for liability for other damages based on an intentional or grossly negligent breach of duty by the Company, its legal representatives, employees or vicarious agents. Material contractual obligations are those whose fulfillment is necessary to achieve the goal of the contract.In the event of a breach of material contractual obligations, the Company shall only be liable for the foreseeable damage typical for the type of contract if such damage was caused by simple negligence, unless the damage claims are based on injury to life, body or health.The limitations of liability shall also apply in favor of the legal representatives, employees and vicarious agents of the Company if claims are asserted directly against them."
SHEIN.docx,4,Autor,uncle 2,Any applicable mandatory statutory provisions remain unaffected.
SHEIN.docx,5,Autor,tran -1,"You may not assign or transfer the Agreement (or any of your rights or obligations under the Agreement) without our prior written consent. Any attempted assignment or transfer without complying with the foregoing will be void. We may freely assign or transfer the Agreement. The Agreement inures to the benefit of and is binding upon the parties and their respective legal representatives, successors, and assigns."
SHEIN.docx,6,Autor,sever 0,"If any provision of the EU Terms of Use is found to be unenforceable, then that provision shall not affect the validity of the remaining provisions of the EU Terms of Use, which shall remain in full force and effect."
SHEIN.docx,7,Autor,ind 0,"You agree to release, indemnify, and defend the Company and any subsidiaries, affiliates, related companies, suppliers, licensors and partners, and the officers, directors, employees, agents and representatives of each from all third-party claims and costs (including reasonable attorneys’ fees) arising out of or related to: (1) your use of the Services; (2) your conduct or interactions with other users of the Services; (3) your breach of these EU Terms of Use; (4) any materials you submit, post, upload to or transmit through the Site or App. "
SHEIN.docx,8,Autor,c_law -1,"These EU Terms of Use are governed by and construed in accordance with the laws of Ireland. If you are a consumer and have your habitual residence in another European Country, you additionally enjoy the protection afforded to you by mandatory provisions of the law of your country of residence."
SHEIN.docx,9,Autor,c_forum 1,"We both agree to submit to the non-exclusive jurisdiction of the courts of Ireland, which means that you may bring a claim to enforce your consumer protection rights in connection with these EU Terms of Use in Ireland or in the EU country in which you live."
SHEIN.docx,10,Autor,pato,We are neither obliged nor willing to participate in dispute resolution proceedings before a consumer arbitration board.
SHEIN.docx,11,Autor,acc_del -1; cnt_modr 0,"We reserve the right to refuse service, terminate accounts, and/or cancel orders in our discretion, including, without limitation, if we believe that your or other customer’s conduct violates applicable law or is harmful to our interests."
SHEIN.docx,12,Autor,disc -1,", as determined by us"
SHEIN.docx,14,Autor,disc -1,"in our sole discretion, your behavior gives just cause to do so"
SHEIN.docx,13,Autor,acc_del 0,"We reserve the right to refuse any of our Services or terminate your user account if, in our sole discretion, your behavior gives just cause to do so. This is particularly the case if you are in breach of applicable laws, applicable contractual provisions, our guidelines or our policies."
SHEIN.docx,16,Autor,docu 2,Bonus Points 
SHEIN.docx,17,Autor,docu 3,Terms of Purchase
SHEIN.docx,15,Autor,what,"B. 4. WALLET.If you create a user account as described in Section B. 3. USER ACCOUNT , you will be provided with a SHEIN digital wallet ( ""Wallet"" ) that can be used to collect and hold wallet credits, gift cards, coupons and promotional points offered via the Services. The Wallet is accessible at any time via the local site or app in the section “My Assets”.Promotional Points: Promotional points can be earned and stored under “My Assets” by using our Services offered on your local site, app or social media accounts and purchasing goods in accordance with the specific provisions available under Bonus Points . Promotional Points are granted in the Company’s sole discretion; they are subject to expiration and cancellation by the Company. Promotional points can only be redeemed on the site through which they were granted (for example, if promotional points were granted on the fr.shein.com site, then they can only be redeemed on that site).Coupons: Coupons can be purchased from the Company from time to time or may be granted by the Company in its sole discretion. Coupons may be stored under “My Assets.” Coupons are subject to expiration and cancellation by the Company. SHEIN coupons that were purchased can only be redeemed on the site on which they were purchased (for example, if coupons were purchased on the fr.shein.com site, then they can only be redeemed on that site). The redemption of SHEIN coupons granted by the Company free of charge is subject to limitations imposed in the Company’s sole discretion from time to time.Wallet Credit: Wallet credit can be stored in your Wallet by returning goods and choosing a wallet credit as your refund option (see Terms of Purchase). Wallet credits can only be redeemed on the site through which the wallet credit was granted (for example, if you ordered and subsequently returned a product on the fr.shein.com site and elected to receive a credit, that wallet credit can only be redeemed on the fr.shein.com site). A Wallet credit linked to a returned item can be withdrawn in cash to the original method of payment used when you placed the order. A wallet credit granted by the Company that is not linked to a returned item cannot be redeemed in cash.Gift Cards: Gift cards can be redeemed and stored under “My Assets” by entering the gift card code through your User Account. In the European Union, gift cards expire after 10 years, or as otherwise determined by the Company. For SHEIN gift cards that are purchased from the Company prior to March 8, 2021 and can be used on any SHEIN site, once any portion of such gift cards are redeemed on a particular SHEIN site, any balances on those cards can only be redeemed on that particular site. Gift cards purchased after March 8, 2021 can only be redeemed on the site on which they were purchased (for example, if a gift card was purchased after March 8, 2021 on fr.shein.com, then that gift card can only be redeemed on that site). The redemption of gift cards granted by the Company free of charge is subject to limitations imposed in the Company’s sole discretion from time to time.You can use wallet credits, gift cards, paid or free coupons and promotional points that are stored under “My Assets” as an additional payment option or discount to be used on the Site, subject to the applicable terms above and the provisions available under Bonus Points . While wallet credits received from an order return can be redeemed for cash, wallet credits granted by the Company, promotional points, coupons and gift cards cannot be redeemed for cash.The Wallet is provided as part of the user account and is subject to the same provisions as set forth in paragraph 5 and 6 of Section B. 3. USER ACCOUNT . If your Wallet holds assets at the time of termination or cancellation of your account, you will lose those assets."
SHEIN.docx,18,Autor,serv_chg -1,"From time to time, we may restrict access to some or all parts of the Services, including the ability to upload documents, make payments, or send messages."
SHEIN.docx,19,Autor,acc_del -1,"We may terminate your access to the Services at any time, in our sole discretion, without cause or notice, or if we believe you have breached these Terms."
SHEIN.docx,20,Autor,cnt_retr -1,"Termination of your account may result in a loss of any achieved benefits, any information provided to us or received from us, or documents, related to or stored within your customer account. "
SHEIN.docx,21,Autor,may infringe Annex 1(n) Directive 93/13,"Our Site and Apps may contain links to third-party sites that are not owned or controlled by us. We have no control over, assume no responsibility for, and do not endorse or verify the content, privacy policies, or practices of any third-party sites or services. We make no warranties or representations about the accuracy, completeness, or timeliness of any content posted on the Site or our Apps by anyone other than us. We strongly advise you to read all third-party terms and conditions and privacy policies."
SHEIN.docx,22,Autor,what,"B. 8. TEXT MESSAGING PROGRAM.Enrollment. If you enroll in our text messaging (SMS) program, you will be asked to consent expressly – evidenced by provision of your mobile telephone number, specified prompted key word(s), or SMS/MMS or other text message affirmative response, as your signature to agree to receive recurring automated marketing messages where such messages may be sent by us or our vendors to the mobile number you provided at opt-in. Such consent is not a condition of using our Services and may be withdrawn at any time by using the opt-out mechanism specified in subsection B 8(2) or by any contacting us in any other manner"
SHEIN.docx,23,Autor,serv_chg -1,"We reserve the right to modify or discontinue, temporarily or permanently, all or any part of these messages, with or without notice to you."
SHEIN.docx,24,Autor,sugg 0,feedback
SHEIN.docx,25,Autor,ip -1; shad_ip,"By providing, submitting or posting a Submission, you agree to irrevocably license the Submission and all IP rights related thereto to the Company without charge and we shall have the royalty-free, worldwide, perpetual, irrevocable, transferable and sub-licensable right to use, reproduce, distribute, display, publish, present, recite, show, perform, sell, lease, transfer, transform, adapt, edit, shorten, delete, translate, arrange or otherwise change the Submission in its entirety or in part, and to use and exploit the newly created products in the same way as the original Submission, and to make available to the public in any media such Submission, without being obliged to do so. All Submissions shall automatically become the sole and exclusive property of us and shall not be returned to you and you agree not to raise any dispute in connection with any use of the Submission by us in the future."
SHEIN.docx,26,Autor,shad_ip; against Art. 16 of the Polish Act on copyright and related rights,"You waive any of your possible author’s personal or moral rights existing with regard to the Submissions as far as they may affect the undisturbed use of the Submissions by the Company, and you undertake not to exercise such rights, neither vis-á-vis Company nor vis-á-vis any of Company’s assignees, transferees, successors, (sub-)licensees or any other third party legally exploiting the Submissions. In particular, you consent to modifications of your Submissions within a scope customary in the industry. Your right to prohibit distortions, other impairments or uses which are capable of endangering your legitimate intellectual and personal interests intrinsic to the Submissions, remain unaffected."
SHEIN.docx,27,Autor,sugg 0,"In addition to the rights applicable to any Submission, when you post comments or reviews to the Site or Apps, you also grant us the right to use the name that you submit with any review, comment, or other content, if any, in connection with such review, comment, or other content."
SHEIN.docx,28,Autor,cnt_del -1,"We may but shall not be obligated to delete, remove or edit any Submissions (including comments or reviews) for any reason."
SHEIN.docx,29,Autor,uncle 3,Subject to the conditions of applicable law
SHEIN.docx,30,Autor,contr_chg -1,"we reserve the right to modify the EU Terms of Purchase, including the Privacy Policy."
SHEIN.docx,31,Autor,ltd -1,"Your claims for damages are excluded, except for such claims for damages arising from injury to life, body, health or from the breach of essential contractual obligations (cardinal obligations) and except for liability for other damages based on an intentional or grossly negligent breach of duty by the Company, its legal representatives, employees or vicarious agents. Material contractual obligations are those whose fulfillment is necessary to achieve the goal of the contract.In the event of a breach of material contractual obligations, the Company shall only be liable for the foreseeable damage typical for the type of contract if such damage was caused by simple negligence, unless the damage claims are based on injury to life, body or health.The limitations of liability shall also apply in favor of the legal representatives, employees and vicarious agents of the Company if claims are asserted directly against them."
SHEIN.docx,32,Autor,uncle 4,"Any applicable mandatory statutory provisions, in particular provisions pursuant to EU Directive 85/374/EEC concerning liability for defective products, remain unaffected."
SHEIN.docx,33,Autor,tran -1,"You may not assign or transfer the Agreement (or any of your rights or obligations under the Agreement) without our prior written consent. Any attempted assignment or transfer without complying with the foregoing will be void. We may freely assign or transfer the Agreement. The Agreement inures to the benefit of and is binding upon the parties and their respective legal representatives, successors, and assigns."
SHEIN.docx,34,Autor,sever 0,"If any provision of the EU Terms of Purchase is found to be unenforceable, then that provision shall not affect the validity of the remaining provisions of the EU Terms of Purchase, which shall remain in full force and effect."
SHEIN.docx,35,Autor,ind 0,"You agree to release, indemnify, and defend the Company and any subsidiaries, affiliates, related companies, suppliers, licensors and partners, and the officers, directors, employees, agents and representatives of each from all third-party claims and costs (including reasonable attorneys’ fees) arising out of or related to your breach of these EU Terms of Purchase."
SHEIN.docx,36,Autor,c_law -1,"These EU Terms of Purchase are governed by and construed in accordance with the laws of Ireland, and the application of the United Nations Convention of Contracts for the International Sale of Goods is expressly excluded. If you are a consumer and have your habitual residence in another European Country, you additionally enjoy the protection afforded to you by mandatory provisions of the law of your country of residence."
SHEIN.docx,37,Autor,c_forum 1,"We both agree to submit to the non-exclusive jurisdiction of the courts of Ireland, which means that you may bring a claim to enforce your consumer protection rights in connection with these EU Terms of Purchase in Ireland or in the EU country in which you live."
SHEIN.docx,38,Autor,what,"Our display of products via the Site or the App is a non-binding offer. Once you have selected an article that you wish to buy, it will be added to your shopping basket ( “Shopping Bag” ). To process the order and make the payment, you must follow the steps of the purchase process, indicating or verifying the information requested in each step. Furthermore, throughout the purchase process, before payment, you can modify the details of your order, and you may be asked to log into your account or to register with us, to enter a shipping address, select a payment method and shipping option. You are provided with a detailed description of the purchase process at the ”How To Order” page. If your order triggers a fraud alert in our security system, a verification email may be sent to your email address."
SHEIN.docx,39,Autor,pato,"While we strive to provide accurate product and pricing information, pricing or typographical errors may occur. We cannot confirm the price of an item until after you order. In the event that an item is listed at an incorrect price or with incorrect information due to an error in pricing or product information, we shall have the right, at our sole discretion, to refuse or cancel any orders placed for that item. In the event that an item is mis-priced, we may, at our discretion, either contact you for instructions or cancel your order and notify you of such cancellation."
Line.docx,0,Autor,virtu,1.4.“Coins” refers to the prepaid payment instrument or the like which Users may exchange for Contents and services offered by LINE which are provided for a fee within the Services. 
Line.docx,1,Autor,contr_chg -1; disc -1,"LINE may modify these Terms and Conditions when LINE deems it to be necessary, within the scope of the purposes of the Services. "
Line.docx,2,Autor,acc_del -1,"4.4.LINE reserves the right to delete any account that has been inactive for a period of one (1) year or more since its last activation, without any prior notice to the applicable User."
Line.docx,3,Autor,cnt_retr -1,4.5.Any and all rights of a User to use the Service shall cease to exist when such User’s account has been deleted for any reason. Please take note that an account cannot be retrieved even if a User has accidentally deleted their account.
Line.docx,4,Autor,docu 1,LINE Privacy Policy.
Line.docx,5,Autor,acc_sus -1; disc -1,"6.2.LINE reserves the right to limit access to all or part of the Services by Users depending upon conditions that LINE considers necessary, such as the age and identification of User, current registration status, and the like."
Line.docx,6,Autor,serv_chg -1,"6.3.LINE reserves the right to modify, at LINE's discretion, all or part of the Services as LINE determines necessary anytime without any prior notice to Users."
Line.docx,7,Autor,disc -1,When LINE reasonably determines it to be necessary
Line.docx,8,Autor,virtu; pato,"Even if terms such as “Purchase”, “Sales,” and the like appear on the screens for the Services, LINE shall remain the owner of all intellectual property rights as well as all other rights in the Subject Contents offered to Users by LINE, and such rights shall not be transferred to Users. "
Line.docx,10,Autor,disc -1,to the extent LINE deems necessary and appropriate
Line.docx,9,Autor,ip -1,"Users shall retain their rights to their Submitted Contents, and LINE shall not acquire 　any such rights; provided, however, that, among the Submitted Contents, for those made available to other Users generally (i.e., not just to the User's “friends”), the User who posted such Submitted Contents shall be deemed to have granted LINE a worldwide, perpetual, royalty-free license (including the right to amend (such as abbreviating) such Contents to the extent LINE deems necessary and appropriate, and the right to sublicense such usage rights to other third parties working together with LINE), to use such Contents for services and/or promotional purposes."
Line.docx,11,Autor,shad_ip; infringing Art. 16 of Polish law on copyright and related rights,10.7.Users shall not exercise their rights such as author’s moral rights with respect to the Submitted Contents in relation to the use by LINE or a third party under Articles 10.5 and 10.6 above.
Line.docx,13,Autor,uncle 1,to the extent permissible under laws and regulations
Line.docx,14,Autor,cnt_del 0,"If LINE believes that a User has violated or may violate any applicable laws or regulations or the provisions of these Terms and Conditions in relation to the Submitted Contents, or when otherwise reasonably necessary for LINE’s business, then LINE reserves the right to preclude such User's use of the Services in certain manners, such as deleting the Submitted Contents without providing prior notice to the User."
Line.docx,12,Autor,cnt_modr 0,"LINE may check and confirm the contents of the Submitted Contents by Users to the extent permissible under laws and regulations, when it is necessary for LINE to confirm compliance with related laws and regulations or the provisions set out in these Terms and Conditions, etc.; provided, however, that LINE is not obligated to conduct such confirmation.10.9.If LINE believes that a User has violated or may violate any applicable laws or regulations or the provisions of these Terms and Conditions in relation to the Submitted Contents, or when otherwise reasonably necessary for LINE’s business, then LINE reserves the right to preclude such User's use of the Services in certain manners, such as deleting the Submitted Contents without providing prior notice to the User."
Line.docx,16,Autor,uncle 2,", that this shall not apply if necessary under applicable laws and regulations"
Line.docx,15,Autor,virtu,"11.4.Coins will not be refunded for any reason whatsoever; provided, however, that this shall not apply if necessary under applicable laws and regulations. In such case, LINE shall determine the process for refunds in accordance with the relevant laws and regulations, and such information will be made available on LINE's website, etc."
Line.docx,17,Autor,core,"Users may receive services in exchange for payment of a fee or under the terms and conditions prescribed by LINE, wherein the Users pay a certain amount of considerations to use certain Subject Contents designated by LINE for a certain period of time (the “Subscription Services”). "
Line.docx,18,Autor,may infringe Annex 1(d) Directive 93/13,"In such case, the fees already paid will not be refunded, nor will there be any refund on a pro rata basis"
Line.docx,19,Autor,uncle 3,"However, the foregoing will not apply if laws or regulations require otherwise."
Line.docx,20,Autor,disc -1,that LINE reasonably deems to be inappropriate.
Line.docx,21,Autor,acc_sus -1; acc_del -1; -1 as (5) allows the service provider to perform such actions arbitrarily ,"LINE may suspend the use of all or part of the Services, suspend or delete accounts, cancel any agreement between a User and LINE with respect to the Services (including, without limitation, any agreement based on these Terms and Conditions, hereinafter the same) or take any other measure LINE reasonably determines to be necessary and appropriate without prior notice to such User in the case that such User falls under or there is a possibility that such User falls under any of the following items:(1)A User is in breach of applicable laws and regulations, these Terms and Conditions, or any Separate Terms and Conditions;(2)A User is a member of an anti-social group or a related party thereof;(3)A User tarnishes LINE’s credibility by spreading false information, using fraudulent means or force, or other unlawful means;(4)A User is subject to a petition for attachment, provisional attachment, or auction, ; procedures such as bankruptcy, civil rehabilitation, or similar procedures are commenced; or LINE otherwise reasonably determines that there is uncertainty with respect to User’s credibility; or(5)The relationship of trust with a User is lost or LINE otherwise reasonably determines that it would not be appropriate for LINE to provide the Services to User, due to reasons other than as set forth in items (1) to (4) above."
Line.docx,22,Autor,as_is -1,"LINE SHALL PROVIDE NO WARRANTY, EITHER EXPRESSLY OR IMPLIEDLY, WITH RESPECT TO THE SERVICES (INCLUDING THE SUBJECT CONTENTS), THAT THERE ARE NO DEFECTS (INCLUDING, WITHOUT LIMITATION, FAULTS WITH RESPECT TO SECURITY, ETC., ERRORS OR BUGS, OR VIOLATIONS OF RIGHTS) OR AS TO THE SAFETY, RELIABILITY, ACCURACY, COMPLETENESS, EFFECTIVENESS AND FITNESS FOR A PARTICULAR PURPOSE. LINE WILL IN NO WAY BE RESPONSIBLE FOR PROVIDING USERS WITH THE SERVICES AFTER DELETING SUCH DEFECTS. "
Line.docx,23,Autor,ltd -1,".LINE WILL NOT BE LIABLE FOR ANY DAMAGE INCURRED BY USERS FROM THE USE OF THE SERVICES, UNLESS SUCH DAMAGE IS ATTRIBUTABLE TO THE INTENTIONAL OR GROSSLY NEGLIGENT ACTS OF LINE; PROVIDED, HOWEVER, THAT, IN THE CASE THAT THE AGREEMENT BETWEEN THE USER AND LINE WITH RESPECT TO THE USE OF THE SERVICES FALLS UNDER A CONSUMER CONTRACT AS DEFINED UNDER THE CONSUMER CONTRACT ACT OF JAPAN (“CONSUMER CONTRACT”), LINE WILL BE LIABLE TO PROVIDE COMPENSATION FOR DAMAGE ARISING DUE TO NEGLIGENCE ON THE PART OF LINE (EXCLUDING GROSS NEGLIGENCE) ARISING FROM CONTRACT OR TORT ONLY WITHIN THE RANGE OF (A) THE DAMAGE WHICH IS NORMALLY INCURRED (I.E., EXCLUSIVE OF LOST PROFITS AND OTHER DAMAGES ARISING UNDER SPECIAL CIRCUMSTANCES), AND (B) THE AMOUNT OF USAGE FEES FOR THE SERVICES RECEIVED FROM SUCH USER FOR FEE-BASED SERVICES FOR THE MONTH IN WHICH SUCH DAMAGE HAS BEEN INCURRED, AT MAXIMUM."
Line.docx,24,Autor,ltd_cap -1,"AND (B) THE AMOUNT OF USAGE FEES FOR THE SERVICES RECEIVED FROM SUCH USER FOR FEE-BASED SERVICES FOR THE MONTH IN WHICH SUCH DAMAGE HAS BEEN INCURRED, AT MAXIMUM."
Line.docx,25,Autor,sever 0,"If the terms of these Terms and Conditions violate any laws and regulations applicable to an agreement between Users and LINE with respect to the Services (including, without limitation, the Consumer Contract Act of Japan), such terms, to the extent of such violation, shall not apply to the agreement with the Users; provided, however, that the remaining terms of these Terms and Conditions shall not be affected."
Line.docx,26,Autor,c_law -1,These Terms and Conditions will be governed by the laws of Japan. 
Line.docx,27,Autor,c_forum -1,Any conflicts between Users and LINE that arise from or in connection with the Service shall be resolved under the exclusive jurisdiction of the Tokyo District Court as the court of first instance.
Meta.docx,0,Autor,docu 1,Data Policy 
Meta.docx,1,Autor,what,"The services we provideOur mission is to give people the power to build community and bring the world closer together. To help advance this mission, we provide the products and services described below to you:Provide a personalised experience for you:Your experience on Facebook is unlike anyone else's: from the posts, stories, events, ads and other content that you see in News Feed or our video platform to the Facebook Pages that you follow and other features you might use, such as Trending, Facebook Marketplace and search.We use the data that we have – for example, about the connections you make, the choices and settings you select, and what you share and do on and off our Products – to personalise your experience.Connect you with people and organisations that you care about: We help you ﬁnd and connect with people, groups, businesses, organisations and others that matter to you across the Meta Products you use. We use the data we have to make suggestions for you and others – for example, groups to join, events to attend, Facebook Pages to follow or send a message to, shows to watch and people you may want to become friends with. Stronger ties make for better communities, and we believe that our services are most useful when people are connected to people, groups and organisations that they care about.Empower you to express yourself and communicate about what matters to you:There are many ways to express yourself on Facebook and to communicate with friends, family and others about what matters to you– for example, sharing status updates, photos, videos and stories across the Meta Products that you use, sending messages to a friend or several people, creating events or groups, or adding content to your proﬁle. We have also developed, and continue to explore, new ways for people to use technology, such as augmented reality and 360 video to create and share more expressive and engaging content on Meta Products.Help you discover content, products and services that may interest you:We show you ads, offers and other sponsored content to help you discover content, products and services that are offered by the many businesses and organisations that use Facebook and other Meta Products. Section 2 below explains this in more detail."
Meta.docx,2,Autor,cnt_del 0; acc_sus 0; acc_del 0,"If we learn of content or conduct like this, we will take appropriate action – for example, offering help, removing content, blocking access to certain features, disabling an account or contacting law enforcement. "
Meta.docx,3,Autor,recom 0 ,"Instead of paying to use Facebook and the other products and services that we offer, by using the Meta Products covered by these Terms you agree that we can show you ads that business and organisations pay us to promote on and off the Meta Company Products. We use your personal data, such as information about your activity and interests, to show you ads that are more relevant to you."
Meta.docx,4,Autor,docu 2,"That breaches these Terms, our CommunityStandards and other terms and policies that apply to your use of our Products"
Meta.docx,5,Autor,cnt_del 0; cnt_modr 0,We can remove or block content that is in breach of these provisions.
Meta.docx,7,Autor,disc -1,if we determine that doing so is reasonably necessary
Meta.docx,6,Autor,acc_sus 0; acc_del 0,"We also can remove or restrict access to your content, services or information if we determine that doing so is reasonably necessary to avoid or mitigate adverse legal or regulatory impacts to Facebook."
Meta.docx,8,Autor,ip 0,"Speciﬁcally, when you share, post or upload content that is covered by intellectual property rights on or in connection with our Products, you grant us a non-exclusive, transferable, sub- licensable, royalty-free and worldwide licence to host, use, distribute, modify, run, copy, publicly perform or display, translate and create derivative works of your content (consistent withyour privacy and application settings). This means, for example, that if you share a photo on Facebook, you give us permission to store, copy and share it with others (again, consistent with your settings) such as service providers that support our service or other Meta Products you use. This licence will end when your content is deleted from our systems."
Meta.docx,9,Autor,docu 3,Brand Usage Guidelines 
Meta.docx,10,Autor,contr_chg 0,"We work constantly to improve our services and develop new features to make our Products better for you and our community. As a result, we may need to update these Terms from time to time to accurately reﬂect our services and practices. We will only make changes if the provisions are no longer appropriate or if they are incomplete, and only if the changes are reasonable and take due account of your interests."
Meta.docx,11,Autor,acc_sus 0; acc_del 0,"If we determine that you have clearly, seriously or repeatedly breached our Terms or Policies, including in particular our Community Standards, we may suspend or permanently disable access to your account. We may also suspend or disable your account if you repeatedly infringe other people's intellectual property rights or where we are required to do so for legal reasons."
Meta.docx,12,Autor,ltd 0 ,"We will exercise professional diligence in providing our Products and services to you and in keeping a safe, secure and error-free environment. Provided that we have acted with professional diligence, we do not accept responsibility for losses not caused by our breach of these Terms or otherwise by our acts; losses that are not reasonably foreseeable by you and us at the time of entering into these Terms; and events beyond our reasonable control."
Meta.docx,13,Autor,c_law -1; c_forum -1,"If you are a consumer and habitually reside in a Member State of the European Union, the laws of that Member State will apply to any claim, cause of action or dispute you have against us that arises out of or relates to these Terms or the Meta Products (""claim""), and you may resolve your claim in any competent court in that Member State that has jurisdiction over the claim. In all other cases, you agree that the claim must be resolved in a competent court in the Republic of Ireland and that Irish law will govern these Terms and any claim, without regard to conﬂict of law provisions."
Meta.docx,14,Autor,docu 4,our Commercial Terms
Meta.docx,15,Autor,docu 5,"share content containing music, you must comply with our Music Guidelines. To the extent that any supplemental Terms conﬂict"
Meta.docx,16,Autor,sever 0,"If any portion of these Terms is found to be unenforceable, the remaining portion will remain in full force and effect. "
Meta.docx,17,Autor,tran -1,"All of our rights and obligations under these Terms are freely assignable by us in connection with a merger, acquisition or sale of assets, or by operation of law or otherwise."
Meta.docx,18,Autor,pato,"You should know that we may need to change the username for your account in certain circumstances (for example, if someone else claims the username and it appears unrelated to the name that you use in everyday life)."
Meta.docx,19,Autor,sugg 0,"We always appreciate your feedback and other suggestions about our products and services. But you should know that we may use them without any restriction or obligation to compensate you, and we are under no obligation to keep them conﬁdential."
Meta.docx,20,Autor,docu 6-16,"Community Standards: These guidelines outline our standards regarding the content that you post to Facebook and your activity on Facebook and other Meta Products.Commercial Terms: These Terms apply if you also access or use our Products for any commercial or business purpose, including advertising, operating an app on our Platform, using our measurement services, managing a group or a Page for a business, or selling goods or services.Advertising Policies: These policies specify what types of ad content are allowed by partners who advertise across the Meta Products.Self-serve Ad Terms: These Terms apply when you use self-serve advertising interfaces to create, submit or deliver advertising or other commercial or sponsored activity or content.Facebook Pages, Groups and Events Policy: These guidelines apply if you create or administer a Facebook Page, group or event, or if you use Facebook to communicate or administer a promotion.Meta Platform Terms: These guidelines outline the Policies that apply to your use of our platform (for example, for developers or operators of a platform application or website or if you use social plugins).Developer Payment Terms: These Terms apply to developers of applications that use Facebook Payments.Community Payment Terms: These terms apply to payments made on or through Meta Products.Commerce Policies: These guidelines outline the Policies that apply when you offer products and services for sale on Facebook.Meta brand resources: These guidelines outline the policies that apply to use of Meta trademarks, logos and screenshots.Music guidelines: These guidelines outline the policies that apply if you post or share content containing music on Meta Products.Live Policies: These policies apply to all content broadcast to Facebook Live.Messaging services terms relevant for EU, EEA and UK users: terms applicable to the messaging, voice and video calling services included in Facebook Products arelisted here and here in accordance with EU rules."
TripAdvisor.docx,0,Autor,contr_chg -1,"We may change or otherwise modify this Agreement in the future in accordance with the terms and conditions herein, and you understand and agree that your continued access or use of the Services after such change signiﬁes your acceptance of the updated or modiﬁed Agreement. "
TripAdvisor.docx,1,Autor,acc_del -1,"We retain the right at our sole discretion to deny anyone access to the Services, at any time and for any reason, including, but not limited to, for violation of this Agreement. "
TripAdvisor.docx,2,Autor,serv_chg -1,"The Tripadvisor Companies may, from time to time, decide to change, update or discontinue certain products and features of the Services"
TripAdvisor.docx,3,Autor,cnt_retr -1,You agree and understand that the Tripadvisor Companies have no obligation to store or maintain your Content or other information you provide
TripAdvisor.docx,4,Autor,uncle,except to the extent required by applicable law
TripAdvisor.docx,5,Autor,docu,Click here to view our Privacy Policy.
TripAdvisor.docx,6,Autor,ip -1,"We appreciate hearing from you. Please be aware that by providing your Content to or through the Services, be it via email, posting via any Tripadvisor synchronisation product, via the services and applications of others, or otherwise, including any of your Content that is transmitted to your Tripadvisor account by virtue of any Tripadvisor Companies product or service, reviews, questions, photographs or videos, comments, suggestions, ideas or the like contained inany of your Content, you grant the Tripadvisor Companies a nonexclusive, royalty-free, perpetual, transferable, irrevocable and fully sublicensable right to (a) host, use, reproduce, modify, run, adapt, translate, distribute, publish, create derivative works from and publicly display and perform such Content of yours throughout the world in any media, now known or hereafter devised; (b) make your Content available to the rest of the world and to let others do the same; (c) to provide, promote, and improve the Services and to make your Content shared on the Services available to other companies, organisations or individuals for the syndication, broadcast, distribution, promotion or publication of such Content of yours on other media and services, subject to our Privacy Policy and this Agreement; and (d) use the name and/or trademark that you submit in connection with such Content of yours. You acknowledge that Tripadvisor may choose to provide attribution of your Content at our discretion. You further grant the Tripadvisor Companies the right to pursue at law any person or entity that violates your or the Tripadvisor Companies’ rights in your Content by a breach of this Agreement. You acknowledge and agree that your Content is non-conﬁdential and non-proprietary. You afﬁrm, represent and warrant that you own or have the necessary licences, rights (including copyright and other proprietary rights), consents and permissions to publish and otherwise use (and for the Tripadvisor Companies to publish and otherwise use) your Content as authorised under this Agreement."
TripAdvisor.docx,7,Autor,uncle,to the extent permitted by applicable law
TripAdvisor.docx,8,Autor,sugg 0,Note that any feedback and other suggestions you provide may be used at any time and we are under no obligation to keep them conﬁdential.
TripAdvisor.docx,9,Autor,cnt_del 0; cnt_modr 0,"In particular, Tripadvisor does not edit or control users’ Content that appears on the websites. The Tripadvisor Companies nevertheless reserve the right to remove without notice any such messaging or other Content from the Services, where they believe in good faith that such Content breaches this Agreement or otherwise believe the removal is reasonably necessary to safeguard the rights of the Tripadvisor Companies and/or other users of the Services."
TripAdvisor.docx,10,Autor,docu,Tripadvisor’s published guidelines
TripAdvisor.docx,11,Autor,cnt_del -1,"Although Tripadvisor has no obligation to screen, edit or monitor any of the Content posted to or distributed through any Interactive Area, Tripadvisor reserves the right, and has absolute discretion, to remove, screen, translate or edit without notice any Content posted or stored on the Services at any time and for any reason, or to have such actions performed by third parties on their behalf, and you are solely responsible for creating backup copies of and replacing any Content you post or otherwise submit to us or store on the Services at your sole cost and expense."
TripAdvisor.docx,12,Autor,acc_sus 0; acc_del 0,"Any use of the Interactive Areas or other aspects of the Services in violation of the foregoing violates the terms of this Agreement and may result in, among other things, termination or suspension of your rights to use the Interactive Areas and/or the Services more generally."
TripAdvisor.docx,13,Autor,ip 1,"Restricting Tripadvisor’s Licence Rights.You may elect on a going forward basis to limit the Tripadvisor Companies’ use of your Content under this Agreement (as described above) by opting to provide the Tripadvisor Companies with a more limited licence as described further below (such limited licence to be referred to herein as a “Restricted Licence”). You may make this election by selecting such Restricted Licence grant here (note that to do so you shall need to be logged into your account). If you make this election, the rights you grant the Tripadvisor Companies to your Content pursuant to the licence terms set forth above (referred to as the “Standard Licence”) shall be limited in some important ways described in paragraphs 1 through 6 directly below, such that the Tripadvisor Companies shall not hold a Standard Licence to any of your Content other than the text-based reviews and associated bubble ratings you post (as to which the Tripadvisor Companies shall continue to be granted a Standard Licence), but shall be granted a “Restricted Licence” as to the balance of your Content as deﬁned below:When you post your Content to the Services, the licence you grant the Tripadvisor Companies in Your Content shall be limited to a nonexclusive, royalty-free, transferable, sublicensable and worldwide licence to host, use, distribute, modify, run, reproduce, publicly display or perform, translate and create derivative works of your Content for purposes of displaying such on the Services, as well as using your name and/or trademark in connection with that Content. Subject to Paragraph 6 below, the Restricted Licence applies to any of your Content (again, other than text-based reviews and associated bubble ratings) you or another on your behalf (e.g. a third party that contributes to or otherwise manages your account) make available on or in connection with the Services.As to any individual item of your Content that is subject to the Restricted Licence, you can terminate the Tripadvisor Companies’ licence rights hereunder to such by deleting such post from the Services. Correspondingly, you may terminate the Tripadvisor Companies’ licence rights in all of your Content that is subject to the Restricted Licence by terminating your account (a description of how to do so is available here). Notwithstanding anything to the contrary, your Content (a) shall remain on the Services to the extent you shared it with others and they copied it or stored it prior to you deleting it or terminating your account, (b) may continue to be displayed upon the Services for a reasonable amount of time after you delete it or terminate your account as we seek to remove it, and/or (c) may be retained (but not publicly displayed) for technical, fraud moderation, regulatory or legal reasons in backup copy form for a period of time.The Tripadvisor Companies will not use your Content in advertisements for the products and services of third parties to others without your separate consent (including sponsored Content), although you agree and understand that the Tripadvisor Companies may place advertising and promotions on the Services alongside, near, adjacent, or otherwise in close proximity to your Content (including, for video or other dynamic content, before, during or after its presentation), as well as the Content of others. In all instances in which your Content is displayed on the Services, we shall provide attribution by using the name and/or trademark that you submit in connection with your Content.The Tripadvisor Companies will not give third parties the right to publish your Content beyond the Services. However, sharing your Content on the Services (save for our “Trips” feature, which can be made private) shall result in your Content being made ""public"" and we will enable a feature that allows other users to share (by way of embedding that public post or otherwise) such Content of yours (save, as noted, Trips you conﬁgure to be private) onto third-party services, and we will enable search engines to make that public Content of yours ﬁndable through their services.Except as modiﬁed by paragraphs 1 through 6 of this section of this Agreement, your and our rights and obligations shall remain subject to the balance of the terms of this Agreement. The licence you grant the Tripadvisor Companies as modiﬁed by these paragraphs 1-6 shall be referred to as a “Restricted Licence”.For the sake of clarity, the Content you submit to the Services in connection with other Tripadvisor Companies services or programmes is not subject to the Restricted Licence, but shall instead be governed by the terms and conditions associated with that speciﬁc Tripadvisor service or programme."
TripAdvisor.docx,14,Autor,acc_del 0,"Any false or fraudulent reservation is prohibited, and any user who attempts such a reservation may have his or her account terminated."
TripAdvisor.docx,15,Autor,docu,"and the like, please consult our afﬁliates’ terms and conditions (for Experiences visit Viator; for Restaurants visit The Fork; for holiday rentals, visit "
TripAdvisor.docx,16,Autor,docu,"and the like, please consult our afﬁliates’ terms and conditions (for Experiences visit Viator; for Restaurants visit The Fork; for holiday rentals, visit "
TripAdvisor.docx,17,Autor,docu,Tripadvisor Companies' Holiday Rentals. 
TripAdvisor.docx,19,Autor,uncle,TO THE MAXIMUM EXTENT PERMITTED UNDER APPLICABLE LAW
TripAdvisor.docx,18,Autor,as_is -1,"Tripadvisor MAKES NO REPRESENTATIONS OF ANY KIND ABOUT THE SUITABILITY OF THE SERVICES, INCLUDING THE INFORMATION CONTAINED ON ITS WEBSITES OR ANY PORTION THEREOF, FOR ANY PURPOSE, AND THE INCLUSION OR OFFERING OF ANY PRODUCTS OR SERVICE OFFERINGS ON ITS WEBSITES OR OTHERWISE THROUGH THE SERVICES DOES NOT CONSTITUTE ANY ENDORSEMENT OR RECOMMENDATION OF SUCH PRODUCTS OR SERVICE OFFERINGS BY Tripadvisor, NOTWITHSTANDING ANY AWARDS DISTRIBUTED BASED ON USER REVIEWS. ALL SUCH INFORMATION, SOFTWARE, PRODUCTS AND SERVICE OFFERINGS MADE AVAILABLE BY OR THROUGH THE SERVICES ARE PROVIDED ""AS IS"" WITHOUT WARRANTY OF ANY KIND. Tripadvisor DISCLAIMS ALL WARRANTIES, CONDITIONS OR OTHER TERMS OF ANY KIND THAT THE SERVICES, ITS SERVERS OR ANY DATA (INCLUDING EMAIL) SENT FROM Tripadvisor, ARE FREE OF VIRUSES OR OTHER HARMFUL COMPONENTS. TO THE MAXIMUM EXTENT PERMITTED UNDER APPLICABLE LAW, Tripadvisor HEREBY DISCLAIMS ALL WARRANTIES AND CONDITIONS WITH REGARD TO THIS INFORMATION, SOFTWARE, PRODUCTS AND THE SERVICES, INCLUDING ALL IMPLIED WARRANTIES AND CONDITIONS OR TERMS OF ANY KIND AS TO OF MERCHANTABILITY, FITNESS FOR A PARTICULAR PURPOSE, TITLE, QUIET POSSESSION AND NONINFRINGEMENT."
TripAdvisor.docx,20,Autor,ltd -1,"SUBJECT TO THE FOREGOING, YOU USE THE SERVICES AT YOUR OWN RISK AND IN NO EVENT SHALL THE Tripadvisor COMPANIES (OR THEIR OFFICERS, DIRECTORS AND/OR EMPLOYEES) BE LIABLE FOR ANY DIRECT, INDIRECT, PUNITIVE, INCIDENTAL, SPECIAL, OR CONSEQUENTIAL LOSSES OR DAMAGES OR ANY LOSS OF INCOME, PROFITS, GOODWILL, DATA, CONTRACTS, USE OF MONEY, OR LOSS OR DAMAGES ARISING FROM OR CONNECTED IN ANY WAY TO BUSINESS INTERRUPTION OF ANY TYPE ARISING OUT OF, OR IN ANY WAY CONNECTED WITH, YOUR ACCESS TO, DISPLAY OF OR USE OF THE SERVICES OR WITH THE DELAY OR INABILITY TO ACCESS, DISPLAY OR USE THE SERVICES (INCLUDING, BUT NOT LIMITED TO, YOUR RELIANCE UPON REVIEWS AND OPINIONS APPEARING ON OR THROUGH THE SERVICES; ANY VIRUSES, BUGS, TROJAN HORSES, INFORMATION, SOFTWARE, LINKED SITES, PRODUCTS AND SERVICES OBTAINED THROUGH THE SERVICES (INCLUDING, BUT NOT LIMITED TO ANY Tripadvisor COMPANIES’ SYNCRONISATION PRODUCT); PERSONAL INJURY OR PROPERTY DAMAGE, OF ANY NATURE WHATSOEVER, RESULTING FROM YOUR USE OF THE SERVICES’ SERVERS AND/OR ANY AND ALL PERSONAL INFORMATION AND/OR FINANCIAL INFORMATION STORED THEREIN; ANY ERRORS OR OMISSIONS IN ANY CONTENT OR FOR ANY LOSS OR DAMAGE OF ANY KIND INCURRED AS A RESULT OF THE USE OF ANY CONTENT; OR OTHERWISE ARISING OUT OF THE ACCESS TO, DISPLAY OF OR USE OF THE SERVICES) WHETHER BASED ON A THEORY OF NEGLIGENCE, CONTRACT, TORT, STRICT LIABILITY OR OTHERWISE, AND EVEN IF Tripadvisor OR ITS CORPORATE AFFILIATES HAS BEEN ADVISED OF THE POSSIBILITY OF SUCH DAMAGES."
TripAdvisor.docx,21,Autor,ltd_cap -1,"If the Tripadvisor Companies are found liable for any loss or damage that arises out of or is in any way connected with your use of the Services, then the Tripadvisor Companies’ liability will in no event exceed, in the aggregate, thegreater of (a) the transaction fees paid to the Tripadvisor Companies for the transaction(s) on or through the Services giving rise to the claim, or (b) One-Hundred Dollars (US $100.00)."
TripAdvisor.docx,22,Autor,uncle,"THESE TERMS AND CONDITIONS AND FOREGOING LIABLITY DISCLAIMER DO NOT AFFECT MANDATORY LEGAL RIGHTS THAT CANNOT BE EXCLUDED UNDER APPLICABLE LAW, FOR EXAMPLE UNDER CONSUMER PROTECTION LAWS IN PLACE IN CERTAIN COUNTRIES."
TripAdvisor.docx,23,Autor,uncle,"IF THE LAW OF THE COUNTRY WHERE YOU LIVE DOES NOT ALLOW ANY PARTICULAR LIMITATION OR EXCLUSION OF LIABILITY PROVIDED FOR IN THIS CLAUSE, THAT LIMITATION WILL NOT APPLY. THE LIABILITY DISCLAIMER WILL OTHERWISE APPLY TO THE MAXIMUM EXTENT ALLOWED BY YOUR LOCAL LAW."
TripAdvisor.docx,24,Autor,ind 0,"You agree to defend and indemnify the Tripadvisor Companies and any of their ofﬁcers, directors, employees and agents from and against any claims, causes of action, demands, recoveries, losses, damages, ﬁnes, penalties or other costs or expenses of any kind or nature including but not limited to reasonable legal and accounting fees, brought by third parties as a result of:your breach of this Agreement or the documents referenced herein;your violation of any law or the rights of a third party; oryour use of the Services, including the Tripadvisor Companies’ websites."
TripAdvisor.docx,25,Autor,docu,"copyright that you hold, please contact us immediately by following our notice and takedown procedure. Click here to view the Copyright Policy and procedure. Once this procedure has been followed, Tripadvisor will respond to"
TripAdvisor.docx,27,Autor,disc -1 ,nature 
TripAdvisor.docx,26,Autor,contr_chg -1,"Tripadvisor may change, add or delete these terms and conditions of this Agreement or any portion thereof from time to time in its sole discretion where we deem it necessary for legal, general regulatory and technical purposes, or due to changes in the Services provided or nature or layout of Services. Thereafter, you expressly agree to be bound by the terms and conditions of this Agreement as amended."
TripAdvisor.docx,28,Autor,serv_chg -1; acc_sus 0,"The Tripadvisor Companies may change, suspend or discontinue any aspect of the Services at any time, including availability of any of the Services’ features, databases or Content. The Tripadvisor Companies may also impose limits or otherwise restrict your access to all or parts of the Services without notice or liability for technical or security reasons, to prevent against unauthorised access, loss of, or destruction of data or where Tripadvisor and/or its corporate afﬁliates consider(s) in its/their sole discretion that you are in breach of any provision of this Agreement or of any law or regulation and where Tripadvisor and/or its corporate afﬁliates decide to discontinue providing any aspect of the Services."
TripAdvisor.docx,29,Autor,acc_del 0,"Tripadvisor may terminate this Agreement with you at any time, without advanced notice, where it believes in good faith that you have breached this Agreement or otherwise believes that termination is reasonably necessary to safeguard the rights of the Tripadvisor Companies and/or others users of the Services. That means that we may stop providing you with Services."
TripAdvisor.docx,30,Autor,c_law -1,"This website is owned and controlled by TripAdvisor LLC, a U.S. limited liability company. This Agreement and any dispute or claim (including non-contractual disputes or claims) arising out of or in connection with it or its subject matter or formation shall be governed by and construed in accordance with the law of the Commonwealth of Massachusetts, USA"
TripAdvisor.docx,31,Autor,uncle,. The foregoing shall not apply to the extent that applicable law 
TripAdvisor.docx,32,Autor,c_forum 0,"If you use the Services as a consumer, and not as business or Business Representative, you may be entitled to bring claims against Tripadvisor in the Courts of your country of residence."
TripAdvisor.docx,33,Autor,uncle,This clause shall otherwise apply to the maximum extent allowed in your country or residence.
TripAdvisor.docx,34,Autor,uncle,To the extent allowed by applicable law
TripAdvisor.docx,35,Autor,period -1,you agree that you will bring any claim or cause of action arising from or relating to your access or use of the Services within two (2) years from the date on which such claim or action arose or accrued or such claim or cause of action will be irrevocably waived.
TripAdvisor.docx,36,Autor,sever 0,"If any part of this Agreement is determined to be invalid or unenforceable pursuant to applicable law including, but not limited to, the warranty disclaimers and liability limitations set forth above, then the invalid or unenforceable provision will be deemed superseded by a valid, enforceable provision that most closely matches the intent of the original provision and the remaining provisions in this Agreement shall continue in effect."
Strava.docx,0,Autor,docu 1,Privacy Policy.
Strava.docx,1,Autor,docu,supplemental terms
Strava.docx,2,Autor,uncle 1,required in your country
Strava.docx,3,Autor,acc_sus 0; acc_del 0,". If you provide any Athlete Data that is inaccurate or not current, or Strava has reasonable grounds to suspect that such Athlete Data is inaccurate or not current, Strava has the right to suspend or terminate your account and refuse current or future use of the Services."
Strava.docx,4,Autor,docu 2-3,the Google Maps/Google Earth Additional Terms of Service (including the Google Privacy Policy)
Strava.docx,5,Autor,pato1,"No refunds or credits will be provided by Strava, other than as set forth in these Terms."
Strava.docx,6,Autor,price_chg 0,"Strava reserves the right to increase subscription fees, any associated taxes, or to institute new fees at any time upon reasonable advance notice."
Strava.docx,7,Autor,uncle 2,"If you reside outside the United States, you may be entitled "
Strava.docx,8,Autor,pato2,"If you reside outside the United States, you may be entitled to change your mind and receive a full refund within fourteen (14) days (the “Cooling-off Period”), provided that you have not logged in or otherwise redeemed or started to use the Services as a subscriber during the Cooling-off Period."
Strava.docx,9,Autor,ip 0; would be -1 if not the last sentence,"You grant us a non-exclusive, transferable, sub-licensable, royalty-free, worldwide license to use, reproduce, modify, adapt, publish, translate, create derivative works from, distribute, publicly perform and display any Content and any name, username or likeness that you post on or in connection with the Services in all media formats and channels now known or later developed without compensation to you. This license ends when you delete your Content or your account."
Strava.docx,12,Autor,cnt_del -1,", or remove any Content that violates the Terms or is otherwise objectionable"
Strava.docx,10,Autor,cnt_modr 0,"Strava may, in its sole discretion, screen, monitor, hide, refuse or remove any Content, or remove any Content that violates the Terms or is otherwise objectionable. "
Strava.docx,11,Autor,disc -1,"Strava may, in its sole discretion, screen, monitor, hide, refuse or remove any Content, or remove any Content that violates the Terms or is otherwise objectionable. "
Strava.docx,13,Autor,pato3,"You acknowledge and agree that your relationship with Strava is not a conﬁdential, ﬁduciary, or other type of special relationship, and that your decision to submit any Content does not place Strava in a position that is any different from the position held by members of the general public, including with regard to your Content"
Strava.docx,14,Autor,pato4,"You give us permission to use your proﬁle name, proﬁle photo, and information about your activities and actions you have taken, including your use of third party products, services, or devices, in ads, offers and other commercial contexts on the Strava service without compensation to you. For example, we may show your Strava followers that you use a certain device, product, or service available from a brand that has paid us to display its ads on Strava. You may adjust settings to prevent your proﬁle name and proﬁle photo from appearing in an ad"
Strava.docx,15,Autor,docu 4,Strava Community Standards
Strava.docx,16,Autor,pato5,The Services are for your personal and noncommercial use
Strava.docx,17,Autor,disc -1,"Taking any action that imposes, or may impose, at our sole discretion, an unreasonable or disproportionately large load on our infrastructure;"
Strava.docx,18,Autor,core,"The Services function as a venue to connect athletes in a virtual information place. As a neutral facilitator, Strava is not directly involved in the actual interactions between athletes using the Services. "
Strava.docx,19,Autor,ind 0,". Club administrators hereby agree to indemnify and hold Strava harmless from any and all claims arising out of your club, including but not limited to claims of intellectual property infringement."
Strava.docx,20,Autor,pato6; TSUE,"You agree that all notices, disclosures and other communications that we provide to you electronically shall satisfy any legal requirement that such communications be in writing."
Strava.docx,21,Autor,uncle 3,Except as expressly permitted by applicable law
Strava.docx,22,Autor,uncle 4,except where permitted by law
Strava.docx,23,Autor,sugg 0,"If you provide Feedback, you hereby grant to Strava a worldwide, non-exclusive, transferable, assignable, sub- licensable, perpetual, irrevocable, royalty-free license to copy, distribute, create derivative works of, publicly display and perform and otherwise exploit such Feedback and to use, make, have made, sell, offer for sale, import and export products and services based on such Feedback."
Strava.docx,24,Autor,as_is -1,"THE INFORMATION, SOFTWARE, PRODUCTS, SERVICES AND CONTENT AVAILABLE THROUGH THE SERVICES ARE PROVIDED TO YOU “AS IS”"
Strava.docx,25,Autor,ltd -1,"RISKS OF PROPERTY DAMAGE, BODILY INJURY OR DEATH AND THAT YOU VOLUNTARILY ASSUME ALL KNOWN AND UNKNOWN RISKS ASSOCIATED WITH THESE ACTIVITIES EVEN IF CAUSED IN WHOLE OR PART BY THE ACTION, INACTION OR NEGLIGENCE OF STRAVA "
Strava.docx,26,Autor,ltd -1,"YOU EXPRESSLY AGREE TO RELEASE STRAVA, ITS SUBSIDIARIES, AFFILIATES, OFFICERS, AGENTS, REPRESENTATIVES, EMPLOYEES, PARTNERS AND LICENSORS (THE “RELEASED PARTIES”) FROM ANY AND ALL LIABILITY IN CONNECTION WITH YOUR ATHLETIC ACTIVITIES AND/OR USE OF THE STRAVA WEBSITES, MOBILE APPLICATIONS, CONTENT, SERVICES OR PRODUCTS (INCLUDING, WITHOUT LIMITATION, ANY STRAVA TRAINING PLAN), AND PROMISE NOT TO SUE THE RELEASED PARTIES FOR ANY CLAIMS, ACTIONS, INJURIES, DAMAGES, OR LOSSES ASSOCIATED WITH SUCH USE. "
Strava.docx,27,Autor,uncle 5,"BECAUSE SOME STATES/JURISDICTIONS DO NOT ALLOW SOME OR ALL OF THE EXCLUSIONS OR LIMITATIONS OF LIABILITY ABOVE, SUCH AS EXCLUSIONS FOR CONSEQUENTIAL OR INCIDENTAL DAMAGES, SOME OF THE ABOVE LIMITATIONS OR EXCLUSIONS MAY NOTAPPLY TO YOU. "
Strava.docx,28,Autor,pato7,"IN ENTERING INTO THIS RELEASE, YOU ACKNOWLEDGE THAT YOU HAVE READ AND UNDERSTAND, AND HEREBY EXPRESSLY WAIVE THE BENEFITS OF, SECTION 1542 OF THE CIVIL CODE OF CALIFORNIA, (AND ANY SIMILAR LAW OF ANY STATE, COUNTRY OR TERRITORY), WHICH PROVIDES AS FOLLOWS: “A GENERAL RELEASE DOES NOT EXTEND TO CLAIMS WHICH THE CREDITOR DOES NOT KNOW OR SUSPECT TO EXIST IN HIS FAVOR AT THE TIME OF EXECUTING THE RELEASE, WHICH IF KNOWN BY HIM MUST HAVE MATERIALLY AFFECTED HIS SETTLEMENT WITH THE DEBTOR.”"
Strava.docx,29,Autor,ltd -1,"STRAVA DOES NOT ENDORSE YOUR CONTENT OR ANY OTHER ATHLETE’S CONTENT AND SPECIFICALLY DISCLAIMS ANY RESPONSIBILITY OR LIABILITY TO ANY PERSON OR ENTITY FOR ANY LOSS, DAMAGE (WHETHER ACTUAL, CONSEQUENTIAL, INDIRECT, PUNITIVE OR OTHERWISE), INJURY, CLAIM, LIABILITY OR OTHER CAUSE OF ANY KIND OR CHARACTER BASED UPON OR RESULTING FROM ANY CONTENT ON THE SERVICES."
Strava.docx,30,Autor,ltd_cap -1,THE COMPANY’S MAXIMUM AGGREGATE LIABILITY TO YOU PURSUANT TO THESE TERMS SHALL NOT EXCEED THE GREATER OF EITHER (a) FIFTY DOLLARS ($50) OR (b) THE AMOUNT OF FEES PAID BY YOU TO STRAVA IN THE 12-MONTHS PRIOR TO DATE THE CLAIM.
Strava.docx,31,Autor,uncle 6,"IF YOU ARE A CONSUMER RESIDING IN THE EUROPEAN UNION, YOU HAVE LEGAL REMEDIES IF WE CAUSE YOU LOSS BY OUR BREACH OR NON-PERFORMANCE OF OUR LEGAL OBLIGATIONS, OR BY OUR NEGLIGENCE, AND THESE TERMS DO NOT AFFECT THOSE STATUTORY REMEDIES"
Strava.docx,32,Autor,ind 0,"You agree to indemnify and hold Strava and its subsidiaries, afﬁliates, ofﬁcers, agents, representatives, employees, partners and licensors harmless from any claim or demand, including reasonable attorneys’ fees, made by any third party due to or arising out of Content you submit, post, transmit or otherwise seek to make available through the Services, your use of the Services, your athletic activities which generate the Content you post or seek to post on the Services (including, but not limited to, athletic activities in connection with any contests, races, group rides, or other events which Strava sponsors, organizes, participates in, or whose Services are used in connection with), your connection to the Services, your violation of the Terms, your violation of any data protection or privacy laws, or your violation of any rights of another person or entity"
Strava.docx,33,Autor,uncle 7,"Your rights with respect to Strava are not modiﬁed by the foregoing indemniﬁcation if the laws of your country of residence, applicable as a result of your use of our Services, do not permit it."
Strava.docx,34,Autor,arb -1,"The parties shall use their best efforts to settle any dispute, claim, question, or disagreement directly through good-faith negotiations, which shall be a precondition to either party initiating a lawsuit or arbitration."
Strava.docx,35,Autor,arbitration requirement applies to all consumers outside of EU,This provision does not apply to users who live in the European Union.
Strava.docx,36,Autor,class -1,"The parties further agree that any arbitration shall be conducted in their individual capacities only, and not as a class action or other representative action."
Strava.docx,37,Autor,period -1,"You agree that any claim you may have arising out of or related to your relationship with Strava and these Terms must be ﬁled within one year after such claim arose; otherwise, your claim is permanently barred"
Strava.docx,38,Autor,c_law -1,"Any action related to the Terms, Content, the Services, and your relationship with the Strava shall be governed by, and construed and interpreted in accordance with, the laws of the State of California without regard to its conﬂict of laws principles AND WILL SPECIFICALLY NOT BE GOVERNED BY THE UNITED NATIONS CONVENTIONS ON CONTRACTS FOR THE INTERNATIONAL SALE OFGOODS, IF OTHERWISE APPLICABLE"
Strava.docx,39,Autor,c_forum -1,". Subject to the Section entitled “Dispute Resolution”, the parties irrevocably consent to bring any action to enforce this Agreement in the federal or state courts embracing San Francisco, California and you consent to the exclusive jurisdiction of the federal or state courts embracing San Francisco, California"
Strava.docx,40,Autor,c_forum -1; c_law -1,"If you are a user based in the European Union, then Irish law shall apply to these Terms and the Irish courts shall have exclusive jurisdiction to hear disputes arising in relation to the Terms"
Strava.docx,41,Autor,uncle 8,your local laws in your European Union Member State may allow you to take legal action against Strava in your Member State and to invoke certain local laws against Strava
Strava.docx,43,Autor,cnt_del 0,"(y) deletion of your information, ﬁles and Content associated with your account"
Strava.docx,42,Autor,acc_sus 0; acc_del 0,"You agree that Strava may, under certain serious circumstances and without prior notice, immediately suspend or terminate your account and/or access to the Services. Cause for such suspension or termination shall include, but not be limited to, (a) breaches or violations of the Terms or other incorporated agreements, policies or guidelines, (b) requests by law enforcement or other government agencies, (c) a request by you (self-initiated account deletions), (d) discontinuance or material modiﬁcation to the Services (or any portion thereof), (e) unexpected technical or security issues or problems, (f) extended periods of inactivity, and/or (g) nonpayment of any fees owed by you in connection with the Services. Termination of your account may include (x) removal of access to all offerings within the Services, (y) deletion of your information, ﬁles and Content associated with your account, and (z) barring of further use of the Services."
Strava.docx,44,Autor,disc -1,you agree that all suspensions or terminations for cause shall be made in Strava’s sole discretion
Strava.docx,46,Autor,inter 0,endeavor to give effect to the parties’ intentions as reﬂected in the provision
Strava.docx,45,Autor,sever 0,". If any provision of the Terms is found by a court of competent jurisdiction to be invalid, the parties nevertheless agree that the court should endeavor to give effect to the parties’ intentions as reﬂected in the provision, and the other provisions of the Terms remain in full force and effect."
Strava.docx,47,Autor,tran -1,"You may not assign, delegate or otherwise transfer your account or your obligations under these Terms without the prior written consent of Strava.Strava has the right, in its sole discretion, to transfer or assign all or any part of its rights under these Terms and will have the right to delegate or use third party contractors to fulﬁll its duties and obligations under these Terms and in connection with the Services"
Strava.docx,48,Autor,contr_chg -1,Strava reserves the right to update the Terms at any time and for any reason in its sole discretion. 
Strava.docx,49,Autor,pato8,"If the modiﬁed Terms are not acceptable to you, your only recourse is to cease using the Services."
Strava.docx,50,Autor,serv_chg -1,"Strava and its third party service providers may make improvements and/or changes in the Services, products, services, mobile applications, features, programs, and prices described at any time and for any reason in its sole discretion"
Strava.docx,51,Autor,serv_chg -1,". Strava reserves the right at any time to modify or discontinue, temporarily or permanently, the Services or any portion thereof with or without notice."
Strava.docx,52,Autor,ltd -1,"You agree that Strava shall not be liable to you or to any third party for any modiﬁcation, suspension or discontinuance of the Services."
eToro.docx,1,Autor,docu,General Risk Disclosure
eToro.docx,2,Autor,docu,Conflicts of Interest Policy
eToro.docx,3,Autor,docu,Best Execution and Order Handling Policy
eToro.docx,4,Autor,docu,Privacy Notice
eToro.docx,10,Autor,docu,"your non-adherence with the eToro Security Guidance, available on our website at https://www.etoro.com/customer-service/etoro-security-guidelines/"
eToro.docx,16,Autor,com_sys 0,"How you can make a complaintIf you are unhappy with a Service or something has gone wrong, please contact us and we will try to put it right. You may contact us directly via:the ""Help"" section of our platform, where you will also find our complaints procedure; orthe customer service section of our website at https://www.etoro.com/customer-service/.For more information on our complaints handling procedure, please visit our website at https://www.etoro.com/customer-service/regulation-license/."
eToro.docx,24,Autor,tran 0,"If we transfer/sell our business to someone else, in accordance with the CySEC rules:we will provide you with notice prior to the transfer;they will hold your transferred money in accordance with the client money rules or, if they do not treat your money as client money, we will exercise due skill, care and diligence in assessing whether they will apply adequate measures to protect your money; andyou consent for us to transfer your money. If you do not want your money to be transferred to another person, please contact us and we can help you close your eToro account."
eToro.docx,33,Autor,price_chg 0,"We will charge you a fee for each order we execute for you. This is called a ""spread"". A spread is the difference in the sell and the buy price. The spread is different for each type of product and Service and can be found on our website. We will estimate the total amount of spread that applies each time you place an order. We cannot provide you with an exact amount because the spread may change between the time you make an order, and the time we execute your order.The spreads which we charge can change due to market conditions. For example, there may be instances when market conditions cause spreads to widen beyond the typical spreads displayed on our website and/or platform."
eToro.docx,36,Autor,acc_sus 0; acc_del 0,"If you breach any of the above rules we will record such breach. We may also cancel your orders, freeze, block and/or terminate our Services, your eToro account, and/or our Agreement with you. We may, but are not required to, give you notice of this, subject to any Applicable Law."
eToro.docx,39,Autor,acc_sus 0; acc_del 0,"We may also block your eToro account, or terminate our Agreement with you - we will tell you when we do this. "
eToro.docx,38,Autor,cnt_del 0; cnt_modr 0,"We may review and monitor your activity and posts on the eToro Community. If you breach any of the above rules or the Community Guidelines, we will record such breach and we will remove the post without telling you. We may also block your eToro account, or terminate our Agreement with you - we will tell you when we do this. We may also be required by Applicable Law to tell regulators or government authorities about a breach, and help them in any investigation about a breach."
eToro.docx,40,Autor,ip -1,"By posting content on the eToro Community, you specifically grant us a non-exclusive, irrevocable, transferable, sub-licensable, royalty-free, worldwide license to use, copy, duplicate store, present and/or publish all or any part of your content, and we shall be free to use such content, in any manner or media whatsoever, on an unrestricted basis and without any attribution or royalties or other compensation to you, including without limitation, our website, advertisements, in printed media, and in newspapers."
eToro.docx,42,Autor,ltd -1,"Responsibility for lossSubject to clause 25.2 below, eToro Europe and its employees, agents, delegates or associates will not be liable for any:action or inaction we take in accordance with our rights under this Agreement, including under clause 19 – ""Entering into transactions – Modifying your order, cancelling your order, or us not accepting your order"", clause 27 - ""Right of set-off, liens, and equitable charges"", clause 28 – ""Event of Default"", and clause 29 – ""Exceptional Events"";event due to circumstances beyond our control including, any ""Exceptional Event"" occurring, as defined in clause 29 – ""Exceptional Events"";action taken by any government or regulatory body, legal authority, technical delays, technological malfunction, loss of data and records, destruction of hardware;action taken by us as a result of a breach of the Agreement by you;act or omission of any third party including for any information provided by a third party;action taken by us as a result of Applicable Law;damage, costs, loss, liability, claims for compensation, or expense incurred or suffered by you, directly or indirectly under or in connection with this Agreement;damage, costs, loss, liability, claims for compensation, or expense incurred or suffered by you, directly or indirectly, under or in connection with trading on a digital platform as set out in clauses 5.6 or 5.7 above, and 25.3 and 33.6 below; anddamage, costs, loss, liability, claims for compensation, or expense incurred or suffered by you, directly or indirectly, under or in connection with any planned or essential maintenance to our systems, which includes the eToro trading platform."
eToro.docx,45,Autor,as_is -1,"The Services, our platform, and the information we provide in the eToro Community and on our platform, are provided ""as is"" and ""as available"", without any representation or warranty of any kind, including that it will be without interruption, error free, or will meet your individual requirements, or compatible with your hardware or software, except as otherwise set out in this Agreement."
eToro.docx,48,Autor,acc_sus -1; acc_del -1,"We may also freeze, block, or terminate our Services and/or your eToro account if:we decide to stop providing you with Services;"
eToro.docx,51,Autor,disc -1,we consider it reasonably necessary to prevent what we reasonably consider to be or might be a violation of any Applicable Law 
eToro.docx,52,Autor,acc_del 0,"If an Event of Default occurs, unless otherwise prescribed by Applicable Law, we may, in our absolute discretion, at any time and without prior notice, take one or more of the following steps:close out all or any of your open position at current market prices;exercise the lien or charge that we have on the products that we hold for you and the money in your eToro account; and/orclose your eToro account."
eToro.docx,55,Autor,acc_del 0; acc_sus 0; ind 0,"If you breach any warranty or representation made under this Agreement, we may close any orders or trades that you have made, and/or close or freeze your eToro account. You will also may be required to fully indemnify us due to any contraventions by you of Applicable Law."
eToro.docx,58,Autor,tran -1,"We may assign, transfer and/or novate these Terms and Conditions and/or any of our rights and/or obligations to another appropriately regulated firm. We will tell you 15 days in advance if we do this. We will use reasonable endeavours to ensure that your rights under the assignment and/or novation will be similar to your rights under the Terms and Conditions and Schedules with us. We will treat you continuing to use the Services as you agreeing to the assignment and novation, but you can cancel your eToro account with us at any time."
eToro.docx,60,Autor,contr_chg -1,"We may make changes to these Terms and Conditions from time to time. For example, we might need to add new terms, or amend existing terms to reflect changes in:our business, Services or products or how we provide them;the systems we use; and/orApplicable Law or regulation or industry recommendations.We may also make changes for reasons not set out here."
eToro.docx,62,Autor,serv_chg -1,"We may modify, suspend or discontinue, temporarily or permanently, all or any part of our Services with or without notice. We reserve the right, at any time and for any reason, to discontinue, redesign, modify, enhance, change, patch the software, the eToro platform, and/or the Services, including without limitation, the structure, specifications, 'look and feel', navigation, features and other elements of the software and/or the Services or any part thereof. You agree that we will not be liable to you or to any third party (for whom you may be acting) for any modification, suspension or discontinuance of all or any part of our Services."
eToro.docx,64,Autor,sever 0,"If any court or relevant authority finds any part of these Terms and Conditions to be invalid or unenforceable, the remaining parts of the Terms and Conditions and Schedules will remain in full force and effect."
eToro.docx,66,Autor,sugg 0,"Please inform us in writing if you encounter any problems with the eToro platform, or have any suggestions for modifications and improvements. We may make modifications to the eToro platform based upon your suggestions, but are not required to do so. Any modifications and improvements made to the eToro platform based on your feedback shall be our and our licensors' sole property."
eToro.docx,74,Autor,c_law -1; c_forum -1,"The laws of Cyprus apply to these Terms and Conditions and Schedules between you and us. Any claim you make against us can be heard in the courts in Limassol, Cyprus."
eToro.docx,121,Autor,ltd -1,"We are not liable to you where you suffer a loss, cost, or expense as a result of:any delay or change in market conditions before we execute an order or before a transaction settles;any delay or interruptions caused by any computer viruses, spyware, scareware, Trojan horses, worms or other malware that may affect your computer or other equipment, any cyber-attack or any phishing, spoofing or other attack. We advise the regular use of a reputable and readily available virus screening and prevention software. You should also be aware that SMS and email services are vulnerable to spoofing and phishing attacks and should use care in reviewing messages purporting to originate from us;any loss caused by theft, robbery, burglary or other criminal taking if a computer, computer system, computer software program, malicious code, computer virus or process or any other electronic system is used to perform such acts;any loss of any kind resulting from any communication failures, disruptions, errors, distortions or delays you may experience when trading on the eToro platform, regardless of how they are caused;any loss resulting from a network failure of a cryptoasset's cryptographic protocol;any loss caused by a custodian and/or by any third party;any lost profits or damages that are caused by or are connected to unauthorised use of the eToro platform or services, even where we or one of our representatives knew or should reasonably have known about the possibility of such damages; andany loss of any kind, from action taken in reliance on material or information, contained on eToro's trading platform or websites and/or on the blockchain systems."
eToro.docx,122,Autor,ltd_cap -1,"Neither eToro Europe, its affiliates and service providers, nor any of their respective officers, directors, agents, joint venture partners, employees or representatives, will be liable for any amount larger than the value of the cryptoassets currently deposited in your account. As a result, for example, if you claim that we failed to process a buy or a sell transaction properly, your damages are limited to no more than the value of the supported cryptoasset at issue in the transaction."
eToro.docx,123,Autor,as_is -1,"The services are provided on an ""as is"" and ""as available"" basis without any representation or warranty, whether express, implied or statutory. To the maximum extent permitted by Applicable Law, we specifically disclaim any implied warranties of title, merchantability, fitness for a particular purpose and/or non-infringement."
eToro.docx,135,Autor,ltd_cap -1,"eToro Germany, any affiliates and service providers, nor any of its respective officers, directors, agents, joint venture partners, employees or representatives, will be liable for any amount larger than the value of the cryptoassets currently deposited in your account."
eToro.docx,136,Autor,as_is -1,"Custody services for your cryptoassets are provided on an ""as is"" and ""as available"" basis without any representation or warranty, whether express, implied or statutory. To the maximum extent permitted by Applicable Law, eToro Germany specifically disclaims any implied warranties of title, merchantability, fitness for a particular purpose and/or non-infringement."
eToro.docx,137,Autor,sever 0,"If any court or relevant authority finds any part of this Appendix 2 to be invalid or unenforceable, the remaining parts of this Appendix 2, the General Terms and Conditions and Schedules will remain in full force and effect."
eToro.docx,138,Autor,c_law -1; c_forum -1,The laws of Germany apply to the terms of this Appendix 2 between you and us only. Any claim you make against us in relation to a breach of any of the terms of this Appendix 2 only can be heard in the courts in Germany.
eToro.docx,149,Autor,serv_chg -1,"The copy trading service has a number of other functionalities that we may make available to you from time to time. However, we may add, remove, or change the availability and features of these functionalities, at our discretion. This may impact how you can use the copy trading service on our platform, for example whether you can copy all trades or only new trades of a trader or a portfolio."
LinkedIn.docx,0,Autor,docu 1,Cookie Policy
LinkedIn.docx,1,Autor,docu 2,Privacy Policy
LinkedIn.docx,2,Autor,contr_chg -1,"We may modify this Contract, our Privacy Policy and our Cookies Policy from time to time. If we make material changes to it, we will provide you notice through our Services, or by other means, to provide you the opportunity to review the changes before they become effective. We agree that changes cannot be retroactive. If you object to any changes, you may close your account. Your continued use of our Services after we publish or send a notice about our changes to these terms means that you are consenting to the updated terms as of their effective date."
LinkedIn.docx,3,Autor,docu 3,Professional Community Policies
LinkedIn.docx,4,Autor,docu 4,additional terms
LinkedIn.docx,5,Autor,docu 5,refund policy.
LinkedIn.docx,6,Autor,what,"Our Services allow messaging and sharing of information in many ways, such as your profile, articles, group posts, links to news articles, job postings, messages and InMails. Information and content that you share or post may be seen by other Members, Visitors or others (including off of the Services). Where we have made settings available, we will honor the choices you make about who can see content or information (e.g., message content to your addressees, sharing content only to LinkedIn connections, restricting your profile visibility from search engines, or opting not to notify others of your LinkedIn profile update). For job searching activities, we default to not notifying your connections network or the public. So, if you apply for a job through our Service or opt to signal that you are interested in a job, our default is to share it only with the job poster."
LinkedIn.docx,7,Autor,cnt_del -1; cnt_modr 0,We are not obligated to publish any information or content on our Service and can remove it with or without notice.
LinkedIn.docx,8,Autor,ip 0,"As between you and LinkedIn, you own the content and information that you submit or post to the Services, and you are only granting LinkedIn and our affiliates the following non-exclusive license:A worldwide, transferable and sublicensable right to use, copy, modify, distribute, publish and process, information and content that you provide through our Services and the services of others, without any further consent, notice and/or compensation to you or others. These rights are limited in the following ways:You can end this license for specific content by deleting such content from the Services, or generally by closing your account, except (a) to the extent you shared it with others as part of the Service and they copied, re-shared it or stored it and (b) for the reasonable time it takes to remove from backup and other systems.We will not include your content in advertisements for the products and services of third parties to others without your separate consent (including sponsored content). However, we have the right, without payment to you or others, to serve ads near your content and information, and your social actions may be visible and included with ads, as noted in the Privacy Policy. If you use a Service feature, we may mention that with your name or photo to promote that feature within our Services, subject to your settings.We will get your consent if we want to give others the right to publish your content beyond the Services. However, if you choose to share your post as ""public, everyone or similar"", we will enable a feature that allows other Members to embed that public post onto third-party services, and we enable search engines to make that public content findable though their services. Learn MoreWhile we may edit and make format changes to your content (such as translating or transcribing it, modifying the size, layout or file type or removing metadata), we will not modify the meaning of your expression.Because you own your content and information and we only have non-exclusive rights to it, you may choose to make it available to others, including under the terms of a Creative Commons license."
LinkedIn.docx,9,Autor,sugg 0,"By submitting suggestions or other feedback regarding our Services to LinkedIn, you agree that LinkedIn can use and share (but does not have to) such feedback for any purpose without compensation to you."
LinkedIn.docx,10,Autor,serv_chg -1,"We may change, suspend or discontinue any of our Services. "
LinkedIn.docx,11,Autor,price_chg 0,We may also modify our prices effective prospectively upon reasonable notice to the extent allowed under the law.
LinkedIn.docx,12,Autor,uncle 1,to the extent allowed under the law.
LinkedIn.docx,13,Autor,cnt_retr -1,or provide you a copy of any content or information that you or others provide
LinkedIn.docx,14,Autor,uncle 2,", except to the extent required by applicable law "
LinkedIn.docx,15,Autor,acc_sus 0; acc_del 0,"LinkedIn reserves the right to restrict, suspend, or terminate your account if you breach this Contract or the law or are misusing the Services (e.g., violating any of the Dos and Don’ts or Professional Community Policies)."
LinkedIn.docx,16,Autor,recom -1,"We use the information and data that you provide and that we have about Members to make recommendations for connections, content and features that may be useful to you. For example, we use data and information about you to recommend jobs to you and you to recruiters. Keeping your profile accurate and up to date helps us to make these recommendations more accurate and relevant."
LinkedIn.docx,17,Autor,as_is -1,"LINKEDIN AND ITS AFFILIATES MAKE NO REPRESENTATION OR WARRANTY ABOUT THE SERVICES, INCLUDING ANY REPRESENTATION THAT THE SERVICES WILL BE UNINTERRUPTED OR ERROR-FREE, AND PROVIDE THE SERVICES (INCLUDING CONTENT AND INFORMATION) ON AN “AS IS” AND “AS AVAILABLE” BASIS. "
LinkedIn.docx,18,Autor,uncle 3,TO THE FULLEST EXTENT PERMITTED UNDER APPLICABLE LAW
LinkedIn.docx,19,Autor,uncle 4,TO THE FULLEST EXTENT PERMITTED BY LAW
LinkedIn.docx,20,Autor,ltd -1 ,"TO THE FULLEST EXTENT PERMITTED BY LAW (AND UNLESS LINKEDIN HAS ENTERED INTO A SEPARATE WRITTEN AGREEMENT THAT OVERRIDES THIS CONTRACT), LINKEDIN, INCLUDING ITS AFFILIATES, WILL NOT BE LIABLE IN CONNECTION WITH THIS CONTRACT FOR LOST PROFITS OR LOST BUSINESS OPPORTUNITIES, REPUTATION (E.G., OFFENSIVE OR DEFAMATORY STATEMENTS), LOSS OF DATA (E.G., DOWN TIME OR LOSS, USE OF, OR CHANGES TO, YOUR INFORMATION OR CONTENT) OR ANY INDIRECT, INCIDENTAL, CONSEQUENTIAL, SPECIAL OR PUNITIVE DAMAGES."
LinkedIn.docx,21,Autor,ltd_cap -1,"LINKEDIN AND ITS AFFILIATES WILL NOT BE LIABLE TO YOU IN CONNECTION WITH THIS CONTRACT FOR ANY AMOUNT THAT EXCEEDS (A) THE TOTAL FEES PAID OR PAYABLE BY YOU TO LINKEDIN FOR THE SERVICES DURING THE TERM OF THIS CONTRACT, IF ANY, OR (B) US $1000."
LinkedIn.docx,22,Autor,acc_del 0; cnt_retr -1,"Both you and LinkedIn may terminate this Contract at any time with notice to the other. On termination, you lose the right to access or use the Services. The following shall survive termination:"
LinkedIn.docx,24,Autor,uncle 5,but this shall not deprive you of the mandatory consumer protections under the law of the country to which we direct your Services where you have habitual residence
LinkedIn.docx,23,Autor,c_law -1,"If you live in the Designated Countries, the laws of Ireland govern all claims related to LinkedIn's provision of the Services, but this shall not deprive you of the mandatory consumer protections under the law of the country to which we direct your Services where you have habitual residence. "
LinkedIn.docx,25,Autor,c_forum -1,"For others outside of Designated Countries, including those who live outside of the United States: You and LinkedIn agree that the laws of the State of California, U.S.A., excluding its conflict of laws rules, shall exclusively govern any dispute relating to this Contract and/or the Services. You and LinkedIn both agree that all claims and disputes can be litigated only in the federal or state courts in Santa Clara County, California, USA, and you and LinkedIn each agree to personal jurisdiction in those courts"
LinkedIn.docx,26,Autor,sever 0; inter -1,"If a court with authority over this Contract finds any part of it unenforceable, you and we agree that the court should modify the terms to make that part enforceable while still achieving its intent. If the court cannot do that, you and we agree to ask the court to remove that unenforceable part and still enforce the rest of this Contract."
LinkedIn.docx,27,Autor,tran -1,"You may not assign or transfer this Contract (or your membership or use of Services) to anyone without our consent. However, you agree that LinkedIn may assign this Contract to its affiliates or a party that buys it without your consent. There are no third-party beneficiaries to this Contract."
LinkedIn.docx,28,Autor,docu 6,Brand Guidelines
LinkedIn.docx,29,Autor,docu 7,Bing Maps terms
LinkedIn.docx,30,Autor,docu 8,policy and process
Pinterest.docx,0,Autor,docu 1-3,"these Terms, our Privacy Policy, our Cookies Policy and our Community Guidelines."
Pinterest.docx,1,Autor,what; recom -1,"Pinterest helps you discover and do what you love. To do that, we show you things we think will be relevant, interesting and personal to you based on your onsite and offsite activity. To provide our Service, we need to be able to identify you and your interests. Some of the things we show you are promoted by advertisers. As part of our service, we try to ensure that even promoted content is relevant and interesting to you. You can identify promoted content because it will be clearly labelled."
Pinterest.docx,2,Autor,docu 4,Business Terms of Service
Pinterest.docx,3,Autor,what,Pinterest allows you to post content
Pinterest.docx,4,Autor,ip 1/2,"You grant Pinterest and our users a non-exclusive, royalty-free, transferable, sublicensable, worldwide licence to use, store, display, reproduce, save, modify, create derivative works, perform and distribute your User Content on Pinterest solely for the purposes of operating,developing, providing and using Pinterest."
Pinterest.docx,6,Autor,cnt_del -1,"We reserve the right to remove or modify User Content, or change the way it’s used in Pinterest, for any reason."
Pinterest.docx,5,Autor,cnt_modr 0,". We reserve the right to remove or modify User Content, or change the way it’s used in Pinterest, for any reason. This includes User Content that we believe violates these Terms, our CommunityGuidelines or any other policies."
Pinterest.docx,7,Autor,ip 2/2 0,"Following termination or deactivation of your account, or if you remove any User Content from Pinterest, we may keep your User Content for a reasonable period of time for backup, archive or audit purposes. Pinterest and its users may retain and continue to use, store, display, reproduce, save, modify, create derivative works, perform and distribute any of your User Content that other users have stored or shared on Pinterest."
Pinterest.docx,8,Autor,sugg 0,"We value hearing from our users, and are always interested in learning about ways we can make Pinterest better. If you choose to submit comments, ideas or feedback, you agree that we are free to use them without any restriction or compensation to you. By accepting your submission, Pinterest doesn’t waive any rights to use similar or related feedback previously known to Pinterest, or developed by its employees, or obtained from sources other than you."
Pinterest.docx,9,Autor,docu 5,our Copyright Policy
Pinterest.docx,10,Autor,acc_sus 0; acc_del 0,"Pinterest may terminate or suspend your right to access or use Pinterest for any reason with appropriate notice. We may terminate or suspend your access immediately and without notice if we have a good reason, including any violation of our Community Guidelines. "
Pinterest.docx,11,Autor,core 2/2 1,Pinterest is provided to you free of charge.
Pinterest.docx,12,Autor,ind 0,"If you use Pinterest for commercial purposes (i.e. you are not a consumer) without agreeing to our Business Terms as required by Section 2(c) of these Terms, you agree to indemnify and hold harmless Pinterest Inc, Pinterest Europe Ltd, their afﬁliates and their respective ofﬁcers, directors, employees and agents from and against any claims, suits, proceedings,disputes, demands, liabilities, damages, losses, costs and expenses, including, without limitation, reasonable legal and accounting fees (including costs of defence of claims, suits or proceedings brought by third parties), in any way related to your access to or use of our Service, your User Content or your breach of any of these Terms"
Pinterest.docx,13,Autor,as_is -1,"Our Service and all content on Pinterest is provided on an ""as is"" basis without warranty of any kind, whether express or implied"
Pinterest.docx,14,Autor,"ltd -1, consumers from the rest of the world have limitation of liability","If you're a consumer in the EEA, we don’t exclude or limit any liability for gross negligence, intent, or death or personal injury caused by our negligence or willful misconduct."
Pinterest.docx,15,Autor,uncle 1,TO THE MAXIMUM EXTENT PERMITTED BY LAW
Pinterest.docx,16,Autor,ltd_cap -1,IN NO EVENT SHALL PINTEREST'S AGGREGATE LIABILITY FOR ALL CLAIMS RELATING TO THE SERVICE EXCEED ONE HUNDRED US DOLLARS (USD 100.00)
Pinterest.docx,17,Autor,"ltd -1, consumers from the rest of the world have limitation of liability","If we cause damage to you and you are a consumer in the EEA, the above does not apply. Instead, Pinterest’s liability will be limited to foreseeable damages arising due to a breach of material contractual obligations typical for this type of contract"
Pinterest.docx,18,Autor,uncle 2,This limitation of liability will not apply to any statutory liability that cannot be limited
Pinterest.docx,19,Autor,arb -1,"For any dispute you have with Pinterest, you agree to ﬁrst contact us and try to resolve the dispute with us informally. If we need to contact you, we will do so using the email address on your Pinterest account. If Pinterest has not been able to resolve the dispute with you informally, we each agree to resolve any claim, dispute or controversy (excluding claims for injunctive or other equitable relief) arising out of or in connection with or relating to these Terms through binding arbitration or (for qualifying claims) in a small claims court"
Pinterest.docx,20,Autor,class -1,"ALL CLAIMS MUST BE BROUGHT IN THE PARTIES' INDIVIDUAL CAPACITY, AND NOT AS A PLAINTIFF OR CLASS MEMBER IN ANY PURPORTED CLASS OR REPRESENTATIVE PROCEEDING, AND, UNLESS WE AGREE OTHERWISE, THE ARBITRATOR MAY NOT CONSOLIDATE MORE THAN ONE PERSON'S CLAIMS. YOU AGREE THAT, BY ENTERING INTO THESE TERMS, YOU AND PINTEREST ARE EACH WAIVING THE RIGHT TO A TRIAL BY JURY OR TO PARTICIPATE IN A CLASS ACTION"
Pinterest.docx,21,Autor,uncle 3,NOTHING IN THESE TERMS OF SERVICE SHALL AFFECT ANY NON- WAIVABLE STATUTORY RIGHTS THAT APPLY TO YOU
Pinterest.docx,22,Autor,uncle 4,under applicable laws 
Pinterest.docx,23,Autor,c_law -1,These Terms shall be governed by the laws of the State of California
Pinterest.docx,24,Autor,c_forum -1,"San Francisco County, California or the United States District Court for the Northern District of California"
Pinterest.docx,25,Autor,uncle 5,any protection you have under the law of the country where you live 
Pinterest.docx,26,Autor,"c_forum is still -1, as other consumers (outside of the EEA), have place of jurisdiction in California","If you are a consumer in the EEA, you can sue us in your home courts."
Pinterest.docx,27,Autor,contr_chg -1,We may revise these Terms from time to time
Pinterest.docx,28,Autor,disc -1,in our discretion
Pinterest.docx,29,Autor,tran -1,"These Terms, and any rights and licences granted hereunder, may not be transferred or assigned by you, but may be assigned by Pinterest without restriction"
Pinterest.docx,30,Autor,it still allows for rights’ transfer without user’s consent ,"If you’re a consumer in the EEA, either you or Pinterest may assign this agreement, and any rights and licences granted under it, to a third party"
Pinterest.docx,31,Autor,sever 0,"If any provision of these Terms is deemed invalid, that provision will be limited or eliminated to the minimum extent necessary, and the remaining provisions of these Terms will remain in full force and effect"
Google.docx,0,Autor,docu 1,Privacy Policy. 
Google.docx,1,Autor,core,"Broadly speaking, we give you permission "
Google.docx,2,Autor,what,"We provide a broad range of services that are subject to these terms, including:apps and sites (like Search and Maps)platforms (like Google Shopping)integrated services (like Maps embedded in other companies’ apps or sites)devices (like Google Nest)"
Google.docx,3,Autor,serv_chg -1,"As part of the continual evolution of our digital content, services, and goods, we make modifications such as adding or removing features and functionalities, increasing or decreasing usage limits, and offering new digital content or services or discontinuing old ones. We may also change our digital content or services for these other reasons:to adapt to new technologiesto reflect increases or decreases in the number of people who use a particular serviceto respond to key changes in the licenses and partnerships we have with othersto prevent abuse or harmto address legal, regulatory, safety, or security issuesIn particular, we sometimes make legally-required updates, which are modifications that keep digital content, services, or goods in conformity with the law. We make these updates to our digital content, services, and goods for safety or security reasons, and to make sure they meet the quality standards that you expect, such as those described in the Legal guarantee section. "
Google.docx,4,Autor,serv_chg 0 😊; pato,We only change or stop offering services for valid reasons.
Google.docx,5,Autor,cnt_retr 1,We’ll also provide you with an opportunity to export your content from your Google Account using Google Takeout
Google.docx,6,Autor,uncle 1,subject to applicable law
Google.docx,7,Autor,docu 2,service-specific additional terms
Google.docx,8,Autor,ip 0,
Google.docx,9,Autor,recom -1,"to customize our services for you, such as providing recommendations and personalized search results, content, and ads (which you can change or turn off in Ads Settings)"
Google.docx,10,Autor,what,"If you meet these age requirements you can create a Google Account for your convenience. Some services require that you have a Google Account in order to work — for example, to use Gmail, you need a Google Account so that you have a place to send and receive your email."
Google.docx,11,Autor,sugg 0,"If you choose to give us feedback, such as suggestions to improve our services, we may act on your feedback without obligation to you."
Google.docx,12,Autor,uncle 2,"If you’re a consumer, then you enjoy all legal rights granted to consumers under applicable law, as well as any additional rights provided under these terms or service-specific additional terms."
Google.docx,13,Autor,uncle 3,Your national laws may provide an even longer guarantee. 
Google.docx,14,Autor,uncle 4,These terms only limit our responsibilities as allowed by applicable law. 
Google.docx,15,Autor,uncle 5; ltd 0,"Other than the liabilities described above, Google is liable only for its breaches of these terms or applicable service-specific additional terms, subject to applicable law."
Google.docx,16,Autor,uncle 6,To the extent allowed by applicable law
Google.docx,17,Autor,ind 0,"you’ll indemnify Google and its directors, officers, employees, and contractors for any third-party legal proceedings (including actions by government authorities) arising out of or relating to your unlawful use of the services or violation of these terms or service- specific additional terms. This indemnity covers any liability or expense arising from claims, losses, damages, judgments, fines, litigation costs, and legal fees."
Google.docx,18,Autor,ltd_cap 0,Google’s total liability arising out of or relating to these terms is limited to the greater of (1) €500 or (2) 125% of the fees that you paid to use the relevant services in the 12 months before the breach
Google.docx,19,Autor,cnt_del 0; cnt_modr 0; immediate content deletion may be desired in some cases as described above,"If we reasonably believe that any of your content (1) breaches these terms, service-specific additional terms or policies, (2) violates applicable law, or (3) could harm our users, third parties, or Google, then we reserve the right to take down some or all of that content"
Google.docx,20,Autor,uncle 7,in accordance with applicable law
Google.docx,22,Autor,disc -1,we reasonably believe 
Google.docx,21,Autor,acc_sus 0; acc_del 0,"Google reserves the right to suspend or terminate your access to the services or delete your Google Account if any of these things happen:you materially or repeatedly breach these terms, service-specific additional terms or policieswe’re required to do so to comply with a legal requirement or a court orderwe reasonably believe that your conduct causes harm or liability to a user, third party, or Google — for example, by hacking, phishing, harassing, spamming, misleading others, or scraping content that doesn’t belong to you"
Google.docx,23,Autor,com_sys 0,"For more information about why we disable accounts and what happens when we do, see this Help Center page. If you believe your Google Account has been suspended or terminated in error, you can appeal"
Google.docx,24,Autor,docu 3,data disclosure policies
Google.docx,25,Autor,c_law 1,"If you’re a resident of, or an organization based in, the European Economic Area (EEA) or Switzerland, these terms and your relationship with Google under these terms and service-specific additional terms, are governed by the laws of your country of residence"
Google.docx,26,Autor,uncle 8,"By law, you have certain rights that can’t be limited by a contract like these terms of service. These terms are in no way intended to restrict those rights."
Google.docx,27,Autor,sever 0,"If it turns out that a particular term is not valid or enforceable, this will not affect any other terms."
Google.docx,29,Autor,price_chg 0,pricing
Google.docx,28,Autor,contr_chg 0; “to reflect changes in our services or how we do business” is vague,"We may update these terms and service-specific additional terms (1) to reflect changes in our services or how we do business — for example, when we add new services, features, technologies, pricing, or benefits (or remove old ones), (2) for legal, regulatory, or security reasons, or (3) to prevent abuse or harm"
Toggl.docx,0,Autor,docu 1,Privacy Policy 
Toggl.docx,1,Autor,docu 2,the Data Protection Policy
Toggl.docx,2,Autor,docu 3,the Sub-processor List 
Toggl.docx,3,Autor,price_chg 0,") it means the current information on the prices of Service Plans and the methods of their calculation and payment, as published and periodically updated here: https://toggl.com/track/pricing/, or as the Supplier may otherwise from time to time provide;"
Toggl.docx,4,Autor,what,"""Service"" — depending on the context, either: (a) the Supplier's providing (i) the Software and/or (ii) one or more resources or other beneﬁts for use in conjunction with the Software and/or (iii) technical support services concerning the foregoing; or (b) the above items collectively, any of them separately or any combination of any of them, notwithstanding that the item(s) in question may not consist in a service (as, e.g., in the case of locally installable Software);"
Toggl.docx,5,Autor,serv_chg -1,"including such patches, updates, upgrades, other modiﬁcations and replacements thereof as the Supplier may from time to time provide. "
Toggl.docx,6,Autor,uncle,if applicable
Toggl.docx,7,Autor,com_sys 0,"Unless otherwise provided in the Documentation or speciﬁcally agreed between the Customer and the Supplier: (a) the Customer may contact the Supplier for technical support at the email address speciﬁed in the deﬁnition of ""Supplier"" or by using such error reporting or customer feedback features as may be available via theService; (b) the Supplier aims to respond to support requests within 24 business hours and endeavours to resolve Software errors and Service defects within reasonable time but makes no commitment as to how quickly support will be provided or such matters will be resolved."
Toggl.docx,8,Autor,acc_sus 0; acc_del 0,"(c) late payment may result in the suspension of Service, restriction of access to certain or all of the Features or the termination of the Agreement."
Toggl.docx,9,Autor,cnt_del 0; cnt_modr 0,"If the Supplier reasonably believes that User Data or the User's data processing activities violate the law or otherwise conﬂict with the Agreement, it may, in its absolute discretion: (a) ask the User to take such action as the Supplier considers necessary for remedying the matter (which, where feasible and legally permitted, will be the preferred option); or (b) remove, disable, restrict access to, or delete the data concerned without being liable (neither to the User nor anyone else) for any loss, damage or other undesirable consequences resulting therefrom."
Toggl.docx,10,Autor,acc_sus 0; acc_del 0,"The Supplier may, in its sole discretion, temporarily or permanently disable, close or restrict access to any User Account that is used for infringing on anyone's Intellectual Property or proprietary or personal rights or to perform any of the acts mentioned in section 8.7, and shall not be liable for any loss, damage or other undesirable consequences resulting therefrom."
Toggl.docx,11,Autor,cntr_retr -1,"The User, whether an Owner or not, acknowledges and agrees that if an Organization is closed (whomever by), then the Supplier has no obligation to maintain or provide Organization Data and may, unless legally prohibited, delete the same."
Toggl.docx,12,Autor,ip -1 ,"14.1 With respect to any product of intellectual activity, including any object of Intellectual Property, that is submitted, contributed or otherwise knowingly made available for inclusion in the Software or any other part of the Service, the Supplier shall be deemed to have been granted a non-exclusive, royalty-free, worldwide, perpetual (save as limited by law), irrevocable, freely transferable and fully sublicensable right to use, distribute, reproduce, modify, adapt, publish, translate, transmit, publicly perform, display and make available the same (in whole or in part) and to incorporate it into other items, including works and inventions, in any form or medium now known or hereafter developed. Anyone making such a contribution warrants to the Supplier that he is authorisedto do so and that neither he nor any author of any item embedded in his contribution will seek any compensation or reimbursement in connection therewith"
Toggl.docx,13,Autor,uncle,"to the maximum extent permitted by applicable law,"
Toggl.docx,14,Autor,uncle,o the extent not prohibited by applicable mandatory law
Toggl.docx,15,Autor,as_is -1,"the Service is provided ""as is"" and ""as available"", with all faults and defects; and, in any event"
Toggl.docx,16,Autor,ltd 0,"the Supplier shall not be liable (under any theory of liability), neither to the User nor anyone else, for any undesirable consequences, including any loss or damage of whatever nature, whether foreseeable or not and even if advised of the danger thereof, that result from (i) any installation, implementation, upgrade, downgrade, modiﬁcation or customisation of the Software not carried out by the Supplier, (ii) failure to use a Feature in accordance with the Documentation, the Agreement or applicable law, (iii) using a Feature in conjunction with an item not provided or approved by the Supplier, (iv) using a third-party item in conjunction with a Feature not in accordance with the relevant third-party documentation or instructions, (v) not applying an available ﬁx, patch, update, service pack or upgrade that would have avoided the harmful event, (vi) inherently dangerous application of any of the Features or anything else provided hereunder, (vii) any unauthorised accessing or use of a Customer's User Account or any Organization, (viii) any unauthorised use of any User's credentials, (ix) any communication received or transaction entered into through or by means of the Service, (x) anyone's statements or conduct on any site, page or other medium forming part of the Service, or (xi) anything attributable to anyone other than the Supplier;"
Toggl.docx,17,Autor,ltd_cap 0,"the Supplier's total cumulative liability arising out of, related to, or in connection with this Agreement, the Service, the Documentation, the processing of Personal Data, or anything else, shall not exceed (i) the total ﬁnancial consideration (exclusive of value added and sales taxes and other public dues) that the User paid to the Supplier in connection with the Service during the 12 months immediately preceding the month in which the liability event (i.e., the event/s or circumstance/s underlying the Supplier's liability) occurred, or (ii) if the User had no obligation to make such payments during the period mentioned, then EUR 50 (ﬁfty euros);"
Toggl.docx,18,Autor,uncle,any other circumstance qualifying as force majeure under applicable law — to the extent that the respective circumstance prevented or hindered the Party's performance
Toggl.docx,19,Autor,ind 0,"The User shall defend, indemnify and hold harmless the Supplier, its ofﬁcers, directors, employees, contractors, agents and representatives from and against all claims made by and all damages, liabilities, penalties, ﬁnes, costs and expenses payable to any third party that arise from the User's or, if the User is a Customer, then his own or any Guest User's: (a) breach of any obligation, representation or warranty hereunder; (b) misuse of any Feature; or (c) infringement of anyone's Intellectual Property or proprietary or personal rights."
Toggl.docx,20,Autor,contr_chg 0,"The User acknowledges that, from time to time, circumstances may arise that make it necessary or desirable to vary certain provisions of this Agreement. Such circumstances include: (a) the Supplier's launch of a new service or a modiﬁcation to the Service; (b) a signiﬁcant change in the Supplier's operating environment; (c) an order or a judgment being entered against or in favour of the Supplier; (d) a signiﬁcant corporate event, such as, e.g., the Supplier's merger, acquisition or transformation; (e) the Supplier's transfer of the enterprise or a part of the enterprise to which the Agreement pertains; (f) the ambiguity, invalidity, voidability or unenforceability of a provision herein; (g) any other event whose occurrence or expected occurrence in the Supplier's reasonable judgment necessitates an amendment hereto."
Toggl.docx,21,Autor,serv_chg -1,"Notwithstanding anything herein to the contrary, the Supplier may modify the Service or any part thereof at any time and for any reason, with or without notice. Unless otherwise expressly agreed, the use of any new features, versions, releases, updates or other modiﬁcations that the Supplier may make available in connection with the Service shall be subject to the Agreement. The User's continued use of the Service after any such modiﬁcation shall constitute his consent to the respective modiﬁcation(s)."
Toggl.docx,22,Autor,acc_del 0,"Either Party may close the Customer's User Account and shall by so doing be deemed to have terminated the Agreement (which, in the civil law context, means 'cancellation', not 'withdrawal'), effective upon the closure of the account, provided that: (a) if the User Account is closed by the Supplier, the Customer must be given at least a month's notice thereof (unless section 19.6 or 20.5 applies or the User Account is closed at the Customer's request); and (b) where the User Account is closed by a Party entitled to withdraw from the Agreement, such Party has failed to notify the other that by closing the User Account he is exercising his right to withdraw (which notice must be served prior to or concurrently with closing the User Account and shall result in the Agreement being deemed to have been terminated by withdrawal)."
Toggl.docx,23,Autor,tran -1,"The Supplier may: (a) sublicense, assign, encumber and otherwise dispose of any and all of its rights hereunder; and (b) assign this Agreement, i.e., all its rights and obligations hereunder, or cause the same to be transferred: (i) to its parent, any of its wholly- or majority-owned subsidiaries or a wholly- or majority-owned subsidiary of its parent; or (ii) to another entity speciﬁed in the deﬁnition of ""Supplier""; or (iii) as part of the Supplier's general succession (including merger, acquisition and transformation), division, transfer of the enterprise (or a substantial, coherent part of the enterprise) to which the Agreement pertains or divestiture of all or substantially all of its assets as a whole; or (iv) due to the Supplier ceasing to hold rights in the Software or the Service;"
Toggl.docx,24,Autor,c_law -1,"the Agreement, the Parties' relations and all matters concerning the Service shall be governed by Estonian law, without the United Nations Convention on Contracts for the International Sale of Goods applying to any of the foregoing;"
Toggl.docx,25,Autor,arb -1,"all disputes arising from or otherwise concerning the Agreement or the Service (including disputes concerning the formation or validity hereof) shall be resolved by arbitration as follows: (i) the matter shall be arbitrated by the Arbitration Court of the Estonian Chamber of Commerce and Industry (ACECCI); (ii) the proceedings shall be conducted in accordance with the ACECCI's then-current arbitration rules; (iii) the seat of arbitration shall be Tallinn, Estonia; and (iv) any decision (order, judgment or other) that the ACECCI may deliver in such a dispute shall be enforceable in all jurisdictions. Each Party hereby irrevocably submits to the ACECCI's jurisdiction and waives any and all objections it may have thereto;"
Toggl.docx,27,Autor,uncle,"save where the relevant rules of procedure provide for the mandatory jurisdiction of another Estonian court, in which event the latter shall apply"
Toggl.docx,26,Autor,c_forum -1,"if the above agreement as respects arbitration proves to be void or unenforceable, all disputes to which it was intended to apply shall be subject to the exclusive jurisdiction of Estonian courts, with Harju County Court in Tallinn as the court of ﬁrst instance (save where the relevant rules of procedure provide for the mandatory jurisdiction of another Estonian court, in which event the latter shall apply)."
Toggl.docx,28,Autor,sever 0,"If any provision of the Agreement proves to be void by reason of it violating mandatory law, and unless the Supplier in its absolute discretion otherwise elects (in which event the following shall not apply), such provision shall be deemed to have been amended to one which is valid, achieves the purpose of the original provision as nearly as possible and maximally preserves the balance of obligations between those affected (i.e., the balance originally intended). The amendment shall be effective as of the moment when the original provision became void."
Toggl.docx,29,Autor,uncle,To the extent legally permitted
Toggl.docx,30,Autor,uncle,to the extent the law requires that the data concerned be retained
FineDine.docx,0,Autor,contr_chg -1,These Terms of Service are subject to change by Bambulabs at any time and at our discretion without notice.
FineDine.docx,1,Autor,docu 1,"See the Privacy Policy, which is incorporated into this Agreement by reference"
FineDine.docx,2,Autor,what,"FineDine is an online ordering platform (“Ordering Platform”), used for ordering products (e.g. food ordering), connected to our Partner’s (e.g. Partner Restaurants) accounts which is accessed via an mobile app or a website and the restaurant control panel (“Restaurant Dashboard”). The Ordering Platform and the Restaurant Dashboard comprises, and is collectively referred to as, the “Service.”"
FineDine.docx,3,Autor,core,"Although you place orders through the Service, Bambulabs itself does not sell the products contained in your order, is not a party to any such transaction, and has no control over the quality or safety of the products. Your order, is between you and the Partner from which you order."
FineDine.docx,4,Autor,cnt_modr 0; acc_del 0,"Failure to do so constitutes a breach of the Terms, which may result in immediate termination of your account on our Service"
FineDine.docx,5,Autor,ip -1; shad_ip1; sugg 0,"However, by providing User Content to Bambulabs, you grant Bambulabs a worldwide, perpetual, irrevocable, transferrable, royalty-free license, with the right to sublicense, to use, copy, modify, create derivative works of, distribute, publicly display, publicly perform, and otherwise exploit in any manner such User Content in all formats and distribution channels now known or hereafter devised (including in connection with the Service and Bambulab’s business and on third-party sites and services), without further notice to or consent from you, and without the requirement of payment to you or any other person or entity."
FineDine.docx,6,Autor,disc -1,as determined by Bambulabs in its sole discretion
FineDine.docx,8,Autor,disc -1,at Bambulab’s sole discretion
FineDine.docx,7,Autor,cnt_modr 0; cnt_del -1,"Bambulabs may, but shall not be obligated to, review, monitor, or remove User Content, at Bambulab’s sole discretion and at any time and for any reason, without notice to you."
FineDine.docx,9,Autor,pato1,"We reserve the right to refuse or cancel your order at any time for certain reasons including but not limited to: product or service availability, errors in the description or price of the product or service, error in your order or other reasons."
FineDine.docx,10,Autor,uncle 1,except when required by law 
FineDine.docx,11,Autor,acc_sus 0,Any customer who disputes a credit card payment that is found to be valid will be banned from use of the Service.
FineDine.docx,12,Autor,pato2,"We cannot and do not guarantee the accuracy or completeness of any information, including prices, product images, speciﬁcations, availability, and services."
FineDine.docx,13,Autor,serv_chg -1,"We reserve the right to change or update information and to correct errors, inaccuracies, or omissions at any time without prior notice."
FineDine.docx,14,Autor,ip 0,"By posting Content to the Service, you grant us the right and license to use, modify, perform, display, reproduce, and distribute such Content on and through the Service for marketing or promotional purposes. "
FineDine.docx,15,Autor,cont_modr 0; acc_del 0,"We may, but have no obligation to, remove accounts and content containing what we determine as unlawful, offensive, threatening, defamatory, obscene or otherwise objectionable material"
FineDine.docx,16,Autor,cnt_del 0,We will remove content that violates any party’s intellectual property or these Terms of Service
FineDine.docx,17,Autor,acc_sus -1; acc_del -1,"We may terminate or suspend your account immediately, without prior notice or liability, for any reason whatsoever, including without limitation if you breach the Terms"
FineDine.docx,18,Autor,cnt_retr -1,you will lose all data related to your account
FineDine.docx,19,Autor,ltd -1,"In no event shall Bambulabs, nor its directors, employees, partners, agents, suppliers, or afﬁliates, be liable for any indirect, incidental, special, consequential or punitive damages, including without limitation, loss of proﬁts, data, use, goodwill, or other intangible losses, resulting from (i) your access to or use of or inability to access or use the Service; (ii) any conduct or content of any third party on the Service; (iii) any content obtained from the Service; and (iv) unauthorized access, use or alteration of your transmissions or content, whether based on warranty, contract, tort (including negligence) or any other legal theory, whether or not we have been informed of the possibility of such damage, and even if a remedy set forth herein is found to have failed of its essential purpose"
FineDine.docx,20,Autor,uncle 2,"Because some jurisdictions do not allow the exclusion or limitation of incidental or consequential damages, Bambulabs’ liability in such jurisdictions shall be limited to the extent permitted by law"
FineDine.docx,21,Autor,pato3,"For the avoidance of doubt, nothing in this clause shall excuse the Customer from any payment obligations under this Agreement."
FineDine.docx,22,Autor,as_is -1,The Service is provided on an “AS IS” and “AS AVAILABLE” basis
FineDine.docx,23,Autor,c_law -1,These Terms shall be governed and construed in accordance with the laws of the state of Delaware
FineDine.docx,24,Autor,arb -1,You hereby consent to binding arbitration in the State of Delaware to resolve any disputes arising under these Terms of Service
FineDine.docx,25,Autor,sever 0,"If any provision of these Terms is held to be invalid or unenforceable by a court, the remaining provisions of these Terms will remain in effect"
FineDine.docx,27,Autor,disc -1,at our sole discretion
FineDine.docx,28,Autor,disc -1,What constitutes a material change will be determined at our sole discretion
FineDine.docx,26,Autor,contr_chg -1,"We reserve the right, at our sole discretion, to modify or replace these Terms at any time without notice to you. What constitutes a material change will be determined at our sole discretion."
Baidu AI Cloud.docx,0,Autor,pato,"Regarding the versions of agreement provided by Baidu AI Cloud China Station, the Chinese version shall prevail, and the English version is for reference only."
Baidu AI Cloud.docx,1,Autor,contr_chg 0,The relevant content in this agreement may be updated after Baidu AI Cloud launches new products and services.
Baidu AI Cloud.docx,2,Autor,contr_chg -1,"Baidu AI Cloud has the right to unilaterally modify the content of this service agreement and corresponding service rules at any time, and has the right to announce the modifications through push notifications, web announcements, and so on, without serving a separate notification to you."
Baidu AI Cloud.docx,3,Autor,contr_chg -1,"This agreement also covers the terms and conditions on relevant agreements, business rules, confidentiality agreements, and so on that Baidu AI Cloud may continue to add and publish concerning the services provided. Once the above content is officially released and notified to you as described in Article 3, the content becomes an integral part of this agreement, and you should abide by the said content."
Baidu AI Cloud.docx,4,Autor,what,"Compared to personal account, corporate account has higher security level with more product options."
Baidu AI Cloud.docx,5,Autor,pato,Baidu AI Cloud does not assume any responsibility for problems resulting from improper selection of account type.
Baidu AI Cloud.docx,6,Autor,cnt_modr 0; acc_del 0; acc_sus 0,"If the data or information you provide contains incorrect or untrue information, Baidu AI Cloud reserves the right to cancel your qualification for account registration, suspend or terminate the service to you."
Baidu AI Cloud.docx,7,Autor,ind 0,You shall assume the corresponding responsibility for the losses incurred by Baidu AI Cloud or a third party due to other people’s use of your account or due to your use of other people’s account.
Baidu AI Cloud.docx,9,Autor,disc -1,reasonable time limit
Baidu AI Cloud.docx,8,Autor,ltd -1; pato,"At the same time, you understand that it requires a reasonable time limit for Baidu AI Cloud to take action according to your request. Prior to this, Baidu AI Cloud does not assume any liability for the executed instructions and the losses caused to you."
Baidu AI Cloud.docx,10,Autor,disc -1,Other circumstances under which Baidu AI Cloud has sufficient reasons 
Baidu AI Cloud.docx,11,Autor,acc_sus 0; acc_del 0,"If Baidu AI Cloud has reasonable doubts that the information provided by you is not true, and that the transaction done by you is false or your behaviors violate the service rules of Baidu AI Cloud, Baidu AI Cloud shall have the right to restrict temporarily or permanently functions, in part or whole, of all products and/or services you use with your account."
Baidu AI Cloud.docx,12,Autor,acc_del 0,"You agree that Baidu AI Cloud has the right to terminate the provision of the services for you when you violate the above agreement, and does not refund any payment."
Baidu AI Cloud.docx,13,Autor,may infringe Annex 1(d) Directive 93/13; pato,and does not refund any payment. 
Baidu AI Cloud.docx,14,Autor,ind 0,You shall assume relevant legal responsibilities for any loss caused by your behaviors above to Baidu AI Cloud or other users of Baidu AI Cloud.
Baidu AI Cloud.docx,15,Autor,cnt_del -1,"Baidu AI Cloud does not assume the obligation to monitor communication service, but reserves the right to check the information posted to the communication service and remove any information at its sole discretion. "
Baidu AI Cloud.docx,16,Autor,acc_del 0,Baidu AI Cloud reserves the right to terminate your access to any or all communication services for legal reasons at any time without further notice.
Baidu AI Cloud.docx,17,Autor,ltd -1,"Baidu AI Cloud does not control or accept any content, message or information that appears in any communication service, and does not bear any responsibility for communication service and any behavior caused by your joining in the communication service."
Baidu AI Cloud.docx,18,Autor,acc_sus 0,", your Baidu AI Cloud account will also be frozen immediately"
Baidu AI Cloud.docx,19,Autor,acc_sus 1,"and you failed to correct such behavior in time, or eliminate the impact as required by Baidu, thereby causing threats to users of platform of the Service or other platforms, once found, your host will be forced to stop and your account will also be frozen immediately."
Baidu AI Cloud.docx,20,Autor,acc_sus 0; acc_del 0,"If you use Baidu AI Cloud products or services to engage in any behavior that violates laws, regulations, or infringes on the legal rights of others, Baidu AI Cloud has the right to perform network security management obligations in accordance with the law, suspend or terminate the service, and reserves the right to pursue your relevant legal liabilities in accordance with"
Baidu AI Cloud.docx,21,Autor,core,"Beijing Baidu Netcom Science and Technology Co., Ltd. hereby makes the commitment that it is a limited liability company duly established and validly existing under the laws of China, and will provide products and services for you in accordance with the Agreement, and earnestly perform the obligations and responsibilities hereunder."
Baidu AI Cloud.docx,22,Autor,as_is -1,"Provision of services as-isBaidu AI Cloud continuously improves service quality and level. You understand that, Baidu AI Cloud cannot guarantee that the products and services provided are without defects. You agree that even if services provided by Baidu AI Cloud are defective, the defects are unavoidable considering the industrial technological level then, and they will not be regarded as default of Baidu AI Cloud. You agree to work with Baidu AI Cloud to solve the problem of service defects due to the industrial technological level."
Baidu AI Cloud.docx,23,Autor,price_chg 0,"Baidu AI Cloud reserves the possibility of charging for such free services in the future, prior to which you will be notified."
Baidu AI Cloud.docx,25,Autor,disc -1,abuse of system resources
Baidu AI Cloud.docx,24,Autor,acc_sus -1; acc_del -1,Baidu AI Cloud reserves the right to force shutdown and freeze accounts in case of your abuse of system resources.
Baidu AI Cloud.docx,26,Autor,uncle 1,unless expressly agreed by laws and regulations
Baidu AI Cloud.docx,27,Autor,cnt_retr 1,"Baidu AI Cloud can only continue to store your user business data (if any) within a certain buffer period (subject to the time limit specified in the exclusive terms, product documentation, service description, etc. applicable to the service you ordered); when the buffer period expires, Baidu AI Cloud will delete all user business data, including all cached or backup copies, and no longer retain any of your user business data"
Baidu AI Cloud.docx,28,Autor,uncle 2,in accordance with applicable laws
Baidu AI Cloud.docx,29,Autor,uncle 3,Subject to the requirements of relevant laws and regulations
Baidu AI Cloud.docx,30,Autor,recom -1,"recommend to you content that may interest you, including but not limited to sending you product and service information"
Baidu AI Cloud.docx,31,Autor,pato,"You understand and acknowledge that in order to respond to your requests for help in a timely manner, ensure the overall security of the cloud platform, and improve Baidu AI Cloud's services, Baidu AI Cloud will detect, browse, and record your service usage behavior, unsafe features of your data and other user support data"
Baidu AI Cloud.docx,32,Autor,docu 1,corresponding product or service order agreement
Baidu AI Cloud.docx,33,Autor,serv_chg 0,"You understand and acknowledge that Baidu AI Cloud does not guarantee the permanent provision of certain services, or may change the forms, specifications or other aspects of the services provided, due to technical upgrades, service system upgrades, or business strategy adjustments or changes in coordination with major national technology, regulations and policies. Before terminating the service or making such changes, Baidu AI Cloud will make its best efforts to give advance notice in advance by one or more methods such as website announcements, message, emails or short messages. To terminate the provision of this type of service, Baidu AI Cloud shall notify no less than 30 days in advance, and handle follow-up matters properly (including but not limited to refund service fees that you have paid but not consumed to your Baidu AI Cloud account)."
Baidu AI Cloud.docx,35,Autor,disc -1,If you have seriously violated this agreement 
Baidu AI Cloud.docx,34,Autor,acc_sus 0; acc_del 0,"In the event of one of the following circumstances, the service period shall be terminated early: 1）Both parties agree to terminate early;If you have seriously violated this agreement (including but not limited to, you have seriously violated relevant laws andregulations, or you have seriously violated any of the promises under this agreement, etc.), Baidu AI Cloud has the right to terminate the service in advance until all of your data are cleared;You understand and fully acknowledge that although Baidu AI Cloud has established (and will continue to improve according to technological development) the necessary technical measures to prevent events or behaviors (hereinafter referred to as these behaviors), such as computer viruses, network intrusions and attack damage (including but not limited to DDoS) from endangering network security. But in view of the limitations and relativity of network security technology and the unpredictability of these behaviors, if your website encounters such behaviors, which do damage to Baidu AI Cloud or other Baidu networks or servers (including but not limited to local, foreign and international networks, servers, etc.), or affect the smooth communication between Baidu AI Cloud and the Internet or other specific networks, servers, and Baidu AI Cloud inside communication, Baidu AI Cloud may decide to suspend or terminate the service or take other necessary protective measures."
Baidu AI Cloud.docx,36,Autor,as_is -1; ltd -1,"Baidu AI Cloud will not guarantee (including but not limited to): 1）Baidu AI Cloud will meet the use requirements of all users;Baidu AI Cloud will not be interfered in and will always be timely, safe, reliable or free from errors; and any products,services or other materials acquired by users via Baidu AI Cloud will meet users’ expectations.You will solely assume any risks arising from your use of any materials you have downloaded or acquired via Baidu AI Cloud; you will take full responsibility for your computer system failure or data losses due to your use of this product;"
Baidu AI Cloud.docx,37,Autor,acc_sus 0; acc_del 0,"Baidu AI Cloud will reserve the right to suspend or terminate the provision for your services in case you violate laws and regulations issued by the state or the local government or you violate this service agreement, and will reserve the right to pursue legal liability against you."
Baidu AI Cloud.docx,39,Autor,disc -1,or you seriously violate any service rules of Baidu AI Cloud when you use Baidu AI Cloud service
Baidu AI Cloud.docx,38,Autor,acc_del 0,"You agree and authorize Baidu AI Cloud to terminate directly the provision for your services, pursue legal liability against you by law and disclose through the website connected to Baidu if you cheat, publish or sell fake and shoddy products, infringe upon the lawful rights and interests of others or you seriously violate any service rules of Baidu AI Cloud when you use Baidu AI Cloud service. Under these circumstances, your account of Baidu AI Cloud may be directly shut down, and you may neither use any products provided by Baidu via PC or Apps more due to your above-mentioned behavior, nor log in any website of Baidu again. At the same time, Baidu will terminate its provision for all services to you."
Baidu AI Cloud.docx,40,Autor,contr_chg -1,You understand and agree that Baidu AI Cloud has the right to improve and adjust relevant rules of Baidu AI Cloud services unilaterally without asking for your consent.
Baidu AI Cloud.docx,41,Autor,docu 2,the service guidance and rules
Baidu AI Cloud.docx,42,Autor,pato,"Baidu AI Cloud may inform you of the progress of services and remind you of the next operation by e-mail (or short messages or calls sent to your mobile phone). However, Baidu AI Cloud will not guarantee that you can receive or timely receive this e-mail (or short messages or calls sent to this mobile phone) and will not promise to assume any results therefor. "
Baidu AI Cloud.docx,43,Autor,ltd -1,Baidu AI Cloud will not assume any responsibility for any disputes or losses arising from your failure to view or / and modify or confirm the service status or your failure to submit relevant applications.
Baidu AI Cloud.docx,44,Autor,may infringe Annex 1(n) Directive 93/13,"Some links marked “Here” may guide you to leave the origin server. The server contained in links is not under the control of Baidu AI Cloud. Baidu AI Cloud will not be responsible for any content provided by any link server, any links contained in the link server or any change or renewal of such server. Baidu AI Cloud will not be responsible for any content from any link server. Baidu AI Cloud provides these links only for the purpose of providing convenience, but it doesn’t imply that Baidu AI Cloud approves corresponding third party server."
Baidu AI Cloud.docx,45,Autor,uncle 4,Where it is permitted by law
Baidu AI Cloud.docx,46,Autor,ltd -1,"Where it is permitted by law, Baidu AI Cloud will not be liable for any indirect, punitive, special and derivative losses (including business losses, loss in revenue, loss of profit, loss of use of data or other economic benefits) related to or arising from this agreement, no matter how such loss is caused or no matter whether such loss is resulted from the breach hereof (including the violation of guarantee) or the infringement, even though Baidu AI Cloud is informed of the possibility of such losses in advance. In addition, Baidu AI Cloud will be exempted from the responsibility for the above- mentioned losses even though the exclusive remedies as prescribed herein fail to realize the fundamental goal."
Baidu AI Cloud.docx,47,Autor,serv_chg -1,"In consideration of particularity of network services, you agree that Baidu AI Cloud may change, suspend or terminate services in part or whole at any time with legitimate reasons and will not be responsible for you therefor. However, Baidu AI Cloud will inform you of the said situation in advance as early as possible so that you can transfer and have a backup of relevant data as well as adjust businesses for the purpose of protecting your legal rights and interests."
Baidu AI Cloud.docx,48,Autor,ltd -1; pato,"Meanwhile, Baidu AI Cloud shall be exempted from any liability for losses of data or information therefrom."
Baidu AI Cloud.docx,49,Autor,ind 0,"if any third party files any complaints, claims, lawsuits or other types of demands against you for the information and data you provide, upload or use, or your actions and work results, You understand and acknowledge that you shall solve it immediately and compensate Baidu AI Cloud for all the economic losses arising therefrom, including but not limited to all cost, compensation expenses, etc."
Baidu AI Cloud.docx,50,Autor,ip -1,"Materials provided by you to Baidu AI Cloud or materials published on any Baidu website For information you provide to Baidu AI Cloud (including feedback and suggestions), or the information you post, upload, enter or submit to any service or its associated service for view of the general public or any public or private community members (hereinafter referred to as your submission), by posting, uploading, entering, providing or submitting (hereinafter referred to as ""posting"") your submission, you grant Baidu AI Cloud and its affiliates and necessary sub-licensee the right to use the submission related to the operation of its Internet business (including but not limited to all Baidu services), including but not limited to the following rights to: copy, distribute, transmit, publicly display, publicly execute, reproduce, edit, translate and reprint your submissions; and to sublicense such rights to any provider of the service."
Baidu AI Cloud.docx,51,Autor,sugg 0,"It is hereby agreed that no compensation will be paid for use of your submissions. Baidu AI Cloud is not obliged to post or use any information you may provide, and Baidu AI Cloud may remove any submissions at any time at its sole discretion."
Baidu AI Cloud.docx,52,Autor,as_is -1,"Baidu and/or its suppliers make(s) no statement regarding the applicability of the information and related graphics contained in the document published as part of the service for any purpose. All such documents and related graphics shall be provided ""As Is"" without warranty of any kind."
Baidu AI Cloud.docx,53,Autor,ltd -1,"Baidu shall not be liable for any special, indirect, consequential damage or any other damage caused by use interruption, data or profit loss arising from or in connection with the use or execution of the information provided by the service, whether in contract, negligence, tort, or otherwise."
Baidu AI Cloud.docx,54,Autor,contr_chg -1,"Baidu AI Cloud has the right to modify the content of this agreement at any time. The modified results are published on Baidu AI Cloud website through push notifications, web announcement, and so on, without serving a separate notification to you."
Baidu AI Cloud.docx,55,Autor,disc -1; pato,"Baidu AI Cloud has the right of reasonable processing and final interpretation regarding various special offers under this agreement, including but not limited to invitation codes, vouchers, and virtual currencies."
Baidu AI Cloud.docx,56,Autor,c_law -1,"The conclusion, execution, interpretation of this agreement as well as dispute resolution shall be governed by Chinese laws "
Baidu AI Cloud.docx,57,Autor,c_forum -1,"If the negotiation fails, either party may bring a lawsuit to the People's Court of Haidian District of Beijing."
Baidu AI Cloud.docx,58,Autor,sever 0,"If any agreement in the SLA is completely or partially invalid or not enforceable for whatever reason, the rest of the SLA is still valid and binding."
Epic Games.docx,0,Autor,docu 1,Privacy Policy 
Epic Games.docx,1,Autor,docu 2,Fan Content Policy 
Epic Games.docx,2,Autor,docu 3,"Privacy NoticePlease review our Privacy Notice found at https://www.epicgames.com/privacypolicy, which also governs your use of the Services, to understand our practices."
Epic Games.docx,3,Autor,contr_chg -1,We may update these Terms from time to time; you should check this page regularly to take notice of anychanges. 
Epic Games.docx,4,Autor,serv_chg -1; acc_sus -1; acc_del -1; ltd -1,"We may withdraw or amend the Services, and any related service or content, or restrict access (including by means of cancellation, termination, or modiﬁcation, or suspension of a user account) to all or certain users (including you) without notice and without liability to you in our reasonable discretion."
Epic Games.docx,5,Autor,acc_sus 0; acc_del 0; cnt_modr 0,we may terminate or suspend access to the Services based on your breach of these Terms.
Epic Games.docx,6,Autor,pato,"Users do not own their accounts, and gifting or otherwise transferring of accounts or access keys is prohibited."
Epic Games.docx,7,Autor,uncle 1,AS REQUIRED BY APPLICABLE LAW
Epic Games.docx,8,Autor,contr_chg -1,"Epic reserves the right to change, modify, or otherwise impose usage limits to your Epic Account Balance at any time, in its sole discretion."
Epic Games.docx,9,Autor,virtu; pato,Epic Account Balance funds do not constitute a personal property right and have no value outside the Services.
Epic Games.docx,11,Autor,disc -1,"Epic determines in its sole discretion that you misused the Epic Account Balance, conducted unauthorized Epic Account Balance transactions from another user’s Epic Account Balance, or used the Epic Account Balance to conduct any fraudulent or other illegal activity"
Epic Games.docx,10,Autor,acc_sus 0; acc_del 0,"Epic reserves the right to suspend or terminate your Epic Account Balance if after investigation Epic determines in its sole discretion that you misused the Epic Account Balance, conducted unauthorized Epic Account Balance transactions from another user’s Epic Account Balance, or used the Epic Account Balance to conduct any fraudulent or other illegal activity. "
Epic Games.docx,12,Autor,uncle 2,", as required by applicable law."
Epic Games.docx,13,Autor,disc -1,of the Services’ intended use (in Epic’s sole judgment).
Epic Games.docx,14,Autor,ip -1; shad_ip; sugg 0,"and you grant Epic a nonexclusive, royalty-free, perpetual, irrevocable, and fully sublicensable right to use, copy, reproduce, modify, adapt, publish, translate, create derivative works from, distribute, and display such User Contribution throughout the world in any media"
Epic Games.docx,15,Autor,cnt_del -1; cnt_modr 0,Epic has the right but not the obligation to monitor and edit or remove any User Contributions. 
Epic Games.docx,16,Autor,acc_del -1,". Epic also has the right to terminate your access to all or part of the Services for any or no reason, including without limitation, any violation of these Terms. Epic may exercise these rights at any time, without notice or liability to you or any third party."
Epic Games.docx,17,Autor,contr_chg -1,We reserve the right to withdraw linking permission without notice.
Epic Games.docx,18,Autor,uncle 3,"Nothing in these Terms will prejudice the statutory rights that you may have as a consumer of the Services. Some countries, states, provinces or other jurisdictions do not allow the exclusion of certain warranties or the limitation of liability as stated in this section, so the below terms may not fully apply to you. Instead, in such jurisdictions, the exclusions and limitations below shall apply only to the extent permitted by the laws of such jurisdictions."
Epic Games.docx,19,Autor,as_is -1,"The Services and all information, content, materials, products (including software), and other services included on or otherwise made available to you through the Services are provided by Epic on an “as is” and “as available” basis."
Epic Games.docx,20,Autor,pato,You expressly agree that your use of the Services is at your sole risk. 
Epic Games.docx,21,Autor,uncle 4,To the full extent permissible by law
Epic Games.docx,22,Autor,uncle 5,To the full extent permissible by law
Epic Games.docx,23,Autor,ltd -1,", Epic will not be liable for any loss of proﬁts or any indirect, incidental, punitive, special or consequential damages arising out of or in connection with this these Terms. "
Epic Games.docx,24,Autor,uncle 6,to the full extent permissible by law
Epic Games.docx,25,Autor,ltd_cap -1,Epic’s aggregate liability arising out of or in connection with these Terms will not exceed the total amounts you have paid (if any) to Epic under this Agreement during the twelve (12) months immediately preceding the events giving rise to such liability
Epic Games.docx,26,Autor,uncle 7,"This section only applies to the extent permitted by applicable law. If you are prohibited by law from entering into the indemniﬁcation obligation below, then you assume, to the extent permitted by law"
Epic Games.docx,27,Autor,ind 0,"You agree to defend, indemnify, and hold harmless Epic, its afﬁliates, and licensors, and their respective ofﬁcers, directors, employees, contractors, agents, licensors, and suppliers from and against any claims, liabilities, damages, judgments, awards, losses, costs, expenses, or fees (including reasonable attorneys’ fees) resulting from your User Contributions or violation of these Terms."
Epic Games.docx,28,Autor,c_law -1,"Any dispute or claim by you arising out of or related to these Terms shall be governed by North Carolina law, exclusive of its choice of law rules. "
Epic Games.docx,29,Autor,c_forum -1,"you and Epic agree to submit to the exclusive jurisdiction of the Superior Court of Wake County, North Carolina, or, if federal court jurisdiction exists, the United States District Court for the Eastern District of North Carolina. "
Epic Games.docx,30,Autor,uncle 8; pato,This paragraph will be interpreted as broadly as applicable law permits.
Epic Games.docx,31,Autor,arb -1,"You and Epic agree that Disputes will be settled by binding individual arbitration conducted by the JudicialArbitration Mediation Services, Inc. (“JAMS”) subject to the U.S. Federal Arbitration Act and federal arbitration law and according to the JAMS Streamlined Arbitration Rules and Procedures effective July 1, 2014 (the “JAMS Rules”) as modiﬁed by these Terms."
Epic Games.docx,32,Autor,uncle 9,To the maximum extent permitted by applicable law
Epic Games.docx,33,Autor,class -1,"You and Epic agree to only bring Disputes in an individual capacity and shall not:seek to bring, join, or participate in any class or representative action, collective or class-wide arbitration, or any other action where another individual or entity acts in a representative capacity (e.g., private attorney general actions); orconsolidate or combine individual proceedings or permit an arbitrator to do so without the express consent of all parties to these Terms and all other actions or arbitrations."
Epic Games.docx,34,Autor,sever 0,"If all or any provision of this Binding Individual Arbitration agreement is found invalid, unenforceable, or illegal, then You and Epic agree that the provision will be severed and the rest of these Terms shall remain in effect and be construed as if any severed provision had not been included. "
Epic Games.docx,35,Autor,uncle 10,To the fullest extent permitted by law
Epic Games.docx,36,Autor,only one party drafted these terms; pato,It is the express wish of the parties that these Terms and all related documents have been drawn up in English.
Epic Games.docx,37,Autor,?,Les parties déclarent qu'elles ont demandé et par les présentes conﬁrment leur desir exprés que cette convention soit rédigee en anglais.
Epic Games.docx,38,Autor,sever 0,"If any provision of these Terms is held by a court of competent jurisdiction to be invalid, illegal, or unenforceable for any reason, such provision shall be eliminated or limited to the minimum extent such that the remaining provisions of these Terms will continue in full force and effect."
Epic Games.docx,39,Autor,cnt_modr 0’; disc -1; acc_sus 0; acc_del 0,"Epic may also at its sole discretion limit access to the Services and/or update, transfer, suspend, or terminate the accounts of any users who infringe the intellectual property rights of others, whether or not there is any repeat infringement."
Evernote.docx,0,Autor,docu 1,Glossary. 
Evernote.docx,1,Autor,docu 2-5,"Privacy Policy, Commercial Terms, User Guidelines, IP Compliance Program"
Evernote.docx,2,Autor,docu 6-7,Evernote Business Agreement or Evernote Teams Agreement
Evernote.docx,4,Autor,uncle,where required
Evernote.docx,3,Autor,contr_chg -1,"These Terms may be amended as new features, technology, or legal requirements arise, so please check back from time to time. If we make a significant change, we’ll notify you and, where required, seek your consent."
Evernote.docx,5,Autor,ip 1,"Accordingly, by using the Evernote Service and uploading Content, you are granting Evernote a license to display, perform and distribute your Content and to modify (for technical purposes, e.g., making sure content is viewable on smartphones as well as computers and other devices) and reproduce such Content to enable Evernote to operate the Evernote Service. You also agree that Evernote has the right to elect not to accept, post, store, display, publish or transmit any Content in our sole discretion. "
Evernote.docx,6,Autor,cnt_del 0; cnt_modr 0,"If we find that any shared Content in your account violates our Terms of Service (including by violating another person’s intellectual property or privacy rights), we reserve the right to un-share or take down such content."
Evernote.docx,7,Autor,serv_chg -1,"We retain the right, in our sole discretion, to implement new elements as part of and/or ancillary to the Evernote Service, including changes that may affect the previous mode of operation of the Evernote Service or Evernote Software"
Evernote.docx,8,Autor,uncle,as may be required by applicable law
Evernote.docx,9,Autor,acc_del 0,"Evernote account holders who are deemed repeat infringers pursuant to Evernote’s Repeat Infringer Policy will, in appropriate circumstances, be terminated pursuant to that policy"
Evernote.docx,10,Autor,uncle,Consistent with applicable law
Evernote.docx,11,Autor,acc_sus -1; acc_del -1; reasons „may include”,"Evernote may act to temporarily limit your use of the Evernote Service, suspend access to your account, or close your account, with or without notice according to these Terms. Reasons for Evernote suspending or closing your account may include, without limitation: (i) breach or violation of these Terms (including the User Guidelines) or any Separate Agreement, (ii) an extended period of inactivity (determined in Evernote’s sole discretion), (iii) your nonpayment of any fees or other sums due Evernote or any other party related to your use of the Evernote Service, (iv) the discontinuance or material modification of the Evernote Service (or any part thereof) or (v) unexpected technical or security issues or problems or extensive Unsupported Use."
Evernote.docx,12,Autor,sugg 0,"When you submit any ideas, suggestions, documents and/or proposals relating to the Evernote Service (or other products or services) to Evernote through the “Contact Us,” User Forum or Support interfaces or through any other channel or mechanism (collectively, “Contributions”), you acknowledge and agree that: (i) your Contributions do not contain confidential or proprietary information; (ii) Evernote is not under any obligation of confidentiality, express or implied, with respect to the Contributions; (iii) Evernote shall be entitled to use or disclose (or choose not to use or disclose) such Contributions for any purpose, in any way; (iv) Evernote may have something similar to the Contributions already under consideration or in development; (v) your Contributions automatically become the property of Evernote without any obligation of Evernote to you; and (vi) you are not entitled to any accounting, compensation or reimbursement of any kind from Evernote under any circumstances."
Evernote.docx,13,Autor,recom -1,"We may include or recommend third party resources, materials and developers and/or links to third party websites, content and applications as part of, or in connection with, the Evernote Service. We may have little or no control over such sites or developers and, accordingly, you acknowledge and agree that (i) we are not responsible for the availability of such external sites, content or applications; (ii) we are not responsible or liable for any content or other materials or performance available from such sites or applications and (iii) we shall not be responsible or liable, directly or indirectly, for any damage or loss caused or alleged to be caused by or in connection with use of or reliance on any such content, materials or applications. "
Evernote.docx,14,Autor,ind 0 ,"You agree to indemnify and hold Evernote, its subsidiaries, affiliates, officers, agents, employees, advertisers, Service Providers and other partners harmless from and against any and all claims, liabilities, damages (actual and consequential), losses and expenses (including legal and other professional fees) arising from or in any way related to any third party claims relating to your use of any of the Evernote Service, any violation of these Terms of Service or any other actions connected with your use of the Evernote Service (including all actions taken under your account). In the event of such claim, we will endeavor to provide notice of the claim, suit or action to the contact information we have for the account, provided that any failure to deliver such notice to you shall not eliminate or reduce your indemnification obligation hereunder."
Evernote.docx,15,Autor,uncle,To the maximum extent permitted by law
Evernote.docx,16,Autor,as_is -1,the Evernote Service Is Available “As Is.” 
Evernote.docx,17,Autor,ltd -1,"YOU EXPRESSLY UNDERSTAND AND AGREE THAT EVERNOTE, ITS SUBSIDIARIES, AFFILIATES, SERVICE PROVIDERS, AND LICENSORS, AND OUR AND THEIR RESPECTIVE OFFICERS, EMPLOYEES, AGENTS AND SUCCESSORS SHALL NOT BE LIABLE TO YOU FOR ANY DIRECT, INDIRECT, INCIDENTAL, SPECIAL, CONSEQUENTIAL OR EXEMPLARY DAMAGES, INCLUDING BUT NOT LIMITED TO, DAMAGES FOR LOSS OF PROFITS, GOODWILL, USE, DATA, COVER OR OTHER INTANGIBLE LOSSES (EVEN IF EVERNOTE HAS BEEN ADVISED OF THE POSSIBILITY OF SUCH DAMAGES) RESULTING FROM: (i) THE USE OR THE INABILITY TO USE THE EVERNOTE SERVICE OR TO USE PROMOTIONAL CODES OR EVERNOTE POINTS; (ii) THE COST OF PROCUREMENT OF SUBSTITUTE SERVICES RESULTING FROM ANY DATA, INFORMATION OR SERVICE PURCHASED OR OBTAINED OR MESSAGES RECEIVED OR TRANSACTIONS ENTERED INTO THROUGH OR FROM THE EVERNOTE SERVICE; (iii) UNAUTHORIZED ACCESS TO OR THE LOSS, CORRUPTION OR ALTERATION OF YOUR TRANSMISSIONS, CONTENT OR DATA; (iv) STATEMENTS OR CONDUCT OF ANY THIRD PARTY ON OR USING THE EVERNOTE SERVICE, OR PROVIDING ANY SERVICES RELATED TO THE OPERATION OF THE EVERNOTE SERVICE; (v) EVERNOTE’S ACTIONS OR OMISSIONS IN RELIANCE UPON YOUR BASIC SUBSCRIBER INFORMATION AND ANY CHANGES THERETO OR NOTICES RECEIVED THEREFROM; (vi) YOUR FAILURE TO PROTECT THE CONFIDENTIALITY OF ANY PASSWORDS OR ACCESS RIGHTS TO YOUR ACCOUNT; (vii) THE ACTS OR OMISSIONS OF ANY THIRD PARTY USING OR INTEGRATING WITH THE EVERNOTE SERVICE; (viii) ANY ADVERTISING CONTENT OR YOUR PURCHASE OR USE OF ANY ADVERTISED OR OTHER THIRD-PARTY PRODUCT OR SERVICE; (ix) THE TERMINATION OF YOUR ACCOUNT IN ACCORDANCE WITH THE TERMS OF THESE TERMS OF SERVICE; OR (x) ANY OTHER MATTER RELATING TO THE EVERNOTE SERVICE."
Evernote.docx,18,Autor,uncle,"NOTHING IN THESE TERMS OF SERVICE (INCLUDING THE LIMITATION OF LIABILITY PROVISIONS) IS INTENDED TO EXCLUDE OR LIMIT ANY CONDITION, WARRANTY, RIGHT OR LIABILITY WHICH MAY NOT BE LAWFULLY EXCLUDED OR LIMITED"
Evernote.docx,19,Autor,uncle,SOME JURISDICTIONS 
Evernote.docx,20,Autor,uncle,ONLY THOSE LIABILITY AND OTHER LIMITATIONS WHICH ARE LAWFUL IN YOUR JURISDICTION (IF ANY) WILL APPLY TO YOU AND OUR LIABILITY IS LIMITED TO THE MAXIMUM EXTENT PERMITTED BY LAW.
Evernote.docx,21,Autor,c_law -1,"If you reside outside of the United States, Canada, and Brazil, these Terms and the relationship between you and Evernote (including any dispute) shall be governed in all respects by the laws of Switzerland and shall be considered to have been made and accepted in Switzerland, without regard to conflict of law provisions."
Evernote.docx,22,Autor,sever 0; inter 0 ,"If any provision of these Terms of Service is found by a court of competent jurisdiction to be invalid, the parties nevertheless agree that the court should endeavor to give effect to the parties’ intentions as reflected in the provision, and the other provisions of the Terms of Service remain in full force and effect."
Evernote.docx,23,Autor,c_forum -1,"if you are not a resident of the United States, Canada, or Brazil, you agree that any claim or dispute you may have against Evernote must be resolved exclusively by the courts in Zurich, Switzerland"
Evernote.docx,24,Autor,uncle,and subject to any applicable laws
Evernote.docx,25,Autor,arb 0,"If you reside in the United States or are otherwise subject to the US Federal Arbitration Act, you and Evernote agree that any and all disputes or claims that have arisen or may arise between us - except any dispute relating to the enforcement or validity of your, our or either of our licensors’ intellectual property rights - shall be resolved exclusively through final and binding arbitration, rather than in court, except that you may assert claims in small claims court, if your claims qualify. The Federal Arbitration Act governs the interpretation and enforcement of this Arbitration Agreement. (Note that if you were using an Evernote Service user prior to December 4, 2012 and formally elected to opt out of the Arbitration Agreement pursuant to the procedures set out in our Terms of Service that were effective as of December 4, 2012, you are not subject to this Arbitration Agreement.)"
Evernote.docx,26,Autor,uncle,to the extent required by applicable law
Evernote.docx,27,Autor,class 0,"YOU AND EVERNOTE AGREE, AS PART OF THE ARBITRATION AGREEMENT, THAT EACH OF US MAY BRING CLAIMS AGAINST THE OTHER ONLY ON AN INDIVIDUAL BASIS AND NOT AS PART OF ANY PURPORTED CLASS OR REPRESENTATIVE ACTION OR PROCEEDING. WE REFER TO THIS AS THE “PROHIBITION OF CLASS AND REPRESENTATIVE ACTIONS.” UNLESS BOTH YOU AND WE AGREE OTHERWISE, THE ARBITRATOR MAY NOT CONSOLIDATE OR JOIN YOUR OR OUR CLAIM WITH ANOTHER PERSON'S OR PARTY'S CLAIMS, AND MAY NOT OTHERWISE PRESIDE OVER ANY FORM OF A CONSOLIDATED, REPRESENTATIVE OR CLASS PROCEEDING. THE ARBITRATOR MAY ONLY AWARD RELIEF (INCLUDING MONETARY, INJUNCTIVE, AND DECLARATORY RELIEF) IN FAVOR OF THE INDIVIDUAL PARTY SEEKING RELIEF AND ONLY TO THE EXTENT NECESSARY TO PROVIDE RELIEF NECESSITATED BY THAT PARTY'S INDIVIDUAL CLAIM(S). ANY RELIEF AWARDED CANNOT AFFECT OTHER EVERNOTE USERS."
Evernote.docx,28,Autor,uncle ,You agree that regardless of any statute or law to the contrary or the applicable dispute resolution process
Reddit.docx,0,Autor,docu 1,Privacy Policy 
Reddit.docx,1,Autor,uncle 1,Except and solely to the extent such a restriction is impermissible under applicable law
Reddit.docx,2,Autor,docu 2,Reddit API Terms of Use
Reddit.docx,3,Autor,serv_chg -1,"We reserve the right to modify, suspend, or discontinue the Services (in whole or in part) at any time, with or without notice to you."
Reddit.docx,4,Autor,contr_chg -1,"these Terms, which may be updated from time to time."
Reddit.docx,5,Autor,ltd -1,"You agree that we will not be liable to you or to any third party for any modification, suspension, or discontinuation of the Services or any part thereof."
Reddit.docx,6,Autor,ip -1,"When Your Content is created with or submitted to the Services, you grant us a worldwide, royalty-free, perpetual, irrevocable, non-exclusive, transferable, and sublicensable license to use, copy, modify, adapt, prepare derivative works of, distribute, store, perform, and display Your Content and any name, username, voice, or likeness provided in connection with Your Content in all media formats and channels now known or later developed anywhere in the world. This license includes the right for us to make Your Content available for syndication, broadcast, distribution, or publication by other companies, organizations, or individuals who partner with Reddit. You also agree that we may remove metadata associated with Your Content, and you irrevocably waive any claims and assertions of moral rights or attribution with respect to Your Content."
Reddit.docx,7,Autor,shad_ip,"You also agree that we may remove metadata associated with Your Content, and you irrevocably waive any claims and assertions of moral rights or attribution with respect to Your Content."
Reddit.docx,8,Autor,sugg 0,"Any ideas, suggestions, and feedback about Reddit or our Services that you provide to us are entirely voluntary, and you agree that Reddit may use such ideas, suggestions, and feedback without compensation or obligation to you."
Reddit.docx,9,Autor,cnt_del -1; cnt_modr 0,"However, we may, in our sole discretion, delete or remove Your Content at any time and for any reason, including for violating these Terms, violating our Content Policy, or if you otherwise create or are likely to create liability for us."
Reddit.docx,10,Autor,recom -1,"The Services may also contain sponsored Third-Party Content or advertisements. The type, degree, and targeting of advertisements are subject to change, and you acknowledge and agree that we may place advertisements in connection with the display of any Content or information on the Services, including YourContent."
Reddit.docx,11,Autor,docu 3,Content Policy 
Reddit.docx,12,Autor,docu 4,Broadcasting Content Policy
Reddit.docx,13,Autor,disc -1,that we reasonably believe 
Reddit.docx,14,Autor,docu 5,Moderator Guidelines for Healthy Communities
Reddit.docx,15,Autor,disc -1,"in its sole discretion, believes that such action or decision is not in the interest of Reddit or the Reddit community."
Reddit.docx,16,Autor,docu 6,"purchasing or using Reddit Premium or our Virtual Goods, you further agree to the Reddit Premium and Virtual Goods Agreement."
Reddit.docx,17,Autor,price_chg 0,"Reddit may change the fees or benefits associated with the Paid Services from time to time with reasonable advance notice of material changes; provided, however, that no advance notice will be required for temporary promotions, including temporary reductions in the fees associated with the Paid Services. Notwithstanding the foregoing, any price changes or changes to your subscription plans will apply no earlier than 30 days following notice to you."
Reddit.docx,18,Autor,docu 7,Brand Guidelines
Reddit.docx,19,Autor,uncle 2,Except to the extent prohibited by law
Reddit.docx,20,Autor,ind 0,", you agree to defend, indemnify, and hold Reddit, its affiliates, and their respective directors, officers, employees, affiliates, agents, contractors, third-party service providers, andlicensors (the “Reddit Entities”) harmless from and against any claim or demand made by any third party, and any related liability, damage, loss, and expense (including costs and attorneys’ fees) due to, arising out of, or in connection with: (a) your use of the Services, (b) your violation of these Terms, (c) your violation of applicable laws or regulations, or (d) Your Content. "
Reddit.docx,21,Autor,uncle 3,By using the Services you agree that the Reddit Entities’ liability is limited to the maximum extent permissible in your country of residence
Reddit.docx,22,Autor,ltd 0,Liability will be limited to foreseeable damages arising due to a breach of material contractual obligations typical for this type of contract. Reddit isn’t liable for damages that result from a non-material breach of any other applicable duty of care.
Reddit.docx,23,Autor,uncle 4,This limitation of liability will not apply to any statutory liability that cannot be limited
Reddit.docx,24,Autor,contr_chg -1,We may make changes to these Terms from time to time. 
Reddit.docx,25,Autor,docu 8-10,"If you use Reddit Premium or Virtual Goods, you must also agree to the Reddit Premium and Virtual Goods Agreement.If you use the self-service platform for advertising, you must also agree to our Reddit Advertising Platform Terms.If you use our public API, you must also agree to our Reddit API Terms of Use. If you use Reddit Gifts, you must agree to the Reddit Gifts User Agreement.If you use Reddit Embeds, you must agree to the Embeds Terms of Use."
Reddit.docx,26,Autor,acc_del 0,your Account may be deactivated due to prolonged inactivity.
Reddit.docx,27,Autor,uncle 5,To the fullest extent permitted by applicable law
Reddit.docx,28,Autor,acc_del -1; acc_sus -1,"we may suspend or terminate your Account, moderator status, or ability to access or use the Services at any time for any or no reason, including for violating these Terms or our Content Policy."
Reddit.docx,29,Autor,sever 0,"If any part of these Terms is held to be invalid or unenforceable, the unenforceable part will be given effect to the greatest extent possible, and the remaining parts will remain in full force and effect. "
Reddit.docx,30,Autor,tran -1,"You may not assign or transfer any rights or obligations under these Terms without Reddit’s prior written consent. Reddit may, without restriction, assign any of our rights and obligations under these Terms, at its sole discretion, with 30 days’ prior notice"
Slack.docx,0,Autor,docu 1,"User Terms, you agree to comply with the most recent version of our acceptable use policy, which is incorporated by reference into these User Terms. If you access or u"
Slack.docx,1,Autor,what,"a workspace (i.e. a unique domain where a group of users may access the Services, as further described in our Help Centre pages)"
Slack.docx,2,Autor,docu 2,Customer terms of service 
Slack.docx,3,Autor,as_is -1,"SLACK MAKES NO REPRESENTATIONS OR WARRANTIES OF ANY KIND, WHETHER EXPRESS OR IMPLIED, TO YOU RELATING TO THE SERVICES, WHICH ARE PROVIDED TO YOU ON AN ‘AS IS’ AND ‘ AS AVAILABLE’ BASIS."
Slack.docx,4,Autor,uncle 1,To the extent prohibited by applicable law
Slack.docx,5,Autor,"cnt_modr 0, acc_sus 0",We may directly step in and take what we determine to be appropriate action (including disabling your account) 
Slack.docx,6,Autor,ltd -1,"IN NO EVENT WILL YOU OR WE HAVE ANY LIABILITY TO THE OTHER FOR ANY LOST PROFITS OR REVENUES OR FOR ANY INDIRECT, SPECIAL, INCIDENTAL, CONSEQUENTIAL, COVER OR PUNITIVE DAMAGES HOWEVER CAUSED, WHETHER IN CONTRACT, TORT OR UNDER ANY OTHER THEORY OF LIABILITY, AND WHETHER OR NOT THE PARTY HAS BEEN ADVISED OF THE POSSIBILITY OF SUCH DAMAGES. UNLESS YOU ARE ALSO A CUSTOMER (AND WITHOUT LIMITATION TO OUR RIGHTS AND REMEDIES UNDER THE CONTRACT), YOU WILL HAVE NO FINANCIAL LIABILITY TO US FOR A BREACH OF THESE USER TERMS."
Slack.docx,7,Autor,ltd_cap -1,OUR MAXIMUM AGGREGATE LIABILITY TO YOU FOR ANY BREACH OF THE USER TERMS IS ONE HUNDRED US DOLLARS (USD $100) IN THE AGGREGATE.
Slack.docx,8,Autor,uncle 2,THE FOREGOING DISCLAIMERS WILL NOT APPLY TO THE EXTENT PROHIBITED BY APPLICABLE LAW
Slack.docx,9,Autor,uncle 3,To the maximum extent permitted by law
Slack.docx,10,Autor,uncle 4,"If however any consumer laws (e.g. in Australia, the Competition and Consumer Act 2010 (Cth)) do apply and cannot otherwise be lawfully excluded"
Slack.docx,11,Autor,contrary to Art. 61 of Polish Civil Code,A notice will be deemed to have been duly given
Slack.docx,12,Autor,docu 3,Privacy policy 
Slack.docx,13,Autor,contr_chg -1,"As our business evolves, we may change these User Terms or the acceptable use policy. If we make a material change to the User Terms or the acceptable use policy, we will provide you with reasonable notice prior to the change taking eﬀect either by emailing the email address associated with your account or by messaging you through the Services."
Slack.docx,14,Autor,sever 0,Severability
Slack.docx,15,Autor,uncle 5,enforced to the fullest extent permitted under applicable law
Slack.docx,16,Autor,uncle 6,to the fullest extent permitted by law
Slack.docx,17,Autor,tran -1,"You may not assign any of your rights or delegate your obligations under these User Terms, including the acceptable use policy, whether by operation of law or otherwise, without the prior written consent of us (not to be unreasonably withheld). We may assign these User Terms in their entirety (including all terms and conditions incorporated herein by reference), without your consent, to a corporate aﬃliate or in connection with a merger, acquisition, corporate reorganisation or sale of all or substantially all of our assets."
Slack.docx,18,Autor,c_law -1,"The User Terms, including the acceptable use policy, and any disputes arising out of or related hereto, will be governed exclusively by the same applicable governing law of the Contract, without regard to conﬂicts of laws rules or the United Nations Convention on the International Sale of Goods."
Slack.docx,19,Autor,c_forum -1,"The courts located in the applicable venue of the Contract will have exclusive jurisdiction to adjudicate any dispute arising out of or relating to the User Terms, including the acceptable use policy, or its formation, interpretation or enforcement.Each party hereby consents and submits to the exclusive jurisdiction of such courts. In any action or proceeding to enforce rights under the User Terms, the prevailing party will be entitled to recover its reasonable costs and solicitor’s fees."
Zalando.docx,0,Autor,what,"indywidualny proces zakupów i korzystania z usług dopasowanych do jego zainteresowań i potrzeb.Na www.zalando.pl i www.zalando-zircle.pl sprzedajemy artykuły Zalando, artykuły ﬁrm partnerskich i artykuły Zalando-Zircle (ubrania z drugiej ręki, także nazywane „artykuły Mody Pre-Owned”). Na stronie www.zalando- zircle.pl są oferowane jedynie artykuły Mody Pre-Owned"
Zalando.docx,1,Autor,tran -1,"Wyrażacie Państwo zgodę na przelew wierzytelności sprzedawcy o zapłatę ceny na rzecz pomiotu trzeciego, w tym na rzecz Zalando Payments GmbH."
Zalando.docx,2,Autor,acc_del 0,Zastrzegamy sobie prawo usuwania wielokrotnych rejestracji
moBILET.docx,0,Autor,what,System moBiLET - system autoryzacji i rozliczeń płatności mobilnych
moBILET.docx,1,Autor,what,"moBiLET Komunikacja – integralna część Systemu moBiLET, umożliwiająca zakup elektronicznego biletu i zalegalizowanie przejazdu środkami komunikacji miejskiej i podmiejskiej, dalekobieżnej, w tym kolejowej, za pomocą urządzenia mobilnego"
moBILET.docx,2,Autor,what,"moBiLET Parkowanie – integralna część Systemu moBiLET umożliwiająca rozliczanie rzeczywistego czasu postoju w strefach płatnego parkowania oraz na parkingach prywatnych, za pomocą urządzenia mobilnego"
moBILET.docx,3,Autor,core,"do realizacji Umowy konieczne jest podanie poprawnych i aktualnych danych osobowych, wykorzystywanych podczas korzystania z Sytemu moBiLET"
moBILET.docx,4,Autor,core,", Użytkownik jest ponadto zobowiązany na bieżąco aktualizować swoje dane osobowe w Systemie moBiLET, niezwłocznie po zaistniałej zmianie"
moBILET.docx,5,Autor,"acc_sus 0, but the lack of notice period is justified here","W razie zgłoszenia przez Użytkownika sytuacji wskazanej w pkt. 4 i/lub 5 powyżej, Konto Użytkownika zostanie natychmiast zablokowane"
moBILET.docx,6,Autor,acc_sus 0,moBILET jest ponadto upoważniony w takich przypadkach do zablokowania Konta Użytkownika
moBILET.docx,7,Autor,core,"moBiLET zobowiązany jest zapewnić ciągły dostęp do Systemu moBiLET poprzez Portal Użytkownika oraz Aplikację, jak i zapewnić bezpieczeństwo realizowanych za ich pomocą transakcji"
moBILET.docx,8,Autor,core,moBiLET zobowiązany jest do realizacji transakcji dokonywanych przez Użytkowników w ramach Systemu moBiLET
moBILET.docx,9,Autor,ltd 0,"moBiLET nie ponosi odpowiedzialności za jakiekolwiek szkody poniesione przez Użytkownika w wyniku funkcjonowania Urządzeń, z których Użytkownik realizuje transakcje. Urządzenia muszą spełniać wymogi i standardy przewidziane dla sieci telekomunikacyjnej, w której są wykorzystywane i użytkowane zgodnie z zaleceniami producenta. moBiLET nie ponosi również odpowiedzialności względem Użytkownika niebędącego osobą fizyczną korzystającą z Systemu moBiLET w celu niezwiązanym bezpośrednio z jej działalnością zawodową lub gospodarczą za jakiekolwiek szkody poniesione przez Użytkownika wskutek użycia Aplikacji, jak również korzystania z Systemu moBiLET chyba, że szkoda wynikła z winy umyślnej moBiLET.moBiLET nie ponosi odpowiedzialności za funkcjonowanie interfejsów oraz łączy telekomunikacyjnych, które nie są jego własnością lub nie są przez niego obsługiwane, w szczególności interfejsów służących do wykonywania transakcji przez Użytkownika"
moBILET.docx,10,Autor,acc_sus 1,"moBiLET zastrzega sobie prawo do czasowego zawieszenia działania Systemu moBiLET, w szczególności w celu przeprowadzenia koniecznej   konserwacji,   dokonania   zmian   lub   zapobieżenia   ewentualnym   szkodom. O zawieszeniu działalności moBiLET zobowiązany jest poinformować Użytkowników"
moBILET.docx,11,Autor,"acc_sus 0, sometimes immediate account suspension (without notice period) might be desired, for example, to protect other users against spam or uploading harmful or infringing others’ rights content","W przypadku, gdy moBILET poweźmie uzasadnione podejrzenie, iż Konto Użytkownika jest lub może zostać wykorzystane do nadużyć, lub niezgodnie z obowiązującymi przepisami prawa, lub z postanowieniami Umowy, moBiLET zastrzega sobie prawo do zablokowania Konta Użytkownika"
moBILET.docx,12,Autor,what,"System   moBiLET   umożliwia   Użytkownikowi   zalegalizowanie   przejazdu   środkami   komunikacji   miejskiej i podmiejskiej, przejazdu środkami komunikacji dalekobieżnej, w tym kolejowej poprzez zakup biletu w postaci zapisu elektronicznego oraz jego obsługę na Urządzeniu. Wybór organizatora, przewoźnika, rodzaju biletu, ilości biletów, relacji oraz odpowiedniej taryfy, następuje za pośrednictwem Aplikacji i wymaga weryfikacji szczegółów danego biletu przez Użytkowania. Użytkownik otrzyma potwierdzenie na swoje Urządzenie, które będzie zawierać wszystkie informacje dotyczące rodzaju biletu, czasu, ważności, itp"
moBILET.docx,13,Autor,what,"System moBiLET umożliwia Użytkownikowi zalegalizowanie postoju w strefie płatnego parkowania oraz na parkingach prywatnych, poprzez rozpoczęcie, przedłużenie oraz zakończenie naliczania rzeczywistego czasu postoju za pomocą Aplikacji. Wybór miasta, strefy, parkingu, maksymalnego czasu naliczania oraz numeru rejestracyjnego pojazdu, następuje za pośrednictwem Aplikacji i wymaga weryfikacji szczegółów danego postoju przez Użytkowania. Użytkownik otrzyma potwierdzenie na swoje Urządzenie, które będzie zawierać wszystkie informacje dotyczące miasta, strefy, czasu ważności itp."
moBILET.docx,14,Autor,"previously it was stated that „do realizacji Umowy konieczne jest podanie poprawnych i aktualnych danych osobowych, wykorzystywanych podczas korzystania z Sytemu moBiLET”","iż dane osobowe zbierane podczas rejestracji w Systemie moBiLET są wykorzystywane tylko i wyłącznie dla potrzeb niezbędnych do Rejestracji Użytkownika w Systemie moBiLET oraz realizacji Umowy, zaś ich podanie podczas Rejestracji jest dobrowolne, lecz niezbędne do realizacji umowy"
moBILET.docx,15,Autor,contr_chg -1,moBiLET jest uprawniony do jednostronnego wprowadzenia zmian lub uzupełnień w każdym czasie w niniejszym Regulaminie
moBILET.docx,16,Autor,docu,odpowiedniego regulaminu
moBILET.docx,17,Autor,"no c_law, as the choice of Polish law refers only to users in Poland","We wszystkich sprawach dotyczących korzystania z Systemu moBiLET nieuregulowanych niniejszym Regulaminem zastosowanie mają odpowiednie przepisy powszechnie obowiązującego prawa na terytorium Rzeczpospolitej Polskiej.Niniejszy Regulamin nie ma zastosowania na terenie innych krajów, gdzie System moBiLET jest dostępny. W takim przypadku obowiązuje oddzielny regulamin, którego zapisy dostosowane są do regulacji obowiązujących w danym kraju"
Twitter.docx,0,Autor,docu 1,Privacy Policy (https://www.twitter.com/privacy) 
Twitter.docx,1,Autor,cnt_del 0; cnt_modr 0,"We reserve the right to remove Content that violates the User Agreement, including for example, copyright or trademark violations or other intellectual property misappropriation, impersonation, unlawful conduct, or harassment. Information regarding speciﬁc policies and the process for reporting or appealing violations can be found in our Help Center (https://help.twitter.com/en/rules-and-policies/twitter-report-violation#speciﬁc- violations and https://help.twitter.com/en/managing-your-account/suspended-twitter-accounts)."
Twitter.docx,2,Autor,ip -1,"By submitting, posting or displaying Content on or through the Services, you grant us a worldwide, non- exclusive, royalty-free license (with the right to sublicense) to use, copy, reproduce, process, adapt, modify, publish, transmit, display and distribute such Content in any and all media or distribution methods now known or later developed (for clarity, these rights include, for example, curating, transforming, and translating). This license authorizes us to make your Content available to the rest of the world and to let others do the same. You agree that this license includes the right for Twitter to provide, promote, and improve the Services and to make Content submitted to or through the Services available to other companies, organizations or individuals for the syndication, broadcast, distribution, Retweet, promotion or publication of such Content on other media and services, subject to our terms and conditions for such Content use. Such additional uses by Twitter, or other companies, organizations or individuals, is made with no compensation paid to you with respect to the Content that you submit, post, transmit or otherwise make available through the Services as the use of the Services by you is hereby agreed as being sufﬁcient compensation for the Content and grant of rights herein."
Twitter.docx,3,Autor,serv_chg -1,"Our Services evolve constantly. As such, the Services may change from time to time, at our discretion. We may stop (permanently or temporarily) providing the Services or any features within the Services to you or to users generally. We also retain the right to create limits on use and storage at our sole discretion at any time. "
Twitter.docx,4,Autor,cnt_del -1; acc_sus -1; acc_del -1,"We may also remove or refuse to distribute any Content on the Services, limit distribution or visibility of any Content on the service, suspend or terminate users, and reclaim usernames without liability to you. Twitter may offer certain services or features for a fee; by paying for or using one of these services, you agree to any additional terms applicable to that service"
Twitter.docx,5,Autor,docu 2-3,"our Developer Agreement (https://developer.twitter.com/en/developer-terms/agreement) and DeveloperPolicy (https://developer.twitter.com/en/developer-terms/policy). If you want to reproduce, modify, create "
Twitter.docx,6,Autor,docu 4,Vulnerability Reporting Program 
Twitter.docx,7,Autor,docu 5,"If you use advertising features of the Services, you must agree to our Twitter Master Services Agreement (https://ads.twitter.com/terms)."
Twitter.docx,8,Autor,docu 6,"If you use Super Hearts, Coins, or Stars on Periscope, you agree to our Super Hearts Terms (https://legal.twitter.com/en/periscope/super/terms.html)."
Twitter.docx,9,Autor,sugg 0,"Any feedback, comments, or suggestions you may provide regarding Twitter, or the Services is entirely voluntary and we will be free to use such feedback, comments or suggestions as we see ﬁt and without any obligation to you."
Twitter.docx,10,Autor,acc_sus -1; acc_del -1,"We may suspend or terminate your account or cease providing you with all or part of the Services at any time for any or no reason, including"
Twitter.docx,11,Autor,docu 7-8,the Twitter Rules and Policies or Periscope Community Guidelines
Twitter.docx,12,Autor,disc -1,) our provision of the Services to you is no longer commercially viable
Twitter.docx,14,Autor,uncle,limited to the maximum extent permissible in your country of residence.
Twitter.docx,13,Autor,ltd 0,"By using the Services you agree that Twitter, its parents, afﬁliates, related companies, ofﬁcers, directors, employees, agents representatives, partners and licensors, liability is limited to the maximum extent permissible in your country of residence."
Twitter.docx,15,Autor,contr_chg -1,"We may revise these Terms from time to time. The changes will not be retroactive, and the most current version of the Terms, which will always be at twitter.com/tos, will govern our relationship with you. Other than for changes addressing new functions or made for legal reasons, we will "
Twitter.docx,16,Autor,sever 0,"In the event that any provision of these Terms is held to be invalid or unenforceable, then that provision will be limited or eliminated to the minimum extent necessary, and the remaining provisions of these Terms will remain in full force and eﬀect. Twitter’s failure to enforce any right or provision of these Terms will not be deemed a waiver of such right or provision."
ABEMA.docx,0,Autor,docu,"In order to ensure the smooth operation of the Service, the guidelines, precautions, and other rules and regulations regarding the use of the Service that are separately stipulated by Abema within the Service as necessary shall be incorporated as part of these Terms and Conditions"
ABEMA.docx,1,Autor,docu 1,Privacy Policy.
ABEMA.docx,2,Autor,disc -1,If necessary
ABEMA.docx,3,Autor,serv_chg -1,"If necessary, we may add new services to the Service, change the contents or name of the Service, and the User shall use the Service upon prior consent to these changes."
ABEMA.docx,4,Autor,recom 0,"Providing program recommendations, behavioral targeting advertisements and other optimal information based on the age, occupation, gender, hobbies and preferences of the User."
ABEMA.docx,5,Autor,cnt_retr -1,will not respond to requests to return such information
ABEMA.docx,6,Autor,price_chg 0,"We may at our discretion, change the price of any feature of the Service that is free or charged. "
ABEMA.docx,7,Autor,contr_chg -1,Users shall agree in advance that Abema may change the terms of use of the Contents as necessary
ABEMA.docx,8,Autor,disc -1,as necessary 
ABEMA.docx,9,Autor,disc -1,Abema may take measures deemed necessary
ABEMA.docx,10,Autor,disc -1,Any other acts deemed inappropriate by Abema.
ABEMA.docx,12,Autor,acc_sus 0,we may suspend the use of all or part of the Service
ABEMA.docx,11,Autor,cnt_modr 0,"In the event that we deem that a User has engaged in any of the prohibited activities set forth in the preceding paragraph, we may suspend the use of all or part of the Service, restrict the use of the Service, or take any other measures deemed appropriate by us."
ABEMA.docx,13,Autor,disc -1,Other cases where we deem it unavoidable.
ABEMA.docx,14,Autor,as_is -1,"We do not warrant the legality, accuracy, appropriateness, validity, morality, or existence of rights or licensing with respect to any information contained in the Service."
ABEMA.docx,15,Autor,ltd -1,"We shall, in the event that the content of the advertisement information delivered through the Service violates the rights of the User or third parties, or in the event disputes arises due to infringement of the rights, we shall not be liable for such infringement or disputes, except in cases of willful misconduct or gross negligence on our part.We shall not be liable for any and all damages (including, but not limited to, damages resulting from loss of information, etc.) incurred by the User due to the suspension, discontinuation, or termination of the Service in accordance with Article8, Paragraph 1, or changes to the Service in accordance with Article 1, Paragraph 2, except in cases where we were intentionally or grossly negligent.We shall not be liable for any damages arising from the environment of the communication terminal, line, software, etc. used by the User, or by computer virus infection, etc. In addition, we may notify the User about the relevant environment, etc. by the method separately determined.We shall not be liable for any damages incurred by the User arising from the use of the Service other than those listed in the preceding paragraphs, except in cases where we were intentionally or grossly negligent."
ABEMA.docx,16,Autor,contr_chg -1,We may revise these Terms and Conditions at any time.
ABEMA.docx,17,Autor,c_forum -1,All lawsuits and other disputes relating to these Terms and Conditions shall be subject to the exclusive jurisdiction of the Tokyo Summary Court or the Tokyo District Court in the ﬁrst instance.
ABEMA.docx,18,Autor,c_law -1,These Terms and Conditions shall be governed by Japanese law and construed in accordance with the Japanese law.
Zoom.docx,0,Autor,Serv_chg -1,"Zoom may, in its sole discretion, discontinue the Services or modify the features of the Services from time to time without prior notice"
Zoom.docx,1,Autor,against Article 8 (1)(d) Directive 2019/770,Zoom makes no representations that a Beta version will ever be made generally available and reserves the right to discontinue or modify a Beta version at any time without notice.
Zoom.docx,2,Autor,ltd -1; pato,"(c) any loss or damage of any kind incurred as a result of the use of, access to, or denial of access to Content."
Zoom.docx,3,Autor,cnt_del 0; cnt_modr 0,"Although Zoom is not responsible for any Content, Zoom may delete any Content, at any time without notice to You, if Zoom becomes aware that it violates any provision of this Agreement, or any law"
Zoom.docx,4,Autor,cnt_del 0; acc_del 0,removing the content or terminating accounts and/or User proﬁles
Zoom.docx,5,Autor,docu 1,Zoom’s Privacy Statement
Zoom.docx,6,Autor,acc_del 0,Your access may be terminated without warning if we believe that You are under the age of 16 or are otherwise ineligible.
Zoom.docx,7,Autor,price_chg 0,". Zoom may change prices at any time, including changing from a free service to a paid service and charging for Services that were previously oﬀered free of charge; provided, however, that Zoom will provide you with prior notice and an opportunity to terminate Your Account if Zoom changes the price of a Service to which you are subscribed and will not charge you for a previously free Service unless you have been notiﬁed of the applicable fees and agreed to pay such fees. "
Zoom.docx,8,Autor,may infringe Annex 1(d) Directive 93/13,"If you cancel, you will not receive a refund for any service already paid for."
Zoom.docx,10,Autor,may infringe Annex 1(d) Directive 93/13,and retain any fees previously paid by You
Zoom.docx,9,Autor,acc_del 0,"If You fail to comply with any provision of this Agreement, Zoom may terminate this Agreement immediately and retain any fees previously paid by You."
Zoom.docx,11,Autor,pato,"If at any time You are not happy with the Services, Your sole remedy is to cease using the Services and follow this termination process."
Zoom.docx,12,Autor,as_is -1,"YOU UNDERSTAND AND AGREE THAT THE SERVICES ARE PROVIDED “AS IS” AND ZOOM, ITS AFFILIATES, SUPPLIERS AND RESELLERS EXPRESSLY DISCLAIM ALL WARRANTIES OF ANY KIND, EXPRESS OR IMPLIED"
Zoom.docx,13,Autor,ltd -1,YOU WILL BE SOLELY RESPONSIBLE FOR ANY DAMAGE TO YOU RESULTING FROM THE USE OF THE SERVICES
Zoom.docx,14,Autor,ind 0,"You agree to indemnify, defend and hold harmless Zoom, its aﬃliates, oﬃcers, directors, employees, consultants, agents, suppliers and Resellers from any and all third party claims, liability, damages and/or costs (including, but not limited to, attorneys’ fees) arising from Your use of the Services, Your violation of this Agreement or the infringement or violation by You or any other user of Your account, of any intellectual property or other right of any person or entity or applicable law"
Zoom.docx,15,Autor,uncle 1,TO THE MAXIMUM EXTENT PERMITTED BY APPLICABLE LAW
Zoom.docx,16,Autor,ltd -1,"IN NO EVENT WILL ZOOM OR ITS AFFILIATES, SUPPLIERS OR RESELLERS BE LIABLE FOR ANY SPECIAL, INCIDENTAL, INDIRECT, EXEMPLARY OR CONSEQUENTIAL DAMAGES WHATSOEVER (INCLUDING, WITHOUT LIMITATION, DAMAGES FOR LOSS OF BUSINESS PROFITS, BUSINESS INTERRUPTION, LOSS OF BUSINESS INFORMATION, OR ANY OTHER PECUNIARY LOSS OR DAMAGE) ARISING OUT OF THE USE OF OR INABILITY TO USE THE SERVICES OR THE PROVISION OF OR FAILURE TO PROVIDE TECHNICAL OR OTHER SUPPORT SERVICES, WHETHER ARISING IN TORT (INCLUDING NEGLIGENCE) CONTRACT OR ANY OTHER LEGAL THEORY, EVEN IF ZOOM, ITS AFFILIATES, SUPPLIERS OR RESELLERS HAVE BEEN ADVISED OF THE POSSIBILITY OF SUCH DAMAGES"
Zoom.docx,17,Autor,ltd_cap -1,"IN ANY CASE, ZOOM’S, ITS AFFILIATES’, SUPPLIERS’ AND RESELLERS’ MAXIMUM CUMULATIVE LIABILITY AND YOUR EXCLUSIVE REMEDY FOR ANY CLAIMS ARISING OUT OF OR RELATED TO THIS AGREEMENT WILL BE LIMITEDTO THE AMOUNT ACTUALLY PAID BY YOU FOR THE SERVICES (IF ANY) IN THE TWELVE (12) MONTHS PRECEDING THE EVENT OR CIRCUMSTANCES GIVINGRISE TO SUCH CLAIMS"
Zoom.docx,18,Autor,uncle 2,"Because some states and jurisdictions do not allow the exclusion or limitation of liability, the above limitation may not apply to You"
Zoom.docx,19,Autor,arb 0,"If You are located in the United States, You agree to resolve disputes only on an individual basis, through arbitration pursuant to the provisions of Exhibit A"
Zoom.docx,20,Autor,class 0,"The parties expressly waive any right to bring any action, lawsuit, or proceeding as a class or collective action, private attorney general action, or any other proceeding in which any party acts or proposes to act in a representative capacity"
Zoom.docx,21,Autor,docu 2,Zoom Global Data Processing Addendum 
Zoom.docx,22,Autor,c_law -1,"This Agreement shall be governed by and construed under the laws of the State of California, U.S.A., as applied to agreements entered into and to be performed in California by California residents"
Zoom.docx,23,Autor,c_forum -1,"Except as provided in Exhibit A, the Parties consent to the exclusive jurisdiction and venue of the state courts located in and serving Santa Clara County, California and the federal courts in the Northern District of California"
Zoom.docx,25,Autor,inter -1,that provision will be amended to achieve as nearly as possible the same economic eﬀect of the original provision 
Zoom.docx,24,Autor,sever 0,". If any provision of this Agreement is held by a court of competent jurisdiction to be illegal, invalid or unenforceable, that provision will be amended to achieve as nearly as possible the same economic eﬀect of the original provision and the remainder of this Agreement will remain in full force and eﬀect"
Zoom.docx,26,Autor,contr_chg -1,Zoom may elect to change or supplement the terms of this Agreement from time to time at its sole discretion
Yanosik.docx,0,Autor,core,Niniejszy regulamin określa zakres i warunki wykonywania przez Neptis usługi dostępu do systemu Yanosik.
Yanosik.docx,1,Autor,what,Usługa – pakiet transmisji danych umożliwiający dostęp do systemu Yanosik na terenie Polski
Yanosik.docx,2,Autor,what,System Yanosik – teleinformatyczny system wymiany informacji drogowej pomiędzy Użytkownikami oparty na technologiach GPS i GPRS.
Yanosik.docx,3,Autor,core,"W ramach świadczonych usług Neptis jest uprawniony do pobierania, gromadzenia i dysponowania, w tym udostępniania, danych zebranych z urządzeń w oparciu o system teleinformatyczny Neptis, zgodnie z dodatkowymi funkcjami urządzeń GPS nie stanowiącymi treści usługi z zastrzeżeniem iż w ramach powyższych czynności nie będzie następowała identyﬁkacja podmiotu generującego dane."
Yanosik.docx,4,Autor,what,Poprzez Usługę Yanosik w myśl niniejszego Regulaminu rozumie się umożliwienie Użytkownikom wymiany informacji drogowych w czasie rzeczywistym z innymi Użytkownikami systemu Yanosik za pomocą Terminala.
Yanosik.docx,5,Autor,serv_chg -1,"Neptis może modyﬁkować zakres oferowanych usług bez konieczności zmiany Regulaminu, przy czym zakres ten nie może być węższy niż powyżej."
Yanosik.docx,7,Autor,may infringe Annex 1(d) Directive 93/13,bez obowiązku zwrotu całości lub części opłaty 
Yanosik.docx,8,Autor,disc -1,"wykorzystywania przez Użytkownika Usługi niezgodnie z jej przeznaczeniem,"
Yanosik.docx,6,Autor,acc_del 0,"Neptis ma prawo rozwiązać Umowę i zaprzestać świadczenia Usługi bez obowiązku zwrotu całości lub części opłaty w następujących przypadkach:stwierdzenia naruszenia przez Użytkownika postanowień Regulaminu, Umowy, bądź przepisów prawa,wykorzystywania przez Użytkownika Usługi niezgodnie z jej przeznaczeniem,Użytkownik wykorzystuje usługę niezgodnie z przepisami prawa."
Yanosik.docx,9,Autor,price_chg -1,"Zmiany dotyczące opłat za usługi będą obowiązywać aktualnych Użytkowników po upływie ich okresu ważności. Pozostałe zmiany obowiązują od dnia wejścia ich w życie.Zmiany cen usług nie stanowią zmiany warunków Umowy i nie wymagają jej wypowiedzenia, ani zmiany."
Yanosik.docx,11,Autor,uncle 1,"innych okoliczności, za które w myśl przepisów kodeksu cywilnego zobowiązany do świadczenia nie ponosi odpowiedzialności"
Yanosik.docx,12,Autor,ltd_cap -1,ograniczona jest do wysokości poniesionej wpłaty.
Yanosik.docx,10,Autor,ltd -1,"Neptis nie ponosi odpowiedzialności:w przypadku nie zapewnienia przez Użytkownika pojazdu wyposażonego w poprawnie funkcjonujące źródło zasilaniawobec Użytkownika za szkody powstałe w związku z niewykonaniem bądź nienależytym wykonaniem niniejszej Umowy, wyłącznie na zasadzie winy umyślnej,za brak dostępu do Usług wynikający z przyczyn od niego niezależnych,za szkody wynikłe z niewykonania lub nienależytego wykonania Usługi będących następstwem w szczególności:siły wyższej rozumianej jako zdarzenie nadzwyczajne, zewnętrzne, któremu nie można było zapobiec,nieprawidłowego lub niepełnego funkcjonowania systemów zewnętrznych z którymi współpracuje system a mianowicie miedzy innymi GPS, GPRS (transmisja danych z wykorzystaniem sieci telefonii komórkowych),utratę przez Użytkownika danych spowodowanych działaniem czynników zewnętrznych (np. awaria sprzętu, oprogramowania, itd.) lub też innymi okolicznościami niezależnymi od Usługodawcy (działanie osób trzecich),prowadzonych stosownie do postanowień niniejszego Regulaminu prac konserwacyjnych,korzystania przez Użytkowników z usług w sposób sprzeczny z Regulaminem lub przepisami prawa,braku ciągłości dostarczania Usług, będące następstwem okoliczności, za które Neptis nie ponosi odpowiedzialności,innych okoliczności, za które w myśl przepisów kodeksu cywilnego zobowiązany do świadczenia nie ponosi odpowiedzialności.wobec osób trzecich, którym Użytkownik udostępnił korzystanie z usługi Yanosik,za szkody powstałe w związku z udostępnieniem bądź korzystaniem z usług przez osoby trzecie, w szczególności z tytułu wykorzystania danych przez osoby nieuprawnione lub w celu niezgodnym z przeznaczeniem systemu.Odpowiedzialność Neptis dotyczy jedynie szkody rzeczywistej, a nie obejmuje utraconych przez Użytkownika korzyści i ograniczona jest do wysokości poniesionej wpłaty.W przypadku niewywiązania się bądź nienależytego wywiązania się z postanowień Umowy, z wyłączeniem sytuacji, za które Neptis nie ponosi odpowiedzialności, na pisemny wniosek Użytkownika Neptis może przyznać odszkodowanie."
Yanosik.docx,13,Autor,but the definition of a user excludes consumers,Użytkownik będący konsumentem
Yanosik.docx,14,Autor,com_sys 0,"Użytkownik jest uprawniony do składania reklamacji w sprawach dotyczących usług.Reklamacje dotyczące usług świadczonych na podstawie niniejszego Regulaminu należy zgłaszać w formie pisemnej listem skierowanym do Działu Reklamacji na następujący adres Neptis S.A., Dział Reklamacji ul. Perkuna 25, 61-615 Poznań lub na adres mailowy serwis@yanosik.pl."
Yanosik.docx,15,Autor,contr_chg -1,Neptis ma prawo do jednostronnej zmiany Regulaminu. Zmiany Regulaminu wchodzą w życie po upływie 7 dni od daty umieszczenia zmienionego Regulaminu w witrynie WWW o następującym adresie www.Yanosik.pl.
Yanosik.docx,16,Autor,c_law -1,Regulamin oraz Umowy o świadczenie usługi podlegają prawu polskiemu.
Yanosik.docx,17,Autor,c_forum -1,Właściwym do rozstrzygania sporów powstałych na gruncie Regulaminu bądź umów o świadczenie usługi jest sąd powszechny właściwy miejscowo dla siedziby Neptis.
Dropbox.docx,0,Autor,docu 1,Privacy Policy 
Dropbox.docx,1,Autor,docu 2,Acceptable Use Policy 
Dropbox.docx,2,Autor,what,"Our Services also provide you with features like commenting, sharing, searching, image thumbnails, document previews, optical character recognition (OCR), easy sorting and organization, and personalization to help reduce busywork."
Dropbox.docx,3,Autor,ip 1,"To provide these and other features, Dropbox accesses, stores, and scans Your Stuﬀ. You give us permission to do those things, and this permission extends to our aﬀiliates and trusted third parties we work with."
Dropbox.docx,4,Autor,uncle 1,only as permitted by applicable law
Dropbox.docx,5,Autor,uncle 2,If the law where you reside
Dropbox.docx,6,Autor,serv_chg -1,which may update automatically
Dropbox.docx,7,Autor,uncle 3,Unless the following restrictions are prohibited by law
Dropbox.docx,8,Autor,sugg 0,"Beta Services are made available so that we can collect user feedback, and by using our Beta Services, you agree that we may contact you to collect such feedback."
Dropbox.docx,9,Autor,serv_chg -1,"However, these free features may be withdrawn without further notice."
Dropbox.docx,10,Autor,docu 3,Copyright Policy
Dropbox.docx,12,Autor,cnt_del 0,delete
Dropbox.docx,11,Autor,cnt_modr 0,We reserve the right to delete or disable content allegedto be infringing and terminate accounts of repeat infringers
Dropbox.docx,13,Autor,uncle 4,"Some countries have mandatory local laws regarding your cancellation rights, and this paragraph doesn’t override these laws."
Dropbox.docx,14,Autor,uncle 5,. Refunds are only issued if required by law
Dropbox.docx,15,Autor,acc_sus 0; acc_del 0,"If you don’t pay for your Paid Account on time, we reserve the right to suspend it or remove Paid Account features."
Dropbox.docx,17,Autor,cnt_retr 1,and give you the opportunity to export Your Stuﬀ from our Services
Dropbox.docx,16,Autor,cnt_modr 0; acc_sus 1; acc_del 1,"You’re free to stop using our Services at any time. We reserve the right to suspend or terminate your access to the Services with notice to you if:you’re in breach of these Terms,your use of the Services would cause a real risk of harm or loss to us or other users, oryou don’t have a Paid Account and haven't accessed our Services for 12 consecutive months.We’ll provide you with reasonable advance notice via the email address associated with your account to remedy the activity that prompted us to contact you and give you the opportunity to export Your Stuﬀ from our Services. If after such notice you fail to take the steps we ask of you, we’ll terminate or suspend your access to the Services."
Dropbox.docx,19,Autor,"cnt_retr 0; 0, because in other cases (as above) the right to retrieve the digital content after contract's termination is ensured",or an opportunity to export Your Stuﬀ 
Dropbox.docx,18,Autor,"acc_sus 0; acc_del 0; sometimes immediate account suspension (without notice period) might be desired, for example, to protect other users against spam or uploading harmful or infringing others’ rights content, as explained here","We won’t provide notice or an opportunity to export Your Stuﬀ before termination or suspension of access to the Services where:you’re in material breach of these Terms,doing so would cause us legal liability or compromise our ability to provide the Services to our other users, orwe're prohibited from doing so by law."
Dropbox.docx,20,Autor,cnt_retr 1,you can export Your Stuﬀ from our systems 
Dropbox.docx,21,Autor,uncle 6,. TO THE FULLEST EXTENT PERMITTED BY LAW
Dropbox.docx,22,Autor,as_is -1,"THE SERVICES ARE PROVIDED ""AS IS."""
Dropbox.docx,23,Autor,uncle 7,"Some places don’t allow the disclaimers in this paragraph, so they may not apply to you."
Dropbox.docx,24,Autor,uncle 8,WE DON’T EXCLUDE OR LIMIT OUR LIABILITY TO YOU WHERE IT WOULD BE ILLEGAL TO DO SO
Dropbox.docx,25,Autor,uncle 9,IN COUNTRIES WHERE THE FOLLOWING TYPES OF EXCLUSIONS AREN’T ALLOWED
Dropbox.docx,26,Autor,uncle 10,THIS PARAGRAPH DOESN’T AFFECT CONSUMER RIGHTS THAT CAN'T BE WAIVED OR LIMITED BY ANY CONTRACT OR AGREEMENT
Dropbox.docx,27,Autor,ltd 0,"IF YOU ARE AN EU OR UK CONSUMER, THESE TERMS DO NOT EXCLUDE DROPBOX’S LIABILITY FOR LOSSES AND DAMAGES THAT ARE A RESULT OF OUR FAILURE TO USE REASONABLE CARE AND SKILL IN PROVIDING THE SERVICES OR OF OUR BREACH OF OUR CONTRACT WITH YOU, AS LONG AS THOSE LOSSES AND DAMAGES ARE REASONABLY FORESEEABLE."
Dropbox.docx,28,Autor,uncle 11,IN COUNTRIES WHERE EXCLUSIONS OR LIMITATIONS OF LIABILITY ARE ALLOWED
Dropbox.docx,29,Autor,uncle 12,OTHER THAN FOR THE TYPES OF LIABILITY WE CANNOT LIMIT BY LAW 
Dropbox.docx,30,Autor,ltd_cap -1,WE LIMIT OUR LIABILITY TO YOU TO THE GREATER OF$20 USD OR 100% OF ANY AMOUNT YOU'VE PAID UNDER YOUR CURRENT SERVICE PLAN WITH DROPBOX
Dropbox.docx,31,Autor,uncle 13,THIS PROVISION DOES NOT APPLY TO EU CONSUMERS WHERE PROHIBITED BY APPLICABLE LAW
Dropbox.docx,32,Autor,c_forum -1,"You and Dropbox agree that any judicial proceeding to resolve claims relating to these Terms or the Services will be brought in the federal or state courts of San Francisco County, California"
Dropbox.docx,33,Autor,uncle 14,"If you reside in a country (for example, a member state of the European Union) with laws that give consumers the right to bring disputes in their local courts, this paragraph doesn’t aﬀect those requirements."
Dropbox.docx,34,Autor,arb 0,"IF YOU’RE A U.S. RESIDENT, YOU ALSO AGREE TO THE FOLLOWING MANDATORY ARBITRATION PROVISIONS:"
Dropbox.docx,35,Autor,class 0,NO CLASS OR REPRESENTATIVE ACTIONS. 
Dropbox.docx,36,Autor,c_law -1,These Terms will be governed by California law except for its conﬂicts of laws principles. 
Dropbox.docx,37,Autor,uncle 15,"However, some countries (including those in the European Union) have laws that require agreements to be governed by the local laws of the consumer's country. This paragraph doesn’t override those laws."
Dropbox.docx,38,Autor,sever 0,"If a provision is found unenforceable, the remaining provisions of the Terms will remain in full eﬀect"
Dropbox.docx,39,Autor,tran -1,"You may not assign any of your rights under these Terms, and any such attempt will be void. Dropbox may assign its rights to any of its aﬀiliates or subsidiaries, or to any successor in interest of any business associated with the Services."
Dropbox.docx,40,Autor,"contr_chg 0, as 3. refers to ser_chg, which is -1","We may revise these Terms from time to time to better reﬂect:changes to the law,new regulatory requirements, orimprovements or enhancements made to our Services.If an update aﬀects your use of the Services or your legal rights as a user of our Services, we’ll notify you prior to the update's eﬀective date by sending an email to the email address associated with your account or via an in-product notiﬁcation. These updated terms will be eﬀective no less than 30 days from when we notify you."
Tidal.docx,0,Autor,docu 1,Privacy Policy 
Tidal.docx,1,Autor,contr_chg -1,"TIDAL may, in its discretion, make changes to the Agreement. "
Tidal.docx,2,Autor,acc_sus 0,"If TIDAL reasonably believes that you have not told us your true age, we may suspend your use of the Services until you have provided us with acceptable proof of age. "
Tidal.docx,3,Autor,acc_sus 0; acc_del 0,"TIDAL reserves the right to suspend or remove your account or prohibit your use of the Services, without responsibiliy or liabiliy to you, if we reasonably believe there may have been a breach of securiy on your account or if activities occur on your account that we reasonably believe seriously breach the Agreement."
Tidal.docx,4,Autor,acc_del 0,"If TIDAL determines, in its absolute discretion, that you have utilized more than one free trial, TIDAL reserves the right to terminate your access to the Services, Service Content, and/or the Agreement."
Tidal.docx,5,Autor,price_chg 0,The duration and cost of Subscriptions are set by TIDAL in its sole discretion.
Tidal.docx,7,Autor,uncle 1,", unless otherwise required by law "
Tidal.docx,6,Autor,may infringe Annex 1(d) Directive 93/13,"Refund Policy. We will not refund any fees paid to us, including any advance charge(s) or payment(s) for any subscription term for the Services, unless otherwise required by law or the terms of this Agreement."
Tidal.docx,8,Autor,may infringe Annex 1(n) Directive 93/13,"The Services provides a platform for Third pary applications, websites, platforms and services to make available products and services to you (“Third pary applications”), and your use of these Third pary applications is subject to their respective terms of use and privacy policies. You should contact the administrator or webmaster for those Third Pary Application if you have any concerns regarding such Third Pary Application or any content located on such Third Pary Application. You understand and agree that TIDAL is not responsible or liable for the behavior, features, or content of any Third Pary Application and does not make any representations regarding the behavior, features, content or accuracy of materials on any Third Pary Application. "
Tidal.docx,9,Autor,cnt_modr 0; acc_sus 0; acc_del 0; cnt_del 0,"If TIDAL, in its reasonable discretion, thinks you have breached the Terms, or has reasonable grounds to believe that you are likely to breach these Terms, we may take any action we think is necessary to protect the Services and the Service Content. We may:(a) restrict, suspend, or (in the case of serious breaches) terminate your right to use the Services; (b) remove your User content (as deﬁned below) from the Services; (c) investigate and take legal proceedings against you; or (d) disclose any information to law enforcement authorities we think is necessary or as required by law. These actions are notlimited and we may take any other action we reasonably deem appropriate."
Tidal.docx,10,Autor,ip -1; shad_ip,"By submitting any User content on or through the Services, you grant to TIDAL the right to (and to permit TIDAL’s subcontractors to) store, display, stream, reproduce, promote, publicly perform, create and use derivative works of, distribute and otherwise exploit the User content on or through the Services via any and all devices known or devised in the future. For the avoidance of doubt, to the extent you use the Edit Functionaliy to create a Remix, you acknowledge and agree that you own no right, title or interest therein and that any such Remix shall not be considered your User content hereunder."
Tidal.docx,11,Autor,cnt_del -1,"We may reject, refuse to post or delete any User content for any or no reason"
Tidal.docx,12,Autor,disc -1,in TIDAL’s reasonable opinion
Tidal.docx,13,Autor,sugg 0,"We have provided our contact information and email links on the Services because we would like to hear from you. However, we do not want you to, and you should not, send TIDAL any documents or other materials that contain conﬁdential or proprietary information. You grant TIDAL an unrestricted, irrevocable, royaly-free license to copy, distribute, and modify any such documents or other materials that you send TIDAL, and to use for any purpose any ideas, trade secrets, know-how or other conﬁdential or proprietary information disclosed in those documents or other materials, and that all of the representations and promises you make pursuant to this Agreement with respect to User content apply equally with respect to any other documents or materials that you send to TIDAL that do not constitute User content."
Tidal.docx,14,Autor,acc_sus 0; acc_del 0,We may disable and/or terminate use of the Services by users who infringe the intellectual propery rights of others. We also have a policy of responding to notices of alleged
Tidal.docx,15,Autor,cnt_del 0,"which may include removing material, including Service Content and/or User content, claimed to be the subject of infringing activiy"
Tidal.docx,16,Autor,uncle 2,NOTHING IN THESE TERMS SHALL EXCLUDE OR LIMIT ANY WARRANTIES THAT MAY NOT BE EXCLUDED OR LIMITED UNDER APPLICABLE LAW
Tidal.docx,17,Autor,uncle 3,TO THE EXTENT PERMITTED BY LAW
Tidal.docx,18,Autor,as_is -1,"WE EXCLUDE ALL OTHER CONDITIONS, WARRANTIES, REPRESENTATIONS OR OTHER TERMS WHICH MAY APPLY TO THE SERVICES OR ANY CONTENT ON THE SERVICES, WHETHER EXPRESS OR IMPLIED. IN PARTICULAR, WE DISCLAIM ALL WARRANTIES OR CONDITIONS OF FITNESS FOR A PARTICULAR PURPOSE OR NON-INFRINGEMENT"
Tidal.docx,19,Autor,ltd -1,"WE WILL NOT BE LIABLE FOR ANY LOSS OR DAMAGE CAUSED BY A VIRUS, DISTRIBUTED DENIAL-OF-SERVICE ATTACK, OR OTHER TECHNOLOGICALLY HARMFUL MATERIAL THAT MAY INFECT YOUR COMPUTER EQUIPMENT, COMPUTER PROGRAMS, DATA OR OTHER PROPRIETARY MATERIAL DUE TO YOUR USE OF THE SERVICES OR TO YOUR DOWNLOADING OF ANY CONTENT ON IT, OR ON ANY WEBSITE LINKED TO IT. WE WILL NOT BE LIABLE TO YOU FOR ANY LACK OF PERFORMANCE, OR THE UNAVAILABILITY OR FAILURE OF THE SERVICES, OR FOR ANY FAILURE BY US TO COMPLY WITH THESE TERMS, WHERE SUCH LACK, UNAVAILABILITY OR FAILURE ARISES FROM ANY CAUSE REASONABLY BEYOND OUR CONTROL."
Tidal.docx,20,Autor,ltd_cap -1,ANY LIABILITY WE DO HAVE FOR LOSSES YOU SUFFER IS STRICTLY LIMITED TO THE PURCHASE PRICE YOU PAID 
Tidal.docx,21,Autor,may infringe Annex 1(n) Driective 93/13,WE ASSUME NO RESPONSIBILITY FOR THE CONTENT OF WEBSITES LINKED ON THE SERVICES. SUCH LINKS SHOULD NOT BE INTERPRETED AS ENDORSEMENT BY US OF THOSE LINKED WEBSITES. WE WILL NOT BE LIABLE FOR ANY LOSS OR DAMAGE THAT MAY ARISE FROM YOUR USE OF THEM.
Tidal.docx,22,Autor,uncle 4,THIS DOES NOT AFFECT YOUR STATUTORY RIGHTS AS A CONSUMER
Tidal.docx,23,Autor,uncle 5,ANY OTHER LIABILITY THAT CANNOT BE EXCLUDED BY LAW.
Tidal.docx,24,Autor,uncle 6,To the fullest extent permitted by applicable law
Tidal.docx,25,Autor,ind 0,"To the fullest extent permitted by applicable law, you agree to defend, indemnify, and hold TIDAL and its aﬃliated entities, and each of their present, former and future parents, predecessors, successors, assignees, subsidiaries, owners, oﬃcers and directors (whether acting in such capaciy or individually), agents and attorneys harmless from andagainst any claims, actions or demands, including, without limitation, reasonable legal and accounting fees, arising from, relating to or resulting from (a) your breach or allegedbreach of the Agreement; (b) your unauthorized access to, use or misuse of the Service Content or the Services; (c) any breach of your representations and promises set forth herein, or (d) your violation of any law or the rights of a third pary. We shall provide notice to you of any such claim, suit, or proceeding and shall assist you, at your expense, in defending any such claim, suit or proceeding. We reserve the right to assume the exclusive defense and control of any matter that is subject to Indemniﬁcation under this section. In such case, you agree to cooperate with any reasonable requests assisting our defense of such matter."
Tidal.docx,26,Autor,acc_sus 0; acc_del 0,"We may terminate this Agreement and close your account, or suspend your access to the Services, at any time without notice and without responsibiliy or liabiliy to you, in the event of your actual or suspected unauthorized use or misuse of the Services and/or Service Content, or serious breach of the Agreement."
Tidal.docx,27,Autor,acc_del 0,We may terminate this Agreement and close your account at any time on reasonable notice to you if we cease to provide the Services.
Tidal.docx,28,Autor,c_law -1,"These Terms are governed by, and construed in accordance with, the laws of the State of New York "
Tidal.docx,29,Autor,c_forum 1,the courts of England and Wales shall have non-exclusive jurisdiction 
Tidal.docx,30,Autor,sever 0,"If any provision of this Agreement is found to be invalid by any court having competent jurisdiction, the invalidiy of such provision shall not aﬀect the validiy of any other provision of the Agreement, which shall remain in full force and eﬀect unless such deletion materially frustrates the intent of the parties, in which case this Agreement will terminate."
Krakowskie Smaki.docx,0,Autor,core,"KrakowskieSmaki.pl markets meals on behalf of the partner restaurants, concludes orders on their behalf and delivers the meals to you."
Krakowskie Smaki.docx,1,Autor,what,"Customers can place orders at their choice:by telephone at the number indicated on the portal KrakowskieSmaki.pl,electronically, via the order form given on the portal KrakowskieSmaki.plelectronically, via the customer panel, to which customers gain access after creating a user account on the portal KrakowskieSmaki.pl"
Krakowskie Smaki.docx,2,Autor,docu 1,terms of delivery
Krakowskie Smaki.docx,3,Autor,acc_sus -1,The administrator of KrakowskieSmaki.pl reserves the right to block the possibility of placing orders for a particular user - this is particularly true of the user who had not received the order made by himself/herself.
Krakowskie Smaki.docx,4,Autor,disc -1; pato,KrakowskieSmaki.pl and partner restaurants reserve the right to refuse the order because of their own important reasons. 
Krakowskie Smaki.docx,5,Autor,com_sys 0,The customer has the right to lodge a complaint only upon the receipt of the order from the driver.
Krakowskie Smaki.docx,6,Autor,contr_chg -1; serv_chg -1,KrakowskieSmaki.pl may at any time make changes to the terms and conditions and run the new version of services.
Krakowskie Smaki.docx,7,Autor,c_forum -1,"The Polish courts will have jurisdiction over any claim arising from, or related to, a visit to KrakowskieSmaki.pl or use of our services. "
Krakowskie Smaki.docx,8,Autor,c_law -1,These terms of use and any dispute or claim arising out of or in connection with them or their subject matter or formation (including non-contractual disputes or claims) shall be governed by and construed in accordance with the Polish law.
Krakowskie Smaki.docx,9,Autor,sever 0,"If any of the resolutions hereof shall be deemed a ﬁnal ruling of the court to be invalid, the remainingprovisions shall remain in force."
LetyShops.docx,0,Autor,docu 1-2,"the terms of use of the LetyShops.com website, and the policy for processing your personal data"
LetyShops.docx,1,Autor,what,"The LetyShops Service is an Internet service that allows its Customers to reclaim some of their money spent on purchases made on the Advertisers’ websites after using the LetyShops.com website (this money is hereinafter referred to as the Cashback), as well as to receive informational and advertising notifications about discounts, promos, and special offers of the Service and Advertisers (the Advertiser is any person or business entity that has placed information about its products or services offered for sale to Customers on the LetyShops.com website)."
LetyShops.docx,2,Autor,disc -1,"within a reasonable time, determined at the discretion of LetyShops"
LetyShops.docx,3,Autor,acc_sus 0; acc_del 0,LetyShops reserves the right to block and delete duplicate accounts.
LetyShops.docx,4,Autor,acc_sus 0; acc_del 0 (there is a notification but no notice period),"Should a Customer of the LetyShops Service violate the terms of this Agreement, the rights of third parties, or pose a threat to the operation of the Service, LetyShops reserves the right to block the account of the Customer, subsequently delete it, and terminate the Agreement with the Customer unilaterally, under an extrajudicial procedure, through notification to the email address specified by the Customer when registering with the Service or when subsequently using it"
LetyShops.docx,5,Autor,serv_chg -1,  LetyShops is entitled to make functional changes to the Service operation
LetyShops.docx,6,Autor,contr_chg -1,"change the rules of the cashback crediting, as well as supplement and modify this Agreement"
LetyShops.docx,7,Autor,acc_sus 0,"Such actions may be perceived as fraudulent, which may entail the user being blocked"
LetyShops.docx,8,Autor,docu 3,"For the avoidance of doubt, the exceptions, conditions, and limitations of the referral programme published at URL https://letyshops.com/pl-en/partner are an integral part of the terms of application of the rules of the LetyShops referral programme specified in this Agreement"
LetyShops.docx,9,Autor,acc_sus 0,"If a fake referral network is detected, all its users will be blocked without the possibility of further withdrawal of the cashback and the restoration of their accounts"
LetyShops.docx,10,Autor,acc_sus 0,entails the blocking of the Customer without the possibility of withdrawing funds
LetyShops.docx,11,Autor,acc_del 0,"the termination of the Agreement by LetyShops unilaterally, under an extrajudicial procedure"
LetyShops.docx,12,Autor,contr_chg -1,LetyShops reserves the right to unilaterally change the conditions of the referral programme or terminate its operation at any time
LetyShops.docx,13,Autor,docu 4,"terms of the loyalty programme, including necessary terms and conditions"
LetyShops.docx,14,Autor,contr_chg -1,LetyShops reserves the right to unilaterally change the conditions of the Loyalty Programme or terminate its operation at any time
LetyShops.docx,15,Autor,contr_chg -1,LetyShops reserves the right to unilaterally change the terms of the Premium account operation or terminate its operation at any time while notifying its Customers thereof
LetyShops.docx,16,Autor,contr_chg -1,LetyShops reserves the right to unilaterally change the withdrawal conditions at any time while notifying its Customers
LetyShops.docx,17,Autor,cashback service is a service,LetyShops does not sell any products or services but is an advertising platform for Advertisers to place information about their products or services
LetyShops.docx,18,Autor,uncle 1,in accordance with the applicable law
LetyShops.docx,19,Autor,ltd -1,the liability of LetyShops being limited to the amount of actual damage to the Customer caused by its deliberate actions
LetyShops.docx,20,Autor,acc_del 0,LetyShops reserves the right to block or delete the account of the Customer if it has not been used to make purchases for 1 (one) year from the date of making the last purchase through the LetyShops website or from the moment of registration (whichever is the more recent). The Customer will receive notification of the potential deletion of his/her account by email as well as in the personal account of the Customer
LetyShops.docx,21,Autor,pato1,"In case of deletion, all cashback accumulated in the Customer’s internal account is cancelled"
LetyShops.docx,22,Autor,tran -1, 8.1  LetyShops reserves the right to transfer its rights and obligations under this Agreement in full or in part to any individual or legal entity without the need to obtain the Customer’s consent to this transfer. 8.2  The Customer is not entitled to unilaterally transfer his/her rights and obligations to third parties without the prior written consent of the authorised representative of LetyShops.
LetyShops.docx,23,Autor,pato2,"LetyShops reserves the right to reject unilaterally, at its sole discretion, cashback crediting "
LetyShops.docx,24,Autor,acc_sus 0; acc_del 0,to suspend or completely terminate the access of any Customer to the Service’s services if the Customer has breached the terms of this Agreement
LetyShops.docx,25,Autor,pato3,"Any attempt at fraud or deceit on the part of the Customer entails the blocking or deletion of his/her account. All accumulated cashback at the time of the deletion of the account, if any, will pass to LetyShop"
LetyShops.docx,26,Autor,pato4,"In all cases of Service malfunction, requests for refunding will not be considered"
LetyShops.docx,27,Autor,c_law -1,This Agreement and LetyShops’ relationship with the Customers of the Service in connexion with this Agreement is governed by the law of Hungary
LetyShops.docx,28,Autor,uncle 2,to the extent permitted by national conflict-of-law rules applicable to the parties of this Agreement
DingTalk.docx,0,Autor,contr_chg -1,"In accordance with the terms of this Agreement, we have the right to from time to time amend the Agreement"
DingTalk.docx,1,Autor,docu,DingTalk Privacy Policy：means the privacy policy applicable to the Services and available in DingTalk App under Settings -> About DingTalk App -> PP or by the linkageat https://page.dingtalk.com/wow/dingtalk/act/privacy-en-lite?wh_biz=tm;
DingTalk.docx,2,Autor,contr_chg -1,DingTalk may impose such further terms and conditions and make such amendments to the Agreement as DingTalk in its sole and absolute discretion deems ﬁt from time to time. Upon at least 7 day prior notice on
DingTalk.docx,3,Autor,uncle,and to the maximum extent permitted under applicable law
DingTalk.docx,4,Autor,uncle,Unless otherwise required by applicable laws
DingTalk.docx,5,Autor,acc_del 0,"You understand and agree that if you fail to log in to the Application for 12 consecutive months after registration of the Account, DingTalk has the right to terminate your Account and it shall not be liable for any Losses resulting therefor. In such event, your DingTalk ID will be recycled and DingTalk may make the same DingTalk ID available to other users."
DingTalk.docx,6,Autor,cnt_retr -1,"DingTalk has the right to permanently delete all Content, data and information associated with the Account, including but not limited to deletion of the same, and shall not be liable to you for any Losses resulting therefrom, nor shall DingTalk be obliged to retrieve such data or information for you"
DingTalk.docx,7,Autor,cnt_del -1; acc_sus -1; acc_del -1; cnt_modr 0,"You agree and accept that DingTalk is not required to monitor the data and Content uploaded, transmitted or shared by you in real time. DingTalk has the right to monitor, review and supervise your use of the Services and take corresponding actions, including but not limited to deleting information, suspending or terminating the Services, and reporting your actions to the relevant authorities."
DingTalk.docx,8,Autor,uncle,To the maximum extent permitted under applicable law
DingTalk.docx,9,Autor,Ind 0,and shall indemnify DingTalk for all Losses resulting therefrom.
DingTalk.docx,10,Autor,cnt_del 0; acc_sus 0; acc_del 0,"If DingTalk discovers or receives reports from others that you have breached the Agreement, DingTalk may in its sole and absolute discretion delete and/or block any Content you have made available on your Account at any time without any notice, and take any further measures as it may see ﬁt, including without limitation to its rights and remedies at law, suspending, terminating or repossessing your Account, restricting, suspending or terminating your use of all or part of the Services."
DingTalk.docx,11,Autor,price_chg 0,"You shall pay to DingTalk all fees imposed by the DingTalk from time to time in its sole and absolute discretion in respect of Services rendered to you provided that details of the charges are made known to you in writing or in any other manner DingTalk may determine. Such fees shall take effect from the date stated in such notice. If you disagree with such fees, you shall immediately cease all your use of the Services, otherwise if you proceed to use the Services you shall be deemed to have agreed to bear the said fees."
DingTalk.docx,12,Autor,acc_sus -1; acc_del -1,"Where DingTalk’s afﬁliates and/or business partners notify DingTalk that you are in breach of your obligations or undertakings to such afﬁliates and/or business partners, DingTalk has the right to immediately take enforcement or other actions against you and/or your Account, including but not limited to suspension or termination of the provision of your Account or to your access to the Services or any part thereof, and to announce your breach via the Application or the Services. You understand and agree that DingTalk is not required to verify any such notiﬁcation with you or obtain your further consent to such actions, and DingTalk shall not be liable to you for such measures."
DingTalk.docx,13,Autor,ltd -1,DingTalk shall not be liable to you for such measures.
DingTalk.docx,14,Autor,acc_sus -1; acc_del -1,"You agree that DingTalk has the right to suspend, terminate or procure the suspension or termination of the Services or Third Party Services or any portion thereof at any time for any reason whatsoever, without notice to you."
DingTalk.docx,15,Autor,acc_sus 0; acc_del 0,DingTalk may immediately suspend or terminate the provision of the Services or Third Party Services to the User and request the User to make compensation for Losses if:the User breaches the obligation of registration as provided in Clause 5;the User fails to pay the corresponding service fees for the use of paid network services; orthe User violates the provisions of Clause 6 in respect of the use of Services.
DingTalk.docx,16,Autor,serv_chg -1,"DingTalk has the right to determine at its discretion the maximum storage period of your data in the Application and the Services the amount of maximum storage space to allocate to the same. You shall keep your devices, Account, password, relevant information and Content safe. DingTalk will not be held liable for any lost or stolen data."
DingTalk.docx,17,Autor,ip 1 ,"You shall be solely responsible for User Content, including the form, content and accuracy thereof. You hereby grant to DingTalk a worldwide, non-exclusive, limited term licence of the Intellectual Property Rights in such User Content to access, use, store, reproduce, communicate to the public, export and display the User Content, only as reasonably necessary (a) to provide, maintain and update the Services; (b) to prevent or address service, security, support or technical issues; (c) as required by law or as permitted by the DingTalk Data Policy; and (d) as expressly permitted in writing by You. You agree that DingTalk shall not be under any obligation of conﬁdentiality to you regarding any such User Content transmitted to DingTalk using the Platform unless otherwise agreed in a separate direct contract between you and DingTalk or required by law."
DingTalk.docx,18,Autor,uncle,any right of action against us under applicable law 
DingTalk.docx,19,Autor,as_is -1,"The Services are provided on an “as is” and “as available” basis. No warranty of any kind, implied, express or statutory, including but not limited to any warranties of title, non-infringement of third party rights, merchantability, satisfactory quality, ﬁtness for a particular purpose and freedom from computer virusor other malicious, destructive or corrupting code, agent, program or macros, is given in conjunction with the Services or any information, products and materials provided through the Services."
DingTalk.docx,20,Autor,uncle,In the event that the laws of the jurisdiction you are in
DingTalk.docx,21,Autor,ltd -1,"DingTalk shall in no event nor for any reason whatsoever be liable, even if DingTalk has been advised of the possibility of such Loss, for any Loss, including direct, indirect, special, or consequential damage, or economic loss, arising from or in connection with:any access, use or the inability to access or use the Services or Third Party Services, including in connection with any maintenance, breakdown, fault or non-availability of any part of the Service;your use or misuse of the Servicesor Third Party Services;any defect, error, imperfection, fault, mistake or inaccuracy with the Servicesor Third Party Services, its contents or associated services;errors or omissions in the Content (including User Content);the use of, access to, or denial of access to Content (including User Content);any system, server or connection failure, error, omission, interruption, delay in transmission, undeliverable messages, problem with your computer (or such other access or electronic device including but not limited to cellular telephones, smart phones and personal digital assistants), computer virus or other malicious, destructive or corrupting code, agent program or macros;fees incurred by purchasing or obtaining any product, sample, data or information, or by conducting transaction through the Servicesor Third Party Services, or by other alternative acts;unauthorized storage, modiﬁcation or transmission of data;any services, products, information, data, software or other material obtained through the Services or Third Party Services, or through the use of the Servicesor Third Party Services or reliance on the Services or Third Party Services or the contents thereof;representation or act conducted by a third party through the Servicesor Third Party Services; ordamages caused by other matters relating to the Servicesor Third Party Services, including negligence."
DingTalk.docx,22,Autor,ltd_cap -1,"The exclusions in this Clause 15 and the other provisions of the Agreement shall take effect to the fullest extent permitted by law. If for any reason DingTalk’s liability may not be so excluded, to the maximum extent permitted under law, the maximum aggregate liability of DingTalk in connection with your use or inability to use the Services and/or otherwise in connection with the Agreement or any breach thereof shall not exceed USD100."
DingTalk.docx,23,Autor,ind 0,You shall indemnify and hold harmless and keep DingTalk indemniﬁed in full against all and any Loss howsoever arising which may be brought against or suffered or incurred by DingTalk arising from or which is directly or indirectly related to:
DingTalk.docx,24,Autor,cnt_del 0; acc_sus 0; acc_del 0,"If DingTalk discovers or receives reports from others that you have breached the Agreement, DingTalk shall without prejudice to its rights and remedies at law, have the right to delete and/or block your User Content at any time without any notice, and take such further measures as DingTalk deems appropriate in its sole and absolute discretion including without limitation restricting, suspending or terminating your use of your Account and Services, restricting, suspending or terminating your use of all or part of the Services (including but not limited to terminating your relationship with the relevant DingTalk Group and/or Members, deleting your contact list and restricting the addition of new Members to the relevant DingTalk Group, message delivery or addition of new friends), and holding you legally liable thereto."
DingTalk.docx,25,Autor,c_law -1,The Agreement and use of the Services shall be governed by and construed in accordance with Singapore law
DingTalk.docx,26,Autor,arb -1,"Any dispute arising out of or in connection with this contract, including any question regarding its existence, validity or termination, shall be referred to and ﬁnally resolved by arbitration administered by the Singapore International Arbitration Centre (“SIAC”) in accordance with the Arbitration Rules of the Singapore International Arbitration Centre (""SIAC Rules"") for the time being in force, which rules are deemed to be incorporated by reference in this clause. The seat of the arbitration shall be Singapore. The Tribunal shall consist of one arbitrator. The language of the arbitration shall be English."
DingTalk.docx,27,Autor,sever 0,"If any provision hereof is deemed invalid or unenforceable, such provision may be severed and the remaining provisions shall remain legally effective."
DingTalk.docx,28,Autor,tran -1 ,You understand and consent that DingTalk may in its sole and absolute discretion transfer all of its rights and obligations herein to any third party.
GG.docx,2,Autor,what,"Fintecom teleinformation system consists in a set of interacting IT devices and software that allows to process, handle, send and receive the data through telecommunication networks, using a terminal equipment suitable for a given type of network."
GG.docx,3,Autor,what,"The provision of electronic services by Fintecom consists in providing you with certain functionalities of the Platform (in some cases together with the software necessary to use them) that have certain characteristics (hereinafter: the “Functionalities”) by sending and receiving data through teleinformation systems, at your request, without the simultaneousphysical presence of the parties, whereby the data is transmitted through public networks (hereinafter: the “Service”)."
GG.docx,4,Autor,core,The Service is provided free of charge
GG.docx,5,Autor,docu 1,Terms of the paid provision of the Service
GG.docx,7,Autor,what,"The Functionalities are in particular:sending text messages,sending graphical messages,sending graphical text messages,sending compressed multimedia messages,archiving the messages sent;making available the space in the resources of the Fintecom teleinformation system (hosting) to store the data (files) and to synchronize them between the teleinformation system and users’ devices,sharing the data (files) entered into the system with other Users,providing the possibility to use the applications extending the Functionalities, made available by Fintecom and third parties."
GG.docx,8,Autor,may infringe Annex 1(n) Directive 93/13,"The Platform also allows access to applications made available by third parties. In such a case the application is not a part of the Platform and using it does not constitute the usage of the Service, of which you will be notified before starting to use a given application, and the data required to use such application teleinformation system is transferred from Fintecom at your request and at your own risk. Finishing the installation of the application made available by a third party on the Platform is equivalent to you requesting Fintecom to transmit certain data, including your personal data (with your consent) from Fintecom teleinformation system. Uninstalling a given application made available by third parties means that you withdraw your consent to transmit the data."
GG.docx,10,Autor,docu 2,Fintecom data entry and retention policy 
GG.docx,11,Autor,acc_sus 0; acc_del 0; cnt_modr 0,"Fintecom may permanently or temporarily cease to provide the Service or Functionality to you if:you violate the law, the Terms, rights of Fintecom or third parties, good manners, generally applicable rules of using the Internet or there is a reasonable suspicion that you did so (temporarily, until clarification is obtained);you refuse to consent to the change of the Terms of Use in time specified in Article 2(1) in the Section VIII of the Terms of Use."
GG.docx,12,Autor,cnt_retr -1,Permanent cessation of the Service provision may also cause deletion of all the data that you entered into the Fintecom teleinformation system
GG.docx,13,Autor,uncle 1,the law provides otherwise
GG.docx,15,Autor,acc_del 0,The Service Agreement may be terminated by Fintecom if not used (understood as not logging in to the Service) continuously for the period of:At least 12 monthsAt least 24 months – for GG numbers purchased from the official GG Store 
GG.docx,16,Autor,cnt_retr -1,Termination of the agreement on the provision of the Service may cause the deletion of allyour data from the Fintecom teleinformation system
GG.docx,17,Autor,uncle 2,the law provides otherwise
GG.docx,18,Autor,docu 3,Privacy Policy
GG.docx,20,Autor,uncle 3,to the extent that it cannot be excluded or limited by law
GG.docx,22,Autor,uncle 4,for which Fintecom is not responsible under the law
GG.docx,21,Autor,ltd 0,"Fintecom is liable to the Users for failure to perform or an improper performance of the Service to the extent pursuant to the Terms, unless failure to perform or an improper performance of the Service is a consequence of circumstances for which Fintecom is not responsible under the law"
GG.docx,23,Autor,may infringe Annex 1(n) Directive 93/13,"Fintecom is not responsible for any consequences of using the applications which are accessible on the Platform but made available by third parties, of which you will be notified before using the application."
GG.docx,25,Autor,docu 4,"License agreement for the use of the software made available by Fintecom for the purpose of providing the Service constitutes a part of the Terms, as an appendix"
GG.docx,27,Autor,com_sys 0,Section VII. Complaint procedure.
GG.docx,29,Autor,contr_chg -1,"Each change of the Terms will be effective:in 15 (fifteen) days from the date of notification or at any other time indicated by Fintecom but not shorter than 15 (fifteen) days; if you do not agree to the change, youare obliged to make a statement to Fintecom, including by Fintecom teleinformation system, before the change enters into force and from such date you are obliged to stop using the Service;immediately upon notification of the change or in any other time indicated by Fintecom, if the changes concern provisions of the Terms that do not have an influence on the situation the Users."
GG.docx,30,Autor,c_law -1,"For assessing rights and obligations under the Terms, Polish law shall be applicable, in particular the provisions of the Polish Civil Code and the Act on Consumer Rights of 30 May 2014 (Journal of Laws 2014, item 827)."
Supercell.docx,0,Autor,docu 1,Privacy Policy 
Supercell.docx,1,Autor,contr_chg -1,"Supercell reserves the right, at its discretion, to change, modify, add or remove portions of these Terms of Service, its Privacy Policy and other relevant Supercell policies at any time by posting the amended terms on the Service. "
Supercell.docx,2,Autor,pato,"Supercell reserves the right to remove or reclaim any usernames at any time and for any reason, including but not limited to claims by a third party that a username violates the third party's rights."
Supercell.docx,3,Autor,acc_del 0,"Any use of the Service in violation of these Use Limitations is strictly prohibited, can result in the immediate revocation of your limited right"
Supercell.docx,5,Autor,disc -1,that Supercell deems to be in conﬂict with the spirit or intent of the Service
Supercell.docx,4,Autor,pato,"You agree that you will not, under any circumstances:Engage in any act that Supercell deems to be in conﬂict with the spirit or intent of the Service or make improper use of Supercell's support services."
Supercell.docx,7,Autor,disc -1; pato,Supercell reserves the right to determine what conduct it considers to be in violation of the rules of use or otherwise outside the intent or spirit of these Terms of Service or the Service itself.
Supercell.docx,6,Autor,acc_del -1,"Supercell reserves the right to determine what conduct it considers to be in violation of the rules of use or otherwise outside the intent or spirit of these Terms of Service or the Service itself. Supercell reserves the right to take action as a result, which may include terminating your Account and prohibiting you from using the Service in whole or in part."
Supercell.docx,8,Autor,acc_sus -1; acc_del -1,"WITHOUT LIMITING ANY OTHER REMEDIES, SUPERCELL MAY LIMIT, SUSPEND, TERMINATE, MODIFY, OR DELETE ACCOUNTS OR ACCESS TO THE SERVICE OR PORTIONS THEREOF WITH OR WITHOUT NOTICE TO YOU (i) IF YOU ARE, OR SUPERCELL SUSPECTS THAT YOU ARE, FAILING TO COMPLY WITH THESE TERMS OF SERVICE; OR (ii) FOR ANY ACTUAL OR SUSPECTED ILLEGAL OR IMPROPER USE OF THE SERVICE. YOU CAN LOSE YOUR USER NAME AND PERSONA IN THE SERVICE AS A RESULT OF ACCOUNT TERMINATION OR LIMITATION, AS WELL AS ANY BENEFITS, PRIVILEGES, EARNED VIRTUAL ITEMS AND PURCHASED VIRTUAL ITEMS ASSOCIATED WITH YOUR USE OF THE SERVICE, AND SUPERCELL IS UNDER NO OBLIGATION TO COMPENSATE YOU FOR ANY SUCH LOSSES OR RESULTS.WITHOUT LIMITING OUR OTHER REMEDIES, WE MAY LIMIT, SUSPEND OR TERMINATE THE SERVICE AND ACCOUNTS OR PORTIONS THEREOF, PROHIBIT ACCESS TO OUR GAMES AND SITES, AND THEIR CONTENT, SERVICES AND TOOLS, DELAY OR REMOVE HOSTED CONTENT, AND TAKE TECHNICAL AND LEGAL STEPS TO PREVENT USERS FROM ACCESSING THE SERVICE IF WE BELIEVE THAT THEY ARE CREATING RISK OR POSSIBLE LEGAL LIABILITIES, INFRINGING THE INTELLECTUAL PROPERTY RIGHTS OF THIRD PARTIES, OR ACTING INCONSISTENTLY WITH THE LETTER OR SPIRIT OF OUR TERMS OR POLICIES. ADDITIONALLY, WE MAY, IN APPROPRIATE CIRCUMSTANCES AND AT OUR SOLE DISCRETION, SUSPEND OR TERMINATE ACCOUNTS OF USERS WHO MAY BE REPEAT INFRINGERS OF THIRD-PARTY INTELLECTUAL PROPERTY RIGHTS.SUPERCELL RESERVES THE RIGHT TO TERMINATE ANY ACCOUNT THAT HAS BEEN INACTIVE FOR 180 DAYS."
Supercell.docx,9,Autor,serv_chg -1,"Supercell reserves the right to stop offering and/or supporting the Service or a particular game or part of the Service at any time, at which point your right to use the Service or a part thereof will be automatically terminated."
Supercell.docx,10,Autor,may infringe Annex 1(d) Directive 93/13,"In such event, Supercell shall not be required to provide refunds, beneﬁts or other compensationto users in connection with such discontinued Service."
Supercell.docx,11,Autor,pato,"NOTWITHSTANDING ANYTHING TO THE CONTRARY HEREIN, YOU ACKNOWLEDGE AND AGREE THAT YOU SHALL HAVE NO OWNERSHIP OR OTHER PROPERTY INTEREST IN THE ACCOUNT, AND YOU FURTHER ACKNOWLEDGE AND AGREE THAT ALL RIGHTS IN AND TO THE ACCOUNT ARE AND SHALL FOREVER BE OWNED BY AND INURE TO THE BENEFIT OF SUPERCELL."
Supercell.docx,12,Autor,virtu,"Supercell owns, has licensed, or otherwise has rights to use all of the content that appears in the Service or in Supercell games. Notwithstanding any provision to the contrary herein, you agree that you have no right or title in or to any content that appears in the Service, including without limitation the virtual items, content, features, goods, services or currency appearing or originating in any Supercell game, whether earned in a game or purchased from Supercell, or any other attributes associated with an Account or stored on the Service."
Supercell.docx,13,Autor,pato,"By entering into these Terms of Service, you hereby provide your irrevocable consent to such monitoring and recording. You acknowledge and agree that you have no expectation of privacy concerning the transmission of any User Content, including without limitation chat text or voice communications."
Supercell.docx,14,Autor,cnt_del -1; cnt_modr 0,"Supercell reserves the right in its sole discretion to review, monitor, prohibit, edit, delete, disable access to or otherwise make unavailable any User Content (including without limitation your User Content) without notice for any reason or for no reason at any time."
Supercell.docx,15,Autor,cnt_del -1,"Supercell may reject, refuse to post or delete any User Content for any or no reason, including, but not limited to, User Content "
Supercell.docx,16,Autor,disc -1,that in the sole judgment of Supercell violates these Terms of Service.
Supercell.docx,17,Autor,ip -1,"You hereby grant to Supercell an irrevocable, perpetual, transferable, fully paid-up, royalty-free, worldwide license (including the right to sublicense and assign to third party) and right to copy, reproduce, ﬁx, adapt, modify, create derivative works from, manufacture, commercialize, publish, distribute, sell, license, sublicense, transfer, lease, transmit, publicly display, publicly perform, or provide access to electronically, broadcast, communicate to the public by telecommunication, display, perform, enter into computer memory, and use and practice, in any way, your User Content as well as all modiﬁed and derivative works thereof in connection with our provision of the Service, including marketing and promotions of the Service. You also hereby grant to Supercell the right to authorize others to exercise any of the rights granted to Supercell under these Terms of Service. You further hereby grant to Supercell the unconditional, irrevocable right to use and exploit your name, likeness and any other information or material included in any User Content and in connection with any User Content, without any obligation to you. "
Supercell.docx,18,Autor,uncle 1,Except as prohibited by law
Supercell.docx,20,Autor,infringing Art. 16 of Polish Law on copyright and related rights,you waive any rights of attribution and/or any moral rights you may have in your User Content
Supercell.docx,19,Autor,pato,"Except as prohibited by law, you waive any rights of attribution and/or any moral rights you may have in your User Content, regardless of whether your User Content is altered or changed in any manner."
Supercell.docx,21,Autor,ind 0,"If you have a dispute with one or more users, you release us (and our ofﬁcers, directors, agents, subsidiaries, joint ventures and employees) from claims, demands and damages (actual and consequential) of every kind and nature, known and unknown, arising out of or in any way connected with such disputes."
Supercell.docx,22,Autor,virtu,"In the Service you may purchase, with ""real world"" money, a limited, personal, non-transferable, non- sublicensable, revocable right to use (a) virtual currency, including but not limited to virtual cash or diamonds, all for use in Supercell games; (b) virtual in-game items, content or features; and (c) other goods or services (points a – c are jointly referred to as ""Virtual Items"")."
Supercell.docx,23,Autor,serv_chg -1,"Supercell may manage, regulate, control, modify or eliminate Virtual Items at any time, with or without notice. "
Supercell.docx,24,Autor,virtu,"Supercell may manage, regulate, control, modify or eliminate Virtual Items at any time, with or without notice. Supercell shall have no liability to you or any third party in the event that Supercell exercises any such rights."
Supercell.docx,25,Autor,pato,ALL PURCHASES AND REDEMPTIONS OF VIRTUAL ITEMS MADE THROUGH THE SERVICE ARE FINAL AND NON-REFUNDABLE.
Supercell.docx,26,Autor,price_chg -1,Supercell may revise the pricing for the Virtual Items offered through the Service at any time.
Supercell.docx,27,Autor,may infringe Annex 1(d) Directive 93/13,"YOU ACKNOWLEDGE THAT SUPERCELL IS NOT REQUIRED TO PROVIDE A REFUND FOR ANY REASON, AND THAT YOU WILL NOT RECEIVE MONEY OR OTHER COMPENSATION FOR UNUSED VIRTUAL ITEMS WHEN AN ACCOUNT IS CLOSED, WHETHER SUCH CLOSURE WAS VOLUNTARY OR INVOLUNTARY."
Supercell.docx,28,Autor,pato,"YOU ACKNOWLEDGE THAT SUPERCELL IS NOT REQUIRED TO PROVIDE A REFUND FOR ANY REASON, AND THAT YOU WILL NOT RECEIVE MONEY OR OTHER COMPENSATION FOR UNUSED VIRTUAL ITEMS WHEN AN ACCOUNT IS CLOSED, WHETHER SUCH CLOSURE WAS VOLUNTARY OR INVOLUNTARY."
Supercell.docx,29,Autor,serv_chg -1,"You understand that the Service is an evolving one. Supercell may require that you accept updates to the Service and to Supercell's games you have installed on your device or computer. You acknowledge and agree that Supercell may update the Service and Supercell games, with or without notifying you. You may need to update third party software from time to time in order to receive the Service and play Supercell games."
Supercell.docx,30,Autor,as_is -1,"WITHOUT LIMITING SUPERCELL'S LIABILITY UNDER SECTION 7 BELOW, THE SERVICE IS PROVIDED ON AN ""AS IS"" AND ""AS AVAILABLE"" BASIS FOR YOUR USE"
Supercell.docx,31,Autor,uncle 2,"Some jurisdictions do not allow the exclusion of certain warranties. Accordingly, some of the above disclaimers may not apply to you."
Supercell.docx,32,Autor,uncle 3,TO THE MAXIMUM EXTENT PERMITTED BY LAW
Supercell.docx,33,Autor,ltd -1,"SUPERCELL SHALL NOT BE LIABLE TO YOU FOR ANY INDIRECT, INCIDENTAL, CONSEQUENTIAL, SPECIAL, PUNITIVE OR OTHER SIMILAR DAMAGES, INCLUDING BUT NOT LIMITED TO LOSS OF REVENUES, LOST PROFITS, LOST DATA OR BUSINESS INTERRUPTION OR OTHER INTANGIBLE LOSSES (HOWEVER SUCH LOSSES ARE QUALIFIED), ARISING OUT OF OR RELATING IN ANY WAY TO THESE TERMS OF SERVICE OR THE SERVICE ITSELF, WHETHER BASED ON CONTRACT, TORT OR ANY OTHER LEGAL THEORY, AND WHETHER OR NOT SUPERCELL HAS BEEN ADVISED OF THE POSSIBILITY OF SUCH DAMAGES. "
Supercell.docx,34,Autor,uncle 4,TO THE EXTENT NOT PROHIBITED BY LAW
Supercell.docx,35,Autor,ltd_cap -1,"SUPERCELL SHALL NOT BE LIABLE TO YOU FOR MORE THAN THE AMOUNT YOU HAVE PAID TO SUPERCELL IN ACCORDANCE WITH THESE TERMS OF SERVICE IN THE SIX (6) MONTHS IMMEDIATELY PRECEDING THE DATE ON WHICH YOU FIRST ASSERT A CLAIM. YOU ACKNOWLEDGE AND AGREE THAT IF YOU HAVE NOT PAID ANYTHING TO SUPERCELL DURING SUCH TIME PERIOD, YOUR SOLE REMEDY (AND SUPERCELL'S EXCLUSIVE LIABILITY) FOR ANY DISPUTE WITH SUPERCELL IS TO STOP USING THE SERVICE AND TO CANCEL YOUR ACCOUNT."
Supercell.docx,36,Autor,pato,"SUPERCELL SHALL NOT BE LIABLE TO YOU FOR MORE THAN THE AMOUNT YOU HAVE PAID TO SUPERCELL IN ACCORDANCE WITH THESE TERMS OF SERVICE IN THE SIX (6) MONTHS IMMEDIATELY PRECEDING THE DATE ON WHICH YOU FIRST ASSERT A CLAIM. YOU ACKNOWLEDGE AND AGREE THAT IF YOU HAVE NOT PAID ANYTHING TO SUPERCELL DURING SUCH TIME PERIOD, YOUR SOLE REMEDY (AND SUPERCELL'S EXCLUSIVE LIABILITY) FOR ANY DISPUTE WITH SUPERCELL IS TO STOP USING THE SERVICE AND TO CANCEL YOUR ACCOUNT."
Supercell.docx,37,Autor,uncle 5,NOTHING IN THESE TERMS OF SERVICE SHALL AFFECT THE STATUTORY RIGHTS OF ANY CONSUMER
Supercell.docx,38,Autor,ind 0,"You agree to indemnify, defend and hold Supercell (and our ofﬁcers, directors, agents, subsidiaries, joint ventures and employees) harmless from any claim, demand, damages or other losses, including reasonable attorneys' fees, asserted by any third-party resulting from or arising out of your use of the Service, or any breach by you of these Terms of Service, however the foregoing does not apply if the infringement of rights is not attributable to your intentional or negligent behavior."
Supercell.docx,39,Autor,arb 0,"Sections 8.1 to 8.6 apply to you if you are a resident of the United States or Canada. They do not apply to you if you are a resident of any other country.Informal Dispute ResolutionYou must try to informally resolve any dispute directly with Supercell for at least thirty (30) days before you start an arbitration. The informal dispute resolution process starts when you give Supercell written notice of the dispute through legal-requests@supercell.com.Arbitration AgreementYou and Supercell agree to resolve any disputes exclusively in ﬁnal and binding arbitration as follows:Either you or Supercell may choose to submit any dispute for resolution exclusively by ﬁnal and binding arbitration unless the claim is within the exceptions described below. If you or Supercell brings a claim in court that can be resolved by arbitration under this section, then either party can ask the court to order the parties to resolve the claim by arbitration. The arbitrator will have the exclusive authority to decide whether any portion of Section 8 (“Dispute Resolution”) is valid or enforceable, or whether it applies to a claim.An arbitration proceeding will be held before a neutral arbitrator. This means you and Supercell agree to give up the right to resolve the dispute in a trial before a judge or jury. Arbitration has different rules than more formal lawsuits. For example, the ability to force the other side to share information may be more limited than the process called discovery in formal lawsuits. After the arbitrator decides the outcome, that decision will be ﬁnal. You or Supercell can ask the arbitrator to put a decision or award and the reasons for it in writing. Either of us can ask a court to conﬁrm or enter the arbitrator’s ﬁnal decision or award, which will make it the same as a court judgment. You and Supercell will generally not be able to change the outcome of arbitration through courts outside of very limited circumstances."
Supercell.docx,40,Autor,class 0,"No Class ActionsYou and Supercell agree that we can only bring claims against each other on an individual basis. That means:You cannot bring a claim against Supercell as a plaintiff or class member in a class, collective, consolidated, or representative action.The arbitrator cannot combine any other person’s claims with yours into a single case or preside over any class, collective, consolidated, or representative arbitration proceeding.The arbitrator’s decision or award in your case will not apply to anyone else and cannot be used to decide other people’s disputes.If this section (Section 8.5 “No Class Actions”) is found to be unenforceable or invalid, then the entirety of Section 8, including Sections 8.1 to 8.6, shall be void."
Supercell.docx,41,Autor,c_law -1,"If you are a resident outside of the United States and Canada, you agree that any claim or dispute arising out of or related to these Terms of Service, the Privacy Policy, or the Service shall be governed by the laws of Finland without regard to conﬂict of law provisions."
Supercell.docx,42,Autor,c_forum -1,"If you are a resident outside of the United States and Canada, you agree that any claim or dispute you may have against Supercell must be resolved exclusively by a court located in Helsinki, Finland."
Supercell.docx,43,Autor,sever 0,"SeverabilityYou and Supercell agree that if any portion of these Terms of Service or of the Supercell Privacy Policy is found illegal or unenforceable, in whole or in part by any court of competent jurisdiction, such provision shall, as to such jurisdiction, be ineffective solely to the extent of such determination of invalidity or unenforceability without affecting the validity or enforceability thereof in any other manner or jurisdiction and without affecting the remaining provisions of the terms, which shall continue to be in full force and effect."
Supercell.docx,44,Autor,tran -1,"AssignmentSupercell may assign or delegate these Terms of Service and/or the Supercell Privacy Policy, in whole or in part, to any person or entity at any time with or without your consent. You may not assign or delegate any rights or obligations under the Terms of Service or Privacy Policy without Supercell's prior written consent, and any unauthorized assignment and delegation by you is ineffective."
Supercell.docx,45,Autor,pato,"You acknowledge that the rights granted and obligations made under these Terms of Service to Supercell are of a unique and irreplaceable nature, the loss of which shall irreparably harm Supercell and which cannot be replaced by monetary damages alone so that Supercell shall be entitled to injunctive or other equitable relief (without the obligations of posting any bond or surety or proof of damages) in the event of any breach or anticipatory breach by you."
Microsoft.docx,0,Autor,docu 1,"Your Privacy. Your privacy is important to us. Please read the Microsoft Privacy Statement (https://go.microsoft.com/fwlink/?LinkId=521839) (the ""Privacy Statement"") as"
Microsoft.docx,1,Autor,uncle,to the extent permitted by law
Microsoft.docx,2,Autor,ip 1,"To the extent necessary to provide the Services to you and others, to protect you and the Services, and to improve Microsoft products and services, you grant to Microsoft a worldwide and royalty-free intellectual property license to use Your Content, for example, to make copies of, retain, transmit, reformat, display, and distribute via communication tools Your Content on the Services. If you publish Your Content in areas of the Service where it is available broadly online without restrictions, Your Content may appear in demonstrations or materials that promote the Service. Some of the Services aresupported by advertising. Controls for how Microsoft personalizes advertising are available at https://choice.live.com. We do not use what you say in email, chat, video calls or voice mail, or your documents, photos or other personal files to target advertising to you. Our advertising policies are covered in detail in the Privacy Statement."
Microsoft.docx,3,Autor,recom 0,"We do not use what you say in email, chat, video calls or voice mail, or your documents, photos or other personal files to target advertising to you. Our advertising policies are covered in detail in the Privacy Statement."
Microsoft.docx,4,Autor,acc_sus 0; acc_del 0; cnt_del 0; cnt_modr 0,"Enforcement. If you violate these Terms, we may, in our sole discretion, stop providing Services to you or we may close your Microsoft account. We may also block delivery of a communication (like email, file sharing or instant message) to or from the Services in an effort to enforce these Terms, or we may remove or refuse to publish Your Content for any reason. When investigating alleged violations of these Terms, Microsoft reserves the right to review Your Content in order to resolve the issue, and you hereby authorize such review. However, we cannot monitor the entire Services and make no attempt to do so."
Microsoft.docx,5,Autor,docu 10,Click here (https://go.microsoft.com/fwlink/? linkid=868531) for more information about how this Code of Conduct 
Microsoft.docx,6,Autor,docu 2,Microsoft account activity policy at https://go.microsoft.com/fwlink/p/?linkid=2086738 
Microsoft.docx,7,Autor,acc_sus 0,"If we reasonably suspect that your Microsoft account is at risk of being used by a third party fraudulently (for example, as a result of an account compromise), Microsoft may suspend your account until you can reclaim ownership. "
Microsoft.docx,8,Autor,uncle,unless we are required by law 
Microsoft.docx,9,Autor,docu 3,www.microsoft.com/support-service-agreement
Microsoft.docx,10,Autor,contr_chg -1,"We may change these Terms at any time, and we’ll tell you when we do"
Microsoft.docx,11,Autor,serv_chg -1,"Additionally, there may be times when we need to remove or change features or functionality of the Service or stop providing a Service or access to Third-Party Apps and Services altogether. "
Microsoft.docx,12,Autor,uncle,to the extent required by applicable law
Microsoft.docx,13,Autor,uncle,except and only to the extent that the applicable copyright law expressly permits doing so
Microsoft.docx,14,Autor,uncle,Unless otherwise provided by law 
Microsoft.docx,16,Autor,uncle,unless otherwise required by law
Microsoft.docx,15,Autor,period -1,"No refunds will be given for any charges more than 90-days old, unless otherwise required by law. "
Microsoft.docx,17,Autor,price_chg 0,"Price Changes. We may change the price of the Services at any time and if you have a recurring purchase, we will notify you by email, or other reasonable manner, at least 15 days before the price change. If you do not agree to the price change, you must cancel and stop using the Services before the price change takes effect. If there is a fixed term and price for your Service offer, that price will remain in force for the fixed term."
Microsoft.docx,18,Autor,docu 4,governed       by       the       Microsoft       Gift        Card        Terms        and Conditions (https://support.microsoft.com/help/10562/microsoft-account-gift-card-terms-
Microsoft.docx,19,Autor,uncle,Laws applicable in your country
Microsoft.docx,20,Autor,c_law -1,"Luxembourg law governs the interpretation of these Terms and claims for their breach, regardless of conflict of law principles"
Microsoft.docx,21,Autor,c_forum -1,you and we irrevocably agree to the exclusive jurisdiction and venue of the Luxembourg courts for all disputes arising out of or relating to the consumer Skype-branded Services
Microsoft.docx,22,Autor,c_law -1,"For free and paid Services, the laws of Ireland govern the interpretation of these Terms and claims for their breach, regardless of conflict of laws principles"
Microsoft.docx,23,Autor,c_forum -1,You and we irrevocably agree to the exclusive jurisdiction and venue of the courts of Ireland for all disputes arising out of or relating to these Terms or the Services.
Microsoft.docx,24,Autor,uncle,Your local consumer laws may require some local laws 
Microsoft.docx,25,Autor,as_is -1,"MICROSOFT, AND OUR AFFILIATES, RESELLERS, DISTRIBUTORS, AND VENDORS, MAKE NO WARRANTIES, EXPRESS OR IMPLIED, GUARANTEES OR CONDITIONS WITH RESPECT TO YOUR USE OF THE SERVICES. YOU UNDERSTAND THAT USE OF THE SERVICES IS AT YOUR OWN RISK AND THAT WE PROVIDE THE SERVICES ON AN ""AS IS"" BASIS ""WITH ALL FAULTS"" AND ""AS AVAILABLE."""
Microsoft.docx,26,Autor,uncle,YOU MAY HAVE CERTAIN RIGHTS UNDER YOUR LOCAL LAW
Microsoft.docx,27,Autor,uncle,TO THE EXTENT PERMITTED UNDER YOUR LOCAL LAW
Microsoft.docx,28,Autor,uncle,to the extent permitted by the applicable law
Microsoft.docx,29,Autor,ltd_cap -1,direct damages up to an amount equal to your Services fee for the month during which the loss or breach occurred (or up to USD$10.00 if the Services are free).
Microsoft.docx,30,Autor,uncle,To the extent permitted by the applicable law
Microsoft.docx,32,Autor,uncle,to the extent permitted by law
Microsoft.docx,31,Autor,ltd -1,"you can't recover any (i) consequential losses or damages; (ii) loss of actual or anticipated profits (whether direct or indirect);(iii) loss of actual or anticipated income (whether direct or indirect); (iv) loss of contract or business or other losses or damages arising from your use of the Services in a non- personal capacity; (v) special, indirect, incidental or punitive losses or damages; and (vi) to the extent permitted by law, direct losses or damages in excess of the caps specified in section 12.a above. "
Microsoft.docx,33,Autor,uncle,To the maximum extent permitted by law
Microsoft.docx,34,Autor,uncle,to the maximum extent permitted by your local laws
Microsoft.docx,35,Autor,docu 5,Broadcast  TOS
Microsoft.docx,36,Autor,docu 6,Youcanfindthesepolicies at https://www.skype.com/go/terms.fairusage/.
Microsoft.docx,37,Autor,docu 7,supplemental license terms located at https://aka.ms/useterms 
Microsoft.docx,38,Autor,docu 8,Bing Maps End User Terms of Use available at go.microsoft.com/?linkid=9710837
Microsoft.docx,39,Autor,docu 9,the  Usage  Rules  located at https://go.microsoft.com/fwlink/p/?LinkId=723143
Microsoft.docx,40,Autor,acc_sus 0; acc_del 0; cnt_del 0,we reserve the right to close your account and delete or disable access to Your Content on OneDrive.
Microsoft.docx,41,Autor,uncle,To the extent permitted by applicable law
Microsoft.docx,42,Autor,tran -1,"we may assign these Terms, subcontract our obligations under these Terms, or sublicense our rights under these Terms, in whole or in part, at any time without notice to you"
Microsoft.docx,43,Autor,uncle,to the maximum extent permitted by relevant law
Microsoft.docx,44,Autor,sever 0,"If a court or arbitrator holds that we can't enforce a part of these Terms as written, we may replace those terms with similar terms to the extent enforceable under the relevant law, but the rest of these Terms won't change."
Microsoft.docx,45,Autor,period -1,"Claims Must Be Filed Within One Year. Any claim related to these Terms or the Services must be filed in court (or arbitration if section 10.d applies) within one year of the date you could first file the claim, unless your local law requires a longer time to file claims. If not filed within that time, then it's permanently barred."
Microsoft.docx,46,Autor,sugg 0,"Reservation of Rights and Feedback. Except as expressly provided under these Terms, Microsoft does not grant you a license or any other rights of any type under any patents, know-how, copyrights, trade secrets, trademarks or other intellectual property owned or controlled by Microsoft or any related entity, including but not limited to any name, trade dress, logo or equivalents. If you give to Microsoft any idea, proposal, suggestion or feedback, including without limitation ideas for new products, technologies, promotions, product names, product feedback and product improvements (""Feedback""), you give to Microsoft, without charge, royalties or other obligation to you, the right to make, have made, create derivative works, use, share and commercialize your Feedback in any way and for any purpose. You will not give Feedback that is subject to a license that requires Microsoft to license its software, technologies or documentation to any third party because Microsoft includes your Feedback in them."
Microsoft.docx,47,Autor,uncle,except and only to the extent that applicable law expressly permits
Microsoft.docx,48,Autor,uncle,To the extent permitted under your local laws
Microsoft.docx,49,Autor,uncle,To the extent not prohibited by law
Microsoft.docx,50,Autor,uncle,all to the extent permitted by applicable law
BlaBlaCar.docx,0,Autor,docu 1,Good Conduct Charter
BlaBlaCar.docx,1,Autor,docu 2,Privacy Policy 
BlaBlaCar.docx,2,Autor,acc_sus 0; acc_del 0; cnt_modr 0,"In the event that any Member fails to comply with any of the Conditions, BlaBlaCar reserves the right, but not the obligation at its own discretion, to withdraw the User Account in question and suspend or withdraw all Services to that Member without notice."
BlaBlaCar.docx,3,Autor,contr_chg -1,yBlaBlaCar reserves the right to modify the Conditions at any time. 
BlaBlaCar.docx,4,Autor,serv_chg -1,"In addition, BlaBlaCar may varor amend the Services provided through the Site, the Site functionality and/ or the “look and feel” of the Site at any time without notice and without liability to Members."
BlaBlaCar.docx,5,Autor,acc_sus 0,Any breach of these Conditions will give rise to immediate suspension of such Member’s User Account and they may be restricted from accessing any further Services.
BlaBlaCar.docx,6,Autor,serv_chg -1,nyPlease note that BlaBlaCar reserves the right to change any aspect of the Site or the Service which may include adding new services (which may require payment) or withdrawing any existing Services. BlaBlaCar does not guarantee that the Site will be functional at all times and Services may be suspended during such period when the Site is not in operation. BlaBlaCar will not be liable to aof the Members in case where the Site is non-operational.
BlaBlaCar.docx,7,Autor,docu 3,Good Conduct Charter 
BlaBlaCar.docx,8,Autor,ltd -1,"BlaBlaCar will not be liable to any Member for any business, ﬁnancial or economic loss or for any consequential or indirect loss such as lost reputation, lost bargain, lost proﬁt, lost of anticipated savings or lost opportunity arising as a result of the services provided by BlaBlaCar (whether suffered or incurred as a result of the BlaBlaCar’s negligence or otherwise) except in the case of fraud, wilful concealment or theft."
BlaBlaCar.docx,9,Autor,ltd_cap -1,"RBlaBlaCar’s liability to any Member for all losses in respect of any Trip is capped at the sum of IN 1,000/- (Indian Rupees One Thousand only)."
BlaBlaCar.docx,10,Autor,period -1,BlaBlaCar will not be liable to any Member in relation to any Trip unless BlaBlaCar is notiﬁed of a claim relating to that Trip within 3 months of completion of the Trip
BlaBlaCar.docx,11,Autor,ind 0,"Members will indemnify and hold harmless BlaBlaCar, its subsidiaries, afiliates and their respective oficers, directors, agents and employees, from any claim or demand, or actions including reasonable attorney’s fees, made by any third party or penalty imposed due to or arising out of your breach of these Conditions or any document incorporated by reference, or your violation of any law, rules, regulations or the rights of a third party."
BlaBlaCar.docx,12,Autor,acc_sus 0,"In the event of non-compliance on your part with all or some of the Conditions, you acknowledge and accept that BlaBlaCar can at any time, without prior notiﬁcation, interrupt or suspend, temporarily or permanently, all or part of the service or your access to the Site (including in particular your User Account)."
BlaBlaCar.docx,13,Autor,ip -1,"By displaying content on this Site, Members expressly grant a license to BlaBlaCar to display the content and to use it for any of our other business purposes."
BlaBlaCar.docx,14,Autor,c_law -1; c_forum -1,These terms shall be governed by the law of India and any disputes arising in relation to these terms shall be subject to the jurisdiction of the Courts of New Delhi.
Sympatia.pl.docx,0,Autor,what,"Serwis - towarzyski serwis internetowy Sympatia.pl znajdujący się w pod adreseminternetowym http://www.sympatia.pl, www.sympatia.onet.pl, a także innymi adresami internetowymi, pod którymi Administrator prowadzi Serwis, stanowiący platformę internetową (treści cyfrowe zawierające aplikację o głównych funkcjonalnościach Serwisu) będącą własnością Administratora, na którą składa się kompleks usług świadczonych drogą elektroniczną na rzecz Użytkowników, w tym wskazane usługi płatne polegające na dostępie do dodatkowych funkcjonalności"
Sympatia.pl.docx,1,Autor,what,"Podstawowym przedmiotem Serwisu jest udostępnianie w sieci Internet systemu (aplikacja i inne narzędzia informatyczne) prezentacji i wymiany informacji o Użytkownikach, prowadzonego i utrzymywanego przez Administratora, w celu umożliwienia w ten sposób nawiązywania znajomości pomiędzy Użytkownikami. Za pośrednictwem Serwisu świadczone są lub mogą być świadczone w przyszłości, odpłatne i nieodpłatne usługi na rzecz Użytkowników związane z przedmiotem Serwisu."
Sympatia.pl.docx,2,Autor,docu 1,Polityce Prywatności
Sympatia.pl.docx,3,Autor,what,"Za pośrednictwem Serwisu Użytkownicy mają możliwość prezentowania w Proﬁlu swoich danych, informacji i innych treści o sobie i od siebie, wraz z wizerunkiem osobistym znajdującym się na przekazanych do Serwisu zdjęciach, a także korzystania z innych usług Serwisu pozwalających na zawieranie znajomości między Użytkownikami, dzięki specjalnym kanałom komunikacji, przeszukiwaniu Bazy Proﬁli według zadanych kryteriów, przeglądaniu Proﬁli Użytkowników, przesyłania wiadomości lub zdjęć oraz przechowywania otrzymanych wiadomości lub zdjęć w ramach usługi komunikatora internetowego itp."
Sympatia.pl.docx,4,Autor,serv_chg 1,"Zakres dostępu lub zakres i sposób świadczenia poszczególnych usług Serwisu - może być z ważnych przyczyn, za które uznaje się:zmiany w obowiązujących przepisach mających wpływ na funkcjonowanie Serwisu, które uniemożliwiają lub istotnie utrudniają funkcjonowanie Serwisu na dotychczasowych zasadach,realizację obowiązków wynikających z prawomocnego orzeczenia sądu lub prawomocnej decyzji administracyjnej,brak uzyskania przez Administratora licencji na korzystanie z treści koniecznych do zapewnienia funkcjonowania Serwisu,wzrost kosztów działalności związanej z udostępnianiem Serwisu (stawki podatków, stawki wynagrodzeń, koszty usług IT, opłaty licencyjne, ceny energii i innych mediów)istotną zmianę trendów, w tym trendów technicznych na rynku serwisów o tematyce takiej jak Serwis,zmieniany (rozszerzany lub ograniczany) przez Administratora, co dotyczy również możliwości dodawania lub usuwania poszczególnych usług. Powyższe może być uzależnione od wymogu spełnienia przez Użytkowników dodatkowych warunków, zgodnie z postanowieniami szczególnymi zawartymi w odrębnych regulaminach odpowiednich usług. Administrator będzie informował Użytkowników z odpowiednim wyprzedzeniem na łamach Serwisu) o każdej zmianie zakresu usług i jej przyczynach. Powyższe zmiany nie będą naruszać praw nabytych Użytkowników."
Sympatia.pl.docx,5,Autor,recom -1,"dane z Konta Użytkownika oraz zebrane informacje z aktywności Użytkownika w serwisie Sympatia.pl mogą być wykorzystane do prezentowania Użytkownikowi przez Administratora reklam produktów i usług Administratora lub Zaufanych Partnerów Administratora, dopasowanych do zainteresowań Użytkownika"
Sympatia.pl.docx,6,Autor,recom -1,"Użytkownik jest świadomy, iż dane osobowe z Konta mogą być przetwarzane w celu marketingowym Administratora (w oparciu o uzasadniony interes Administratora) w ramach czego realizowane być może prezentowanie Użytkownikowi przez Administratora reklam produktów i usług Administratora lub Zaufanych Partnerów Administratora, dopasowanych do zainteresowań Użytkownika, wobec czego Użytkownik może wyrazić sprzeciw"
Sympatia.pl.docx,7,Autor,ip 0,"oświadcza, że udziela Administratorowi bezterminowej i nieodpłatnej licencji na korzystanie, utrwalanie i zwielokrotnianie udostępnionych przez Użytkownika Materiałów dowolną techniką, w celach autopromocyjnych, informacyjnych, statystycznych oraz publikacji w takich mediach jak Internet, prasa"
Sympatia.pl.docx,8,Autor,ind 0,"zobowiązuje się w przypadku skierowania przez podmioty trzecie jakichkolwiek roszczeń do Administratora, odnośnie naruszania jakichkolwiek praw do opublikowanych Materiałów, w szczególności wizerunku osobistego osób trzecich, złożyć pisemne oświadczenie odpowiedniej treści, które uwolni Administratora od jakiejkolwiek odpowiedzialności w tym zakresie, a także, w razie konieczności, wstąpić do sprawy w miejsce Administratora lub przystąpić do sprawy po jego stronie jako interwenient uboczny, zwracając przy tym Administratorowi na jego pierwsze żądanie wszelkie poniesione przez Administratora wydatki związane z postępowaniem sądowym, w tym w szczególności wydatki poniesione na opłacenie zastępstwa procesowego, doradztwa prawnego oraz zasądzonych odszkodowań"
Sympatia.pl.docx,9,Autor,acc_sus 0; cnt_modr 0,"Administrator może odmówić opublikowania ich na łamach Serwisu, a tym samym zablokować Konto i Proﬁl Użytkownika, jeżeli podawane treści lub informacje będą niedozwolone ze względu na polskie lub międzynarodowe przepisy prawa, treść Regulaminu oraz dobre obyczaje lub moralność"
Sympatia.pl.docx,10,Autor,acc_sus 0,"Administrator zastrzega sobie prawo odmówienia zgody na publikację zdjęć z możliwością zablokowania Proﬁlu Użytkownika, jeżeli zdjęcie będzie większe niż 5 MB, lub jeżeli zdjęcie będzie słabej jakości (widoczne piksele, rozmycie) lub nie będzie spełniać niezbędnych warunków technicznych Serwisu – tj. będzie zapisane w pliku innym niż .jpg, .bmp, png"
Sympatia.pl.docx,11,Autor,acc_del 0,"Jeżeli Użytkownik nie loguje się do zawieszonego Konta, to Konto zostanie automatycznie usunięte zgodnie z § 6 pkt 2b."
Sympatia.pl.docx,12,Autor,cnt_retr -1,"Wraz z usunięciem Konta usunięty zostanie z Serwisu Proﬁl Użytkownika z wszystkimi danymi (w tym jego Nick, zdjęcia główne i galeryjne) na stałe i bezpowrotnie. "
Sympatia.pl.docx,13,Autor,acc_sus 0,"W przypadku gdy Użytkownik narusza postanowienia Regulaminu, Administrator może zablokować Konto lub poszczególne usługi Serwisu (np. Proﬁl) wraz z podaniem na łamach Serwisu stosownej informacji w tym zakresie dostępnej dla wszystkich Użytkowników"
Sympatia.pl.docx,14,Autor,acc_del 1,"Konto może ponadto zostać usunięte przez Administratora, po uprzednim, dodatkowym poinformowaniu Użytkownika, co spowoduje bezpowrotne usunięcie Konta i Proﬁlu z Bazy Proﬁli, jeżeli:Użytkownik stale lub rażąco narusza postanowienia Regulaminu, a w szczególności korzysta z Serwisu w sposób sprzeczny z jego przeznaczeniem opisanym w § 5 ust. 1;Użytkownik nie zalogował się ani razu do Serwisu przez okres 12 miesięcy od ostatniego zalogowania, pomimo otrzymania przypomnienia o konieczności zalogowania się do Serwisu;Użytkownik posiada więcej niż jedno Konto - w takim przypadku usunięte mogą zostać wszystkie Konta Użytkownika;Użytkownik nie zaakceptuje zmian wprowadzanych przez Administratora w Regulaminie;Użytkownik w okresie 3 miesięcy od zablokowania Konta lub innych poszczególnych usług Serwisu przez Administratora, nie dokona działań niezbędnych do usunięcia przyczyn stanowiących podstawę zablokowania;Użytkownik ingeruje w struktury Serwisu, do których taki Użytkownik nie ma udzielonego dostępu."
Sympatia.pl.docx,16,Autor,uncle 1,nie później jednak niż w terminie na odpowiedź na reklamację określonym w obowiązujących przepisach
Sympatia.pl.docx,15,Autor,com_sys 0,"§ 7ReklamacjeZakłócenia w funkcjonowaniu Serwisu oraz reklamacje dotyczące usługi świadczonej w Serwisie należy zgłaszać Administratorowi zgodnie z pkt 2 poniżej, o ile nic innego nie postanowiono w odrębnych regulaminach świadczenia danej usługi, z którą reklamacja jest związana.Reklamacje należy składać drogą elektroniczną na adres: reklamacje@sympatia.pl lub listownie na adres korespondencyjny: Ringier Axel Springer Polska sp. z o.o., al. 29 Listopada 20, 31-401 Kraków z dopiskiem: Sympatia.Zgłoszenia reklamacyjne będą na bieżąco rozpatrywane przez zespół obsługi Serwisu w terminie 14 dni od dnia otrzymania reklamacji.Administrator zastrzega sobie prawo do wydłużenia terminu podanego w pkt 3 o nie więcej niż 10 dni - w przypadku, gdy rozpoznanie reklamacji wymaga wiadomości specjalnych lub napotka przeszkody z przyczyn niezależnych od Administratora (awarie sprzętu, sieci internetowej itp.). Administrator ponadto zastrzega, że rozpatrzenie reklamacji może wymagać uzyskania od Użytkownika dodatkowych wyjaśnień - czas udzielania wyjaśnień przez Użytkownika każdorazowo przedłuża okres rozpoznania reklamacji.Reklamacje kierowane do Administratora, a dotyczące usług świadczonych przez podmioty trzecie za pośrednictwem Serwisu będą przekazywane przez Administratora niezwłocznie właściwemu podmiotowi trzeciemu, który jest odpowiedzialny za daną usługę.Administrator zastrzega sobie prawo do ingerencji w strukturę techniczną Konta Użytkownika, w celu zdiagnozowania nieprawidłowości w funkcjonowaniu usług Serwisu, a także może dokonywać zmian i w każdy inny sposób oddziaływać na stronę techniczną Konta, w celu jego modyﬁkacji lub przywrócenia prawidłowego działania samego Konta lub Serwisu.Odpowiedź na reklamację zostanie przesłana do Użytkownika w ciągu 7 dni od daty rozpatrzenia reklamacji na adres e-mail lub adres pocztowy podany przez Użytkownika w reklamacji, nie później jednak niż w terminie na odpowiedź na reklamację określonym w obowiązujących przepisach."
Sympatia.pl.docx,17,Autor,c_forum 1,"W pozostałych wypadkach ewentualne spory zostają poddane sądom właściwym zgodnie z obowiązującymi przepisami, w tym postanowieniami przepisów Kodeksu postępowania cywilnego"
Sympatia.pl.docx,18,Autor,sugg 0,"Administrator zastrzega sobie prawo do anonimowej publikacji treści kierowanych przez Użytkowników do zespołu obsługi Serwisu, a dotyczących kwestii związanych z funkcjonowaniem Serwisu (FAQ), udzielanymi poradami."
Sympatia.pl.docx,20,Autor,uncle 2,w zakresie w jakim dopuszczalne jest to zgodnie z obowiązującymi przepisami
Sympatia.pl.docx,19,Autor,contr_chg 1,"Administrator zastrzega sobie, w zakresie w jakim dopuszczalne jest to zgodnie z obowiązującymi przepisami, prawo do dokonywania zmian i modyﬁkacji Regulaminu w przypadku zaistnienia ważnych przyczyn, za które uważa się:konieczność dostosowania Regulaminu do świadczenia usług Serwisu w sytuacji obiektywnie uzasadnionej koniecznością zmiany warunków technicznych świadczenia tych usług,zmiany w powszechnie obowiązujących przepisach prawa, które pociągają za sobą konieczność zmiany funkcjonowania Serwisu lub zmianę treści Regulaminu,prawomocne orzeczenie sądu lub decyzję organu administracji publicznej, które nakazują zmianę Regulaminu w określonej w nich części,konieczność zmiany postanowienia Regulaminu dotkniętego nieważnością, o której mowa w ust. 5 poniżej,konieczność rozbudowania lub modyﬁkacji zakresu funkcjonalności Serwisu, tak by odpowiadał on obiektywnym wymogom zmieniającego się rynku usług takich jak oferowana w Serwisie lub mógł oferować Użytkownikom unikalne funkcjonalności.Zmiany będą publikowane na bieżąco w postaci ujednoliconego tekstu Regulaminu na łamach Serwisu. Zmiany Regulaminu nie mogą naruszać nabytych uprawnień Użytkowników"
Sympatia.pl.docx,21,Autor,sever 0,Nieważność jednego z postanowień Regulaminu nie ma wpływu na ważność pozostałych jego postanowień
Sympatia.pl.docx,22,Autor,what,"Aplikacja - oprogramowanie, do którego prawa przysługują Administratorowi, z wykorzystaniem którego możliwy jest Dostęp do Usługi w Aplikacji, funkcjonujące na określonym rodzaju Sprzętu. Zainstalowanie Aplikacji na Sprzęcie Użytkownika wymaga zaakceptowania przez Użytkownika warunków korzystania z Aplikacji wskazanych przy dokonywaniu instalacji."
Sympatia.pl.docx,23,Autor,serv_chg 1,zakres Pakietu Darmowego lub Pakietu Premium może ulec zmianie. Użytkownik zostanie poinformowany uprzednio o zmianach
Sympatia.pl.docx,24,Autor,com_sys 0,"Reklamacje do AplikacjiKażdemu Użytkownikowi Aplikacji przysługuje prawo do złożenia reklamacji w sprawach związanych z funkcjonowaniem Usługi w Aplikacji.Reklamacje do Aplikacji należy składać do Administratora drogą określoną w niniejszym Regulaminie.W przypadku, gdy rozpoznanie reklamacji do Aplikacji wymaga nietypowych, szczególnych działań i ustaleń lub spowodowane jest awarią Sprzętu lub sieci internetowej, termin rozpatrzenia reklamacji może ulec wydłużeniu. Administrator ponadto zastrzega, że rozpatrzenie reklamacji może wymagać uzyskania od Użytkownika Aplikacji dodatkowych wyjaśnień - czas udzielania wyjaśnień przez Użytkownika Aplikacji każdorazowo przedłuża okres rozpoznania reklamacji.Odpowiedź na reklamację do Aplikacji zostanie przesłana w formie e-mail lub pisemnej do Użytkownika Aplikacji na adres podany przez Użytkownika Aplikacji w reklamacji. W pozostałym zakresie, w tym do terminów odpowiedzi na reklamacje stosuje się procedurę opisaną w § 7 Regulaminu"
Sympatia.pl.docx,26,Autor,uncle 3,w granicach dopuszczalnych przez obowiązujące przepisy 
Sympatia.pl.docx,25,Autor,price_chg 0,"Administrator, z zachowaniem praw nabytych Użytkownika i w granicach dopuszczalnych przez obowiązujące przepisy oraz z uwzględnieniem zapisów poniższych, zastrzega sobie prawo do zmiany cen usług płatnych (Pakiet Premium, Dodatkowe Usługi Płatne) znajdujących się w ofercie Serwisu"
Glovo.docx,1,Autor,may infringe Annex 1(n) Directive 93/13 ,"In such cases, Glovo acts as a mere intermediary and is therefore unable to assume, and does not assume, any responsibility for the quality of the products or for the proper provision of the services offered directly by the merchants or by such third parties."
Glovo.docx,0,Autor,what,"Glovo is a technology company whose main activity is the development and management of a technology platform through which certain local stores in a number of territories can offer their products and/or services by means of a mobile or web application on the platform (hereinafter, the “APP”) and, in an ancillary manner, where applicable and if so requested through the APP by users of the APP and consumers of the said local stores, act as an intermediary in the planned or immediate delivery of the products.Glovo has developed a Platform through which a variety of merchants, with which Glovo can have in place a commercial agreement for the use of the platform, offer a selection of products and/or services. Users can request the purchase and/or collection of products and services from such merchants in person by means of a mandate given by them to a third party when placing an order through the Platform. In such cases, Glovo acts as a mere intermediary and is therefore unable to assume, and does not assume, any responsibility for the quality of the products or for the proper provision of the services offered directly by the merchants or by such third parties.In addition, Glovo is a multi-category Technology Platform for intermediation in the contracting of “on demand” services by distance electronic means. Its aim is to make it easier for any persons requiring help with their errands, services, purchases in person and/or collection of products from local merchants (hereinafter, “Users”) to carry out their errands by delegating to such third parties, who are willing to voluntarily carry out the mandate given to them by Users (hereinafter, the “Mandataries”).Mandataries are thus a network of self-employed professionals who work with Glovo. When they wish to provide their services, they log onto the Glovo Platform and undertake to carry out within a certain amount of time the service entrusted to them by the User by means of the above-mentioned mandate. As a result, Glovo cannot be responsible for delivery times, as they will depend on the local stores’ own successful operations, the preparation of orders, the Mandataries themselves, and the information furnished by Users when placing orders or their availability and response at the time of delivery. In relation to this, the delivery times stated on the Site are provided for indicative purposes only."
Glovo.docx,2,Autor,pato,"In relation to this, the delivery times stated on the Site are provided for indicative purposes only."
Glovo.docx,3,Autor,docu 1,Privacy Policy 
Glovo.docx,4,Autor,docu 2 ,Cookie Policy
Glovo.docx,6,Autor,disc -1; shad_ip,in any way that may be deemed appropriate by Glovo
Glovo.docx,5,Autor,ip -1 ,"the User grants Glovo, in relation to the content that he/she may provide, a worldwide, irrevocable, and transferable licence, free of charge, with the right to sub-license, use, copy, modify, create derivative works, distribute, publicise and exploit it in any way that may be deemed appropriate by Glovo, with or without any further communication to the User and without having to pay any amounts for such uses."
Glovo.docx,7,Autor,what,"When placing an “Anything” order, Users may set an approximate price if the price of the product and/or service does not appear on the platform. In such case, the service or product may be purchased by the Mandatary in person based on the User’s estimate and never for more than 30% above the said estimate. If the price is higher, the Mandatary shall contact the User to inform him/her of this situation, and it will be the latter who makes the final decision on whether or not to proceed with the purchase in person at the store. Glovo may provide an approximate price estimate, merely for the purpose of helping the User, and such estimate shall not be binding as the final price payable by the User in any event."
Glovo.docx,8,Autor,pato,Glovo reserves the right to check any communications made by the User for verification and monitoring purposes.
Glovo.docx,9,Autor,price_chg 0,"Users can register for the Platform, and use it, free of charge, although this is subject to review by Glovo at any time."
Glovo.docx,10,Autor,price_chg 0,Glovo reserves the right to change the price based on the distance travelled and/or the time slot in which the service is performed.
Glovo.docx,11,Autor,price_chg 0,Glovo reserves the right to change the prices on the Platform at any time. 
Glovo.docx,12,Autor,core,"In order to provide Users with greater support, Glovo shall be their first point of contact and shall accept liability for payments made on the Platform. Such liability includes refunds, returns, cancellations and early-stage dispute resolution, and it is without prejudice to any actions that may be taken by Glovo vis-à-vis local merchants as the sole physical sellers of the products ordered by Users."
Glovo.docx,13,Autor,pato,"However, the prices of the products sold in restaurants and/or stores shown on the Glovo Platform may be indicative only. In any event, they correspond to the products sold in restaurants and/or stores, and they are set solely by them. The User may contact the Mandatary to confirm the final price of the products ordered."
Glovo.docx,14,Autor,pato,Glovo reserves the right to cancel an order without having to provide a just cause.
Glovo.docx,15,Autor,acc_sus 0,"If payment for the service can for any reason not be taken from the User, the User’s account shall be blocked until the situation has been rectified and the debt has been settled."
Glovo.docx,16,Autor,pato,"In addition, we reserve the right to refuse orders at any location near a primary or secondary school"
Glovo.docx,17,Autor,acc_sus 0; acc_del 0; cnt_modr 0,"Glovo will check such reports as soon as possible and will take any steps that it may deem appropriate, reserving the right to remove and/or suspend any User from the Platform for breach of these General Terms of Use."
Glovo.docx,18,Autor,cnt_del 0,"Furthermore, Glovo reserves the right to remove and/or suspend any message with illegal or offensive content without the need for a prior warning or subsequent notification."
Glovo.docx,19,Autor,acc_sus 0,", Glovo may launch an internal investigation to ascertain the facts, take any legal action that may be necessary and/or block the User or Mandatary in question until any potential investigation has been completed"
Glovo.docx,20,Autor,cnt_del 0; acc_sus 0; acc_del 0,"Glovo reserves the right to fully or partly restrict certain Users’ access to the Platform, as well as to cancel, suspend, block or remove certain types of content, by means of suitable technological tools, if it becomes aware, or there are signs, that the activity or the information stored is illegal or harmful to a third party’s rights or property"
Glovo.docx,21,Autor,ip -1; shad_ip,Users assign to Glovo all exploitation rights arising from the contents thus supplied
Glovo.docx,22,Autor,may infringe Annex 1(n) Directive 93/13 ,Glovo will therefore never be liable for the availability of Mandataries or for their adequate and satisfactory performance of assignments.
Glovo.docx,23,Autor,contr_chg -1,"Glovo reserves the right to amend these General Terms of Use, the Privacy Policy and the Cookie Policy at any time and without prior notice."
Glovo.docx,24,Autor,serv_chg -1,"In addition, Glovo reserves the right to update, amend or delete the information contained on its Platform, at any time and without the need for prior notice, with regard to its layout, presentation and access conditions, without thereby accepting any liability in relation thereto. "
Glovo.docx,25,Autor,as_is -1,"Glovo does not guarantee the absence of errors or interruptions when accessing the Platform or its content, or that it will always be up to date. "
Glovo.docx,27,Autor,uncle 1,to the maximum extent permitted by the current legislation
Glovo.docx,26,Autor,ip -1; shad_ip,"By providing content through the Platform, Users assign to Glovo, free of charge and to the maximum extent permitted by the current legislation, the exploitation rights on the intellectual or industrial property arising from such content."
Glovo.docx,28,Autor,sever 0,"If any of the clauses of these General Terms are found to be voidable or void by operation of law, such clause(s) shall be deemed not to have been included. Such declaration of nullity will not cause the other clauses to be void, and these shall remain valid and effective between the Parties."
Glovo.docx,29,Autor,c_law -1,"The relationship between Glovo and the User shall be governed and construed in accordance with the General Terms, whose construction, validity and enforcement shall be governed by Spanish law"
Glovo.docx,30,Autor,c_forum 1,any disputes shallbe submitted to the Courts of Barcelona unless the User requests that they be submitted to the courts applicable to his/her home address.
Glovo.docx,31,Autor,arb 0,Any disputes or disagreements arising outside the European Union shall be submitted to the Spanish Court of Arbitration of the Chamber of Commerce.
Glovo.docx,32,Autor,contr_chg -1,they supplement them and may be modified and extended by Glovo at any time.
Glovo.docx,33,Autor,what,"GLOVOPRIME is a service provided by the Glovo Platform under which, in exchange for a fixed monthly fee, Users of the platform can enjoy unlimited deliveries of all those products ordered by them from delivery people, provided that the GLOVOPRIME logo expressly appears on the Platform of the store in which they are offered, at no additional cost to the above-mentioned fixed monthly fee."
Glovo.docx,34,Autor,may infringe Annex 1(d) Directive 93/13,"Payments are not refundable, and neither refunds nor credits will be given for unused or partly used membership periods during a one-month period. Neither will we grant refunds or credits for partial monthly subscription periods."
Glovo.docx,35,Autor,contr_chg 0,Glovo may amend these terms and conditions of GLOVOPRIME unilaterally and at any time by giving prior notice to the subscribers of the GLOVOPRIME service. 
Glovo.docx,36,Autor,serv_chg 0,"In addition, GLOVO reserves the right to cancel the service and subscriptions at its sole discretion by giving prior notice to Users."
Glovo.docx,37,Autor,c_law -1,"The relationship between Glovo and each GLOVOPRIME subscriber shall be governed by, and construed in accordance with, these Terms and Conditions, whose construction, validity and enforcement shall be governed by Spanish law"
Glovo.docx,38,Autor,c_forum 1,any disputes shall be submitted to the Courts of Barcelona unless the User requests the involvement of the courts applicable to his/her home address.
Glovo.docx,39,Autor,contr_chg 0,Glovo may amend these Terms and Conditions for PICK-UP and IN-STORE orders unilaterally at any time by giving prior notice to Users of the Glovo Platform.
Glovo.docx,40,Autor,what,"IN-STORE OrdersWhere so enabled for IN-STORE orders in the application, Users may place orders directly from those restaurants that have chosen to include this option and pick them up in-store at that moment."
Glovo.docx,41,Autor,what,"PICK-UP OrdersWhere so enabled for PICK-UP orders in the application, Users may place orders directly from the Platform at those establishments that have chosen to include this option and pick them up in-store within the times stated."
Glovo.docx,42,Autor,what,FOOD RESCUE is a service provided on the Glovo Platform under which Users can place orders on the excess food and other products of the food establishments appearing on the Glovo Platform.
Skyscanner.docx,0,Autor,what,"Skyscanner (“us”, “we” or “our” as the context requires) provides online travel search services (including ﬂight, hotel and car hire price comparison) and other travel related services (the “Services”) to travellers throughout the world via our websites, apps and other platforms (the “Platforms”)."
Skyscanner.docx,1,Autor,what,"Skyscanner is not a travel agent and is not responsible for providing, setting or controlling the prices applicable to, any of the travel options or products which you ﬁnd and book via our Services (“Third Party Travel Products”). All such Third Party Travel Products are provided by independent travel agents, airlines, hotels, tour operators or other third parties (“Travel Providers”) and are subject to the terms and conditions of those third parties."
Skyscanner.docx,2,Autor,docu 1-3,"These terms and conditions (“Terms”) govern your access to and use of our Services and Platforms, together with our privacypolicy, cookie policy and community guidelines. By accessing or using the Services or Platforms, you are conﬁrming that you have read, understood and agreed to these Terms and those of the privacy policy, cookie policy and community guidelines."
Skyscanner.docx,3,Autor,contr_chg -1,We may amend these Terms at any time at our discretion.
Skyscanner.docx,4,Autor,ip 0,"although all intellectual property rights subsisting in any User Content will be owned by you or your licensors and you are always free to share your User Content with anyone else, you hereby grant Skyscanner and the Skyscanner Group Companies a non- exclusive, perpetual, royalty-free, worldwide, transferrable and sub-licensable right to host, use, reproduce both electronically and otherwise, publicly display, distribute, modify, adapt, publish, translate, and create derivative works from any and all such User Content (in accordance with our privacy policy) including for the purposes of advertising and marketing our Services and Platforms. For example, we may make User Content available to our business partners or other Skyscanner Group Companies to display on their own sites. You are in control of the User Content you upload to the Skyscanner Services and can terminate this licence any time by either deleting the User Content or your Skyscanner account. Deleted User Content will be promptly removed within 48 hours."
Skyscanner.docx,5,Autor,cnt_retr -1,"we are under no obligation to store, retain, publish or make available any User Content uploaded by you and that you shall be responsible for creating backups of your own User Content."
Skyscanner.docx,6,Autor,sugg 0,"If you provide us with any suggestions, comments, improvements, ideas or other feedback (“Feedback”), you hereby irrevocably assign ownership of all intellectual property rights subsisting in that feedback to us and acknowledge that we can use and share such Feedback for any purpose at our discretion. You can provide feedback to us by clicking on the ‘feedback’ tab or through our Helpdesk."
Skyscanner.docx,7,Autor,as_is -1,We provide the Services and Platforms on an ‘as is’ basis
Skyscanner.docx,8,Autor,uncle 1,To the extent permitted by law
Skyscanner.docx,9,Autor,core,Skyscanner facilitates your bookings with Travel Providers but is not responsible and has no liability to you in respect of such bookings. 
Skyscanner.docx,10,Autor,may infringe Annex 1(n) Directive 93/13,"Skyscanner has no responsibility whatsoever for any arrangements you make with any third party as a result of your use of our Services or Platforms (including, without limitation, any Travel Provider)."
Skyscanner.docx,11,Autor,uncle 2,To the maximum extent permitted by law
Skyscanner.docx,12,Autor,ltd -1,"we (together with our ofﬁcers, directors, employees, representatives, afﬁliates, providers and third parties) do not accept any liability for (a) any inaccuracies or omissions in the content displayed on or via our Services or Platforms; or (b) any act of god, accident, delay or any special, exemplary, punitive, indirect, incidental or consequential loss or damage of any kind (including, without limitation, lost proﬁts or lost savings), whether based in contract, tort (including negligence), strict liability or otherwise, incurred by you arising out of or in connection with your access to, use of, or inability to access or use, our Services or Platforms or their contents."
Skyscanner.docx,13,Autor,uncle 3,to the extent permitted by law
Skyscanner.docx,14,Autor,ltd_cap -1,"our maximum aggregate liability to you arising out of or in connection with these Terms or your access to, use of, or inability to access or use, our Services or Platforms shall be limited to the sum of £100 (one hundred pounds sterling)."
Skyscanner.docx,15,Autor,uncle 4,(b) any other liability that cannot be excluded by law
Skyscanner.docx,16,Autor,uncle 5,(c) your statutory rights.
Skyscanner.docx,17,Autor,"acc_del -1, acc_sus -1","Skyscanner may in its absolute discretion immediately terminate any agreement with you under these Terms at any time upon notice to you and/or, if you have a log-in account, by cancelling your membership and your access to your account and removing any User Content you have uploaded to our Services or Platforms. "
Skyscanner.docx,18,Autor,"cnt_del -1, cnt_modr 0",and removing any User Content you have uploaded to our Services or Platforms. 
Skyscanner.docx,19,Autor,acc_sus -1,"Skyscanner may suspend your access and use in whole or in part without notice at any time, for example to prevent you from uploading any User Content, without incurring any liability to you whatsoever"
Skyscanner.docx,20,Autor,sever 0,The invalidity or unenforceability of any provision (in whole or part) of these Terms shall not affect the validity or enforceability of the remaining provisions (in whole or part). The whole or part of any provision which is held by a court of competent jurisdiction to be invalid or unenforceable shall be deemed deleted from these Terms.
Skyscanner.docx,21,Autor,uncle 6,to the extent permitted by law 
Skyscanner.docx,22,Autor,c_law -1,these Terms and your use shall be governed in accordance with the laws of England and Wales 
Skyscanner.docx,23,Autor,c_forum 0,"and you are deemed to have submitted to the non-exclusive jurisdiction of the courts of England and Wales to resolve any disputes which may arise hereunder. If you are using the Platforms or Services for commercial purposes, or via an unauthorised computer program as further described and prohibited under the “using our services” section of these Terms, then you submit to the exclusive jurisdiction of the courts of England and Wales for any disputes arising hereunder unless there is an existing commercial agreement between us governing your use which speciﬁes otherwise."
Gett.docx,0,Autor,what,"THESE TERMS AND CONDITIONS (“Conditions”) DEFINE THE BASIS UPON WHICH GETT WILL PROVIDE YOU WITH ACCESS TO THE GETT MOBILE APPLICATION PLATFORM, PURSUANT TO WHICH YOU WILL BE ABLE TO REQUEST CERTAIN TRANSPORTATION SERVICES FROM THIRD PARTY DRIVERS BY PLACING ORDERS THROUGH GETT’S MOBILE APPLICATION PLATFORM."
Gett.docx,1,Autor,pato,YOUR ATTENTION IS PARTICULARLY DRAWN TO CONDITION 9 WHICH LIMITS GETT’S LIABILITY TO YOU.
Gett.docx,2,Autor,docu 1,“Cancellation Policy” means Gett’s cancellation and no show policy available on the website or by clicking here
Gett.docx,3,Autor,docu 2,“Privacy Policy” means Gett’s privacy policy available on the Gett website or by clicking here;
Gett.docx,4,Autor,core,"“Technology Fee” means the charge levied by Gett for the provision of the Services, including for the convenience of accessing Transportation Services via the App but not for the provision of Transportation Services;"
Gett.docx,5,Autor,core,"The App provides a means to enable Customers who seek transportation to certain destinations to be connected with Drivers. Gett do not provide transportation services, rather we are a technological service provider that uses an electronic platform to provide the Services."
Gett.docx,6,Autor,ltd -1,"Notwithstanding the provisions of Condition 2.1, Gett does not guarantee availability nor uninterrupted or error free use of the App and shall not be liable for any damage, loss, claims, costs or expenses resulting from or as a consequence of scheduled or unscheduled downtime, unavailability or slowness."
Gett.docx,7,Autor,what,"In order to connect you to Drivers, you will be required to enter your Collection Location into the App. Where you enter your Final Location, we will provide you with an estimated Fee for the journey, based on the information provided, and provide you with the availability of Drivers. If you wish to proceed with your request for Transportation Services, you should select the order button and you will be connected with a Driver for Transportation Services and this shall constitute an Order. By selecting the order button, you will enter into a contract for Transportation Services with a Driver and be provided with their details via the App. For the avoidance of any doubt, your contract for Transportation Services will be with the Driver selected and will not be with Gett. You acknowledge and agree that Gett is not a party to your contract for Transportation Services."
Gett.docx,8,Autor,what,"Following a Driver completing an Order, you will be able to rate your Driver via the App. Where you chose to rate your Driver, you must provide accurate feedback on the Driver in order to allow us to monitor the quality of the Transportation Services they provide to users of the App. Drivers may also be permitted to rate you as a Customer and such information may be used by Drivers when deciding whether to accept or reject your future Orders. Customers must (and where appropriate Customer’s must ensure their guests) at all times act in a polite and courteous manner towards Drivers and any other passengers of the vehicle."
Gett.docx,9,Autor,what,"Once the Transportation Services have been completed and payment made, we will send you an electronic receipt. Details of past journeys are available via the App."
Gett.docx,10,Autor,pato,"(iii) in all other cases, the Fee estimated by Gett acting reasonably"
Gett.docx,11,Autor,acc_sus 0,suspend your access to the Services;
Gett.docx,12,Autor,acc_del 0,permanently delete your Customer Account and access to the Services; or
Gett.docx,13,Autor,pato,"If during the provision of the Transportation Service you soil the Driver’s vehicle, you will be charged an additional soiling fee in accordance with the relevant local published hackney carriage fees."
Gett.docx,14,Autor,disc -1,then subject to Gett’s absolute discretion any refund that it may determine to provide to you will be credited to the payment card you used for the Journey or such other method as is deemed reasonable by Gett for cash payments.
Gett.docx,15,Autor,acc_del 0; immediate account deletion is justified here,"In the event of such a breach, your right to use the App will cease immediately."
Gett.docx,16,Autor,serv_chg -1,"Gett reserves the right, at its sole discretion, to change, alter, suspend or indefinitely close the App and/or your access to the Services. From time to time, Gett may also restrict access to some or all parts of the Services and/or the App."
Gett.docx,17,Autor,uncle 1,", or any other liability that cannot be excluded or limited by English law."
Gett.docx,18,Autor,as_is -1,"The material displayed on the App is provided without any guarantees, conditions or warranties as to its accuracy. "
Gett.docx,19,Autor,uncle 2,To the fullest extent permitted by law
Gett.docx,20,Autor,ltd -1,"any liability arising under or in connection with:use of, or inability to use, the App and/or Services;use of or reliance on any content displayed on the App;incompatibility of the App with any of your electronic and/or mobile equipment, devices, software or telecommunications links; andunsuitability, unreliability or inaccuracy of the App and/or the Services."
Gett.docx,21,Autor,abusive according to Annex 1(n) Directive 93/13,Gett shall not be liable to the Customer for the actions or omissions of any Driver or in connection with the Transportation Services. 
Gett.docx,22,Autor,ltd_cap -1,"Subject to the remainder of this Condition 9, Gett’s total liability to you in connection with these Conditions and the Services, however arising whether caused by tort (including negligence), breach of contract or otherwise, shall be limited to the Fees payable by you in relation to the Order in which the liability arose."
Gett.docx,23,Autor,"acc_del -1, acc_sus -1","Gett is entitled to terminate its provision of the Services to you or your licence to use the App, with immediate effect, by disabling your account or otherwise preventing you from accessing or using the App, at its sole discretion"
Gett.docx,24,Autor,contr_chg -1,"Gett reserves the right, in its sole discretion, to vary these Conditions at any time."
Gett.docx,25,Autor,tran -1,"Your Customer Account and the Services are personal to you, and therefore you may not assign, sub-licence or transfer in any other way your rights and obligations under these Conditions of use to any third party. However, if necessary, Gett may freely assign its rights and obligations without your consent and without the need to notify you before assigning them."
Gett.docx,26,Autor,sever 0,"If any part of these Conditions are disallowed or found to be ineffective by any court or regulator, the other provisions shall continue to apply to the maximum extent permitted by law."
Gett.docx,27,Autor,c_law -1,"These Conditions, and any non-contractual obligations arising out of them, are governed and construed in accordance with the law of England and Wales "
Gett.docx,28,Autor,c_forum -1,"any proceedings resulting out of these terms of use, and any non-contractual obligations arising out of them, the Privacy Policy, Services and/or the use of the App shall be held in the Courts of England and Wales."
ALBICLA.docx,0,Autor,what,"ALBICLA jest bezpłatnym serwisem społecznościowym umożliwiającym wolną od cenzury wymianę myśli, idei, opinii."
ALBICLA.docx,1,Autor,core,".       Umowa- umowa zawarta między Usługodawcą a Użytkownikiem, której przedmiotem jest świadczenie usług w ramach ALBICLA na zasadach opisanych w Regulaminie, a także każda umowa zawarta za pośrednictwem ALBICLA między Usługodawcą a Użytkownikiem;"
ALBICLA.docx,2,Autor,docu 1,Polityką Prywatności 
ALBICLA.docx,3,Autor,what,2.       Zarejestrowany Użytkownik ma możliwość wykorzystywania możliwości ALBICLA i przede wszystkim może:a.       Tworzyć swój Profil i go edytowaćb.       Obserwować inne Profilec.       Dodawać Profile do Znajomychd.       Tworzyć Postye.       Komentować Postyf.        Udostępniać Postyg.       Polubić Postyh.       Tworzyć wydarzenia/sondy/ankietyi.         Publikować zdjęcia i filmy
ALBICLA.docx,4,Autor,serv_chg 0,"3.       Usługodawca będzie wprowadzał kolejne funkcje w ALBICLA mające na celu: usprawnienie korzystania z ALBICLA, ułatwienie wchodzenia w interakcje z innymi Użytkownikami, czy też zwiększające zadowolenie Użytkowników z korzystania z ALBICLA."
ALBICLA.docx,5,Autor,core,"9.       Z uwagi na fakt, że ALBICLA jest serwisem bezpłatnym, koszty utrzymania ALBICLA będą pochodziły z wyświetlanych reklam lub artykułów sponsorowanych. Usługodawca dołoży wszelkich starań by wyświetlane reklamy nie zmniejszały komfortu korzystania z ALBICLA a artykuły sponsorowane były merytoryczne."
ALBICLA.docx,6,Autor,acc_sus 0,2.       Każdy Użytkownik może posiadać tylko jedno Konto. W przypadku założenia kilku Kont z wykorzystaniem tych samych danych Usługodawca ma prawo do zablokowania Kont i wezwania Użytkownika do złożenia wyjaśnień.
ALBICLA.docx,7,Autor,acc_sus 0; cnt_modr 0,"1.       W przypadku otrzymania zgłoszenia o naruszeniu Regulaminu przez Użytkownika lub powzięcia tej informacji samodzielnie przez Usługodawcę, Usługodawca ma prawo zablokować Użytkownikowi dostęp do ALBICLA. "
ALBICLA.docx,8,Autor,serv_chg -1,"1.       Usługodawca ma prawo do dokonywania zmian w oprogramowaniu, wprowadzania dodatkowych usług, usuwaniu usług, zmian w wyglądzie ALBICLA a także w każdym elemencie systemu ALBICLA. W żadnym wypadku Usługodawca nie ponosi odpowiedzialności względem Użytkownika za szkody wynikłe z wprowadzonych zmian."
ALBICLA.docx,9,Autor,ltd -1,"b)      niepoprawnego funkcjonowania ALBICLA niebędącego winą umyślną Usługodawcy, na przykład problemów technologicznych, wadliwego funkcjonowania ALBICLA lub braku funkcjonalności;"
ALBICLA.docx,10,Autor,serv_chg -1,"7.       Usługodawca ma prawo do dokonywania zmian w oprogramowaniu, wprowadzania dodatkowych Usług, usuwaniu Usług, zmian w wyglądzie poszczególnych części systemu ALBICLA."
ALBICLA.docx,11,Autor,ltd -1; cnt_retr -1,8.       Użytkownikowi nie przysługują żadne roszczenia związane z utraconymi danymi w związku z korzystaniem z ALBICLA.
ALBICLA.docx,12,Autor,com_sys 0,".       Reklamacje związane z funkcjonowaniem ALBICLA należy składać drogą elektroniczną bądź listownie na adres Usługodawcy.2.       W celu ułatwienia i przyśpieszenia rozpatrywania reklamacji zaleca się podanie w treści reklamacji takich informacji jak adres e-mail, rodzaj i datę wystąpienia nieprawidłowości oraz danych kontaktowych.3.       Rozpatrzenie reklamacji związanej z funkcjonowaniem ALBICLA następuje niezwłocznie, nie później niż w terminie 30 dni roboczych."
ALBICLA.docx,13,Autor,c_forum 0,sądowi właściwemu ze względu na siedzibę Usługodawcy.
ALBICLA.docx,14,Autor,contr_chg -1,"5.       Usługodawca zastrzega sobie prawo do dokonywania zmian Regulaminu i jego Załączników, o czym Użytkownik zostanie powiadomiony czy to poprzez wiadomość mailową wysłaną na adres mailowy podany przy Rejestracji czy też w formie wyświetlenia informacji o zmianie Regulaminu lub jego załączników w serwisie ALBICLA."
ALBICLA.docx,15,Autor,c_law -1 ,8.       W przypadku wątpliwości interpretacyjnych związanych z postanowieniami Regulaminu decyduje prawo polskie.
EA.docx,0,Autor,acc_sus 0 ; acc_del 0,EA can suspend or terminate your account if you break this agreement. 
EA.docx,1,Autor,acc_sus 0 ; acc_del 0,Your EA Account may be suspended or terminated if someone else uses it to engage in activity that violates this Agreement.
EA.docx,2,Autor,uncle 1,if allowed by law
EA.docx,3,Autor,uncle 2,or permitted by law
EA.docx,4,Autor,uncle 3,or permitted by law
EA.docx,5,Autor,what,"The EA Services include Content and Entitlements. Content is the software, technology, text, forum posts, chat posts, proﬁles, widgets, messages, links, emails, music, sound, graphics, pictures, video, code, and all audio visual or other material appearing on or coming from EA Services, as well as the design and appearance of our websites. Content also includes user-generated Content (""UGC""). UGC includes EA Account personas, forum posts, proﬁle content and other Content contributed by users to EA Services. All Content is either owned by EA or its licensors, or is licensed to EA and its licensors pursuant to Section 5 below."
EA.docx,6,Autor,what,"Entitlements are rights that EA licenses to you to access or use the online or off-line elements of EA Services. Examples of Entitlements include access to digital or unlockable Content; additional or enhanced functionality (including multiplayer services); subscriptions; virtual assets; unlock keys or codes, serial codes or online authentication; in-game accomplishments; and virtual points, coins, or currencies."
EA.docx,7,Autor,virtu,"We refer to these virtual points, coins or currencies as ""EA Virtual Currency"". When you obtain EA Virtual Currency from us or our authorized partners, you receive a personal, limited, non-assignable, non-exclusive, revocable license to access and select the Entitlements that EA expressly makes available to you."
EA.docx,8,Autor,virtu,"EA Virtual Currency has no monetary value and has no value outside of our products and services. EA Virtual Currency cannot be sold, traded, transferred, or exchanged for cash; it only may be redeemed for Entitlements available for the EA Service. EA Virtual Currency is non-refundable, and you are not entitled to a refund for any unused EA Virtual Currency. Once you redeem EA Virtual Currency for an Entitlement, that Entitlement is not returnable, exchangeable, or refundable. If you live in Japan, you agree to use any EA Virtual Currency within 180 days from the date of purchase."
EA.docx,9,Autor,pato,"We do not guarantee that any EA Service, Content or Entitlement will be available at all times, in all locations, or at any given time or that we will continue to offer a particular EA Service, Content or Entitlements for any particular length of time. "
EA.docx,10,Autor,serv_chg -1,"From time to time, EA may update, change or modify an EA Service, Content or Entitlements, without notice to you."
EA.docx,11,Autor,cnt_del 0 ; acc_sus 0 ; acc_del 0,"EA may also take actions on your EA Account and Entitlements without notice to you to protect you or EA, such as preventing unauthorized access, resetting EA Account passwords, suspending EA Account access, deleting data or removing EA Accounts from EA Services. "
EA.docx,12,Autor,cnt_del -1,"EA may, in its sole discretion, remove, edit or disable UGC for any reason, including if EA reasonably determines that UGC violates this Agreement. "
EA.docx,13,Autor,shad_ip,"When you contribute UGC, you grant to EA, its licensors and licensees a non-exclusive, perpetual, transferable, worldwide, sublicensable license to use, host, store, reproduce, modify, create derivative works, publicly perform, publicly display or otherwise transmit and communicate the UGC, or any portion of it, in any manner or form and in any medium or forum, whether now known or later devised, without notice, payment or attribution of any kind to you or any third party. "
EA.docx,14,Autor,ip -1,"When you contribute UGC, you grant to EA, its licensors and licensees a non-exclusive, perpetual, transferable, worldwide, sublicensable license to use, host, store, reproduce, modify, create derivative works, publicly perform, publicly display or otherwise transmit and communicate the UGC, or any portion of it, in any manner or form and in any medium or forum, whether now known or later devised, without notice, payment or attribution of any kind to you or any third party. You also grant to all other users who can access and use your UGC on an EA Service the right to use, copy, modify, display, perform, create derivative works from, and otherwise communicate and distribute your UGC on or through the relevant EA Service without further notice, attribution or compensation to you."
EA.docx,15,Autor,disc -1,", that EA (acting reasonably and objectively) determines "
EA.docx,16,Autor,cnt_modr 0; acc_sus 0; acc_del 0,"To enforce these rules, we may monitor your activity and remove any UGC. If you don’t follow these rules, we may warn you, suspend you, or ban you permanently from playing our games."
EA.docx,17,Autor,cnt_del -1,"EA may, in its discretion, monitor or record online activity or Content on EA Services and may remove any Content from any EA Service at its discretion. "
EA.docx,18,Autor,docu 1,EA's Privacy and Cookie Policy 
EA.docx,19,Autor,acc_del 0,We also may terminate your License and your EA Account if we determine you have been cheating.
EA.docx,21,Autor,cnt_retr -1,"If your EA Account is terminated, you will not have access to your EA Account or Entitlements "
EA.docx,20,Autor,acc_del 0,". EA may terminate your access and use of any EA Services or your EA Account if EA determines that you have violated this Agreement or that there has been otherwise unlawful, improper or fraudulent use of EA Services on your EA Account. When practical, EA will notify you of the termination. You may lose your username and persona as a result of an EA Account termination. If you have more than one EA Account, depending on the type of violation or misuse, EA may terminate all of your EA Accounts and all related Entitlements. If your EA Account is terminated, you will not have access to your EA Account or Entitlements and may be barred from accessing or using any EA Service again. Upon termination, your license under this Agreement also shall terminate."
EA.docx,22,Autor,acc_sus 0 ; cnt_del 0,"Instead of termination and prior to any termination, EA may issue you a warning, suspend or alter your access to a particular EA Service or your EA Account, remove or revoke Entitlements at an EA Account or device level, remove or delete any Content which is in violation with this Agreement, or ban your device or machine from accessing speciﬁc EA Services. If EA takes any action described in this Section, you will not be entitled to a refund (subject to any statutory refund rights) and no Entitlements will be credited to you or converted to cash or other forms of reimbursement."
EA.docx,23,Autor,as_is -1; exceptional territorial restriction,"IF YOU LIVE OUTSIDE THE EEA, UNITED KINGDOM AND SWITZERLAND, EA SERVICES ARE LICENSED AND PROVIDED ""AS IS."""
EA.docx,24,Autor,uncle 4,TO THE FULL EXTENT PERMITTED UNDER APPLICABLE LAW
EA.docx,25,Autor,uncle 5,TO THE FULL EXTENT PERMITTED BY APPLICABLE LAW
EA.docx,26,Autor,ltd -1,"EA AND ITS EMPLOYEES, LICENSORS AND BUSINESS PARTNERS SHALL NOT BE LIABLE TO YOU FOR ANY LOSSES THAT WERE NOT CAUSED BY EA'S BREACH OF THIS AGREEMENT, OR INDIRECT, INCIDENTAL, CONSEQUENTIAL, PUNITIVE OR SPECIAL DAMAGES. THE TYPES OF EXCLUDED DAMAGES INCLUDE, FOR EXAMPLE, FINANCIAL LOSS (SUCH AS LOSS INCOME OR PROFITS), COST OF SUBSTITUTE GOODS OR SERVICES, BUSINESS INTERRUPTION OR STOPPAGE, LOSS OF DATA, LOSS OF GOODWILL, AND COMPUTER FAILURE OR MALFUNCTION. THIS LIMITATION APPLIES TO ANY CLAIM ARISING OUT OF OR RELATED TO THIS LICENSE OR EA SERVICE, WHETHER BASED IN CONTRACT, TORT, STATUTE, STRICT LIABILITY OR OTHERWISE. IT ALSO APPLIES EVEN IF EA KNEW OR SHOULD HAVE KNOWN ABOUT THE POSSIBILITY OF SUCH DAMAGE. "
EA.docx,27,Autor,ltd_cap -1,YOU MAY RECOVER ONLY DIRECT DAMAGES IN ANY AMOUNT NO GREATER THAN WHAT YOU ACTUALLY PAID FOR THE APPLICABLE EA SERVICE. 
EA.docx,28,Autor,uncle 6,"SOME JURISDICTIONS DO NOT ALLOW THE ABOVE EXCLUSIONS AND LIMITATIONS, SO SOME OR ALL OF THEM MAY NOT APPLY TO YOU."
EA.docx,29,Autor,sever 0,"If any part of this Agreement is held to be unenforceable, all other parts of this Agreement shall continue in full force and effect."
EA.docx,30,Autor,c_law -1 ; c_forum -1,"If you live in the EEA, United Kingdom, Switzerland, Brazil, Hong Kong, Mexico or Russia, (i) this Agreement is between you and EA Swiss Sàrl, a company registered in the Geneva Companies Registry with company registration number: CH-660-2328005-8 and with ofﬁces at 8 Place du Molard, 1204 Geneva, Switzerland; (ii) the laws of your country of residence govern this Agreement and your use of EA Services; and (iii) you expressly agree that exclusive jurisdiction for any claim or action arising out of or relating to this Agreement or EA Services shall be the courts of your country of residence.If you live in the Republic of Korea, (i) this Agreement is between you and EA Swiss Sàrl, a company registered in the Geneva Companies Registry with company registration number: CH-660-2328005-8 and with ofﬁces at 8 Place du Molard, 1204 Geneva, Switzerland; (ii) the laws of Korea, excluding its conﬂicts- of-law rules, govern this Agreement and your use of EA Services; and (iii) you expressly agree that exclusive jurisdiction for any claim or action arising out of or relating to this Agreement or EA Services shall be the courts of Korea.If you live in the United States, Canada or Japan, (i) this Agreement is between you and Electronic Arts Inc., 209 Redwood Shores Parkway, Redwood City, CA 94065, USA; (ii) the laws of the State of California, excluding its conﬂicts-of-law rules, govern this Agreement and your use of EA Services; and (iii) you expressly agree that for claims and disputes not subject to the arbitration agreement below, exclusive jurisdiction for any claim or action arising out of or relating to this Agreement or EA Services shall be the federal or state courts that govern San Mateo County, California, and you expressly consent to the exercise of personal jurisdiction of such courts.If you in live in any other country, (i) this Agreement is between you and EA Swiss Sàrl, a company registered in the Geneva Companies Registry with company registration number: CH-660-2328005-8 and with ofﬁces at 8 Place du Molard, 1204 Geneva, Switzerland; (ii) the laws of the State of California, excluding its conﬂicts-of-law rules, govern this Agreement and your use of EA Services; and (iii) you expressly agree that for claims and disputes not subject to the arbitration agreement below, exclusive jurisdiction for any claim or action arising out of or relating to this Agreement or EA Services shall be the federal or state courts that govern San Mateo County, California, and you expressly consent to the exercise of personal jurisdiction of such courts.The UN Convention on Contracts for the International Sale of Goods (Vienna, 1980) shall not apply to this Agreement or to any dispute arising out of or relating to this Agreement."
EA.docx,31,Autor,contr_chg -1,"EA may modify this Agreement from time to time, so please review it frequently. "
EA.docx,32,Autor,class -1,"THIS SECTION APPLIES TO ALL CONSUMERS AND PEOPLE WHO ACCEPTED THE TERMS OF THIS AGREEMENT. IT EXCLUDES RESIDENTS OF QUEBEC, RUSSIA, SWITZERLAND, BRAZIL, MEXICO, THE MEMBER STATES OF THE EEA, UNITED KINGDOM AND THE REPUBLIC OF KOREA. BY ACCEPTING THE TERMS OF THIS AGREEMENT, YOU AND EA EXPRESSLY WAIVE THE RIGHT TO A TRIAL BY JURY AND THE RIGHT TO PARTICIPATE IN A CLASS ACTION."
EA.docx,33,Autor,arb -1,"All disputes, claims or controversies arising out of or relating to this Agreement, any EA Service and its marketing, or the relationship between you and EA, including the validity, enforceability, and scope of this Section 15 (""Disputes""), shall be determined exclusively by binding arbitration. This includes claims that accrued before you entered into this Agreement. The only Disputes not covered by this Section 15 are claims (i) regarding the infringement, protection or validity of your, EA's or EA's licensors' trade secrets, copyright, trademark or patent rights; (ii) if you reside in Australia, to enforce a statutory consumer right under Australian consumer law; and (iii) brought in small claims court."
EA.docx,34,Autor,docu 2,PlayStation™Network Terms of Service and User Agreement 
Aliexpress.docx,0,Autor,docu 1,"the “Services” hereinafter) is subject to the terms and conditions contained in this document as well as the Privacy Policy (deﬁned in clause 3.3 below), the"
Aliexpress.docx,1,Autor,docu 2,Product Listing Policy
Aliexpress.docx,2,Autor,contr_chg -1,"Alibaba.com may amend any Terms at any time by posting the relevant amended and restated Terms on the Sites. By continuing to access or use the Services or the Sites, you agree that the amended and restated Terms will apply to you."
Aliexpress.docx,3,Autor,price_chg 0,"Further, Alibaba.com reserves the right, without prior notice, to restrict access to or use of certain Services (or any features within the Services) to paying Users, or subject to other conditions that Alibaba.com may impose in our discretion."
Aliexpress.docx,4,Autor,serv_chg -1,"Alibaba.com may launch, change, upgrade, impose conditions to, suspend, or stop any Services (or any features within the Services) without prior notice except that in case of a fee-based Service, such changes will not substantially adversely affect the ability of such paying Users to enjoy that Service, except in respect of any AliExpress Relevant Jurisdiction Users. In respect of any AliExpress Relevant Jurisdiction Users, AliExpress Russia Holding Private Limited may launch, change, upgrade, impose conditions to, suspend, or stop any Services (or any features within the Services) without prior notice except that in case of a fee-based Service, such changes will not substantially adversely affect the ability of such paying Users to enjoy that Service."
Aliexpress.docx,5,Autor,may infringe Annex 1(n) Directive 93/13,"Alibaba.com may allow Users to access to content, products or services offered by third parties through hyperlinks (in the form of word link, banners, channels or otherwise), API or otherwise to such third parties' web sites. You are cautioned to read such web sites' terms and conditions and/or privacy policies before using the Sites. You acknowledge that Alibaba.com has no control over such third parties' web sites, does not monitor such web sites, and shall not be responsible or liable to anyone for such web sites, or any content, products or services made available on or through such web sites."
Aliexpress.docx,6,Autor,uncle,to the extent permitted under applicable laws
Aliexpress.docx,7,Autor,ip -1; shad_ip,", you grant an irrevocable, perpetual, worldwide, royalty- free, and sub-licensable (through multiple tiers) license to Alibaba.com and/or its afﬁliates and their respective representative(s) to display, transmit, distribute, reproduce, publish, duplicate, adapt, modify, edit, translate, create derivative works using the User Content, remove any part of it (including, without limitation, the watermark or mark the User Content bears), and otherwise use any or all of the User Content in any form, media, or technology now known or not currently known in any manner, on the Sites, Alibaba Channels and/or Third Party Channels and for any purpose which may be beneﬁcial, whether directly or indirectly, to Alibaba.com, the operation of the Sites, the provision of any Services and Promotion Services and/or the business of the User."
Aliexpress.docx,8,Autor,uncle 2,To the maximum extent permitted by law
Aliexpress.docx,9,Autor,uncle 3,Information that is protected under data protection laws will only be used and kept in compliance with those laws.
Aliexpress.docx,10,Autor,ac_del 0,Alibaba.com may cancel or terminate a User’s member account if Alibaba.com has reasons to suspect that the User has concurrently registered or is in control of two or more member accounts.
Aliexpress.docx,11,Autor,pato,"Further, Alibaba.com may reject User’s application for registration for any reason."
Aliexpress.docx,12,Autor,ind 0,"Member shall indemnify Alibaba.com, our afﬁliates, directors, employees, agents and representatives against any loss or damages (including but not limited to loss of proﬁts) suffered as a result of the multiple use of your account"
Aliexpress.docx,13,Autor,acc_sus 0; acc_del 0,Alibaba.com shall not be liable for any loss or damages arising from such a breach and shall have the right to suspend or terminate Member’s account without liability to the Member
Aliexpress.docx,14,Autor,cnt_modr 0; acc_del 0,"If Alibaba.com reasonably believes that any of your conduct violates or threatens to violate any applicable laws and regulations, Alibaba.com may, at its sole discretion, at any time take action as it may deem appropriate in light of the circumstances, including, but not limited to, terminating the provision of Services to you, closing relevant purchase orders, and terminating your accounts, while reserving all rights it may have regarding any non-compliant actions or conduct of its members."
Aliexpress.docx,16,Autor,disc -1,is otherwise found inappropriate in Alibaba.com’s sole discretion
Aliexpress.docx,15,Autor,cnt_del -1; -1 because of (vi),"Alibaba.com reserves the right in our sole discretion to remove, modify or reject any User Content (in whole or in part) that you submit to, post or display on the Sites which we reasonably believe (i) violates any applicable laws and regulations,violates the Terms hereunder, (iii) could subject Alibaba.com or our afﬁliates to liability, (iv) infringes any Third Party Rights, (v) could harm the interests of our Members, third party or Alibaba.com or our afﬁliates, or (vi) is otherwise found inappropriate in Alibaba.com’s sole discretion."
Aliexpress.docx,17,Autor,acc_sus 0; acc_del 0; cnt_del 0,"If any Member breaches any Terms, or if Alibaba.com has reasonable grounds to believe that a Member is in breach of any Terms, Alibaba.com shall have the right to take such disciplinary actions as it deems appropriate, including without limitation: (i) suspending or terminating the Member’s account and any and all accounts determined to be related to such account by Alibaba.com in its sole discretion without liability for any losses or damages arising out of or in connection with such suspension or termination; (ii) restricting, downgrading, suspending or terminating the subscription of, access to, or current or future use of any Service; (iii) removing any product listings or other User Content that the Member has submitted, posted or displayed, or imposing restrictions on the number of product listings or User Content that the Member may post or display; (iv) imposing other restrictions on the Member’s use of any features or functions of any Service as Alibaba.com may consider appropriate in its sole discretion; and (v) any other corrective actions, discipline or penalties as Alibaba.com may deem necessary or appropriate in its sole discretion."
Aliexpress.docx,18,Autor,uncle 4,to the extent permitted by applicable laws 
Aliexpress.docx,19,Autor,acc_sus 0; acc_del 0,"Alibaba.com may, at any time and in our reasonable discretion, impose limitations on, suspend or terminate the Member’s use of any Service or the Sites without being liable to the Member if Alibaba.com has received notice that theMember is in breach of any agreement or undertaking with any afﬁliate of Alibaba.com including without limitation Taobao, Alipay, China Yahoo! and such breach involves or is reasonably suspected to involve dishonest or fraudulent activities"
Aliexpress.docx,20,Autor,ind 0,"Each Member agrees to indemnify Alibaba.com, our afﬁliates, directors, employees, agents and representatives and to hold them harmless, from any and all damages, losses, claims and liabilities (including legal costs on a full indemnity basis) which may arise from your submission, posting or display of any User Content, from your access to or use of the Sites or Services, or from your breach of the Terms or any Additional Agreements."
Aliexpress.docx,22,Autor,docu 3,Transaction Services Agreement
Aliexpress.docx,21,Autor,what,"Through the Sites, Alibaba.com provides electronic web-based platforms for exchanging information between buyers and sellers of products and services. Alibaba.com additionally provides electronic web-based transaction platforms for Members to place, accept, conclude, manage and fulﬁll orders for the provision of products and services online within the Sites subject to the terms of the Transaction Services Agreement.   However, for any Services, Alibaba.com does not represent either the seller or the buyer in speciﬁc transactions. Alibaba.com does not control and is not liable or responsible for the quality, safety, lawfulness or availability of the products or services offered for sale on the Sites, the ability of the sellers to complete a sale or the ability of buyers to complete a purchase."
Aliexpress.docx,23,Autor,pato,"Alibaba.com is not liable or responsible for any damages, claims, liabilities, costs, harm, inconveniences, business disruptions or expenditures of any kind that may arise a result of or in connection with any Transaction Risks."
Aliexpress.docx,24,Autor,acc_sus 0; acc_del 0,Alibaba.com has the right to suspend or terminate any User’s account if the User fails to provide the required information and materials without liability for any losses or damages arising out of or in connection with such suspension or termination
Aliexpress.docx,25,Autor,ind 0,"In the event that any User has a dispute with any party to a transaction, such User agrees to release and indemnify Alibaba.com (and our agents, afﬁliates, directors, ofﬁcers and employees) from all claims, demands, actions, proceedings, costs, expenses and damages (including without limitation any actual, special, incidental or consequential damages) arising out of or in connection with such dispute or the transaction."
Aliexpress.docx,26,Autor,uncle 5,TO THE MAXIMUM EXTENT PERMITTED BY LAW
Aliexpress.docx,27,Autor,as_is -1,"THE SERVICES PROVIDED BY ALIBABA.COM ON OR THROUGH THE SITES ARE PROVIDED ""AS IS"", ""AS AVAILABLE"" AND “WITH ALL FAULTS”, AND ALIBABA.COM HEREBY EXPRESSLY DISCLAIMS ANY AND ALL WARRANTIES, EXPRESS OR IMPLIED, INCLUDING BUT NOT LIMITED TO, ANY WARRANTIES OF CONDITION, QUALITY, DURABILITY, PERFORMANCE, ACCURACY, RELIABILITY, MERCHANTABILITY OR FITNESS FOR A PARTICULAR PURPOSE. ALL SUCH WARRANTIES, REPRESENTATIONS, CONDITIONS, AND UNDERTAKINGS ARE HEREBY EXCLUDED."
Aliexpress.docx,28,Autor,uncle 6,TO THE MAXIMUM EXTENT PERMITTED BY LAW
Aliexpress.docx,29,Autor,ind 0,"Each User hereby agrees to indemnify and hold Alibaba.com, our afﬁliates, directors, ofﬁcers and employees harmless, from any and all losses, claims, liabilities (including legal costs on a full indemnity basis) which may arise from such User's access to or use of the Sites or Services (including but not limited to the submission, posting or display of such User's information and User Content on the Sites, Alibaba Channels or Third Party Channels under Promotion Services) or from your breach of any of the representations, warranties hereunder and the terms and conditions of the Terms. Each User hereby further agrees to indemnify and hold Alibaba.com, our afﬁliates, directors, ofﬁcers and employees harmless, from any andall losses, damages, claims, liabilities (including legal costs on a full indemnity basis) which may arise from User's breach of any representations and warranties made by User to Alibaba.com, including but not limited to those set forth in clause 5 hereunder."
Aliexpress.docx,30,Autor,ind 0,"Each User hereby further agrees to indemnify and save Alibaba.com, our afﬁliates, directors, ofﬁcers and employees harmless, from any and all losses, damages, claims, liabilities (including legal costs on a full indemnity basis) which may arise, directly or indirectly, as a result of any claims asserted by Third Party Rights claimants or other third parties relating to the User Content, information and/or products offered or displayed on the Sites. Each User hereby further agrees that Alibaba.com is not responsible and shall have no liability to you, for any material posted by others, including defamatory, offensive or illicit material and that the risk of damages from such material rests entirely with each User. Alibaba.com reserves the right, at our own expense, to assume the exclusive defense and control of any matter otherwise subject to indemniﬁcation by you, in which event you shall cooperate with Alibaba.com in asserting any available defenses."
Aliexpress.docx,31,Autor,ltd -1,"Alibaba.com shall not be liable for any special, direct, indirect, punitive, incidental or consequential damages or any damages whatsoever (including but not limited to damages for loss of proﬁts or savings, business interruption, loss of information), whether in contract, negligence, tort, equity or otherwise or any other damages resulting from any of the following:the use or the inability to use the Sites or Services;any defect in goods, samples, data, information or services purchased or obtained from a User or any other third party through the Sites or Services;violation of Third Party Rights or claims or demands that User's manufacture, importation, exportation, distribution, offer, display, purchase, sale and/or use of products or services offered or displayed on the Sites or through the Services may violate or may be asserted to violate Third Party Rights; or claims by any party that they are entitled to defense or indemniﬁcation in relation to assertions of rights, demands or claims by Third Party Rights claimants;unauthorized access by third parties to data or private information of any User;statements or conduct of any User of the Sites or Services; or;any matters relating to the Sites or Services, however arising, including negligence"
Aliexpress.docx,33,Autor,uncle 7,the maximum amount permitted under the applicable law
Aliexpress.docx,32,Autor,ltd_cap -1,"Notwithstanding any of the foregoing provisions, the aggregate liability of Alibaba.com, our employees, agents, afﬁliates, representatives or anyone acting on our behalf with respect to each User for all claims arising from the access to or use of the Sites or Services during any calendar year shall be limited to the greater of (a) the amount of fees the User has paid to Alibaba.com in exchange for the access to or use of the Site or Services during the calendar year and (b) the maximum amount permitted under the applicable law. "
Aliexpress.docx,35,Autor,uncle 8,or such longer period as prescribed under the applicable law governing the Terms
Aliexpress.docx,34,Autor,period -1,All claims arising from the use of the Sites or Services must be ﬁled within one (1) year from the date the cause of action arose or such longer period as prescribed under the applicable law governing the Terms.
Aliexpress.docx,36,Autor,uncle 9,The limitations and exclusions of liability to you under the Terms shall apply to the maximum extent permitted by law and shall apply whether or not Alibaba.com has been advised of or should have been aware of the possibility of any such losses arising.
Aliexpress.docx,37,Autor,uncle 10,To the largest extent permissible under applicable law
Aliexpress.docx,38,Autor,sever 0,"If any provision of the Terms is held to be invalid or unenforceable, such provision shall be deleted and the remaining provisions shall remain valid and be enforced."
Aliexpress.docx,39,Autor,tran -1,"Alibaba.com shall have the right to assign the Terms (including all of our rights, titles, beneﬁts, interests,  and obligations and duties in the Terms to any person or entity (including any afﬁliates of Alibaba.com). You may not assign, in whole or part, the Terms to any person or entity."
Aliexpress.docx,41,Autor,uncle 11,EXCEPT AS OTHERWISE STIPULATED UNDER APPLICABLE LAW
Aliexpress.docx,40,Autor,c_law -1; c_forum -1,"THIS AGREEMENT SHALL BE GOVERNED BY THE LAWS OF THE PEOPLE’S REPUBLIC OF CHINA (“PRC”) IF YOU CONTRACT WITH HANGZHOU ALIBABA ADVERTISING CO., LTD ACCORDING TO PARAGRAPH 2.1, AND THE PARTIES TO THIS AGREEMENT HEREBY SUBMIT TO THE EXCLUSIVE JURISDICTION OF THE YUHANG BASIC PEOPLE’S COURT OF HANGZHOU, PRC. IF YOUR CONTRACT IS WITH ALIBABA.COM HONG KONG LIMITED OR ALIBABA.COM SINGAPORE E-COMMERCE PRIVATE LIMITED, THEN THIS AGREEMENT SHALL BE GOVERNED BY LAWS OF THE HONG KONG SPECIAL ADMINISTRATIVE REGION (""HONG KONG"") WITHOUT REGARD TO ITS CONFLICT OF LAW PROVISIONS; AND THE PARTIES TO THIS AGREEMENT HEREBY SUBMIT TO THE EXCLUSIVE JURISDICTION OF THE HONG KONG COURTS, EXCEPT AS OTHERWISE STIPULATED UNDER APPLICABLE LAW. IF YOUR CONTRACT IS WITH ALIEXPRESS RUSSIA HOLDING PTE LTD., THIS AGREEMENT SHALL BE GOVERNED BY LAWS OF THE RUSSIAN FEDERATION (""RUSSIA"") WITHOUT REGARD TO ITS CONFLICT OF LAW PROVISIONS; AND THE PARTIES TO THIS AGREEMENT HEREBY SUBMIT TO THE EXCLUSIVE JURISDICTION OF THE COURTS OF RUSSIA, EXCEPT AS OTHERWISE STIPULATED UNDER APPLICABLE LAW."
adidas.docx,0,Autor,docu 1,Privacy Policy 
adidas.docx,1,Autor,what,"Currently, Runtastic essentially oﬀers its users the following features and information in several languages:Platform.Personal proﬁle page, including personal details; News regarding Runtastic in short form;Mobile Health & Fitness Apps;Content, e.g. texts, pictures and videos, regarding sports, health and nutrition, that is presented by Runtastic and professional third parties (sports coaches, trainers,...);Status messages;A blog presenting company information, products and news regarding health and ﬁtness in long form; and Other content, such as:About us: Short description of Runtastic;Company oﬀers: Oﬀers of Runtastic addressed to companies; Advertising by Runtastic and/or third parties;Support for users;Privacy Policy and these T&C; Press & Media Center;Jobs; andLegal information.Apps. Applications for Apple iPhones, Android phones, and other smartphones and other devices on a global scale, that can be used both isolated on the smartphone as well as in connection with the Platform."
adidas.docx,2,Autor,pato,"Runtastic reserves the right to reject users without giving reasons. In this event, any transmitted details will be deleted promptly."
adidas.docx,3,Autor,acc_sus 0; acc_del 0; may infringe Annex 1(d) Directive 93/13,"If you provide any information that is untrue, inaccurate, not current or incomplete, or Runtastic has reasonable grounds to suspect that such information is untrue, inaccurate, not current or incomplete, Runtastic has the right to suspend or terminate your account immediately and without prior notice and to refuse any and all current or future use of the Premium Services (or any portion thereof), without the Registered User being entitled to a refund of any previously paid amount."
adidas.docx,4,Autor,acc_del 0,Runtastic has the right to close or cancel the account of any Registered User in the event of any unauthorized or fraudulent use of the account.
adidas.docx,5,Autor,serv_chg 0,"Runtastic reserves the right to change options or features - including Premium Features - in the Runtastic Products. In most cases Runtastic makes changes to the Runtastic Products to enhance or improve them. We might also make modiﬁcations if such are necessary to comply with changes in legislation, technical and/or safety requirements or to reﬂect changes in our company and product strategy and to respond to the market and competitive situation."
adidas.docx,6,Autor,price_chg -1,ere or in the App Stores. All prices are subject to change at Runtastic’s discretion at any time. Any price
adidas.docx,7,Autor,may infringe Annex 1(d) Directive 93/13,Runtastic will not refund previously paid amounts.
adidas.docx,8,Autor,serv_chg 0,"Runtastic reserves the right to discontinue one or more Runtastic Product. We might discontinue Runtastic Products if this is necessary to comply with changes in legislation, technical and/or safety requirements or to reﬂect changes in our company and product strategy and to respond to the market and competitive situation. All users shall be given reasonable prior notice of the discontinuation of a Runtastic Product. "
adidas.docx,9,Autor,acc_del 0,"Additionally, Runtastic reserves the right to terminate a user’s membership for important reasons, such as due to gross breaches of the user’s obligations as set forth in these T&C and ancillary agreements."
adidas.docx,10,Autor,cnt_retr 1,"Request for data. If you generated, transmitted, saved, published or otherwise made available through the Runtastic Products content, we shall, at your request, provide you with the content, which does not qualify as personal data, free of charge, within a reasonable period of time and in a common and machine-readable format after the termination becomes eﬀective. This does not apply if such content:has no use outside the context of the Runtastic Products,is exclusively related to your use of the Runtastic Products orhas been aggregated by us with other data and cannot be disaggregated or can only be disaggregated with disproportionate eﬀort."
adidas.docx,11,Autor,cnt_del 0; acc_sus 0; acc_del 0; cnt_modr 0,"Sanctions. In order to ensure the proper and reliable provision of Runtastic Products, Runtastic imposes the following sanctions upon breach of user obligations by a user:warning;deletion of content;temporary deactivation of user account; and cancellation (irrevocable deactivation)."
adidas.docx,12,Autor,recom -1,"The user consents that, as a result of the automatic evaluation of the way such user uses the Platform, it may be exposed to certain oﬀers and/or marketing messages tailored to such user."
adidas.docx,15,Autor,uncle 1,", to the extent legally permissible"
adidas.docx,14,Autor,infringes Art. 16 of the Polish law on copyright and related rights,"In this connection, the user waives, to the extent legally permissible, all intellectual property rights."
adidas.docx,13,Autor,ip -1,"The user grants Runtastic the irrevocable, free, non-exclusive and unlimited right to use all content generated, transmitted, saved and published by such user. Accordingly, Runtastic shall have the right to use, irrespective of the type of usage, all content both as part of the Platform and any other activity of Runtastic or any company aﬃliated with Runtastic. This shall include the right to change and edit such content, unless such changes or edits impair material interests of the user. In this connection, the user waives, to the extent legally permissible, all intellectual property rights. However, to the extent feasible, in the event that Runtastic uses content created by a user outside the Runtastic Products, Runtastic shall note that such content was created by the user."
adidas.docx,16,Autor,cnt_del -1,"Runtastic reserves the right to delete content created by users, such as routes, photos, events or comments without giving reasons. "
adidas.docx,17,Autor,uncle 2,to the extent permitted by law
adidas.docx,19,Autor,uncle 3,Unless required by statutory law
adidas.docx,18,Autor,ltd -1,"Content. Unless required by statutory law, neither Runtastic nor any of its business aﬃliates shall be liable for damages resulting from the use of content made accessible through the use of the Platform or other forms of use of the Runtastic Products. This also applies to damages resulting from errors, problems, viruses or loss of data.Downloads. Runtastic assumes no liability for downloaded material or material obtained as a consequence of using the Runtastic Products. The Registered User is solely responsible for any damages caused by such materials to his computer or smart phone system or for information that is lost as a consequence of downloading materials from any of the Runtastic Products."
adidas.docx,21,Autor,uncle 4,to the extent permitted by law
adidas.docx,20,Autor,ind 0,"Indemniﬁcation. The user shall indemnify Runtastic for all claims raised by third parties as a result of an infringement of their rights by the user in connection with content uploaded to or any of the Runtastic Products by such user or as a result of any other usage by such user of applications available from Runtastic. The user shall bear the costs of any legal proceedings, in which Runtastic may be involved in connection with such claims, including all court costs and attorney’s fees to the extent permitted by law, unless the user was not at fault in causing such infringement."
adidas.docx,22,Autor,contr_chg -1,"General. Runtastic reserves the right to amend these T&C from time to time for a number of reasons including, without limitation, for commercial reasons, to comply with applicable law or regulations, or for customer service reasons. At any time, the then-current version of these T&C is available for viewing on the Platform as well as in the Apps."
adidas.docx,23,Autor,acc_del 0,"In the event that you object to the changes, Runtastic is entitled to terminate the user contract and delete your user account, under consideration of your interests if continuing of the contractual relationship under the scope of the current terms and conditions is not possible or unreasonable for Runtastic."
adidas.docx,24,Autor,sever 0,"Severability Clause. In the event that individual provisions of these T&C shall be or become invalid, all other terms and conditions shall remain in full force and eﬀect."
adidas.docx,25,Autor,c_law 0,"These T&C and all contractual relations and litigation between the users and Runtastic shall be governed by Austrian law, excluding the conﬂict of law-provisions and the United Nations Convention on Contracts for the International Sale of Goods."
adidas.docx,26,Autor,c_forum 0,"Place of delivery and exclusive court of jurisdiction shall be Linz, Austria."
adidas.docx,27,Autor,docu 2,here 
Booking.com.docx,0,Autor,sever 0,"2. If anything in these Terms is (or becomes) invalid or, unenforceable:it will still be enforced to the fullest extent permitted by lawyou will still be bound by everything else in the Terms."
Booking.com.docx,1,Autor,uncle,To the extent permitted by law
Booking.com.docx,2,Autor,docu 1,Our values
Booking.com.docx,3,Autor,docu 2,Privacy and Cookies Statement 
Booking.com.docx,4,Autor,docu 3-5,"Rentalcars.com Privacy Statement, Cars.booking.com Privacy Statement, or Taxi.booking.com Privacy Statement"
Booking.com.docx,5,Autor,docu 6,https://www.booking.com/genius.html
Booking.com.docx,6,Autor,serv_chg -1,"27. We may change, suspend or end any aspect of the Wallet, Rewards and Credits. In particular, we might change:these Rewards & Wallet termswhich users we allow to have a Walletwhich Rewards or Credits we providethe expiration dates of any Rewards or Creditsany Individual Reward Criteria."
Booking.com.docx,7,Autor,docu 7,our criteria
Booking.com.docx,8,Autor,cnt_del -1; cnt_modr 0,"5. Just to make it clear: we’re not responsible and liable for any picture uploaded to our Platform, we’re allowed to remove any picture upon our discretion (for instance, if we detect that a picture does not meet the above criteria)."
Booking.com.docx,9,Autor,com_sys 0,"1. If you have a query or complaint, please contact our Customer Service team. You can do this by accessing your Booking, or through our app, or through our Help Centre (where you’ll also find some useful FAQs). You can help us help you as quickly as possible - by providing:your Booking confirmation number, your contact details, your PIN code (if you have one) and the email address you used when you made your Bookinga summary of the issue, including how you’d like us to help youany supporting documents (bank statement, pictures, receipts, etc.)2. All queries and complaints are recorded, and the most urgent ones are treated as highest priority."
Booking.com.docx,11,Autor,disc -1,"we’ll only do this if, in our opinion, there’s a good reason to "
Booking.com.docx,10,Autor,acc_sus 0; acc_del 0,"1. We have the right to stop you making any Bookings, to cancel any Bookings you’ve already made, and/or to stop you using our Platform, our Customer Service, and/or your Account. Of course, we’ll only do this if, in our opinion, there’s a good reason to - for example:"
Booking.com.docx,13,Autor,uncle,To the extent permitted by mandatory consumer law
Booking.com.docx,14,Autor,uncle,to the extent permitted by law
Booking.com.docx,15,Autor,uncle,", to the extent permitted by law"
Booking.com.docx,12,Autor,ltd -1,"1. To the extent permitted by mandatory consumer law, we’ll only be liable for costs you incur as a direct result of a failure on our behalf. This means, to the extent permitted by law, we won’t be liable for (e.g.) any:indirect loss or indirect damageinaccurate information about a Service Providerproduct, service or action of a Service Provider or other business partnermistake in an email address, phone number or credit card number (unless it’s our fault)force majeure or event beyond our control.2. If you are in breach of these Terms and/or the Service Provider’s terms, to the extent permitted by law:we won’t be liable for any costs you incur as a result, andyou won’t be entitled to any refund."
Booking.com.docx,17,Autor,uncle,To the extent permitted by law
Booking.com.docx,16,Autor,ltd_cap -1,"3. To the extent permitted by law, the most that we, or any Service Provider, will be liable for (whether for one event or a series of connected events) is the cost of your Booking, as set out in your confirmation email."
Booking.com.docx,18,Autor,uncle,To the extent permitted by mandatory local (consumer) law
Booking.com.docx,19,Autor,c_law -1,"these Terms and our services will be governed by Dutch law (for accommodations, flights or attractions) or English law (for car rentals and private/public transport)."
Booking.com.docx,20,Autor,uncle,To the extent permitted by mandatory local (consumer) law
Booking.com.docx,21,Autor,c_forum -1,"any dispute will exclusively be submitted to the competent courts in Amsterdam (for accommodations, flights or attractions) or England and Wales (for car rentals and private/public transport)."
Booking.com.docx,22,Autor,docu 8,We Price Match
Booking.com.docx,23,Autor,docu 9,out How We Work
Booking.com.docx,24,Autor,ind 0,"4. When you purchase a Flight, you agree not to do this, and to indemnify us against any airline claims for any difference between the cost of your actual journey and the cost of the full journey specified on your ticket(s)."
Netflix.docx,0,Autor,core,"Netﬂix provides a personalized subscription service that allows our members to access entertainment content (""Netﬂix content"") over the Internet on certain Internet-connected TVs, computers and other devices (""Netﬂix ready devices"")."
Netflix.docx,1,Autor,What does the “personalized service” mean?,personalized service 
Netflix.docx,2,Autor,core,"To use the Netﬂix service you must have Internet access and a Netﬂix ready device, and provide us with one or more Payment Methods."
Netflix.docx,3,Autor,acc_sus 0,we may suspend your access to the service until we have successfully charged a validPayment Method
Netflix.docx,4,Autor,pato1,Payments are non-refundable and we do not provide refunds or credits for any partial membership periods or unused Netﬂix content
Netflix.docx,5,Autor,price_chg 0,We may change our subscription plans and the price of our service from time to time
Netflix.docx,6,Autor,Consumer unfriendly,You may access the Netﬂix content primarily within the country in which you have established your account and only in geographic locations where we offer our service and have licensed such content
Netflix.docx,7,Autor,"So, the default option is to participate in the tests","You can turn off test participation at any time by visiting the ""Account"" page and changing the ""Test participation"" settings"
Netflix.docx,8,Autor,acc_sus 0; acc_del 0,We may terminate or restrict your use of our service if you violate these Terms of Use or are engaged in illegal or fraudulent use of the service
Netflix.docx,9,Autor,serv_chg -1,You agree that you may automatically receive updated versions of the Netﬂix software
Netflix.docx,10,Autor,acc_del 0; acc_sus 0,"We can terminate your account or place your account on hold in order to protect you, Netﬂix or our partners from identity theft or other fraudulent activity"
Netflix.docx,11,Autor,c_law -1,These Terms of Use shall be governed by and construed in accordance with the laws of the Netherlands
Netflix.docx,12,Autor,uncle 1,under the mandatory laws of your country of residence
Netflix.docx,14,Autor,pato2,"Netﬂix does not accept unsolicited materials or ideas for Netﬂix content, and is not responsible for the similarity of any of its content or programming in any media to materials or ideas transmitted to Netﬂix"
Netflix.docx,13,Autor,sugg 0,"Unsolicited Materials. Netﬂix does not accept unsolicited materials or ideas for Netﬂix content, and is not responsible for the similarity of any of its content or programming in any media to materials or ideas transmitted to Netﬂix."
Netflix.docx,15,Autor,sever 0,"If any provision or provisions of these Terms of Use shall be held to be invalid, illegal, or unenforceable, the validity, legality and enforceability of the remaining provisions shall remain in full force and effect"
Netflix.docx,16,Autor,contr_chg -1,"Netﬂix may, from time to time, change these Terms of Use. We will notify you at least 30 days before such changes apply to you"
PAYBACK.docx,0,Autor,what,W ramach Programu PAYBACK za czynności określone przez Partnerów Programu lub Loyalty Partner (w tym nabycie określonych produktów lub usług Partnerów Programu w ilości wskazanej na stronie internetowej Programu (www.payback.pl) w zakładce „Sklepy online” lub „Sklepy stacjonarne” zostaną przyznane punkty PAYBACK („Punkty”).
PAYBACK.docx,1,Autor,what,"Numer PAYBACK, do czasu rejestracji w Programie traktowany jest jak znak legitymacyjny."
PAYBACK.docx,2,Autor,what,Karta PAYBACK pozostaje własnością Loyalty Partner.
PAYBACK.docx,3,Autor,what,"Karty nie są instrumentami płatniczymi, a w szczególności nie są kartami płatniczymi. "
PAYBACK.docx,4,Autor,"acc_sus 0; in this case, immediate account suspension may be desired",W takim przypadku Państwa Konto zostanie zablokowane do czasu wyjaśnienia nieprawidłowości.
PAYBACK.docx,5,Autor,what,Instrumentem Płatniczym PAYBACK to identyfikator (w tym: karta lub pieniądz elektroniczny wydany w oparciu o odrębną umowę między użytkownikiem a podmiotem uprawnionym do wydawania takich instrumentów) zawierający numer PAYBACK umożliwiający (miedzy innymi) dokonywanie zapłaty oraz uprawniający do korzystania z Programu na zasadach określonych w niniejszych Warunkach Uczestnictwa („Instrument Płatniczy PAYBACK”).
PAYBACK.docx,6,Autor,virtu,"W związku z dokonywaniem czynności, o których mowa w pkt 2.2 niniejszych Warunków Uczestnictwa, z wykorzystaniem numeru PAYBACK, zostaną Państwu przyznane Punkty. Informacja o liczbie przyznawanych Punktów jest dostępna na stronie internetowej www.payback.pl w zakładkach „Sklepy online” lub „Sklepy stacjonarne”,."
PAYBACK.docx,7,Autor,virtu,Punkty nie podlegają wymianie na pieniądze. Punkty nie są pieniądzem elektronicznym.
PAYBACK.docx,8,Autor,com_sys 0,"Zastrzeżenia dotyczące prawidłowości lub kompletności zawiadomienia o stanie Konta winny zostać przekazane w formie pisemnej do Biura Obsługi PAYBACK (Al. Konstytucji 3 Maja 11, 96-200 Rawa Mazowiecka) w ciągu trzydziestu dni po otrzymaniu w/w zawiadomienia. Nieprzekazanie zastrzeżeń we wskazanym terminie uznaje się za potwierdzenie stanu Konta. Do zastrzeżeń należy dołączyć odpowiednie dowody wykonania czynności określonych w pkt. 2.2. (np. paragon). Państwa zastrzeżenia zostaną niezwłocznie przekazane przez Loyalty Partner do właściwego Partnera Programu celem weryfikacji ich zasadności. O rozpatrzeniu zgłoszonych zastrzeżeń zostaną Państwo poinformowani niezwłocznie po ich rozpoznaniu, nie później niż w ciągu czternastu dni od zgłoszenia zastrzeżeń."
PAYBACK.docx,9,Autor,what,"Przyznane Punkty mogą Państwo: (i) wymienić na rzeczy, usługi, materialne lub zdematerializowane (cyfrowe) znaki legitymacyjne, lub (ii) przekazać Punkty organizacjom pożytku publicznego współpracującym z PAYBACK („Nagrody”). "
PAYBACK.docx,10,Autor,contr_chg 0; pato,"W przypadku zmiany prawa w powyższym zakresie Loyalty Partner zastrzega możliwość zmiany liczby Punktów, która może być jednorazowo wymieniona na Nagrody. Powyższa zmiana nie stanowi zmiany niniejszych Warunków Uczestnictwa."
PAYBACK.docx,11,Autor,docu 1,w regulaminie zamawiania i dostawy Nagród 
PAYBACK.docx,12,Autor,acc_del -1,"Ponadto, jeśli w okresie następujących po sobie dwunastu miesięcy w stosunku do danego Konta PAYBACK nie zostaną Państwu przyznane Punkty PAYBACK ani nie wymienią Państwo Punktów PAYBACK na Nagrody, Państwa Konto PAYBACK może zostać zamknięte, a znajdujące się na nim Punkty wygasną."
PAYBACK.docx,13,Autor,acc_sus 0; acc_del 0,"Z ważnych powodów Loyalty Partner może zawiesić, lub wypowiedzieć Państwu uczestnictwo w Programie. Za ważne powody, o których mowa w zdaniu poprzednim uznaje się: udostępnienie numeru PAYBACK osobie nieupoważnionej, nadużycie lub inne naruszenia Warunków Uczestnictwa."
PAYBACK.docx,14,Autor,pato,Możemy zdecydować o przyjęciu reżimów właściwych dla “instytucji obowiązanej” na mocy ustawy „o przeciwdziałaniu praniu pieniędzy oraz finansowaniu terroryzmu” lub innych przepisów prawa międzynarodowego (także przyjętych przez ONZ) w tym określonych przez Biuro ds. Kontroli Aktywów Zagranicznych Departamentu Skarbu Stanów Zjednoczonych.
PAYBACK.docx,15,Autor,acc_del 0; account deletion may be justified in this case,"Jeśli Państwa dane zostaną opublikowane na liście „Specially Designated Nationals and Blocked Persons list” dostępnej pod adresem http://sdnsearch.ofac.treas.gov/ Państwa konta PAYBACK, zostanie zamknięte bez uprzedniego powiadomienia. "
PAYBACK.docx,16,Autor,com_sys 0,"Możecie Państwo odwołać się od wypowiedzenia w ciągu czternastu dni od otrzymania zawiadomienia o wypowiedzeniu, wysyłając pisemne oświadczenie zawierające uzasadnienie na adres Biura Obsługi PAYBACK (Al. Konstytucji 3 Maja 11, 96-200 Rawa Mazowiecka). Loyalty Partner udzieli Państwu odpowiedzi w ciągu trzydziestu dni od dnia wpływu Państwa odwołania."
PAYBACK.docx,17,Autor,contr_chg 0; 0 because reasons to change the contract are not exhaustively listed,"Niniejsze Warunki Uczestnictwa mogą zostać zmienione lub uzupełnione przez Loyalty Partner z przyczyn takich jak konieczność zapewnienia bezpiecznego i zgodnego z przepisami prawa funkcjonowania Programu, a w szczególności zapobiegania nadużyciom. O zmianach zostaną Państwo powiadomieni przez publiczne ogłoszenie w punktach sprzedaży Partnerów oraz na stronie internetowej www.payback.pl z trzydziestodniowym wyprzedzeniem."
PAYBACK.docx,18,Autor,what,"Za pomocą dodatkowych Kart PAYBACK dołączonych w formularzu zgłoszeniowym do Państwa Karty PAYBACK (karta główna) inna osoba („Współuczestnik”) może zbierać Punkty, które zapisane zostaną naPaństwa wspólnym Koncie PAYBACK."
PAYBACK.docx,19,Autor,com_sys 0,"Reklamacje lub informacje o nieprawidłowościach dotyczących Programu PAYBACK prosimy zgłaszać do Biura Obsługi PAYBACK – na piśmie na adres: Al. Konstytucji 3 Maja 11, 96-200 Rawa Mazowiecka lub za pomocą formularza kontaktowego na stronie www.payback.pl w zakładce „Kontakt”. Loyalty Partner rozpatrzy reklamację niezwłocznie, nie później niż w ciągu czternastu dni od daty ich otrzymania. "
PAYBACK.docx,20,Autor,c_law -1,"Dla wszystkich praw i obowiązków, jakie wynikną z niniejszych Warunków Uczestnictwa, właściwe jest prawo polskie."
Yahoo.docx,0,Autor,docu 1-3,"the policies in our Privacy Center, and any community guidelines and supplemental terms provided to you for the Services that you use "
Yahoo.docx,1,Autor,ind 0 ,"Indemnity. If you are using the Services on behalf of a company, business or other entity, or if you are using the Services for commercial purposes, you and the entity will hold harmless and indemnify the Yahoo Entities (deﬁned in Section 8 below) from any suit, claim or action arising from or related to the use of the Services or violation of these Terms, including any liability or expense arising from claims (including claims for negligence), losses, damages, suits, judgments, litigation costs and attorneys’ fees."
Yahoo.docx,2,Autor,uncle,unless applicable laws prohibit those restrictions
Yahoo.docx,3,Autor,recom -1 ,By using and beneﬁtting from Yahoo's Services you recognize that personalization lies at the core of many of our services. We can only provide many of these Services by using your personal data to provide personalized content and ads. Please visit our Privacy Center to learn more about personalization.
Yahoo.docx,4,Autor,cnt_del 0; cnt_modr 0,"We may remove and refuse to display content that violates the Terms orapplicable laws or regulations, but that does not mean that we monitor the Services or review or screen any content."
Yahoo.docx,5,Autor,ip -1,"IP Ownership and License Grant. Except as otherwise provided in thespeciﬁc product terms or guidelines for one of our Services, when you upload, share with or submit content to the Services you retain ownership of any intellectual property rights that you hold in that content and you grant to us a worldwide, royalty- free, non-exclusive, perpetual, irrevocable, transferable, sublicensable license to (a) use, host, store, reproduce, modify, prepare derivative works (such as translations, adaptations, summaries or other changes), communicate, publish, publicly perform, publicly display, and distribute this content in any manner, mode of delivery or media now known or developed in the future; and (b) permit other users to access, reproduce, distribute, publicly display, prepare derivative works of, and publicly perform your content via the Services, as may be permitted by the functionality of those Services (e.g., for users to re-blog, re-post or download your content). In some of the Services, there may be speciﬁc terms or settings allowing a different scope of use of the content submitted in those Services. You must have the necessary rights to grant us the license described in this Section 6(b) for any content that you upload, share with or submit to the Services."
Yahoo.docx,6,Autor,serv_chg -1,"We are constantly innovating, changing and improving the Services. Unless stated differently for your country in Section 14, we may, without notice, add or remove functionalities or features, create new limits to the Services, or temporarily or permanently suspend or stop a Service."
Yahoo.docx,7,Autor,acc_sus -1; acc_del -1,"Unless stated differently for your country in Section 14, we may temporarily or permanently suspend or terminate your account or impose limits on or restrict your access to parts or all of the Services at any time, without notice and for any reason, including, but not limited to, violation of these Terms, court order, or inactivity."
Yahoo.docx,8,Autor,uncle,Subject to any statutory rights you might have
Yahoo.docx,9,Autor,uncle,TO THE FULLEST EXTENT PERMITTED BY APPLICABLE LAW
Yahoo.docx,10,Autor,as_is -1,"WE, ALONG WITH OUR PARENT COMPANIES, SUBSIDIARIES, AFFILIATES, OFFICERS, DIRECTORS, EMPLOYEES, CONTRACTORS, AGENTS, PARTNERS, LICENSORS AND DISTRIBUTORS (COLLECTIVELY YAHOO ENTITIES) DO NOT MAKE ANY REPRESENTATIONS, PROMISES, OR WARRANTIES, EXPRESS OR IMPLIED, ABOUT THE SERVICES. WE PROVIDE OUR SERVICES “AS-IS,” “WITH ALL FAULTS,” AND “AS AVAILABLE.” "
Yahoo.docx,11,Autor,uncle,SOME JURISDICTIONS PROVIDE FOR CERTAIN IMPLIED WARRANTIES
Yahoo.docx,12,Autor,uncle,TO THE FULLEST EXTENT PERMITTED BY APPLICABLE LAW
Yahoo.docx,13,Autor,uncle,TO THE FULLEST EXTENT PERMITTED BY APPLICABLE LAW
Yahoo.docx,14,Autor,ltd -1,"YOU AGREE ANDUNDERSTAND THAT YAHOO ENTITIES WILL NOT BE LIABLE FOR: ANY INDIRECT, SPECIAL, INCIDENTAL, CONSEQUENTIAL, TREBLE OR OTHER MULTIPLES OF DAMAGES, EXEMPLARY OR PUNITIVE DAMAGES ARISING FROM OR IN CONNECTION WITH THESE TERMS OR YOUR USE OF THE SERVICES. YAHOO ENTITIES ARE NOT RESPONSIBLE FOR ANY LOST PROFITS, LOST REVENUES, LOST BUSINESS OPPORTUNITIES, DIMINUTION IN VALUE, INCLUDING ANY ALLEGED LOSS OR DIMINUTION IN VALUE OF PERSONAL INFORMATION, OR ANY OTHER LOSSES (COLLECTIVELY, “LOSSES”) ARISING FROM OR IN CONNECTION WITH THESE TERMS OR YOUR USE OF OR ACCESS TO THE SERVICES, INCLUDING, BUT NOT LIMITED TO, LOSSES RESULTING FROM OR IN CONNECTION WITH: THE DELETION OF, ALTERATION OF, MIS-DELIVERY OF, OR FAILURE TO STORE DATA MAINTAINED OR TRANSMITTED BY THE SERVICES; THE LIMITING, SUSPENSION OR TERMINATION OF YOUR ACCOUNT; YOUR DOWNLOADING OR SHARING OF INFORMATION, INCLUDING PERSONAL INFORMATION, VIA THE SERVICES; THE UNAUTHORIZED ACCESS TO YOUR ACCOUNT OR ANY DATA MAINTAINED OR TRANSMITTED BY THE SERVICES; LINKS PROVIDED BY THE SERVICES OR THIRD PARTIES TO EXTERNAL SITES OR RESOURCES; YOUR DEALINGS WITH OR PARTICIPATION IN PROMOTIONS OF ADVERTISERS FOUND ON OR THROUGH THE SERVICES; OR ANY GOOD OR SERVICES SOLD BY SUCH ADVERTISERS. YAHOO ENTITIES WILL NOT BE LIABLE FOR PROBLEMS CAUSED BY OTHERS, THE WRONGFUL OR UNLAWFUL ACTIONS OF THIRD PARTIES, OR AN ACT OF GOD. THE LIMITATIONS AND EXCLUSIONS IN THESE TERMS WILL APPLY WHETHER OR NOT WE HAVE BEEN ADVISED OF OR SHOULD HAVE BEEN AWARE OF THE POSSIBILITY OF ANY LOSSES ARISING."
Yahoo.docx,15,Autor,uncle,TO THE FULLEST EXTENT PERMITTED BY LAW 
Yahoo.docx,16,Autor,ltd_cap -1,"AND EXCEPT AS OTHERWISE STATED IN SECTION 14, YAHOO ENTITIES ARE NOT LIABLE IN CONNECTION WITH ANY DISPUTES THAT ARISE OUT OF OR RELATE TO THESE TERMS OR SERVICES FOR ANY AMOUNT GREATER THAN THE AMOUNT YOU PAID TO US FOR THE SERVICES."
Yahoo.docx,17,Autor,sugg 0 ,"You agree that any recommendation, idea, proposal, suggestion, feedback or other input (“Feedback”) you submit to us related to our products, services, websites, apps, or technology may be used by us without any notice, obligation, restriction,reimbursement or compensation to you and you waive (or agree not to enforce) any and all rights that may now or in future exist (including moral and equivalent rights) in any Feedback."
Yahoo.docx,18,Autor,price_chg 0,We may change our fees and billing methods at any time. 
Yahoo.docx,19,Autor,uncle,Subject to applicable law
Yahoo.docx,20,Autor,contr_chg -1,"Unless stated differently for your country in Section 14, we may modify the Terms from time to time. Unless we indicate otherwise, modiﬁcations will be effective as of the date they are posted on this page or any successor page. You should look at the Terms regularly. We will provide notice (in accordance with Section 3(c) above) of material modiﬁcations."
Yahoo.docx,21,Autor,sever 0 ,"If any provision (or part of a provision) of these Terms is found to be invalid,you and we nevertheless agree to give effect to the intentions as reﬂected in the provision, and the other provisions of these Terms remain in full force and effect."
Yahoo.docx,22,Autor,tran -1,"Assignment by Us. We may freely assign these Terms and all of the policies and other documents incorporated or referenced in it (including all rights, licenses, and obligations under it or them), in whole or in part and without notice, for any reason, including for the purpose of internal restructuring (for example, mergers or liquidations)."
Yahoo.docx,23,Autor,arb 0,BINDING ARBITRATION AGREEMENT. AGREEMENT TO ARBITRATE FOR U.S. USERS.
Yahoo.docx,24,Autor,class 0,CLASS ACTION WAIVER FOR U.S. USERS. 
Yahoo.docx,25,Autor,"We do not mark these, as class and arb is lawful in those places","Argentina (ar), Chile (cl), Colombia (co), Hong Kong (hk), Mexico (mx), Peru (pe), and Venezuela (ve):"
Yahoo.docx,26,Autor,uncle,"Some provinces and territories do not allow for the exclusion of warranties (including the province of Quebec). In these provinces and territories, you have only the warranties that are expressly required to be provided in accordance with applicable law"
Yahoo.docx,27,Autor,uncle,"In these provinces, we will only be liable to you for damages that we are expressly required to be liable to you under applicable law"
Yahoo.docx,28,Autor,c_law -1,"Choice of Law. These Terms and their operation, interpretation or formation, and the relationship between the parties, including any claim or dispute that might arise between the parties (including non-contractual claims or disputes) will be governed by the laws of Ireland without regard to its conﬂict of law provisions."
Yahoo.docx,29,Autor,c_forum -1,"Forum. Except to the extent set out in paragraph (d) below, you and we agree to submit to the exclusive jurisdiction of the Irish courts in respect of any dispute or claim that arises out of or in connection with these Terms or their operation, interpretation or formation (including non-contractual claims or disputes). In such cases, you and we agree to submit to the personal jurisdiction of the courts located within Ireland, and agree to waive any and all objections to the exercise of jurisdiction over the parties by such courts and to the venue of such courts."
Yahoo.docx,30,Autor,uncle,on any applicable mandatory local law
The Witcher - Monster Slayer.docx,0,Autor,uncle 1,"Depending on where you live, there are important rules regarding liability and dispute resolution "
The Witcher - Monster Slayer.docx,1,Autor,docu 1,Privacy Policy 
The Witcher - Monster Slayer.docx,2,Autor,docu 2,Fan Content Guidelines 
The Witcher - Monster Slayer.docx,3,Autor,not mentioned in the full text,This Agreement covers TWMS only and applies only to the users playing on mobile platforms
The Witcher - Monster Slayer.docx,4,Autor,core,TWMS is free to play
The Witcher - Monster Slayer.docx,5,Autor,pato,"In order to protect TWMS, TWMS users and ourselves, SPOKKO reserves the right if really necessary to reject any user account if it would breach this Agreement or other legal rules linked to in this document."
The Witcher - Monster Slayer.docx,6,Autor,serv_chg 0,"We may patch, update or change TWMS over time (for example to add or remove features, to resolve software bugs or to balance the game or adjust the game economy), which will result in mandatory and/or automatic updates (older, updated versions may become unusable over time as a result). As part of these patches, updates or changes, we may need to impose limits on, or remove/restrict access to, certain game features (without notice or liability). We need these rights in order to keep TWMS running efficiently"
The Witcher - Monster Slayer.docx,7,Autor,"acc_del 0; acc_sus 0; sometimes immediate account suspension (without notice period) might be desired, for example, to protect other users against spam or uploading harmful or infringing others’ rights content","a material breach of this Agreement, which could lead to cancellation or suspension of your access to TWMS"
The Witcher - Monster Slayer.docx,8,Autor,uncle 2,to the maximum extent permitted by applicable law
The Witcher - Monster Slayer.docx,9,Autor,ltd -1,"SPOKKO, its affiliates, partners and licensors disclaim all liability related to any injury, death or property damage that may occur during your use of TWMS"
The Witcher - Monster Slayer.docx,10,Autor,uncle 3,unless you are specifically allowed by applicable law
The Witcher - Monster Slayer.docx,11,Autor,uncle 4,"any applicable geographic or regional, language or location-based restrictions, requirements or rules regarding TWMS"
The Witcher - Monster Slayer.docx,12,Autor,cnt_del 0,. SPOKKO has the right (but not the obligation) to check and remove any inappropriate or illegal Shared User Content
The Witcher - Monster Slayer.docx,13,Autor,pato1,SPOKKO does not assume any responsibility or liability for Shared User Content
The Witcher - Monster Slayer.docx,14,Autor,ip 0,". So, when you make your Shared User Content available through TWMS you give us a non-exclusive, permanent, irrevocable, worldwide, sub-licensable, royalty-free licence to use, modify, reproduce, create derivative works from, distribute, transmit, communicate and publicly display/perform your Shared User Content in connection with TWMS"
The Witcher - Monster Slayer.docx,15,Autor,what; virtu,"TWMS allows you to purchase virtual, in-game digital items and content including but not limited to cosmetic and in-game enhancements, campaigns and other downloadable content (“Virtual Goods”)"
The Witcher - Monster Slayer.docx,16,Autor,virtu,"You may at our discretion be able to buy certain Virtual Goods with “real world” money, or virtual currencies such as ‘ingredients’ (which you can earn by playing the game), ‘items’ (which you can earn through the TWMS in-game crafting system and/or also by playing the game) or ‘Gold’ (which you can purchase with “real world” money (we will refer to them together as “Virtual Currency”). Only TWMS users can use Virtual Goods and Virtual Currency"
The Witcher - Monster Slayer.docx,17,Autor,pato2,All payments are non-refundable and non-transferable except as expressly provided in this Agreement
The Witcher - Monster Slayer.docx,18,Autor,virtu3,"Virtual Goods and Virtual Currency are digital items only with no cash-value or real world existence and cannot be ‘bought’, ‘sold’, gifted, transferred or redeemed, whether or not for other Virtual Goods, Virtual Currency, ‘real world’ money, goods, services or items of monetary value"
The Witcher - Monster Slayer.docx,19,Autor,virtu4,"You have no property interest or right or title in any Virtual Goods or Virtual Currency, which remain SPOKKO’s property"
The Witcher - Monster Slayer.docx,20,Autor,serv_chg 0,"SPOKKO reserves the right to reverse, change or amend Virtual Goods or Virtual Currency transactions or other matters if necessary to protect TWMS or to enforce this Agreement"
The Witcher - Monster Slayer.docx,21,Autor,serv_chg 0,"Virtual Goods and Virtual Currency do not expire, but we reserve the right to change or amend that if necessary"
The Witcher - Monster Slayer.docx,22,Autor,pato3,We are not obliged to provide Virtual Goods or Virtual Currency to you
The Witcher - Monster Slayer.docx,24,Autor,serv_chg 0,"Virtual Goods/Currency may change. The existence of a particular offer for Virtual Goods or Virtual Currency is not a commitment by us to maintain or continue to make the Virtual Goods or Virtual Currency or that offer available in the future. The scope, variety and type of Virtual Goods and Virtual Currency that you may obtain can change at any time and we have the right to manage, regulate, control, modify or remove Virtual Currency or Virtual Goods in our sole discretion if we consider any of this necessary for the ongoing operation of TWMS or for other legitimate reasons, in which case we will have no liability to you or anyone for the exercise of such rights. We will endeavor where possible to give you reasonable notice of any such changes and to explain the reasons why"
The Witcher - Monster Slayer.docx,23,Autor,price_chg 0,"10.6 Virtual Goods/Currency may change. The existence of a particular offer for Virtual Goods or Virtual Currency is not a commitment by us to maintain or continue to make the Virtual Goods or Virtual Currency or that offer available in the future. The scope, variety and type of Virtual Goods and Virtual Currency that you may obtain can change at any time and we have the right to manage, regulate, control, modify or remove Virtual Currency or Virtual Goods in our sole discretion if we consider any of this necessary for the ongoing operation of TWMS or for other legitimate reasons, in which case we will have no liability to you or anyone for the exercise of such rights. We will endeavor where possible to give you reasonable notice of any such changes and to explain the reasons why."
The Witcher - Monster Slayer.docx,25,Autor,uncle 5,except where required by statutory laws.
The Witcher - Monster Slayer.docx,26,Autor,uncle 6,"Neither this nor any other part of this User Agreement affects your statutory rights. In other words, your local laws, such as acts on protection of consumer rights, may provide you with additional rights that cannot be limited or waived by this User Agreement"
The Witcher - Monster Slayer.docx,27,Autor,uncle 7,Our goods and services come with guarantees that cannot be excluded under the Australian Consumer Law
The Witcher - Monster Slayer.docx,28,Autor,uncle 8,"Neither this nor any other part of this User Agreement excludes, restricts or modifies the application of any right or remedy that cannot be so excluded, restricted or modified "
The Witcher - Monster Slayer.docx,29,Autor,sugg 0,"While writing to us, please remember that we may choose not to use or accept player suggestions and, should we do somehow incorporate a suggestion into the game, we are not in any way obliged to reimburse you financially (or in any other fashion)"
The Witcher - Monster Slayer.docx,30,Autor,uncle 9,we will use reasonable endeavors to comply with applicable laws in performing our obligations to you under this Agreement.
The Witcher - Monster Slayer.docx,31,Autor,uncle 10,countries whose laws specifically prohibit the following liability limitations
The Witcher - Monster Slayer.docx,32,Autor,as_is -1,"TWMS is otherwise provided to you on an ""as is"", “AS AVAILABLE” basis without warranties or representations of any kind, express or implied"
The Witcher - Monster Slayer.docx,33,Autor,uncle 11,To the fullest extent permitted by applicable law
The Witcher - Monster Slayer.docx,34,Autor,pato4,"We do not warrant that TWMS will be uninterrupted or error-free, that defects will be corrected, or THAT THE GAME WILL BE free of viruses or other harmful components"
The Witcher - Monster Slayer.docx,35,Autor,uncle 12,To the maximum extent permitted by applicable law
The Witcher - Monster Slayer.docx,36,Autor,ltd -1,"SPOKKO, its affiliates, partners and licensors shall not be liable for any loss, damage or harm of any kind arising from the use or inability to use or ‘loss’ relating to TWMS. SPOKKO, its affiliates, partners and licensors shall not be liable for any indirect, consequential, incidental, special, punitive or exemplary damages or any other damages arising out of or connected with THE SAME. This includes if you suffer damage because you cannot use TWMS (either temporarily or permanently). None of the above will be affected in any way even if SPOKKO or its affiliates, partners or licensors are at fault (whether through negligence, breach of contract, breach of warranty or strict liability) and even if you or we have been advised of the possibility of such damages"
The Witcher - Monster Slayer.docx,37,Autor,uncle 13,TO THE MAXIMUM EXTENT PERMITTED BY APPLICABLE LAW
The Witcher - Monster Slayer.docx,38,Autor,ltd_cap -1,IN NO EVENT WILL OUR TOTAL LIABILITY TO YOU IN CONNECTION WITH TWMS OR THIS AGREEMENT EXCEED AN AMOUNT EQUAL TO THE AMOUNT YOU HAVE ACTUALLY PAID US (IF ANY) IN CONNECTION WITH THE MATTERS UNDERLYING ANY CLAIM(S)
The Witcher - Monster Slayer.docx,39,Autor,ind 0,"You agree to indemnify and hold harmless on demand SPOKKO, its affiliates, licensors and partners from all liabilities, claims and expenses, including legal fees, in connection with: (1) any alleged or actual breach of this Agreement; (2) the use of TWMS by you or any person on your behalf; (3) INFRINGEMENT OF INTELLECTUAL PROPERTY RIGHTS OR OTHER PROPERTY OF SPOKKO OR CD PROJEKT RED; and/or (4) YOUR SHARED USER CONTENT"
The Witcher - Monster Slayer.docx,40,Autor,pato5,"YOU AGREE THAT ANY LOSS, DAMAGE OR HARM YOU SUFFER ARE NOT IRREPARABLE OR SUFFICIENT, and other remedies will be adequate, such that you are not entitled TO INJUNCTIVE OR OTHER EQUITABLE RELIEF AGAINST US"
The Witcher - Monster Slayer.docx,41,Autor,"acc_del 0; acc_sus 0; sometimes immediate account suspension (without notice period) might be desired, for example, to protect other users against spam or uploading harmful or infringing others’ rights content",SPOKKO may cancel or suspend your access to TWMS if you materially breach this Agreement
The Witcher - Monster Slayer.docx,42,Autor,cnt_modr 0,"In particular, it applies to the TWMS rules we specify in section 8 above (for example, no cheating or account misuse)"
The Witcher - Monster Slayer.docx,43,Autor,pato6,"If SPOKKO cancels or suspends your account under this section, then we will not have any obligations or liabilities to you at all"
The Witcher - Monster Slayer.docx,44,Autor,c_law -1,"You and we agree that your use of TWMS, and this Agreement, and any issues arising out of them, will be governed by and interpreted according to the laws of Poland"
The Witcher - Monster Slayer.docx,45,Autor,c_forum -1,dispute regarding it will be exclusively under the jurisdiction of the courts of Poland
The Witcher - Monster Slayer.docx,46,Autor,c_law -1,"If you are resident in the USA:To the extent not covered by the Dispute Resolution and Arbitration language below, you and we agree that your use of TWMS, and this Agreement, and any issues arising out of them, will be deemed to be entered into in Los Angeles, California and governed by and interpreted according to the laws of the State of California, USA (and, if applicable, US Federal law) without regard to choice of law principles"
The Witcher - Monster Slayer.docx,47,Autor,c_forum -1,"Any legal claim by you against SPOKKO, to the extent not covered by the Dispute Resolution and Arbitration language below, will be made exclusively in state or federal court located in Los Angeles, California, which will have subject matter jurisdiction regarding the dispute between you and us and therefore we both consent to the exclusive jurisdiction of those courts"
The Witcher - Monster Slayer.docx,48,Autor,arb 0,"We and you agree to resolve all disputes and claims between us in individual binding arbitration. This includes without limitation any claims arising from this Agreement, any part of the relationship between you and SPOKKO. This section applies whether the dispute or claim is based in contract, tort, statute, fraud, unfair competition, misrepresentation or any other legal doctrine"
The Witcher - Monster Slayer.docx,49,Autor,"period, but applying only to US arbitration disputes","You and us (SPOKKO) agree that any claim arising out of or related to TWMS must be made within one (1) year after the claim arose; otherwise, such claim is permanently barred"
The Witcher - Monster Slayer.docx,50,Autor,uncle 14,To the maximum extent permitted by the national or state law applicable
The Witcher - Monster Slayer.docx,51,Autor,class 0,"you and we agree not under any circumstances to bring or participate in a class or representative action, private attorney general action or collective arbitration"
The Witcher - Monster Slayer.docx,52,Autor,uncle 15,to the full extent permitted by law
The Witcher - Monster Slayer.docx,53,Autor,uncle 16,In case you are entitled to a warranty under laws applicable in your jurisdiction
The Witcher - Monster Slayer.docx,54,Autor,uncle 17,To the maximum extent permitted by applicable law
The Witcher - Monster Slayer.docx,55,Autor,uncle 18,that to the extent permitted by law 
The Witcher - Monster Slayer.docx,56,Autor,sever 0,"If any part of this Agreement is found not to be legally enforceable, this will not affect any other part of it"
The Witcher - Monster Slayer.docx,57,Autor,tran -1,"We can assign, subcontract or transfer this Agreement to a third party or another member of our group if necessary for the support of TWMS, as part of any reorganization or merger or for other business reasons. We will notify you if this happens"
The Witcher - Monster Slayer.docx,58,Autor,contr_chg 0,"We may change this Agreement if we think it is necessary, e.g. for legal reasons or to reflect changes in TWMS. If so, we will make the changed Agreement available online and make reasonable efforts to tell you about it (by e.g. sending you a notice in the game and asking you to accept the change)"
Telegram.docx,0,Autor,docu 1,Privacy Policy 
Telegram.docx,1,Autor,contr_chg -1,We reserve the right to update these Terms of Service later.
Hotels.com.docx,0,Autor,contr_chg -1,"Hotels.com reserves the right to change the terms, conditions, and notices contained in or referred to in these terms and conditions and under which this website/these services are offered at any time and suppliers may change supplier rules and restrictions referred to in these terms and conditions at any time, and you agree to accept and be bound by those terms that are in effect at the time of your relevant use of this website and its facilities including when any travel reservation is made by you (as applicable). These terms and conditions may not be changed by any unauthorized person, including employees of Hotels.com."
Hotels.com.docx,1,Autor,docu 1,Privacy Statement
Hotels.com.docx,2,Autor,recom 0,"based on a range of factors, including"
Hotels.com.docx,3,Autor,uncle,depending on applicable law
Hotels.com.docx,4,Autor,uncle,in certain jurisdictions
Hotels.com.docx,5,Autor,uncle,In some jurisdictions
Hotels.com.docx,6,Autor,c_law -1,"If you have any questions about these Hotels.com Rewards terms and conditions or your rights and obligations, these will be governed, and construed in accordance with, the laws of Ireland."
Hotels.com.docx,7,Autor,uncle,The Program is void where prohibited by law
Hotels.com.docx,8,Autor,ip -1,"Hotels.com may display reviews, comments, photos and other material in relation to properties as well as other holiday and travel experiences (""Reviews""). Hotels.com may also offer a facility allowing users of this website to post Reviews (""User Reviews""). You disclaimany proprietary rights you may have in such User Reviews, and the same may be freely used, copied, distributed and made available in any medium and in any form by Hotels.com or its affiliates without your permission. Where this posting facility is offered, you expressly agree only to submit User Reviews that are appropriate to that service, complying with these terms and conditions and also any accompanying guidelines made available on this website.You grant Hotels.com and its subsidiaries and corporate affiliates (collectively, the ""Hotels.com Companies"") and the affiliated, co-branded and/or linked website partners through whom we provide service (collectively, the ""Hotels.com Affiliates""), a nonexclusive, royalty-free, perpetual, transferable, irrevocable and fully sub-licensable right to:use, reproduce, modify, adapt, translate, distribute, publish, create derivative works from and publicly display and perform such User Reviews throughout the world in any media, now known or hereafter devised; anduse the name that you submit in connection with such User Reviews. You acknowledge that the Hotels.com Companies may choose to provide attribution of your User Reviews (for example, listing your name and hometown on a property review that you submit) at our discretion, and that such User Reviews may be shared with our supplier partners.You further grant the Hotels.com Companies the right to pursue at law any person or entity that violates your or the Hotels.com Companies' rights in the User Reviews by a breach of these terms and conditions. You acknowledge and agree that User Reviews are non- confidential and non-proprietary. You expressly waive any and all ‘moral rights’ (including rights of attribution or integrity) that may subsist in your User Reviews and agree that you have no objection to the publication, use, modification, deletion or exploitation of your User Reviews by us, the Hotels.com Affiliates, Hotels.com Companies or any of our partners or licensees."
Hotels.com.docx,9,Autor,cnt_del -1; cnt_modr 0,"Hotels.com reserves the right for any reason in its sole discretion to refuse to post or remove (without notice) any Reviews or User Reviews. Amongst other things, this includes situations where Hotels.com receives a third party complaint and/or has reason to believe that there has been a breach of these terms and conditions or review/photo submission guidelines."
Hotels.com.docx,10,Autor,cnt_del 0,removal of clearly infringing designations from the listing or website 
Hotels.com.docx,11,Autor,acc_del 0,and/or termination of the account of the Hotels.com user in appropriate circumstances.
Hotels.com.docx,12,Autor,com_sys 0,"CUSTOMER COMPLAINTSHotels.com is here to provide assistance to you in respect of any queries or complaints you may have in relation to your booking of a service via the website. In the event you raise a complaint and/or are entitled to compensation from the provider of the travel service following a problem with your booked service then Hotels.com will assist you and (where relevant) the third party provider of the travel service in an effort to try to resolve the problem.Queries or requests for information or complaints during a trip and post travel can be sent to the email address, or you can call customer services at the details set out, in the ‘contact us’ portal under ‘Support & FAQs’ on the website which will receive complaints on behalf of the providers of the relevant travel services.Please raise any issues you experience during their trip via the number or email referred to above (or as soon as reasonably practicable) so that measures can be taken to resolve the problem and help limit the damage suffered by you. For ease of resolution, you are encouraged to raise any complaint(s) within 30 days of the end of a trip.Complaints about loss of, theft of or damage to luggage, clothing or personal belongings that were not under your control during the stay should be addressed to the property or relevant provider of the travel service.Any hard copy complaints should be directed either to the relevant provider of the travel services using the address provided in their rules and restrictions or to Hotels.com.The European Commission’s Online Dispute Resolution Platform is available at http://ec.euro pa.eu/odr."
Hotels.com.docx,13,Autor,ltd -1,"Hotels.com owns and operates the website which acts as an interface between you and the relevant providers of travel services. When making a booking you enter into a contract with the relevant provider of travel services and liability in respect of such travel services will be as set out in Section 20.2 below.In respect of any damages you suffer resulting from your use of the website (but excluding any damages relating to a travel service booked via the website (which shall be as set out in Section 20.2 below)) then subject to the limitations set out in these terms and conditions, you agree that neither Hotels.com nor its affiliates will be liable for any direct, indirect, punitive, special, incidental or consequential losses or damages from the use of the website, any delay or inability to use the website, or from your use of links from the website. In respect of liability for Hotels.com obligations under these terms and conditions, or if Hotels.com is found liable for any loss or damage under these terms and conditions (excluding any liability set out in Section 20.2 which shall be subject to the limitations in that section), then Hotels.com. shall only be liable to you for direct damages that were:reasonably foreseeable by both you and Hotels.com;actually suffered or incurred by you; anddirectly attributable to the actions of Hotels.com,"
Hotels.com.docx,14,Autor,ltd _cap -1,"and in the event of any liability of Hotels.com, such liability will in no event exceed, in the aggregate, the greater of (a) the cost paid by you for the travel services in question, or (b) one-hundred dollars (US$100.00) or the equivalent in local currency."
Hotels.com.docx,15,Autor,as_is -1,"Except as expressly set out in these terms and conditions, all the information, software, or services displayed on the website is provided without any warranty (either express or implied) or implied term of any kind, including but not limited to any implied warranties or implied terms of satisfactory quality, fitness for a particular purpose or non-infringement. Allsuch implied terms and warranties are excluded. The inclusion or offering of services on this website does not constitute any endorsement or recommendation of such services by Hotels.com or any of its affiliates."
Hotels.com.docx,16,Autor,ind 0,"You agree to defend and indemnify Hotels.com, its affiliates, and/or their respective suppliers and any of their officers, directors, employees and agents from and against any claims, causes of action, demands, recoveries, losses, damages, fines, penalties or other costs or expenses of any kind or nature including but not limited to reasonable legal and accounting fees, brought by third parties as a result of: (a)your breach of these terms and conditions or the rules and restrictions/documents referenced herein;(b) your violation of any law or the rights of a third party; or (c)your use of this website."
Hotels.com.docx,17,Autor,sever 0,"If any part of these terms and conditions is determined to be invalid or unenforceable pursuant to applicable law including, but not limited to, the warranty disclaimers and liability limitations set forth above, then the invalid or unenforceable provision will be deemed superseded by a valid, enforceable provision that most closely matches the intent of the original provision and these terms and conditions shall continue in effect."
Hotels.com.docx,18,Autor,c_law -1; c_forum -1,"This agreement is governed by the laws of Ireland. You hereby consent to the exclusive jurisdiction and venue of the Irish courts in all disputes arising out of or relating to the use of this website. Use of this website is unauthorized in any jurisdiction that does not give effect to all provisions of these terms and conditions, including, without limitation, this section."
Hotels.com.docx,19,Autor,uncle,or as permitted by any local law
Hotels.com.docx,20,Autor,uncle,to the extent that such actions cannot be prohibited by law
Hotels.com.docx,21,Autor,tran -1,"You may not transfer, assign, charge or otherwise dispose of these Mobile App Policies and terms of use, or any of your rights or obligations arising under these Mobile App Policies and terms of use, without our prior written consent. We may transfer, assign, charge, sub-contract or otherwise dispose of these Mobile App Policies and terms of use, or any of our rights or obligations arising under these, at any time."
Hotels.com.docx,22,Autor,uncle,to the maximum extent permitted by applicable law
