split,eval_text,nearest_train_text,cosine_similarity
test,Data Collected,Data collected,1.0
test,HOW WE COLLECT YOUR PERSONAL INFORMATION,How We Collect Your Personal Information,1.0
test,The service is provided “as is”,The Service is provided “as is”,1.0
validation,how is it used,How It Is Used,1.0
validation,IP Address,IP address,1.0
test,"YOUR USE OF THE SERVICE IS AT YOUR SOLE RISK.
THE SERVICE IS PROVIDED ON AN ""AS IS"" AND ""AS AVAILABLE"" BASIS.","Your use of the Service is at your sole risk.
The Service is provided on an ""AS IS"" and ""AS AVAILABLE"" basis.",1.0
test,What personal data do we collect,WHAT PERSONAL DATA DO WE COLLECT,1.0
test,Information We Collect,INFORMATION WE COLLECT,1.0
validation,"<li>your IP address,","<li>Your IP address,",1.0
test,How We Use It,how we use it,1.0
test,Your continued use of our Services after we publish or send a notice about our changes to these terms means that you are consenting to the updated terms.,Your continued use of our Services after we publish or send a notice about our changes to these Terms means that you are consenting to the updated terms.,1.0
test,"<p>
<strong>If at any time you would like to unsubscribe from receiving future emails, you can email us at:</strong>
</p>
<ul>
<li>Follow the instructions at the bottom of each email.</li>
</ul>
<p>and we will promptly remove you from <strong>ALL</strong> correspondence.</p>","<strong>If at any time you would like to unsubscribe from receiving future emails, you can email us at:</strong>
</p>
<ul>
<li>Follow the instructions at the bottom of each email.</li>
</ul>
<p>and we will promptly remove you from <strong>ALL</strong> correspondence.</p>
<p>",1.0
test,How we use personal data,How We Use Personal Data,1.0
validation,"You will settle any dispute as an individual, and not as part of a class action or other representative proceeding, whether as the plaintiff or a class member.","You will settle any Dispute as an
individual, and not as part of a class action or other representative
proceeding, whether as the plaintiff or a class member.",0.9999999999999999
test,How we use the information,HOW WE USE THE INFORMATION,0.9999999999999996
validation,AND YOU WAIVE YOUR RIGHT TO PARTICIPATE IN A CLASS ACTION LAWSUIT OR CLASS-WIDE ARBITRATION.,YOU WAIVE YOUR RIGHT TO PARTICIPATE IN A CLASS ACTION LAWSUIT OR CLASS-WIDE ARBITRATION.,0.9979655500114899
validation,California Consumer Privacy Act (CCPA),the California Consumer Privacy Act (CCPA),0.997353654107275
test,"is threatening, abusive, harassing, defamatory, libelous,","threatening, abusive, harassing, defamatory, libelous,",0.9972369425860311
test,"To the fullest extent permitted by applicable law, Twitch reserves the right to remove, screen, or edit any User Content posted or stored on the Twitch Services at any time and without notice, including where such User Content violates these Terms of Service or applicable law, and you are solely responsible for creating backup copies of and replacing any User Content you post or store on the Twitch Services at your sole cost and expense. Any use of the Twitch Services in violation of the foregoing violates these Terms of Service and may result in, among other things, termination or suspension of your rights to use the Twitch Services.","To the fullest extent permitted by applicable law, Twitch reserves the right to remove, screen, or edit any User Content posted or stored on the Twitch Services at any time and without notice, including where such User Content violates these Terms of Service or applicable law, and you are solely responsible for creating backup copies of and replacing any User Content you post or store on the Twitch Services at your sole cost and expense.
Any use of the Twitch Services in violation of the foregoing violates these Terms of Service and may result in, among other things, termination or suspension of your rights to use the Twitch Services.</p>",0.9969744750903501
validation,"If any provision of these Terms of Service is found by a court of competent jurisdiction to be invalid, the parties nevertheless agree that the court should endeavor to give effect to the parties’ intentions as reflected in the provision, and the other provisions of these Terms of Service remain in full force and effect.","If any provision of these Terms of Service is found by a court of competent jurisdiction to be invalid, the parties nevertheless agree that the court should endeavor to give effect to the parties’ intentions as reflected in the provision, and the other provisions of the Terms of Service remain in full force and effect.",0.9968422313240172
validation,"IN NO EVENT WILL YOU OR WE HAVE ANY LIABILITY TO THE OTHER FOR ANY LOST PROFITS OR REVENUES OR FOR ANY INDIRECT, SPECIAL, INCIDENTAL, CONSEQUENTIAL, COVER OR PUNITIVE DAMAGES HOWEVER CAUSED, WHETHER IN CONTRACT, TORT OR UNDER ANY OTHER THEORY OF LIABILITY, AND WHETHER OR NOT THE PARTY HAS BEEN ADVISED OF THE POSSIBILITY OF SUCH DAMAGES. UNLESS YOU ARE ALSO A CUSTOMER (AND WITHOUT LIMITATION TO OUR RIGHTS AND REMEDIES UNDER THE CONTRACT), YOU WILL HAVE NO FINANCIAL LIABILITY TO US FOR A BREACH OF THESE USER TERMS.","IN NO EVENT WILL YOU OR WE HAVE ANY LIABILITY TO THE OTHER FOR ANY LOST PROFITS OR REVENUES OR FOR ANY INDIRECT, SPECIAL, INCIDENTAL, CONSEQUENTIAL, COVER OR PUNITIVE DAMAGES HOWEVER CAUSED, WHETHER IN CONTRACT, TORT OR UNDER ANY OTHER THEORY OF LIABILITY, AND WHETHER OR NOT THE PARTY HAS BEEN ADVISED OF THE POSSIBILITY OF SUCH DAMAGES UNLESS YOU ARE ALSO A CUSTOMER (AND WITHOUT LIMITATION TO OUR RIGHTS AND REMEDIES UNDER THE CONTRACT), YOU WILL HAVE NO FINANCIAL LIABILITY TO US FOR A BREACH OF THESE USER TERMS.",0.9965274629466111
test,"Our Services do not support Do Not Track requests at this time, which means that we collect information about your online activity both while you are using the Services and after you leave our Services","Our Services do not support Do Not Track requests at this time, which means that we collect information about your online activity both while you are using the Services and after you leave the Services",0.9964220406862857
test,Continued use of the Service after such changes shall constitute your consent to such changes.,Continued use of the Service after any such changes shall constitute your consent to such changes.,0.9963828553431759
validation,Our failure to exercise or enforce any right or provision of the Terms shall not constitute a waiver of such right or provision.,Our failure to exercise or enforce any right or provision of the Terms of Use shall not constitute a waiver of such right or provision.,0.9958329371087904
test,Our failure to exercise or enforce any right or provision of these Terms of Use shall not operate as a waiver of such right or provision.,"Our failure to exercise or enforce
any right or provision of these Terms shall not operate as a waiver of such right
or provision.",0.9957171968322193
test,Provide you with targeted advertising based on your activity on our sites and applications and on third-party sites and applications.,- Provide you with targeted advertising based on your activity on our sites and applications and on third-party sites and applications.,0.9956484762043665
test,"Public (discoverable and searchable) viewable content or materials of any kind (text, graphics,
images, photographs, sounds, etc.) that in our reasonable judgment may be found objectionable or
inappropriate, for example, materials that may be considered obscene, pornographic, or defamatory will be
removed from public access.","Public (discoverable and searchable) viewable content or materials of any kind (text, graphics,
images, photographs, sounds, etc.) that in our reasonable judgment may be found objectionable or
inappropriate, for example, materials that may be considered obscene, pornographic, or defamatory will be
removed from public access.
<br>",0.9947825288331387
validation,"<p>TO THE FULLEST EXTENT PERMITTED BY APPLICABLE LAW, SULAKE SHALL NOT BE LIABLE TO YOU FOR ANY DIRECT, INDIRECT, INCIDENTAL, CONSEQUENTIAL, SPECIAL, PUNITIVE OR OTHER SIMILAR DAMAGES, INCLUDING BUT NOT LIMITED TO LOSS OF REVENUES, LOST PROFITS, LOST DATA OR BUSINESS INTERRUPTION OR OTHER INTANGIBLE LOSSES (HOWEVER SUCH LOSSES ARE QUALIFIED), ARISING OUT OF OR RELATING IN ANY WAY TO YOUR ACCESS TO AND USE OF THE SERVICE AND YOUR RIGHTS UNDER THESE TERMS OF SERVICE OR ANY APPLICABLE ADDITIONAL TERMS, WHETHER BASED ON CONTRACT, TORT OR ANY OTHER LEGAL THEORY, AND WHETHER OR NOT SULAKE HAS BEEN ADVISED OF THE POSSIBILITY OF SUCH DAMAGES.","TO THE FULLEST EXTENT PERMITTED BY APPLICABLE LAW, SULAKE SHALL NOT BE LIABLE TO YOU FOR ANY DIRECT, INDIRECT, INCIDENTAL, CONSEQUENTIAL, SPECIAL, PUNITIVE OR OTHER SIMILAR DAMAGES, INCLUDING BUT NOT LIMITED TO LOSS OF REVENUES, LOST PROFITS, LOST DATA OR BUSINESS INTERRUPTION OR OTHER INTANGIBLE LOSSES (HOWEVER SUCH LOSSES ARE QUALIFIED), ARISING OUT OF OR RELATING IN ANY WAY TO YOUR ACCESS TO AND USE OF THE SERVICE AND YOUR RIGHTS UNDER THESE TERMS OF SERVICE OR ANY APPLICABLE ADDITIONAL TERMS, WHETHER BASED ON CONTRACT, TORT OR ANY OTHER LEGAL THEORY, AND WHETHER OR NOT SULAKE HAS BEEN ADVISED OF THE POSSIBILITY OF SUCH DAMAGES.",0.9947007116907309
validation,"UNIDAD EDITORIAL se reserva el derecho de cursar la baja inmediata del Usuario Registrado si considera, a su sola discreción, que el Usuario Registrado está realizando cualquier actividad que constituya o pueda constituir un incumplimiento de estas Condiciones Generales.","UNIDAD EDITORIAL se reserva el derecho de cursar la baja inmediata del Usuario Registrado si considera, a su sola discreción, que el Usuario Registrado está realizando cualquier actividad que constituya o pueda constituir un incumplimiento de estas Condiciones Generales.</p>",0.9943996300236434
validation,Our websites and emails use a technology known as web beacons (also known as an “action tag” or “clear GIF technology”) that allows the collection of web log information,Our websites and emails use a technology known as web beacons (also known as an “action tag” or “clear GIF technology”) that allows the collection of web log information.,0.9942753799345792
test,"We may sell, transfer or otherwise share some or all of our assets, including your Personal Information, in connection with a merger, acquisition, reorganization or sale of assets or in the event of bankruptcy.","We may sell, transfer or otherwise share some or all of its assets, including your Personal Information, in connection with a merger, acquisition, reorganization or sale of assets or in the event of bankruptcy.",0.9941897330958862
validation,"your Internet Protocol
(""IP"") address","Internet Protocol (""IP"") address",0.9937824455408305
validation,Our failure to exercise or enforce any right or provision of these Terms will not operate as a waiver of such right or provision.,The failure of to exercise or enforce any right or provision of these Terms will not operate as a waiver of such right or provision.,0.9937498104121183
validation,"With respect to the content or other materials you upload through the Site or share with other users or recipients (collectively, “User Content”), you represent and warrant that you own all right, title and interest in and to such User Content, including, without limitation, all copyrights and rights of publicity contained therein.","With respect to the content or other materials you upload through the Service or share with other users or recipients (collectively, “User Content”), you represent and warrant that you own all right, title and interest in and to such User Content, including, without limitation, all copyrights and rights of publicity contained therein.",0.9935157874245812
validation,"Your Personal Information may be stored and processed in any country where we have facilities or in which we engage service providers, and by using the Sites and Service you consent to the transfer of information to countries outside of your country of residence, including the United States, which may have data protection rules that are different from those of your country.","Your Personal Information may be stored and processed in any country where we have facilities or in which we engage service providers, and by using the Services you consent to the transfer of information to countries outside of your country of residence, including the United States, which may have data protection rules that are different from those of your country.",0.9929187878203932
validation,(with a right to sublicense),(with the right to sublicense),0.9927104683703
validation,"You agree fully to indemnify, defend and hold us, and our officers, directors, employees, agents and suppliers, harmless immediately on demand, from and against all claims, liability, damages, losses, costs and expenses, including reasonable legal fees, arising out of any breach of the Conditions by You or any other liabilities arising out of Your use of this Website, or the use by any other person accessing the Website using Your computer and/or Your Personal Information.</p>","You agree fully to indemnify, defend and hold us, and our officers, directors, employees, agents and suppliers, harmless immediately on demand, from and against all claims, liability, damages, losses, costs and expenses, including reasonable legal fees, arising out of any breach of the Conditions by You or any other liabilities arising out of Your use of this Website, or the use by any other person accessing the Website using Your computer and/or Your Personal Information.",0.9920823167326079
validation,"If any provision of the Terms is found by a court of competent jurisdiction to be invalid, the parties nevertheless agree that the court should endeavor to give effect to the parties' intentions as reflected in the provision, and the other provisions of the Terms remain in full force and effect.
</p","If any provision of the Terms is found by a court of competent jurisdiction to be invalid, the parties nevertheless agree that the court should endeavor to give effect to the parties' intentions as reflected in the provision, and the other provisions of the Terms remain in full force and effect.",0.992072593725172
validation,"The right to data portability – You have the right to request that we transfer the data that we have collected to another organization, or directly to you, under certain conditions.</p>
<p>If you make a request, we have one month to respond to you.
If you would like to exercise any of these rights, please contact us.</p","The right to data portability – You have the right to request that we transfer the data that we have collected to another organization, or directly to you, under certain conditions.</p>
<p>If you make a request, we have one month to respond to you.
If you would like to exercise any of these rights, please contact us.</p>",0.9917918437819817
test,"We reserve the right, but are not obligated, to remove or disable access to any Content, at any time and without notice, including but not limited to, if we, at our sole discretion, consider any Content to be objectionable or in violation of these Terms.","We reserve the right, but are not obligated, to remove or disable access to any Content, at any time and without notice, including, but not limited to, if we, at our sole discretion, consider any Content to be objectionable or in violation of these Terms.",0.9917461312779946
validation,"Although we have no obligation to screen, edit or monitor User Content, we may delete or remove User Content at any time and for any reason.</p>","Although we have no obligation to screen, edit or monitor User Content, we may delete or remove User Content at any time and for any reason.</p>
<p>",0.9917267677639724
validation,"When we detect spam, malware, illegal content, and other forms of abuse on our systems in violation of our policies, we may disable your account or take other appropriate action","When we detect spam, malware, illegal content, and other forms of abuse on our systems in violation of our policies, we may disable your account or take other appropriate action.",0.9917030343866358
validation,Our failure to exercise or enforce any right or provision of these Terms of Use will not operate as a waiver of such right or provision.,The failure of to exercise or enforce any right or provision of these Terms will not operate as a waiver of such right or provision.,0.9915638559352208
validation,"How browsers communicate the Do Not Track signal is not yet uniform.
As a result, the Website and Services are not yet set up to interpret or respond to Do Not Track signals communicated by your browser.","How browsers communicate the Do Not Track signal is not yet uniform.
As a result, the Services are not yet set up to interpret or respond to Do Not Track signals communicated by your browser.",0.9904201349616296
validation,"<p>Forbes affiliates.
service providers.
event sponsors.
business and advertising partners</p>
<p>Commercial information</p>
<p>Records of products or services purchased, purchasing or consuming histories or tendencies.</p>","<p>Forbes affiliates.
service providers.
event sponsors.
business and advertising partners</p>
<p>Commercial information</p>
<p>Records of products or services purchased, purchasing or consuming histories or tendencies.",0.9903515349481246
validation,"WITHOUT WARRANTY OF ANY KIND, EXPRESS OR
IMPLIED, INCLUDING BUT NOT LIMITED TO THE WARRANTIES OF MERCHANTABILITY,
FITNESS FOR A PARTICULAR PURPOSE AND NONINFRINGEMENT","WITHOUT WARRANTY OF ANY KIND, EXPRESS OR IMPLIED, INCLUDING BUT NOT LIMITED TO THE WARRANTIES OF MERCHANTABILITY, FITNESS FOR A PARTICULAR PURPOSE AND NONINFRINGEMENT.",0.9901897182321676
test,"Los Contenidos incluidos en el Sitio Web se facilitan únicamente a consumidores o Usuarios finales.
Cualquier uso comercial no autorizado de los mismos, o su reventa, quedan prohibidos, salvo que se cuente con la previa autorización escrita de UNIDAD EDITORIAL.</p>","Los contenidos incluidos en el Sitio Web se facilitan únicamente a consumidores o Usuarios finales.
Cualquier uso comercial no autorizado de los mismos, o su reventa, quedan prohibidos, salvo que se cuente con la previa autorización escrita de UNIDAD EDITORIAL.",0.9899352617394344
validation,"All charges are nonrefundable unless provided otherwise in the terms you agree to when you register for a fee-based Service, unless stated differently for your country in Section 14 or as otherwise specified below.</p>","All charges are nonrefundable unless provided otherwise in the terms you agree to when you register for a fee-based Service, unless stated differently for your country in Section 14 or as otherwise specified below.</p>
</li>",0.9889773593520897
test,"Although Zoom is not responsible for any Content, Zoom may delete any Content, at any time without notice to You, if Zoom becomes aware that it violates any provision of this Agreement, or any law","Although Zoom is not responsible for any Content, Zoom may delete any Content, at any time without notice to You, if Zoom becomes aware that it violates any provision of this Agreement, or any law.",0.9886386117834225
test,USE OF THE SERVICES WILL BE UNINTERRUPTED OR ERROR-FREE.,THAT USE OF THE SERVICES WILL BE UNINTERRUPTED OR ERROR-FREE.,0.9886267002631429
test,"<p>If any term, clause or provision of these Terms is held invalid or unenforceable, then that term, clause or provision will be severable from these Terms and will not affect the validity or enforceability of any remaining part of that term, clause or provision, or any other term, clause or provision of these Terms.","If any term, clause or provision of these Terms is held invalid or unenforceable, then that term, clause or provision will be severable from these Terms and will not affect the validity or enforceability of any remaining part of that term, clause or provision, or any other term, clause or provision of these Terms.</p>",0.9882718464797715
test,"(III) THE RESULTS THAT MAY BE OBTAINED FROM THE USE OF THE SERVICES WILL BE ACCURATE OR RELIABLE,","(III) THE RESULTS THAT MAY BE OBTAINED FROM THE USE OF THE SERVICE WILL BE ACCURATE OR RELIABLE,",0.9882366610304368
test,"We may amend this Agreement (including any policies, such as the Privacy Policy, Acceptable Use Policy, Copyright Policy, and Trademark Policy that are incorporated into this Agreement) at any time, in our sole discretion.","We may amend this Agreement (including any policies, such as the Privacy Policy , Acceptable Use Policy, Copyright Policy, and Trademark Policy that are incorporated into this Agreement) at any time, in our sole discretion.",0.9882082499322687
validation,"You assume full responsibility and risk of loss resulting from your downloading and/or use of files, information, content or other material obtained from the Service.","You assume full responsibility and risk of loss resulting
from your downloading and/or use of files, information, content or other
material obtained from the Service",0.9877486719542915
test,"However, if you are a resident of Northern Ireland you may also bring proceedings in Northern Ireland, and if you are a resident of Scotland, you may also bring proceedings in Scotland.","If you are a resident of Northern Ireland you may also bring proceedings in Northern Ireland, and if you are a resident of Scotland, you may also bring proceedings in Scotland.",0.9871884585400048
validation,The personal data we collect,Personal data we collect,0.986634516455566
test,"Tracking technologies used are beacons, tags, and scripts to collect and track information and to improve and analyze Our Service.","Tracking technologies also used are beacons, tags, and scripts to collect and track information and to improve and analyze our Service.",0.9865772569156648
validation,"El Usuario tendrá derecho a formular una queja o reclamación ante la Agencia Española de Protección de Datos (www.aepd.es) y ante el Delegado de Protección de Datos del Grupo Prisa (dpo@prisa.com).</p>
</li>","<p>El Usuario tendrá derecho a formular una queja o reclamación ante la Agencia Española de Protección de Datos (www.aepd.es) y ante el Delegado de Protección de Datos del Grupo Prisa (dpo@prisa.com).</p>
</li>",0.9862516308220259
test,"However, we do not recognize or respond to browser-initiated DNT signals, as the Internet industry is currently still working toward defining exactly what DNT means, what it means to comply with DNT, and a common approach to responding to DNT.","We do not recognize or respond to browser-initiated DNT signals, as the Internet industry is currently still working toward defining exactly what DNT means, what it means to comply with DNT, and a common approach to responding to DNT.",0.9862153508788999
test,"c. Additionally, there may be times when we need to remove or change features or functionality of the Service or stop providing a Service or access to Third-Party Apps and Services altogether.","Additionally, there may be times when we need to remove or change features or functionality of the Service or stop providing a Service or access to Third-Party Apps and Services altogether. ",0.9858263597999397
test,"Alibaba.com does not endorse, verify or otherwise certify the contents of any comments or other material or information (including User Content) created, submitted, posted, displayed or otherwise made by any Member","Alibaba.com does not endorse, verify or otherwise certify the contents of any comments or other material or information (including User Content) created, submitted, posted, displayed or otherwise made by any Member.",0.9853513657790471
validation,"If any provision of these Terms is held to be invalid
or unenforceable, the other provisions of these Terms will be unimpaired and the
invalid or unenforceable provision will be deemed modified so that it is valid and
enforceable to the maximum extent permitted by law.","If any provision of these Terms is, for any reason, held to be invalid or unenforceable, the other provisions of these Terms will be unimpaired and the invalid or unenforceable provision will be deemed modified so that it is valid and enforceable to the maximum extent permitted by law.",0.9850911169667608
validation,"Except as provided in Exhibit A, the Parties consent to the exclusive jurisdiction and venue of the state courts located in and serving Santa Clara County, California and the federal courts in the Northern District of California","Except as provided in Exhibit A, the Parties consent to the exclusive jurisdiction and venue of the state courts located in and serving Santa Clara County, California and the federal courts in the Northern District of California.",0.9849806283325797
validation,"TO THE FULLEST EXTENT PERMITTED BY APPLICABLE LAW, IN NO EVENT WILL TINDER, ITS AFFILIATES, EMPLOYEES, LICENSORS OR SERVICE PROVIDERS BE LIABLE FOR ANY INDIRECT, CONSEQUENTIAL, EXEMPLARY, INCIDENTAL, SPECIAL OR PUNITIVE DAMAGES, INCLUDING, WITHOUT LIMITATION, LOSS OF PROFITS, WHETHER INCURRED DIRECTLY OR INDIRECTLY, OR ANY LOSS OF DATA, USE, GOODWILL, OR OTHER INTANGIBLE LOSSES, RESULTING FROM: (I) YOUR ACCESS TO OR USE OF OR INABILITY TO ACCESS OR USE THE SERVICES, (II) THE CONDUCT OR CONTENT OF OTHER USERS OR THIRD PARTIES ON, THROUGH, OR FOLLOWING USE OF THE SERVICES; OR (III) UNAUTHORIZED ACCESS, USE OR ALTERATION OF YOUR CONTENT, EVEN IF TINDER HAS BEEN ADVISED OF THE POSSIBILITY OF SUCH DAMAGES.","TO THE FULLEST EXTENT PERMITTED BY APPLICABLE LAW, IN NO EVENT WILL TINDER, ITS AFFILIATES, EMPLOYEES, LICENSORS OR SERVICE PROVIDERS BE LIABLE FOR ANY INDIRECT, CONSEQUENTIAL, EXEMPLARY, INCIDENTAL, SPECIAL OR PUNITIVE DAMAGES, INCLUDING, WITHOUT LIMITATION, LOSS OF PROFITS, WHETHER INCURRED DIRECTLY OR INDIRECTLY, OR ANY LOSS OF DATA, USE, GOODWILL, OR OTHER INTANGIBLE LOSSES, RESULTING FROM: (I) YOUR ACCESS TO OR USE OF OR INABILITY TO ACCESS OR USE THE SERVICE, (II) THE CONDUCT OR CONTENT OF OTHER MEMBERS OR THIRD PARTIES ON, THROUGH, OR FOLLOWING USE OF THE SERVICE.
OR (III) UNAUTHORIZED ACCESS, USE OR ALTERATION OF YOUR CONTENT, EVEN IF TINDER HAS BEEN ADVISED OF THE POSSIBILITY OF SUCH DAMAGES.",0.9848858396529053
validation,"<p>You can instruct your browser to refuse all cookies or to indicate when a cookie is being sent.
However, if you do not accept cookies, you may not be able to use some portions of our Services.","<p>You can instruct your browser to refuse all cookies or to indicate when a cookie is being sent.
However, if you do not accept cookies, you may not be able to use some portions of our Service.",0.9846635096504859
test,"If for any reason
a court of competent jurisdiction finds any provision of the Terms of Use, or any portion
thereof, to be unenforceable, that provision shall be enforced to the maximum extent
permissable so as to effect the intent of the parties as reflected by that provision, and
the remainder of the Terms of Use shall continue in full force and effect.","If for any reason a court of competent jurisdiction finds any provision of the Terms of Use, or portion thereof, to be unenforceable, that provision shall be enforced to the maximum extent permissible so as to effect the intent of the parties as reflected by that provision, and the remainder of the Terms of Use shall continue in full force and effect.",0.9843950525380991
test,ANY MATERIAL DOWNLOADED OR OTHERWISE OBTAINED THROUGH THE USE OF THE SERVICES IS DONE AT YOUR OWN DISCRETION AND RISK AND YOU WILL BE SOLELY RESPONSIBLE FOR ANY DAMAGE TO YOUR COMPUTER SYSTEM OR LOSS OF DATA THAT RESULTS FROM THE DOWNLOAD OF ANY SUCH MATERIAL.,ANY MATERIAL DOWNLOADED OR OTHERWISE OBTAINED THROUGH THE USE OF THE SERVICES IS DONE AT YOUR OWN DISCRETION AND RISK AND THAT YOU WILL BE SOLELY RESPONSIBLE FOR ANY DAMAGE TO YOUR COMPUTER SYSTEM OR OTHER DEVICE OR LOSS OF DATA THAT RESULTS FROM THE DOWNLOAD OF ANY SUCH MATERIAL.,0.9839244401241607
validation,These terms of use and any dispute or claim arising out of or in connection with them or their subject matter or formation (including non-contractual disputes or claims) shall be governed by and construed in accordance with the law of England and Wales.</p>,These terms of use and any dispute or claim arising out of or in connection with them or their subject matter or formation (including non-contractual disputes or claims) shall be governed by and construed in accordance with the law of England and Wales.,0.9834213795344379
validation,"We and our partners store and/or access information on a device, such as cookies and process personal data, such as unique identifiers and standard information sent by a device for personalised ads and content, ad and content measurement, and audience insights, as well as to develop and improve products.","We and our partners store and/or access information on a device, such as cookies and process personal data, such as unique identifiers and standard information sent by a device for personalised ads and content, ad and content measurement, and audience insights, as well as to develop and improve products.</p>
<",0.9834173420910467
test,"that the Service will be uninterrupted, timely, secure, or error-free.","that our services will be uninterrupted, timely, secure, or error-free.",0.9829842261273486
test,"If we fail to comply with these terms, we are responsible for loss or damage you suffer that is a foreseeable result of our breaking the Contract or our failing to use reasonable care and skill, but we are not responsible for any loss or damage that is not foreseeable.","If we fail to comply with these Terms, we are responsible for loss or damage you suffer that is a foreseeable result of our breaking these Terms or our failing to use reasonable care and skill, but we are not responsible for any loss or damage that is not foreseeable.",0.9826852585575027
test,"If any provision of the Terms is found by a court of competent jurisdiction to be invalid, the parties nevertheless agree that the court should endeavor to give effect to the parties’ intentions as reflected in the provision, and the other provisions of the Terms remain in full force and effect.","If any provision of these Terms of Service is found by a court of competent jurisdiction to be invalid, the parties nevertheless agree that the court should endeavor to give effect to the parties’ intentions as reflected in the provision, and the other provisions of the Terms of Service remain in full force and effect.",0.9823775372403594
validation,"The company may restrict, suspend, or close your account on the website according to its policy for handling copyright-related takedown requests, or if the company reasonably believes that you’ve breached these terms.","The company may restrict, suspend, or close your account on the website according to its policy for handling copyright-related takedown requests, or if the company reasonably believes that you’ve breached these terms.</p>",0.9823207044849578
validation,"If you use the Site for any commercial, business or re-sale purpose we will have no liability to you for any loss of profit, loss of business, business interruption, or loss of business opportunity.","If you use the items for any commercial, business or re-sale purpose we will have no liability to you for any loss of profit, loss of business, business interruption, or loss of business opportunity.",0.9822680241104846
validation,"Tinder reserves the right to investigate and/ or terminate your account without a refund of any purchases if you have violated this Agreement, misused the Service or behaved in a way that Tinder regards as inappropriate or unlawful, including actions or communications that occur on or off the Service.","Tinder reserves the right to investigate and/or terminate your account without a refund of any purchases if you have violated this Agreement, misused the Service or behaved in a way that Tinder regards as inappropriate or unlawful, including actions or communications that occur on or off the Service. ",0.9822486093187918
test,How Do We Use Personal Information?,How do we use your Personal Information?,0.9822104260060434
validation,"For Business transfers:</strong> We may share or transfer Your personal information
in connection with, or during negotiations of, any merger, sale of Company assets,
financing, or acquisition of all or a portion of our business to another company.</li>
<li>","For business transfers:</strong> We may share or transfer Your personal information in connection with, or during negotiations of, any merger, sale of Company assets, financing, or acquisition of all or a portion of our business to another company.</p>
</li>",0.9821640590749895
test,The failure of the Company to exercise or enforce any right or provision of these Terms of Use shall not constitute a waiver of such right or provision.,The failure of the Company to exercise or enforce any right or provision of these Terms shall not constitute a waiver of such right or provision,0.9820148168877015
test,"Although we do our best to honor the privacy preferences of our users, we are unable to respond to Do Not Track signals set by your browser at this time.","Although we do our best to honor the privacy preferences of our users, we are unable to respond to Do Not Track signals set by your browser at this time",0.9817540693367457
test,"If at any time the User would like to unsubscribe from receiving future emails, we include detailed unsubscribe instructions at the bottom of each email or the User may contact us via our Site.</p>","If at any time the User would like to unsubscribe from receiving future emails, we include detailed unsubscribe instructions at the bottom of each email or User may contact us via our Site.",0.9813263821872545
test,"We may share or transfer your information in connection with, or during negotiations of, any merger, sale of company assets, financing, or acquisition of all or a portion of our business to another company.</li>
</ul>
<ul>
<li>","We may share or transfer your information in connection with, or during negotiations of, any merger, sale of company assets, financing, or acquisition of all or a portion of our business to another company.</li>
</ul>",0.9813166609580725
test,We do not currently take actions to respond to Do Not Track signals because a uniform technological standard has not yet been developed.,<p>We do not currently take actions to respond to Do Not Track signals because a uniform technological standard has not yet been developed.,0.981261025902292
validation,"You are responsible for maintaining the confidentiality of your password and account, if any, and are fully responsible for any and all activities that occur under your password or account.","<p>You are responsible for maintaining the confidentiality of your password and account, if any, and are fully responsible for any and all activities that occur under your password or account.",0.9812015667751915
validation,"<p>We use Google AdSense Advertising on our website.</p>
<p>Google, as a third-party vendor, uses cookies to serve ads on our site.","We use Google AdSense Advertising on our website.</p>
<p>Google, as a third-party vendor, uses cookies to serve ads on our site.",0.9804308098640853
test,How do we use your information? <p>,How Do We Use Information? <p>,0.9801917615900273
validation,"We share personal information about you with service providers that help with our business activities, including shipping vendors, billing and refund vendors, payment card processors, marketing and advertising vendors, and companies that help us improve our products and services.","<br>We share personal information about you with service providers that help with our business activities, including shipping vendors, billing and refund vendors, payment card processors, marketing and advertising vendors, and companies that help us improve our products and services.",0.9801550140078484
test,You can download and export a copy of all of your data and content in your Fastmail account if you want to back it up or use it with a service outside of Fastmail.,You can download and export a copy of all of your data and content in your Fastmail account if you want to back it up or use it with a service outside of Fastmail,0.979749701371219
test,"Nous ne transmettons aucune donnée à des tiers non autorisés, sauf si la loi ou un jugement nous y obligent.</p>","Nous ne transmettons aucune donnée à des tiers non autorisés, sauf si la loi ou un jugement nous y obligent.",0.9796594410607902
test,"4.4.LINE reserves the right to delete any account that has been inactive for a period of one (1) year or more since its last activation, without any prior notice to the applicable User.","4.4.LINE reserves the right to delete any account that has been inactive for a period of one (1) year or more since its last activation, without any prior notice to the applicable",0.9796566032304197
validation,"(D) have the potential to incite or produce conduct that is unlawful, harmful, threatening, abusive, harassing, tortious, defamatory, libelous, vulgar, obscene, invasive of another's privacy, hateful, or racially, ethnically, religiously or sexually discriminatory or otherwise objectionable.","(D) have the potential to incite or produce conduct that is unlawful, harmful, threatening, abusive, harassing, tortious, defamatory, libelous, vulgar, obscene, invasive of another’s privacy, hateful, or racially, ethnically, religiously or sexually discriminatory or otherwise objectionable.",0.9796179672023064
validation,"ComplaintsIf you have any feedback, questions or complaints, please contact us via email at contact@crypto.com. Whilst we strive to respond to you as soon as possible, for more complicated issues, it may take us up to 45 days to resolve and get back to you. You accept and agree that we shall not be responsible for any loss and damage incurred during such period.","If you have any feedback, questions or complaints, please contact us via email at contact@crypto.com. Whilst we strive to respond to you as soon as possible, for more complicated issues, it may take us up to 45 days to resolve and get back to you. You accept and agree that we shall not be responsible for any loss and damage incurred during such period.",0.9795268537640017
test,"<p>You are granting us with a non-exclusive, permanent, irrevocable, unlimited license to use, publish, or re-publish your Content in connection with the Service.","You are granting us with a non-exclusive, permanent, irrevocable, unlimited license to use, publish, or re-publish your Content in connection with the Service.",0.979282797277177
test,"If you have configured your browser to send a “Do Not Track” signal when accessing our websites, Mozilla will not utilize any of the tools described in the Metrics section.","If you have configured your browser to send a “Do Not Track” signal when accessing our websites, Mozilla will not utilize any of the tools described in the Metrics section.</p>",0.9791302169327288
validation,"Any cause of action by you with respect to our Website, must be instituted within one (1) year after the cause of action arose or be forever waived and barred","Any cause of action by you with respect to our Website, must be instituted within one (1) year after the cause of action arose or be forever waived and barred.",0.9791219302093042
test,You must be at least 13 years of age to access or use our Services.,You must be at least 13 years of age to access of use the Services.,0.978758993478187
test,"If you believe that the material you posted on the Service or using the Service was
removed or access to it was disabled by mistake or misidentification, you may file a
counter-notification with us (a ""Counter-Notice"") by submitting written notification to
our Copyright Agent.","<p>If you believe that material you posted on the Website or using the Services was removed or access to it was disabled by mistake or misidentification, you may file a counter-notification with us (a ""Counter-Notice"") by submitting written notification to our Copyright Agent.",0.9786647076154238
validation,"If any part of these Terms of Use is held invalid or unenforceable, that portion shall be construed in a manner consistent with applicable law to reflect, as nearly as possible, the original intentions of the parties, and the remaining portions shall remain in full force and effect.","If any part of this Agreement is held invalid or unenforceable, that portion shall be construed in a manner consistent with applicable law to reflect, as nearly as possible, the original intentions of the parties, and the remaining portions shall remain in full force and effect. ",0.9779111865448811
test,"If any provision of these Terms is held to be invalid or unenforceable by a court, the remaining provisions of these Terms will remain in effect","If any provision of these Terms is held to be invalid or unenforceable by a court, the remaining provisions of these Terms will remain in effect.",0.9778910986182957
validation,"Information sent either one-to-one or within a limited group using our message, chat, post, or similar functionality, where we are permitted by applicable law to collect this information","- Information sent either one-to-one or within a limited group using our message, chat, post, or similar functionality, where we are permitted by applicable law to collect this information;",0.9777335910712734
validation,"These third parties have access to your Personal Information only to perform these tasks on our behalf and are obligated not to disclose or use it for any other purpose.
</li>",These third parties have access to your Personal Information only to perform these tasks on our behalf and are obligated not to disclose or use it for any other purpose.,0.9770281167224563
test,"If our organizational structure or status changes (if we undergo a restructuring, are acquired, or go bankrupt) we may pass your information to a successor or affiliate.</li>","<li>If our organizational structure or status changes (if we undergo a restructuring, are acquired, or go bankrupt) we may pass your information to a successor or affiliate.</li>",0.9769316135776103
validation,"The laws of the State of California govern our Terms, as well as any disputes, whether in court or arbitration, which might arise between Signal and you, without regard to conflict of law provisions.</p>","The laws of the State of California govern our Terms, as well as any disputes, whether in court or arbitration, which might arise between Signal and you, without regard to conflict of law provisions.",0.9766391222532514
test,"UNIDAD EDITORIAL no garantiza la licitud, fiabilidad, utilidad, veracidad o exactitud de los servicios o de la información que difunda a través del Sitio Web.
</p>","UNIDAD EDITORIAL no garantiza la licitud, fiabilidad, utilidad, veracidad o exactitud de los servicios o de la información que difunda a través del Sitio Web.</p>",0.9762826547977406
test,"You agree to our data practices, including the collection, use, processing, and sharing of your information as described in our Privacy Policy, as well as the transfer and processing of your information to the United States and other countries globally where we have or use facilities, service providers, or partners, regardless of where you use our Services.","<p>You agree to our information practices, including the collection, use, processing, and sharing of your information as described in this Privacy Policy, as well as the transfer and processing of your information to the United States and other countries globally where we have or use facilities, service providers, or partners, regardless of where you use our Services.",0.9760958471441845
test,"adresser des offres promotionnelles à nos abonnés et prospects qui sont le plus souvent personnalisées selon les centres d’intérêts et leur localisation</p>
<p>",adresser des offres promotionnelles à nos abonnés et prospects qui sont le plus souvent personnalisées selon les centres d’intérêts et leur localisation,0.9758479231241582
test,C.     ANY MATERIAL DOWNLOADED OR OTHERWISE OBTAINED THROUGH THE USE OF THE SERVICE IS DONE AT YOUR OWN DISCRETION AND RISK AND YOU WILL BE SOLELY RESPONSIBLE FOR ANY DAMAGE TO YOUR COMPUTER SYSTEM OR LOSS OF DATA THAT RESULTS FROM THE DOWNLOAD OF ANY SUCH MATERIAL.,(D) ANY MATERIAL DOWNLOADED OR OTHERWISE OBTAINED THROUGH THE USE OF THE SERVICE IS DONE AT YOUR OWN DISCRETION AND RISK AND THAT YOU WILL BE SOLELY RESPONSIBLE FOR ANY DAMAGE TO YOUR COMPUTER SYSTEM OR LOSS OF DATA THAT RESULTS FROM THE DOWNLOAD OF ANY SUCH MATERIAL.,0.9757747052940188
test,"If you violate these Terms, the Company reserves the right to issue you a warning regarding the violation or immediately terminate or suspend any or all Accounts you have created using the Service. You agree that the Company need not provide you notice before terminating or suspending your Account(s), but it may do so.","If you violate these Terms, the Company reserves the right to issue you a warning regarding the violation or immediately terminate or suspend any or all Accounts you have created using the Service.
You agree that the Company need not provide you notice before terminating or suspending your Account(s), but it may do so.</p>",0.9756184536192796
validation,"The failure of us to exercise or enforce any right or provision of these Terms of Service shall not constitute a waiver of such right or provision.
<br>",The failure of us to exercise or enforce any right or provision of these Terms of Service shall not constitute a waiver of such right or provision.,0.975596056314551
test,"We do not sell, trade, or otherwise transfer to outside parties your Personally Identifiable Information unless we provide users with advance notice.","<p>We do not sell, trade, or otherwise transfer to outside parties your personally identifiable information unless we provide users with advance notice.",0.975410001730043
validation,You may opt out of receiving commercial email messages from us by following the instructions contained in those email messages.,You may opt out of receiving commercial email messages from us by following the instructions contained in those email messages.</p>,0.9741546996038285
test,"We reserve the right at any time and from time to time to modify or discontinue, temporarily or permanently, the Website (or any part of it) with or without notice.","We reserve the right at any time and from time to time to modify or
discontinue, temporarily or permanently, the Website (or any part of it)
with or without notice.</p>",0.9738802409420984
test,"We reserve the right to remove Content alleged to be infringing without prior notice, at our sole discretion, and without liability to you.","We reserve the right to remove data alleged to be infringing without prior notice, at our sole discretion, and without liability to you.",0.9737402323957558
test,"We may terminate your access to and use of the Service at our sole discretion, at any time and without notice to you.","We may terminate your access to and use of the Services, at our sole discretion, at any time and without notice to you.",0.9736289223029521
validation,"geo-location information,",geo-location information,0.9733855713265823
validation,"These Terms are governed by and will be construed under the laws of the State of California, without regard to the conflicts of laws provisions thereof.","These Terms are governed by and will be construed under the laws of the State of California, without regard to the conflicts of laws’ provisions thereof.",0.9730884727011593
validation,"<p>Our site may link to external sites that are not operated by us.
Please be aware that we have no control over the content and practices of these sites, and cannot accept responsibility or liability for their respective privacy policies.</p>","</p>
<p>Our website may link to external sites that are not operated by us.
Please be aware that we have no control over the content and practices of these sites, and cannot accept responsibility or liability for their respective privacy policies.",0.9726443571692203
validation,"When the law requires it.
We follow the law whenever we receive requests about you from a government or related to a lawsuit.
We'll notify you when we're asked to hand over your personal information in this way unless we're legally prohibited from doing so.","We follow the law whenever we receive requests about you from a government or related to a lawsuit.
We'll notify you when we're asked to hand over your personal information in this way unless we're legally prohibited from doing so.",0.9722503315103703
test,"If any provision of this Agreement is found to be unenforceable or invalid, that provision will be limited or eliminated to the minimum extent necessary so that this Agreement will otherwise remain in full force and effect and enforceable.","If any provision of this User Agreement is found to be unenforceable or invalid, that provision will be limited or eliminated to the minimum extent necessary so that this User Agreement will otherwise remain in full force and effect and enforceable.</p>",0.9703549140777415
validation,We do not use any 3rd party tracking or analytics services.,We do not use any 3rd party tracking or analytics services,0.9698049211644659
validation,"We do not currently recognize automated browser signals regarding tracking mechanisms, which may include ""Do Not Track"" instructions.</li>","We do not currently recognize automated browser signals regarding tracking mechanisms, which may include ""Do Not Track"" instructions.",0.9697268794504558
test,"Transfer of Your Personal Data
<p>Your information, including Personal Data, is processed at the Company's operating offices and in
any other places where the parties involved in the processing are located.
It means that this
information may be transferred to — and maintained on — computers located outside of Your state,
province, country or other governmental jurisdiction where the data protection laws may differ
than those from Your jurisdiction.</p>","Your information, including Personal Data, is processed at the Company's operating offices and in any other places where the parties involved in the processing are located.
It means that this information may be transferred to — and maintained on — computers located outside of Your state, province, country or other governmental jurisdiction where the data protection laws may differ than those from Your jurisdiction.",0.9693609896236004
test,We may use cookies on our Websites for the purposes of tracking your session but we do not include third party cookies.,"We may use cookies on our Websites for the purposes of tracking your session but we do not include third party cookies.
<p>
</p>",0.9690273676314627
test,"However, we may also collect Personal Information about you from other sources such as public databases and","However, we may also collect Personal Information about you from other sources such as public databases,",0.9689359710295367
validation,"<p>We may combine our cookies, information collected through the cookies and web beacons on the Websites and REA Group Website with other information (including information collected by third parties using their own cookies and web beacons and providing our cookies and information to third parties)&nbsp;and use analytics services such as Firebase Analytics – to provide better or more relevant services and advertising to you on the Websites","We may combine our cookies, information collected through the cookies and web beacons on the Websites and REA Group Website with other information (including information collected by third parties using their own cookies and web beacons and providing our cookies and information to third parties)&nbsp;and use analytics services such as Firebase Analytics – to provide better or more relevant services and advertising to you on the Websites, the REA Group Website and third party websites.",0.9683057397888584
validation,"You agree that we may notify you of the Updated Terms by posting them on the Service, and that your use of the Service after we post the Updated Terms (or engaging in other such conduct as we may reasonably specify) constitutes your agreement to the Updated Terms.","You agree that we may notify you of the Updated Terms by posting them on the Service, and that your use of the Service after the effective date of the Updated Terms (or engaging in such other conduct as we may reasonably specify) constitutes your agreement to the Updated Terms.",0.9682525014538063
test,"that the Service will be available at any particular time or location, uninterrupted or secure.","THAT THE SERVICE WILL BE AVAILABLE AT ANY PARTICULAR TIME OR LOCATION, UNINTERRUPTED, OR SECURE.",0.9681269233729671
validation,"We reserve the right to delete or disable content alleged to be infringing, and to terminate accounts for repeat infringers. (",We reserve the right to delete or disable content alleged to be infringing and terminate accounts of repeat infringers.,0.9679989865961917
validation,"<p>THE SITE IS PROVIDED ON AN AS-IS AND AS-AVAILABLE BASIS.
YOU AGREE THAT YOUR USE OF THE SITE AND OUR SERVICES WILL BE AT YOUR SOLE RISK.","THE SITE IS PROVIDED ON AN AS-IS AND AS-AVAILABLE BASIS.
YOU AGREE THAT YOUR USE OF THE SITE AND OUR SERVICES WILL BE AT YOUR SOLE RISK.",0.9679034780254814
test,referring/exit pages,"referring/exit pages,",0.9668776115657786
validation,"If you are domiciled in the United States of America, this limited warranty will be governed and construed in accordance with the laws of New York, USA and in the event of a dispute, you agree to submit to the exclusive jurisdiction of the courts of New York city, New York, USA.","If you are domiciled in the United States of America, these Terms will be governed and construed in accordance with the laws of New York, USA and in the event of a dispute, you agree to submit to the exclusive jurisdiction of the courts of New York city, New York, USA.",0.9668762451957758
validation,"You will be subject to, and will be deemed to have been made aware of and to have accepted, the changes in any revised Terms of Service by your continued use of the Site after the date such revised Terms of Service are posted.","You will be subject to, and will be deemed to have been made aware of and to have accepted, the changes in any revised Terms of Use by your continued use of the Site after the date such revised Terms of Use are posted.",0.9667080268824645
validation,"You and Weebly agree to submit to the personal and exclusive jurisdiction of the courts located within San Francisco, California.","You and Weebly agree to submit to the
personal and exclusive jurisdiction of the courts located within San Francisco,
California",0.966599626545263
test,"Obie strony poddają się niewyłącznej jurysdykcji sądów Okręgu Miasta Luksemburga, co oznacza, że w celu dochodzenia praw przysługujących Ci na podstawie przepisów o ochronie konsumentów w związku niniejszymi Warunkami sprzedaży możesz wystąpić z powództwem do sądu w Luksemburgu lub w państwie UE, w którym zamieszkujesz.","Obie strony poddają się niewyłącznej jurysdykcji sądów okręgu Miasta Luksemburga, co oznacza, że w celu dochodzenia praw przysługujących Ci na podstawie przepisów o ochronie konsumentów w związku niniejszymi Warunkami Użytkowania możesz wystąpić z powództwem do sądu w Luksemburgu lub w państwie UE, w którym zamieszkujesz.",0.9665746131603676
test,"<p>We do not sell, trade, or otherwise transfer to outside parties your personally identifiable information.","We do not sell, trade, or otherwise transfer to outside parties your personally identifiable information.",0.9659889756237361
validation,"We also share data with Microsoft-controlled affiliates and subsidiaries.
with vendors working on our behalf.","We also share data with Microsoft-controlled affiliates and subsidiaries.
with vendors working on our behalf",0.9658900716175637
test,"Some of our websites include social media cookies, including those that enable users who are signed in to the social media service to share content via that service.","Some of our websites include social media cookies, including those that enable users who are signed in to the social media service to share content via that service.</li>",0.9654445849597624
test,Your continued use of the Site following the posting of changes to this policy will be deemed your acceptance of those changes.</p>,Your continued use of the Site following the posting of changes to this policy will be deemed your acceptance of those changes.,0.9654238531064191
test,"To a buyer or other successor in the event of a merger, divestiture, restructuring, reorganization, dissolution, or other sale or transfer of some or all of Our assets, whether as a going concern or as part of bankruptcy, liquidation, or similar proceeding, in which PI held by Us about our Website users is among the assets transferred.","<li>To a buyer or other successor in the event of a merger, divestiture, restructuring, reorganization, dissolution or other sale or transfer of some or all of our assets, whether as a going concern or as part of bankruptcy, liquidation or similar proceeding, in which personal information held by us about our Website users is among the assets transferred.",0.9651884109977306
validation,"We may delete any Content, in whole or in part, that in our sole judgment violates this Agreement or may harm the reputation of the Service.","We may delete any Content, in whole or in part, that in our sole judgment violates this Agreement or may harm the reputation of the Service.</p>",0.9650848747747609
test,"<p>You agree to defend, indemnify and hold us harmless against any losses, expenses, costs or damages (including our reasonable attorneys’ fees, expert fees’ and other reasonable costs of litigation or proceedings) arising from, incurred as a result of, or in any manner related to any claim or action based upon (a) your breach of, or failure to comply with, the terms and conditions of this Agreement, (b) your use of the Service, and/or (c) the use of the Service by any other person using your IDs.","You agree to defend, indemnify and hold us harmless against any losses, expenses, costs or damages (including our reasonable attorneys' fees, expert fees' and other reasonable costs of litigation or proceedings) arising from, incurred as a result of, or in any manner related to any claim or action based upon (a) your breach of, or failure to comply with, the terms and conditions of this Agreement, (b) your use of the Service, and/or (c) the use of the Service by any other person using your IDs.",0.9650555518270231
validation,Information We Collect from You,Information we may collect from you,0.9647299428742373
validation,"Spotify may terminate the Agreements or suspend your access to the Spotify Service at any time, including in the event of your actual or suspected unauthorised use of the Spotify Service and/or Content, or non-compliance with the Agreements.","Spotify may terminate the Agreements or suspend your access to the Spotify Service at any time, including in the event of your actual or suspected unauthorized use of the Spotify Service and/or Content, or non-compliance with the Agreements,",0.9647041939167181
test,"We may also release information when it's release is appropriate to comply with the law, enforce our site policies, or protect ours or others' rights, property or safety.","We may also release information when it's release is appropriate to comply with the law, enforce our site policies, or protect ours or others' rights, property or safety.</p>",0.9644013374704026
test,THE COMPANY SHALL NOT BE LIABLE TO YOU FOR MORE THAN THE GREATER OF (A) THE AMOUNT YOU HAVE PAID TO US IN ACCORDANCE WITH THESE TERMS IN THE THREE (3) MONTHS IMMEDIATELY PRECEDING THE DATE ON WHICH YOU FIRST ASSERT A CLAIM OR (B) $100.,THE COMPANY SHALL NOT BE LIABLE TO YOU FOR MORE THAN THE GREATER OF (A) THE AMOUNT YOU HAVE PAID TO US IN ACCORDANCE WITH THESE TERMS IN THE THREE (3) MONTHS IMMEDIATELY PRECEDING THE DATE ON WHICH YOU FIRST ASSERT A CLAIM OR (B) $100,0.9643536444825707
test,"ALL SUCH INFORMATION, SOFTWARE, PRODUCTS, SERVICES AND RELATED GRAPHICS ARE PROVIDED ""AS IS"" WITHOUT WARRANTY OF ANY KIND.","ALL SUCH INFORMATION, SOFTWARE, PRODUCTS, SERVICES AND RELATED GRAPHICS ARE PROVIDED ""AS IS"" WITHOUT WARRANTY OR CONDITION OF ANY KIND.",0.9642201561644388
test,"We reserve the right to make changes to our site, policies, Service Terms, and these Conditions of Use at any time","We reserve the right to make changes to our site, policies, Service Terms, and these Conditions of Use at any time.",0.9638401282825108
test,"We may also release your information when we believe release is appropriate to comply with the law, enforce our site policies, or protect ours or others rights, property, or safety.</p>","We may also release your information when we believe release is appropriate to comply with the law, enforce our site policies, or protect ours or others rights, property, or safety.",0.9638390415777255
test,"We reserve the right, but are not obligated, to remove or disable access to any Content, including User Content, at any time and without notice, including, but not limited to, if we, at our sole discretion, consider any Content to be objectionable or in violation of these Terms","We reserve the right, but are not obligated, to remove or disable access to any Content, at any time and without notice, including, but not limited to, if we, at our sole discretion, consider any Content to be objectionable or in violation of these Terms.",0.9633598676019379
test,"You may not assign or transfer the Agreement (or any of your rights or obligations under the Agreement) without our prior written consent. Any attempted assignment or transfer without complying with the foregoing will be void. We may freely assign or transfer the Agreement. The Agreement inures to the benefit of and is binding upon the parties and their respective legal representatives, successors, and assigns.","Assignment. You may not assign or transfer this Agreement (or any of your rights or obligations under this Agreement) without our prior written consent; any attempted assignment or transfer without complying with the foregoing will be void. We may freely assign or transfer this Agreement. This Agreement inures to the benefit of and is binding upon the parties and their respective legal representatives, successors, and assigns.",0.9622463352841777
validation,Any errors or defects in the service will be corrected,any errors or defects will be corrected,0.9622460655200892
validation,"shall be governed by the internal substantive laws of the State of California, without respect to its conflict of laws principles","These Terms shall be governed by the internal substantive laws of the State of California, without respect to its conflict of laws principles.",0.9617153661125327
validation,"Internet Protocol (""IP"") addresses","Internet Protocol (""IP"") address",0.9612945788829241
test,"Unless as otherwise stated in the Agreements, should any provision of the Agreements be held invalid or unenforceable for any reason or to any extent, such invalidity or unenforceability shall not in any manner affect or render invalid or unenforceable the remaining provisions of the Agreements,","Unless as otherwise stated in the Agreements, should any provision of the Agreements be held invalid or unenforceable for any reason or to any extent, such invalidity or unenforceability shall not in any manner affect or render invalid or unenforceable the remaining provisions of the Agreements, and the application of that provision shall be enforced to the extent permitted by law",0.9612110367565281
validation,"If you reside in a country of the European Economic Area, you agree that any dispute between You and Dailymotion arising out of or relating in any way to these Terms or Your use of the Dailymotion Service shall be interpreted in accordance with the laws of France, without reference to its conflicts of laws, and notwithstanding multiple defendants or third party claims.","If you reside in a country that is not part of the European Economic Area, You agree that any dispute between You and Dailymotion arising out of or relating in any way to these Terms or Your use of the Dailymotion Service shall be interpreted in accordance with the New York laws, without reference to its conflicts of laws, and notwithstanding multiple defendants or third party claims.",0.9611372859962035
validation,"Your anonymized IP address: We anonymize the last 3 bytes of your IP, e.g.
192.xxx.xxx.xxx.</li>","<li>Your anonymized IP address: We anonymize the last 3 bytes of your IP, e.g.
192.xxx.xxx.xxx.",0.9610290402906588
test,"We may discontinue some or all of our Services, including certain features and the support for certain devices and platforms, at any time.<","We may discontinue some or all of our Services, including certain features and the support for certain devices and platforms, at any time.",0.960690071058764
test,"if any provision of this Agreement is found to be invalid, the invalidity of such provision shall not affect the validity of the remaining provisions of this Agreement, which shall remain in full force and effect.","Except as otherwise provided in this Agreement, if any provision of this Agreement is found to be invalid, the invalidity of such provision shall not affect the validity of the remaining provisions of this Agreement, which shall remain in full force and effect.",0.9606764205663039
validation,"</b>Solely for the purposes of operating or improving the Services and Software, when you upload Content to the Services or Software, you grant us a nonexclusive, worldwide, royalty-free, sublicensable, and transferrable license to use, reproduce, publicly display, distribute, modify (so as to better showcase your Content, for example), publicly perform, and translate the Content.","Solely for the purposes of operating or improving the Services and Software, when you upload Content to the Services or Software, you grant us a nonexclusive, worldwide, royalty-free, sublicensable and transferrable licence to use, reproduce, publicly display, distribute, modify (so as to better showcase your Content, for example), publicly perform and translate the Content.",0.960638474480731
validation,"If any part of these Terms of Use is held invalid or unenforceable, that portion shall be construed in a manner consistent with applicable law to reflect, as nearly as possible, the original intentions of the parties, and the remaining portions shall remain in full force and effect.</p>","If any part of this Agreement is held invalid or unenforceable, that portion shall be construed in a manner consistent with applicable law to reflect, as nearly as possible, the original intentions of the parties, and the remaining portions shall remain in full force and effect. ",0.9605425200097812
test,"Interfere with another member’s use and enjoyment of the Service or another individual’s or entity’s use and enjoyment of similar services.</li>
</ul>",Interfere with another member’s use and enjoyment of the Service or another individual’s or entity’s use and enjoyment of similar services.,0.9603574591734715
test,"TO THE FULLEST EXTENT PERMISSIBLE PURSUANT TO APPLICABLE LAW, WE DISCLAIM ALL WARRANTIES, EXPRESS OR IMPLIED, INCLUDING, BUT NOT LIMITED TO, IMPLIED WARRANTIES OF MERCHANTABILITY AND FITNESS FOR A PARTICULAR PURPOSE.","TO THE FULLEST EXTENT PERMISSIBLE PURSUANT TO APPLICABLE LAW, THE POSTAL SERVICE DISCLAIMS ALL WARRANTIES , EXPRESS OR IMPLIED, INCLUDING, BUT NOT LIMITED TO, IMPLIED WARRANTIES OF MERCHANTABILITY AND FITNESS FOR A PARTICULAR PURPOSE.",0.9602648468835634
validation,Internet Protocol (IP) addresses,"Internet protocol (IP) addresses,",0.9597609996817308
validation,Are at least eighteen (18) years of age,(a) you are at least eighteen (18) years of age,0.9596608782387956
validation,"We may also disclose personal data as part of a corporate transaction such as a merger or sale of assets.</p>
<p>",We may also disclose personal data as part of a corporate transaction such as a merger or sale of assets.</p,0.9595807625980368
validation,"Last Updated: January 1, 2021",Last Updated: January 2021,0.9594961891951977
test,"This Privacy Policy does not cover the use of cookies by any third parties, and we aren’t responsible for their privacy policies and practices.","Again, this Privacy Policy does not cover the use of cookies by any third parties, and we aren’t responsible for their privacy policies and practices.",0.9591834494254664
test,"You agree to indemnify, defend and hold harmless Royal Road and our parent, subsidiaries, affiliates, partners, officers, directors, agents, contractors, licensors, service providers, subcontractors, suppliers, interns and employees, harmless from any claim or demand, including reasonable attorneys’ fees, made by any third-party due to or arising out of your breach of these Terms of Service or the documents they incorporate by reference, or your violation of any law or the rights of a third-party.</p>","You agree to indemnify, defend and hold harmless V.
H.
Hess and our parent, subsidiaries, affiliates, partners, officers, directors, agents, contractors, licensors, service providers, subcontractors, suppliers, interns and employees, harmless from any claim or demand, including reasonable attorneys’ fees, made by any third-party due to or arising out of your breach of these Terms of Service or the documents they incorporate by reference, or your violation of any law or the rights of a third-party.",0.9583705097617558
test,"TO THE EXTENT PERMITTED BY LAW, THE TOTAL LIABILITY OF TING, AND ITS SUPPLIERS AND DISTRIBUTORS, FOR ANY CLAIMS UNDER THESE TERMS, INCLUDING FOR ANY IMPLIED WARRANTIES, IS LIMITED TO THE AMOUNT YOU PAID US TO USE THE SERVICES (OR, IF WE CHOOSE, TO SUPPLYING YOU THE SERVICES AGAIN).
</p>","TO THE EXTENT PERMITTED BY LAW, THE TOTAL LIABILITY OF GOOGLE, AND ITS SUPPLIERS AND DISTRIBUTORS, FOR ANY CLAIMS UNDER THESE TERMS, INCLUDING FOR ANY IMPLIED WARRANTIES, IS LIMITED TO THE AMOUNT YOU PAID US TO USE THE SERVICES (OR, IF WE CHOOSE, TO SUPPLYING YOU THE SERVICES AGAIN).",0.9575098548075514
validation,"THAT THE SERVICES WILL BE AVAILABLE AT ANY PARTICULAR TIME OR LOCATION, UNINTERRUPTED OR SECURE.","THAT THE SERVICE WILL BE AVAILABLE AT ANY PARTICULAR TIME OR LOCATION, UNINTERRUPTED, OR SECURE.",0.9574738942819117
test,"If any portion of these Terms is found to be unenforceable, the remaining portion will remain in full force and effect. ","<li>If any portion of these Terms is found to be unenforceable, the remaining portion will remain in full force and effect.",0.9573053282381613
test,"For any dispute you have with Pinterest, you agree to ﬁrst contact us and try to resolve the dispute with us informally. If we need to contact you, we will do so using the email address on your Pinterest account. If Pinterest has not been able to resolve the dispute with you informally, we each agree to resolve any claim, dispute or controversy (excluding claims for injunctive or other equitable relief) arising out of or in connection with or relating to these Terms through binding arbitration or (for qualifying claims) in a small claims court","<p>For any dispute you have with Pinterest, you agree to first contact us and try to resolve the dispute with us informally.
If we need to contact you, we will do so at the email address on your Pinterest account.
If Pinterest hasn’t been able to resolve the dispute with you informally, we each agree to resolve any claim, dispute, or controversy (excluding claims for injunctive or other equitable relief) arising out of or in connection with or relating to these Terms through binding arbitration or (for qualifying claims) in small claims court.",0.9570607286343292
test,"YOUR USE OF THE SERVICE IS AT YOUR SOLE RISK.
THE SERVICE IS PROVIDED ON AN “AS IS” AND “AS AVAILABLE” BASIS.","THE SERVICE IS PROVIDED ON AN “AS IS” AND “AS AVAILABLE” BASIS.
USE OF THE SERVICE IS AT YOUR OWN RISK.",0.9569751032224774
test,Our failure to exercise and enforce any right or provision of the TOS shall not constitute a waiver of such right or provision.,Our failure to exercise or enforce any right or provision of the Terms of Use shall not constitute a waiver of such right or provision.,0.956919212039496
validation,The processing and protection of data is carried out in accordance with applicable legal regulations and EU Regulation 2016/679 (GDPR).</p>,The processing and protection of data is carried out in accordance with applicable legal regulations and EU Regulation 2016/679 (GDPR).,0.9566834139170286
validation,and how we use it,how we use it,0.9566093017432308
validation,We may also retain any messages you send through the Service.,We may also retain any messages you send through the Service,0.9565387902197257
test,"(v) interfere with, or disrupt, (or attempt to do so), the access of any user, host or network, including, without limitation, bullying or harassing, sending a virus, overloading, flooding, spamming, mail-bombing the Services, or by scripting the creation of Content in such a manner as to interfere with or create an undue burden on the Services.</p>","(v) interfere with, or disrupt, (or attempt to do so), the access of any user, host or network, including, without limitation, sending a virus, overloading, flooding, spamming, mail-bombing the Services, or by scripting the creation of Content in such a manner as to interfere with or create an undue burden on the Services.",0.9562806609499613
validation,"<p>If you are a copyright owner, or are authorized to act on behalf of one, or authorized to act under any exclusive right under copyright, please report alleged copyright infringements taking place on or through the Website by completing the following DMCA Notice of Alleged Infringement and delivering it to our Designated Copyright Agent.","</p>
<p>If you are a copyright owner, or are authorized to act on behalf of one, or authorized to act under any exclusive right under copyright, please report alleged copyright infringements taking place on or through the App by completing the following DMCA Notice of Alleged Infringement and delivering it to SmartNews’s Designated Copyright Agent.",0.9557273897026562
validation,"If any provision of these Terms is found by a court of competent jurisdiction to be invalid, you nevertheless agree that the court should endeavor to give effect to the intentions of us and you as reflected in the provision, and that the other provisions of these Terms remain in full force and effect.","If any provision of these Terms is found by a court of competent jurisdiction to be invalid, the parties nevertheless agree that the court should endeavor to give effect to the parties' intentions as reflected in the provision, and the other provisions of these Terms remain in full force and effect.",0.954961823871389
validation,"<p>We are not responsible if information made available on this site is not accurate, complete or current.
The material on this site is provided for general information only and should not be relied upon or used as the sole basis for making decisions without consulting primary, more accurate, more complete or more timely sources of information.
Any reliance on the material on this site is at your own risk.</p>","We are not responsible if information made available on this site is not accurate, complete, or current.
The material on this site is provided for general information only and should not be relied upon or used as the sole basis for making decisions without consulting primary, more accurate, more complete or timelier sources of information.
Any reliance on the material on this site is at your own risk.",0.954801633026452
validation,"We make no warranty that our Services will meet your requirements, be safe, secure, uninterrupted, timely, accurate, or error-free, or that your information will be secure.</b>","We make no warranty that our services will meet your requirements, be safe, secure, uninterrupted, timely, accurate, or error-free, or that your information will be secure.",0.9537949036031256
validation,"</p>
<p>We have the right to disable any user name, password or other identifier, whether chosen by you or provided by us, at any time in our sole discretion for any or no reason, including if, in our opinion, you have violated any provision of these Terms of Service.</p>","We have the right to disable any user name, password or other identifier, whether chosen by you or provided by us, at any time in our sole discretion for any or no reason, including if, in our opinion, you have violated any provision of these Terms of Service.",0.9537476360747612
validation,"We may withdraw or amend the Services, and any related service or content, or restrict access (including by means of cancellation, termination, or modification, or suspension of a user account) to all or certain users (including you) without notice and without liability to you.","We may withdraw or amend the Services, and any related service or content, or restrict access (including by means of cancellation, termination, or modification, or suspension of a user account) to all or certain users (including you) without notice and without liability to you in our reasonable discretion.",0.953669013917427
test,referring,", referring",0.9535524809900588
validation,"Where you&nbsp;use multiple Products, we combine information about you and your activities to provide an integrated experience, such as to allow you to find information from one Product while searching from another&nbsp;or to present relevant product information as you travel across our websites.","Where you&nbsp;use multiple Services, we combine information about you and your activities to provide an integrated experience, such as to allow you to find information from one Service while searching from another&nbsp;or to present relevant product information as you travel across our websites.",0.9534768791963807
validation,"We reserve the right to add, delete, change or modify parts of these Terms at our sole discretion and at any time without notice or liability to you.","We reserve the right to add, delete, change or modify parts of these Terms of Use at our sole discretion and at any time without notice to you.",0.9532336346184227
validation,"From time to time, we may change this privacy policy to accommodate new technologies, industry practices, regulatory requirements or for other purposes.","<br>From time to time, we may change this privacy policy to accommodate new technologies, industry practices, regulatory requirements or for other purposes.",0.9520578991586586
validation,"You are not authorized to use.
</li>
<li>interfere with or disrupt any user, host, or network, for example by sending a virus, overloading, flooding, spamming, or mail-bombing any part of the Services;</li>
<li>","<li>interfere with or disrupt any user, host, or network, for example by sending a virus, overloading, flooding, spamming, or mail-bombing any part of the Services;</li>",0.9514957667615322
test,In no event shall our total liability to you for all damages (other than as may be required by applicable law in cases involving personal injury) exceed the amount of fifty dollars ($50.00).,In no event shall Licensor’s total liability to you for all damages (other than as may be required by applicable law in cases involving personal injury) exceed the amount of fifty dollars ($50.00).,0.9514386622221221
test,Under no circumstances will the collected data be sold or passed on to third parties.</p>,Under no circumstances will the collected data be sold or passed on to third parties.,0.9510586717215004
test,"If any part of these terms and conditions is determined to be invalid or unenforceable pursuant to applicable law including, but not limited to, the warranty disclaimers and liability limitations set forth above, then the invalid or unenforceable provision will be deemed superseded by a valid, enforceable provision that most closely matches the intent of the original provision and these terms and conditions shall continue in effect.","If any part of these Terms are determined to be invalid or unenforceable pursuant to applicable law including, but not limited to, the warranty disclaimers and liability limitations set forth above, then the invalid or unenforceable provision will be deemed superseded by a valid, enforceable provision that most closely matches the intent of the original provision and the remainder of these Terms shall continue in effect.</p>",0.9507852690694151
validation,you agree to maintain the security of your password and identification and to be fully responsible for all use of your account and for any actions that take place using your account.</p>,"maintain the security of your password and identification.
and (d) be fully responsible for all use of your account and for any actions that take place using your account.</p>",0.9505468885314007
validation,"The updated Terms will be posted online.
If the changes are substantive, we will announce the update through Mozilla's usual channels for such announcements such as blog posts and forums.","We may need to change this policy and our notices.
The updates will be posted online.
If the changes are substantive, we will announce the update through Mozilla's usual channels for such announcements such as blog posts and forums.",0.9500507916954523
test,"If any provision of these Terms of Service is held to be unlawful, void, or for any reason unenforceable, then that provision will be limited or eliminated from these Terms of Service to the minimum extent necessary and will not aﬀect the validity and enforceability of any remaining provisions.","If any provision of these Terms of Service is held to be unlawful, void, or for any reason unenforceable, then that provision will be limited or eliminated from these Terms of Service to the minimum extent necessary and will not affect the validity and enforceability of any remaining provisions.</p>",0.9491912486651277
test,None of the software on our apps will ever access or track any location-based information from your device at any time.</p>,None of the software on our apps will ever access or track any location-based information from your device at any time.,0.948454860443885
validation,"Without limiting the foregoing, Element or the Homeserver Owner make no warranty that:<br>
</p>
<ol>
<li>the Hosting and Communication Services will meet your requirements;<br>
</li>
<li>the Services will be uninterrupted, timely, secure, or error-free;<br>","Without limiting the foregoing, Element or the Homeserver Owner make no warranty that:<br>
</p>
<ol>
<li>the Hosting and Communication Services will meet your requirements;<br>
</li>
<li>the Services will be uninterrupted, timely, secure, or error-free;<br>
</li>
<li>the quality of the Services will meet your expectations.",0.9471654570186563
test,"You agree to defend, indemnify and hold harmless TheFreeDictionary.com (and any of its parents, subsidiaries, affiliates, employees, agents, third party content providers, and licensors, and their respective directors, officers, employees, and agents) from and against all claims, liability, and expenses, including attorneys’ fees and costs, arising out of Your use of the Site or Your breach of any provision of this agreement.","you agree to defend, indemnify and hold harmless Dictionary (and any of its parents, subsidiaries, affiliates, employees, agents, third party content providers, or licensors, and their respective directors, officers, employees, and agents) from and against all claims, liability, and expenses, including attorneys’ fees and legal fees and costs, arising out of your use of the Services or your breach of any provision of this agreement",0.9471292599413346
test,All payments are non-refundable.,all payments are non-refundable,0.9467428515245793
validation,"You can see the full revision history of this privacy policy on GitHub, or Codeberg.","You can see the full revision history of this privacy policy on GitHub, or Codeberg.</p>",0.9466418932970564
test,"This shall include; (i) any loss of profit (whether incurred directly or indirectly); (ii) any loss of goodwill or business reputation; (iii) any loss of opportunity; or (iv) any loss of data suffered; (b) any loss or damage which may be incurred as a result of: (i) any reliance placed by You on the completeness, accuracy or existence of any advertising, or as a result of any relationship or transaction between You and any advertiser or sponsor whose advertising appears on the Dailymotion Service; (ii) any changes which Dailymotion may make to the Dailymotion Service, or for any permanent or temporary cessation in the provision of the Dailymotion Service (or any of its features); (iii) the deletion of, corruption of, or failure to store, any content and other communications data maintained or transmitted by or through Your use of the Dailymotion Service; (iv) Your failure to provide Dailymotion with accurate account information (v) Your failure to keep Your password or your accounts details secure and confidential.","Nothing herein shall exclude or limit Dailymotion’s liability for losses which may not be lawfully excluded or limited by applicable law. Subject to this overall provision above, Dailymotion shall not be liable for:any indirect or consequential losses which may be incurred by You, including (i) any loss of proﬁt (whether incurred directly or indirectly); (ii) any loss of goodwill or business reputation; (iii) any loss of opportunity; or (iv) any loss of data suffered; orany loss or damage which may be incurred as a result of: (i) any reliance placed by You on the completeness, accuracy or existence of any advertising, or as a result of any relationship or transaction between You and any advertiser or sponsor whose advertising appears on the Dailymotion Service; (ii) any changes which Dailymotion may make to the Dailymotion Service, or for any permanent or temporary cessation in the provision of the Dailymotion Service (or any of its features); (iii) the deletion of, corruption of, or failure to store, any content and other communications data maintained or transmitted by or through Your use of the Dailymotion Service; (iv) Your failure to provide Dailymotion with accurate account information; or (v) Your failure to keep Your password or Your accounts details secure and conﬁdential.",0.946519013895119
validation,(iii) THE RESULTS THAT MAY BE OBTAINED FROM THE USE OF THE SERVICE WILL BE ACCURATE OR RELIABLE.,"(III) THE RESULTS THAT MAY BE OBTAINED FROM THE USE OF THE SERVICE WILL BE ACCURATE OR RELIABLE,",0.94631530448273
validation,"If any provision of these Terms is held to be unlawful, void, or for any reason unenforceable, then that provision shall be deemed severable from these Terms and shall not affect the validity and enforceability of any remaining provisions.","<p>If any provision of these Terms shall be unlawful, void or for any reason unenforceable, then that provision shall be deemed severable from these Terms and shall not affect the validity and enforceability of any remaining provisions",0.9460567226451604
validation,"The English courts will have jurisdiction over any claim arising from, or related to, a visit to our Site or use of our Services.","The English courts will have jurisdiction over any claim arising from, or related to, any use of our Services.",0.9455675578648718
validation,"<p>The processing of personal data, such as the name, address, e-mail address, or telephone number of a data subject shall always be in line with the General Data Protection Regulation (GDPR)","The processing of personal data, such as the name, address, e-mail address, or telephone number of a data subject shall always be in line with the General Data Protection Regulation (GDPR),",0.9455575596375635
validation,"If any provision of these Terms is found by a court of competent jurisdiction to be invalid, you nevertheless agree that the court should endeavor to give effect to the intentions of us and you as reflected in the provision, and that the other provisions of these Terms remain in full force and effect","If any provision of these Terms is found by a court of competent jurisdiction to be invalid, the parties nevertheless agree that the court should endeavor to give effect to the parties' intentions as reflected in the provision, and the other provisions of these Terms remain in full force and effect.",0.9455281990547172
test,We do not guarantee that any Content you access on or through the Services is or will continue to be accurate.,We do not guarantee that any Content you access on or through the Website is or will continue to be accurate.,0.9454834678068877
validation,Your continued use of the Site and Services following our posting of changes constitutes your acceptance of any such changes.,Your continued use of the Site following the posting of changes will constitute your acceptance of such changes.,0.9440145776103427
validation,"political campaigning,",", political campaigning",0.9435649107302038
validation,We may also block delivery of a communication (like email or instant message) to or from the Services in an effort to enforce these Terms or we may remove or refuse to publish Your Content for any reason.,"We may also block delivery of a communication (like email, file sharing or instant message) to or from the Services in an effort to enforce these Terms or we may remove or refuse to publish Your Content for any reason.",0.9426362017404214
test,We also obtain data about you from third parties.,We also obtain data about you from third parties,0.9425988300348932
test,We do not currently respond to browser do-not-track signals.</p>,We do not currently respond to browser do-not-track signals.,0.9423637397179375
validation,"Mostrar información editorial o comercial específicamente diseñada para el perfil inferido en función del uso de los Servicios El País por parte del Usuario, tanto en servicios propios como en servicios de terceros, pertenecientes a cualquiera de los Sectores, con los que El País llegue a acuerdos.","Mostrar información editorial o comercial específicamente diseñada para el perfil inferido en función del uso de los Servicios AS por parte del Usuario, tanto en servicios propios como en servicios de terceros, pertenecientes a cualquiera de los Sectores, con los que Diario AS llegue a acuerdos.",0.9422389085964331
test,"You accept these Terms by creating a Microsoft account or Skype account, through your use of the Services, or by continuing to use the Services after being notified of a change to these Terms.","You accept these Terms by creating a Microsoft account, through your use of the Services, or by continuing to use the Services after being notified of a change to these Terms.",0.9421388687851434
test,"You are responsible for maintaining the confidentiality of any password and username you are given or select in connection with the Services, and you are fully responsible for all activities that occur under your password or account.","You are responsible for maintaining the confidentiality of any password and username that you are given or select, and you are responsible for all activities that occur under your password or account.",0.9419640633132506
validation,"If we feel that your behavior towards any of our customer care representatives or other employees is at any time threatening or offensive, we reserve the right to immediately terminate your account.","If we feel that your behavior towards any of our customer care representatives or other employees is at any time threatening, harassing, or offensive, we reserve the right to immediately terminate your account.",0.941901911203325
validation,"Social Media Cookies These cookies are used when you share information using a social media sharing button or “like” button on our Services or you link your account or engage with our content on or through a social networking website such as Facebook, Twitter or Google+.
The social network will record that you have done this","ocial Media Cookies These cookies are used when you share information using a social media sharing button or “like” button on our Services or you link your account or engage with our content on or through a social networking website such as Facebook, Twitter or Google+.",0.9418838366232484
validation,"These terms and conditions are governed by and construed in accordance with the laws of London, United
Kingdom and you irrevocably submit to the exclusive jurisdiction of the courts in that State or location.",These terms and conditions are governed by and construed in accordance with the laws of United Kingdom and you irrevocably submit to the exclusive jurisdiction of the courts in that State or location.,0.9418250680730776
validation,"You and Twitch agree to arbitrate any dispute arising from these Terms of Service or your use of the Twitch Services, except that you and Twitch are not required to arbitrate any dispute in which either party seeks equitable and other relief for the alleged unlawful use of copyrights, trademarks, trade names, logos, trade secrets, or patents.","You and Twitch agree to arbitrate any dispute arising from these Terms of Service or your use of the Twitch Services, except that you and Twitch are not required to arbitrate any dispute in which either party seeks equitable and other relief for the alleged unlawful use of copyrights, trademarks, trade names, logos, trade secrets, or patents.
ARBITRATION PREVENTS YOU FROM SUING IN COURT OR FROM HAVING A JURY TRIAL.",0.9417793118333897
test,These legal terms (English law applies and disputes will be settled by English courts) are between you and Monzo Bank Limited (Monzo/us/we) and you agree to them by using the Monzo app.,"lish law applies and disputes will be settled by English
courts) are between you and Monzo Bank Limited (Monzo/us/we) and you agree to
them by using the Monzo app.
Your Monzo account is a",0.9415490300382208
test,we don't sell it to anyone.,We don't sell your data to anyone.,0.9414501129046178
validation,"By using our Services, you agree to be bound by these Terms.",By using the Services you agree to be bound by these Terms.,0.9413503240697215
validation,"Last Updated: August 6, 2020",Last updated: August 2020,0.941335675280067
validation,"You are allowed to use a
pseudonym if you so choose",You are allowed to use a pseudonym if you so choose.,0.9406607747035175
validation,<p>(c) ANY MATERIAL DOWNLOADED OR OTHERWISE OBTAINED THROUGH THE USE OF THE SERVICE IS DONE AT YOUR OWN DISCRETION AND RISK AND THAT YOU WILL BE SOLELY RESPONSIBLE FOR ANY DAMAGE TO YOUR COMPUTER SYSTEM OR LOSS OF DATA OR OTHER LIABILITY THAT RESULTS FROM THE DOWNLOAD OF ANY SUCH MATERIAL.,ANY MATERIAL DOWNLOADED OR OTHERWISE OBTAINED THROUGH THE USE OF THE SERVICES IS DONE AT YOUR OWN DISCRETION AND RISK AND THAT YOU WILL BE SOLELY RESPONSIBLE FOR ANY DAMAGE TO YOUR COMPUTER SYSTEM OR OTHER DEVICE OR LOSS OF DATA THAT RESULTS FROM THE DOWNLOAD OF ANY SUCH MATERIAL.,0.9399632781787112
test,The failure of MOBY to exercise or enforce any right or provision of these Terms of Use will not operate as a waiver of such right or provision.,The failure of to exercise or enforce any right or provision of these Terms will not operate as a waiver of such right or provision.,0.9394646214010826
test,"Use any robot, spider or other automatic device, process or means to access the Website for any purpose, including monitoring or copying any of the material on the Website.</li>","Use any robot, spider, or other automatic device, process, or means to access the Website for any purpose, including monitoring or copying any of the material on the Website.",0.9390532765722465
test,"<p>We may update our Privacy Policy from time to time.
We will notify You of any changes by posting
the new Privacy Policy on this page.</p>
<p>We will let You know via email and/or a prominent notice on Our Service, prior to the change
becoming effective and update the ""Last updated"" date at the top of this Privacy Policy.</p>
<p>You are advised to review this Privacy Policy periodically for any changes.
Changes to this
Privacy Policy are effective when they are posted on this page.</p>","<p>We may update our Privacy Policy from time to time.
We will notify you of any changes by posting the new Privacy Policy on this page.</p>
<p>We will let you know via email and/or a prominent notice on our Service, prior to the change becoming effective and update the ""effective date"" at the top of this Privacy Policy.</p>
<p>You are advised to review this Privacy Policy periodically for any changes.",0.9390352536287963
validation,"Terminate or suspend your access to all or part of the Website for any or no reason, including without limitation, any violation of these Terms of Service.</li>","Terminate or suspend your access to all or part of the Website for any or no reason, including without limitation, any violation of these Terms of Service.",0.9389911001452966
test,"TO THE FULLEST EXTENT ALLOWED BY LAW, DEVIANTART SHALL NOT BE LIABLE FOR ANY DAMAGES OF ANY KIND ARISING FROM USE OF THE SERVICE, INCLUDING BUT NOT LIMITED TO DIRECT, INDIRECT, INCIDENTAL, CONSEQUENTIAL, SPECIAL, EXEMPLARY, OR PUNITIVE DAMAGES, EVEN IF DEVIANTART HAS BEEN ADVISED OF THE POSSIBILITY OF SUCH DAMAGES.","EXCEPT FOR THE EXPRESS, LIMITED REMEDIES PROVIDED HEREIN, AND TO THE FULLEST EXTENT ALLOWED BY LAW, DEVIANTART SHALL NOT BE LIABLE FOR ANY DAMAGES OF ANY KIND ARISING FROM USE OF THE SERVICE, INCLUDING BUT NOT LIMITED TO DIRECT, INDIRECT, INCIDENTAL, CONSEQUENTIAL, SPECIAL, EXEMPLARY, OR PUNITIVE DAMAGES, EVEN IF DEVIANTART HAS BEEN ADVISED OF THE POSSIBILITY OF SUCH DAMAGES.",0.9387870149771106
validation,"In particular, Tripadvisor does not edit or control users’ Content that appears on the websites. The Tripadvisor Companies nevertheless reserve the right to remove without notice any such messaging or other Content from the Services, where they believe in good faith that such Content breaches this Agreement or otherwise believe the removal is reasonably necessary to safeguard the rights of the Tripadvisor Companies and/or other users of the Services.","The Tripadvisor Companies nevertheless reserve the right to remove without notice any such messaging or other Content from the Services, where they believe in good faith that such Content breaches this Agreement or otherwise believe the removal is reasonably necessary to safeguard the rights of the Tripadvisor Companies and/or other users of the Services.",0.9379355249152029
validation,"(d) THE QUALITY OF ANY PRODUCTS, SERVICES, INFORMATION OR OTHER MATERIAL PURCHASED OR OBTAINED BY YOU THROUGH THE SERVICE WILL MEET YOUR EXPECTATIONS.","(iv) THE QUALITY OF ANY PRODUCTS, SERVICES, INFORMATION OR OTHER MATERIAL PURCHASED OR OBTAINED BY YOU THROUGH THE SERVICE WILL MEET YOUR EXPECTATIONS.",0.9377807188346968
test,You have the right to withdraw your Consent at any time.,You have the right to withdraw your consent at any time,0.9376945206803005
validation,By using this website you are agreeing to be bound by the then current version of these terms of service,By using this website you are agreeing to be bound by the then current version of these terms of service.</p>,0.9376939555767653
test,We adopt this notice to comply with the California Consumer Privacy Act of 2018 (CCPA) and any terms defined in the CCPA have the same meaning when used in this Notice.,"We adopt this notice to comply with the California Consumer Privacy Act of 2018 (CCPA).
Any terms defined in the CCPA have the same meaning when used in this notice.</p>",0.9369203018799084
validation,Scroll to the bottom to see the history so far,Scroll to the bottom to see the history so far.,0.9368719702500893
validation,"However, if you do not accept cookies, you may not be able to use some portions of our Site.","However, if you do not accept cookies, you may not be able to use some portions of our Service",0.9367089196240869
validation,"This Service is provided exclusively to individuals who are at least 16 years of age, or to minors who have obtained parental or legal guardian consent to open and maintain an account","This Service is provided exclusively to individuals who are at least 13 years of age, or to minors who have obtained parental or legal guardian consent to open and maintain an account.<br>",0.9365895099111357
test,Twitch may amend any of the terms of these Terms of Service by posting the terms.,Twitch may amend any of the terms of these Terms of Service by posting the amended terms. ,0.9365720019091149
test,"We may also add or remove functionalities or features, or we may suspend or stop the Services altogether.","We may add or remove functionalities or features, and we may suspend or stop a Service altogether",0.9361539183335696
test,"We reserve the right to disable your user account at any time, including if in our reasonable opinion you have failed to comply with any of the provisions of these Terms, or if activities occur on your account which, in our sole discretion, would or might cause damage to or impair the Services or infringe or violate any third party rights, or violate any applicable laws or regulations.","<p>We reserve the right to disable your user account at any time, including if you have failed to comply with any of the provisions of these Terms, or if activities occur on your account which, in our sole discretion, would or might cause damage to or impair the Services or infringe or violate any third party rights, or violate any applicable laws or regulations.</p>
<p>",0.9355892784634138
validation,"If you create an account on the Service, you are responsible for maintaining the security of your account and data, and you are fully responsible for all activities that occur under the account.","<p>If you create an account on the Website, you are responsible for maintaining the security of your account and you are fully responsible for all activities that occur under the account.",0.9352290998857593
test,<p>The service is provided on “as is” and “as available” basis.,THE SERVICE IS PROVIDED ON AN “AS IS” AND “AS AVAILABLE” BASIS.,0.9346433823059762
test,The failure of Presearch to exercise or enforce any right or provision of the Terms shall not constitute a waiver of such right or provision.,Our failure to exercise or enforce any right or provision of the Terms of Use shall not constitute a waiver of such right or provision.,0.9342659555425762
test,"We may modify, suspend, or terminate your access to or use of our Services anytime for any reason, such as if you violate the letter or spirit of our Terms or create harm, risk, or possible legal exposure for Signal.","We may modify, suspend, or terminate your access to or use of our Services anytime for any reason, such as if you violate the letter or spirit of our Terms or create harm, risk, or possible legal exposure for Session.",0.9341153663643741
test,"When a user turns on the Do Not Track signal, the browser sends a message to websites requesting them not to track the user.
At this time, we do not respond to Do Not Track browser settings or signals.","Do Not Track is a privacy preference that users can set in their web browsers.
When a user turns on the Do Not Track signal, the browser sends a message to websites requesting them not to track the user.
At this time, we do not respond to Do Not Track browser settings or signals.",0.9337257219661453
test,This is a license only - your ownership in User Submissions is not affected.<,This is a license only – your ownership in User Submissions is not affected.,0.9333757491448931
validation,"Our Service and all content on Pinterest is provided on an ""as is"" basis without warranty of any kind, whether express or implied","Our Service and all content on Pinterest is provided on an ""as is"" basis without warranty of any kind, whether express or implied.</p>",0.9328102373440814
validation,"We may modify the Terms at any time, at our sole discretion.
If we do so, we'll let you know either by posting the modified Terms on the Site or through other communications.","We may modify the Terms at any time, at our sole discretion.
If we do so, we will let you know either by posting the modified Terms on the Site or through other communications.",0.9320441560246574
validation,We may suspend or terminate your use of the Products as a result of your fraud or breach of any obligation under these Terms.,We may suspend or terminate your use of the Services as a result of your fraud or breach of any obligation under these Terms.,0.9318539941464433
validation,THERE IS NO RIGHT OR AUTHORITY FOR ANY DISPUTE TO BE ARBITRATED ON A REPRESENTATIVE OR CLASS-ACTION BASIS OR TO UTILIZE CLASS ACTION PROCEDURES.,(b) there is no right or authority for any Dispute to be arbitrated on a class-action basis or to utilize class action procedures.,0.9318498184301107
test,"These Cookies are set by social media platforms on the Services to enable you to share content with your friends and networks.
Social media platforms have the ability to track your online activity outside of the Services.
This may impact the content and messages you see on other services you visit.</li>","Social Media Cookies:</b> These Cookies are set by social media platforms on the Services to enable you to share content with your friends and networks.
Social media platforms have the ability to track your online activity outside of the Services.
This may impact the content and messages you see on other services you visit.<p>",0.9317972187939937
test,"Third-party ad servers or ad networks uses technologies like cookies, JavaScript, or Web Beacons that are used in their respective advertisements and links that appear on V.
H.
Hess, which are sent directly to users' browser.
They automatically receive your IP address when this occurs.
These technologies are used to measure the effectiveness of their advertising campaigns and/or to personalize the advertising content that you see on websites that you visit.</p>
<p>","Third-party ad servers or ad networks uses technologies like cookies, JavaScript, or Web Beacons that are used in their respective advertisements and links that appear on Shortcutworld, which are sent directly to users' browser.
They automatically receive your IP address when this occurs.
These technologies are used to measure the effectiveness of their advertising campaigns and/or to personalize the advertising content that you see on websites that you visit.",0.9316828774183759
validation,You affirm that You are at least 16 years of age,"YOU AFFIRM THAT YOU ARE AT LEAST 16 YEARS OF AGE,",0.9313754580672938
validation,You can opt-out of receiving marketing communications from us by following the unsubscribe instructions included in our marketing communications or changing your notification settings within your account.,"You can opt-out of receiving marketing communications from us by following the unsubscribe instructions included in our marketing communications or changing your notification settings within your Pexgle Account.</p>
</li>",0.9303197475224908
validation,Our failure to enforce any right or provision of these Terms will not be considered a waiver of those rights.,<p>Our failure to enforce any right or provision of these Terms will not be considered a waiver of those rights.,0.9294144072136228
test,"You provide any information that is untrue, inaccurate, not current or incomplete, or We have reasonable grounds to suspect that such information is untrue, inaccurate, not current or incomplete, We reserve the right to suspend or terminate Your account and refuse any and all current or future use of the Application (or any portion thereof) at any time.","If you provide any information that is untrue, inaccurate, not current or incomplete, or if Weebly has reasonable grounds to suspect that such information is untrue, inaccurate, not current or incomplete, we may suspend or terminate your account and refuse any and all current or future use of the Service or any portion thereof.",0.9289768059588547
validation,"(ii) THE MATERIALS WILL BE UNINTERRUPTED, TIMELY, SECURE, OR ERROR-FREE,","(ii) THE SERVICE WILL BE UNINTERRUPTED, TIMELY, SECURE, OR ERROR-FREE,",0.9283845865463761
test,"<p>e) Send, distribute or post spam, unsolicited or bulk commercial electronic communications, chain letters, or pyramid schemes;</p>","e) Send, distribute or post spam, unsolicited or bulk commercial electronic communications, chain letters, or pyramid schemes;",0.9282243865995675
test,"You represent and warrant that (1) you are not located in a country that is subject to a U.S.
Government embargo, or that has been designated by the U.S.
Government as a terrorist-supporting country.
and (2) you are not listed on any U.S.
Government list of prohibited or restricted parties.","You represent and warrant that (i) you are not located in a country that is subject to a U.S.
Government embargo, or that has been designated by the U.S.
Government as a “terrorist supporting” country.
and (ii) you are not listed on any U.S.
Government list of prohibited or restricted parties.</p>",0.9282206620630525
validation,You agree to immediately notify RBI of any unauthorized use of your password or username or any other breach of security.,You agree to notify us immediately of any unauthorized access to or use of your username or password or any other breach of security.,0.9277004736221625
test,The failure of TOLO to exercise or enforce any right or provision of these Terms of Use will not operate as a waiver of such right or provision.</p>,The failure of to exercise or enforce any right or provision of these Terms will not operate as a waiver of such right or provision.,0.9272337865594059
validation,"<p>We may change, suspend or discontinue any of our Services.","We may change, suspend or discontinue any of our Services. ",0.9271144825272954
validation,You hereby irrevocably waive (and agree to cause to be waived) any claims and assertions of moral rights or attributions with respect to your User Submissions.,You hereby irrevocably waive (and agree to cause to be waived) any claims and assertions of moral rights or attribution with respect to your User Content.,0.9270738559253927
validation,Your continued use of the Service following the posting of any changes to these Terms of Use constitutes acceptance of those changes.,"Your continued use of or access to our website or the Service following the posting of any changes to these Terms of Service constitutes acceptance of those changes.
<br>",0.9261164021654212
validation,The Website is available only to individuals who are at least 13 years old.,THE WEBSITE IS AVAILABLE ONLY TO INDIVIDUALS WHO ARE AT LEAST 13 YEARS OLD,0.9258907647123158
validation,"Provided that you are eligible to use the Site, you are granted a limited license to access and use the Site and to download or print a copy of any portion of the Content to which you have properly gained access solely for your personal, non-commercial use.","you are granted a limited license to access and use the Site and to download or print a copy of any portion of the Content to which you have properly gained access solely for your personal, non-commercial use.",0.9251304076879141
validation,"Our Website is not intended for children under 18 years of age.
No one under age 18 may provide any information to or on the Website.
We do not knowingly collect personal information from children under 18.
If you are under 18, do not use or provide any information on this Website, register on the Website, make any purchases through the Website, use any of the interactive or public comment features of this Website, or provide any information about yourself to us, including your name, address, telephone number, email address, or any screen name or user name you may use.
If we learn we have collected or received personal information from a child under 18 without verification of parental consent, we will delete that information and any associated accounts.
If you believe we might have any information from or about a child under 18, please contact us at support [at] gab [dot] com.</p>","Please note that this Website is not intended for children under 18 years of age.
No one under age 18 may provide any information to or on this Website.
We do not knowingly collect personal information from children under 18.
If you are under 18, do not use or provide any information on this Website or on or through any of its features, use any of the interactive or public comment features of this Website or provide any information about yourself to us, including your name, address, telephone number, email address, or any screen name or user name you may use.
If we learn we have collected or received personal information from a child under 18 without verification of parental consent, we will delete that information.
If you believe we might have any information from or about a child under 18, please contact us.</p>",0.9250185034608228
validation,"We retain the right at our sole discretion to deny access to anyone to this Website and the services we offer, at any time and for any reason, including, but not limited to, for violation of this Agreement.","We retain the right at our sole discretion to deny anyone access to the Services, at any time and for any reason, including, but not limited to, for violation of this Agreement. ",0.9240754841201462
test,"You will indemnify, defend and hold each member of the Vendor Group harmless from and against any claim, demand, suit or proceeding, and all damages, liabilities, costs and expenses arising from your failure to comply with this Section <u>10</u>.</p>","You will indemnify, defend and hold each member of the Vendor Group harmless from and against any claim, demand, suit or proceeding, and all damages, liabilities, costs and expenses arising from your failure to comply with this Section <u>",0.9240735934878188
validation,"We also may send you other kinds of emails, which you can opt-out of either from your Account Settings page or by using the “Opt-Out” link in the emails themselves.","We also may send you other kinds of emails, which you can opt-out of either from your by using the “Opt-Out” link in the emails themselves.</p>",0.9239887717587386
test,"- Location information, including location information provided by a mobile or other device interacting with one of our sites, applications, or physical properties (including through beacon technologies), or associated with your IP address or other online or device identifier, where we are permitted by law to process this information;<br>","<li>Location information, including location information provided by a mobile or other device interacting with one of our sites, applications, or physical properties (including through beacon technologies), or associated with your IP address or other online or device identifier, where we are permitted by law to process this information;</li>
<li>",0.9233696195084587
test,You may also delete your account at any time.,You may delete your Account at any time.,0.9232693823259196
validation,"Any proceedings to resolve or litigate any dispute in any forum will be conducted solely on an individual basis.
Neither you nor Merriam-Webster will seek to have any dispute heard as a class action, private attorney general action, or in any other proceeding in which either party acts or proposes to act in a representative capacity.","ANY PROCEEDINGS TO RESOLVE OR LITIGATE ANY DISPUTE IN ANY FORUM WILL BE CONDUCTED SOLELY ON AN INDIVIDUAL BASIS.
YOU WILL NOT SEEK TO HAVE ANY DISPUTE HEARD AS A CLASS ACTION, PRIVATE ATTORNEY GENERAL ACTION, OR IN ANY OTHER PROCEEDING IN WHICH EITHER PARTY ACTS OR PROPOSES TO ACT IN A REPRESENTATIVE CAPACITY.",0.9231085546137352
test,any failure of the Company to assert a right or provision under these Terms of Service shall not constitute a waiver of such right or provision,any failure by us to assert a right or provision under these Terms of Service shall not constitute a waiver of such right or provision.</p>,0.9228574851147534
validation,"<p>We may revise these Terms from time to time to better reflect:</p>
<p>(a) changes to the law,</p>
<p>(b) new regulatory requirements, or</p>
<p>(c) improvements or enhancements made to our Services.</p>
<p>If an update affects your use of the Services or your legal rights as a user of our Services, we’ll notify you prior to the update's effective date by sending an email to the email address associated with your account or via an in-product notification.
These updated terms will be effective no less than 30 days from when we notify you.</p>
<p>If you don’t agree to the updates we make, please cancel your account before they become effective.","We may revise these Terms from time to time to better reflect:</p>
<p>(a) changes to the law,</p>
<p>(b) new regulatory requirements, or</p>
<p>(c) improvements or enhancements made to our Services.</p>
<p>If an update affects your use of the Services or your legal rights as a user of our Services, we’ll notify you prior to the update's effective date by sending an email to the email address associated with your account or via an in-product notification.
These updated terms will be effective no less than 30 days from when we notify you.</p>
<p>If you don’t agree to the updates we make, please cancel your account before they become effective.
Where applicable, we’ll offer you a prorated refund based on the amounts you have prepaid for Services and your account cancellation date.
By continuing to use or access the Services after the updates come into effect, you agree to be bound by the revised Terms.</p>",0.9227464067471769
test,This Website does not support “do not track” requests.,<p>This Website does not support “Do Not Track” requests.,0.9221641391367156
validation,"<p>We collect the following information when you visit our Site:</p>
<ul>
<li>your browser type and operating system;</li>
<li>web pages you view on the Site;</li>
<li>links you click on the Site;</li>
<li>your IP address;</li>
<li>Your geolocation;</li>
<li>the length of time you visit our Site and or use our Services;</li>
<li>the referring URL","<p>We collect the following information when you visit our Site:</p>
<ul>
<li>your browser type and operating system;</li>
<li>web pages you view on the Site;</li>
<li>links you click on the Site;</li>
<li>your IP address;</li>
<li>Your geolocation",0.9211698973281881
test,<br>(Click here to see previous version)<p>,<br>(Click here to see previous version),0.921105099489747
test,"As is true of most web sites and apps, we gather certain information automatically and store it in log files.","As true of most Web Sites, we gather certain information automatically and store it in log files.",0.9207992112138194
validation,"You agree, at your own expense, to indemnify, defend and hold harmless Nord, its parents, subsidiaries and affiliates, and their officers, directors, employees, agents, distributors and licensees, from and against any judgments, losses, deficiencies, damages, liabilities, costs, claims, demands, suits, and expenses (including, without limitation, reasonable attorneys’ fees, expert witness fees and expenses) incurred in, arising out of or in any way related to your breach of these Terms, your use of the Services, or any of your other acts or omissions.</p>","INDEMNIFICATION<p>You agree, at your own expense, to indemnify, defend and hold harmless Read It Later, Inc., its parents, subsidiaries and affiliates, and their officers, directors, employees, agents, distributors and licensees, from and against any judgments, losses, deficiencies, damages, liabilities, costs, claims, demands, suits, and expenses (including, without limitation, reasonable attorneys’ fees, expert witness fees and expenses) incurred in, arising out of or in any way related to your breach of this Agreement, your use of the Pocket Technologies, or any of your other acts or omissions",0.9207516353389024
test,The failure of OSI to exercise or enforce any right or provision of the TOS shall not constitute a waiver of such right or provision.,Our failure to exercise or enforce any right or provision of the Terms of Use shall not constitute a waiver of such right or provision.,0.9206675697516966
validation,Your continued use of the product or service after the effective date of such changes constitutes your acceptance of such changes.,Your continued use of our website or services after the effective date of any such changes constitutes your acceptance of the changes.,0.9206295443550686
test,"We may update our Privacy Policy from time to time.
We will notify you of any changes by posting the new Privacy Policy on this page.</p>
<p>You are advised to review this Privacy Policy periodically for any changes.
Changes to this Privacy Policy are effective when they are posted on this page.","We may update Our Privacy Policy from time to time on this page.</p>
<p>You are advised to review this Privacy Policy periodically for any changes.
Changes to this Privacy Policy are effective when they are posted on this page.
No other notifications will be given.</p>",0.9205751000164082
test,"sexually explicit or pornographic material,",pornographic or sexually explicit,0.9204206653578452
test,THAT DEFECTS IN THE SERVICE WILL BE CORRECTED,that defects in the Service will be corrected.,0.9202294072356396
validation,"YOU AGREE THAT DISPUTES BETWEEN YOU AND US WILL BE RESOLVED BY BINDING, INDIVIDUAL<br>
ARBITRATION AND","YOU AGREE THAT DISPUTES BETWEEN YOU AND US WILL BE RESOLVED BY BINDING, INDIVIDUAL ARBITRATION",0.9200186075814962
validation,THAT DEFECTS WILL BE CORRECTED,"THAT DEFECTS WILL BE CORRECTED,",0.919957859913152
test,THAT DEFECTS SHALL BE CORRECTED.,THAT DEFECTS WILL BE CORRECTED.,0.9197274512724775
validation,The website cannot function properly without these cookies.</p>,The website cannot function properly without these cookies,0.9195755910418109
test,"<p>TO THE MAXIMUM EXTENT PERMITTED BY APPLICABLE LAW, THE LIFE ON AIR ENTITIES SHALL NOT BE LIABLE FOR ANY INDIRECT, INCIDENTAL, SPECIAL, CONSEQUENTIAL OR PUNITIVE DAMAGES, OR ANY LOSS OF PROFITS OR REVENUES, WHETHER INCURRED DIRECTLY OR INDIRECTLY, OR ANY LOSS OF DATA, USE, GOOD-WILL, OR OTHER INTANGIBLE LOSSES, RESULTING FROM (i) YOUR ACCESS TO OR USE OF OR INABILITY TO ACCESS OR USE THE SERVICES.
(ii) ANY CONDUCT OR CONTENT OF ANY THIRD PARTY ON THE SERVICES, INCLUDING WITHOUT LIMITATION, ANY DEFAMATORY, OFFENSIVE OR ILLEGAL CONDUCT OF OTHER USERS OR THIRD PARTIES.
(iii) ANY CONTENT OBTAINED FROM THE SERVICES.
OR (iv) UNAUTHORIZED ACCESS, USE OR ALTERATION OF YOUR TRANSMISSIONS OR CONTENT.","THE TWITTER ENTITIES SHALL NOT BE LIABLE FOR ANY INDIRECT, INCIDENTAL, SPECIAL, CONSEQUENTIAL OR PUNITIVE DAMAGES, OR ANY LOSS OF PROFITS OR REVENUES, WHETHER INCURRED DIRECTLY OR INDIRECTLY, OR ANY LOSS OF DATA, USE, GOOD-WILL, OR OTHER INTANGIBLE LOSSES, RESULTING FROM (i) YOUR ACCESS TO OR USE OF OR INABILITY TO ACCESS OR USE THE SERVICES; (ii) ANY CONDUCT OR CONTENT OF ANY THIRD PARTY ON THE SERVICES, INCLUDING WITHOUT LIMITATION, ANY DEFAMATORY, OFFENSIVE OR ILLEGAL CONDUCT OF OTHER USERS OR THIRD PARTIES; (iii) ANY CONTENT OBTAINED FROM THE SERVICES; OR (iv) UNAUTHORIZED ACCESS, USE OR ALTERATION OF YOUR TRANSMISSIONS OR CONTENT.",0.919537559929737
test,"The laws of the State of California will govern these Terms of Service, as well as any claim that might arise between you and us, without regard to conflict of law provisions.","The laws of the State of California will govern this Statement, as well as any claim that might arise between you and us, without regard to conflict of law provisions.",0.9195311528547745
test,"<li>Your use of the Services is at your sole risk.
The Services are provided on an “as is” and “as available” basis.</li>","<li>Your use of the Services is at your sole risk.
The Services are
provided on an “as is” and “as available” basis",0.9194565035818197
validation,"Alternatively, we may seek to acquire other businesses or merge with them.
If a change happens to our business, then the new owners may use your personal data in the same way as set out in this privacy notice.","We may seek to acquire other businesses or merge with them.
If a change happens to our business, then the new owners may use your personal data in the same way as set out in this privacy notice",0.9194233742628285
test,Please notify us immediately of any unauthorized use of your password or Account or any other breach of security.,You will immediately notify us of any unauthorized use of your password or Privacy Account or any other breach of security.,0.9192907070928683
test,"Cisco may immediately terminate this EULA if You breach Sections 2.1 (License and Right to Use), 3.1 (Cisco Technology Generally), 3.2 (Cloud Services) or12.8 (Export).","Cisco may immediately suspend Your Usage Rights if You breach Sections 2.1 (License and Right to Use), 3.1 (Cisco Technology Generally), 3.2 (Cloud Services) or 12.8 (Export).",0.9190790681558082
test,your use of the Website does not violate any applicable law or regulation.,Your use of the Sites does not violate any applicable law or regulation.,0.9183290973041177
test,"If the TripAdvisor Media Group Companies are found liable for any loss or damage that arises out of or is in any way connected with your use of our sites or services, then the TripAdvisor Media Group Companies' liabilities will in no event exceed, in the aggregate, the greater of (a) the transaction fees paid to TripAdvisor for the transaction(s) on this Website giving rise to the claim, or (b) One-Hundred Dollars (US $100.00).","If the Tripadvisor Companies are found liable for any loss or damage that arises out of or is in any way connected with your use of the Services, then the Tripadvisor Companies’ liability will in no event exceed, in the aggregate, thegreater of (a) the transaction fees paid to the Tripadvisor Companies for the transaction(s) on or through the Services giving rise to the claim, or (b) One-Hundred Dollars (US $100.00).",0.9175943766572886
test,The right to data portability,"the right to data portability,",0.9173487159571083
test,"<p>La présente Politique de confidentialité peut être amenée à évoluer, notamment en raison des évolutions législatives et réglementaires et afin de refléter les évolutions de nos pratiques et technologies.","<p>La présente Politique de confidentialité peut être amenée à évoluer, notamment en raison des évolutions législatives et réglementaires et afin de refléter les évolutions de nos pratiques et technologies.
Nous vous invitons à la consulter régulièrement.",0.9163822708344648
validation,"Myspace may terminate the Myspace Services and/or your Membership at any time, for any or no reason, with or without prior notice or explanation, and without liability, except that you may have certain refund rights as provided in the next section.","Myspace may terminate the Myspace Services and/or your Membership at any time, for any or no reason, with or without prior notice or explanation, and without liability, except that you may have certain refund rights related to paid Myspace Services. (",0.9162808287551827
test,"Because our services are used by people all over the world, personal information that we collect may be stored and processed in the United States of America or any other country in which we or our agents maintain facilities.","Because our Services are used by people all over the world, personal information that we collect may be stored and processed in any other country in which we or our agents maintain facilities.",0.9161287095358004
test,>We reserve all rights (but not the obligation) to remove and/or edit such content.,<p>We reserve all rights (but not the obligation) to remove and/or edit such content.,0.9159486570528091
validation,"If you do not accept cookies, however, you may not be able to use all portions of the Site or all functionality of the Services.","If you don't accept cookies, however, you may not be able to use all portions of the Site or all functionality of the Services.",0.9159179497104125
validation,"<strong>Provide voice, image and camera services.</strong> When you use our voice, image and camera services, we use your voice input, images, videos, and other personal information to respond to your requests, provide the requested service to you, and improve our services.","When you use our voice, image and camera services, we use your voice input, images, videos, and other personal information to respond to your requests, provide the requested service to you, and improve our services.",0.9158309739374585
validation,"<br> We do not guarantee, represent or warrant that your use of our service will be uninterrupted, timely, secure or error-free.
<br>","We do not guarantee, represent or warrant that your use of our service will be uninterrupted, timely, secure or error-free.",0.9153743448492795
test,"ou agree to indemnify, defend and hold harmless the Company and its parent, subsidiaries, affiliates, partners, officers, directors, agents, contractors, licensors, service providers, artists,&nbsp.
subcontractors, suppliers, interns and employees, harmless from any claim or demand, including reasonable attorneys’ fees, made by any third-party due to or arising out of your breach of these Terms of Use or terms they incorporate by reference or your violation of any law or the rights of a third-party while using the Website.</p>","You agree to indemnify, defend and hold harmless V.
H.
Hess and our parent, subsidiaries, affiliates, partners, officers, directors, agents, contractors, licensors, service providers, subcontractors, suppliers, interns and employees, harmless from any claim or demand, including reasonable attorneys’ fees, made by any third-party due to or arising out of your breach of these Terms of Service or the documents they incorporate by reference, or your violation of any law or the rights of a third-party.",0.9151770319718494
validation,"(iii) THE RESULTS THAT MAY BE OBTAINED FROM THE USE OF THE MATERIALS WILL BE ACCURATE OR RELIABLE,","(III) THE RESULTS THAT MAY BE OBTAINED FROM THE USE OF THE SERVICE WILL BE ACCURATE OR RELIABLE,",0.9148828374214337
test,"ANY MATERIAL, INFORMATION, OR DATA DOWNLOADED OR OTHERWISE OBTAINED THROUGH THE USE OF THE SERVICE IS ACCESSED AT YOUR OWN DISCRETION AND RISK, AND YOU WILL BE SOLELY RESPONSIBLE FOR ANY DAMAGE TO YOUR COMPUTER SYSTEM AND/OR LOSS OF DATA THAT RESULT FROM THE DOWNLOAD OF SUCH MATERIAL.","Any material downloaded or otherwise obtained through your use of our Services is done at your own discretion and risk, and you will be solely responsible for any damage to your computer system or loss of data that results from the download of any such material.",0.914596887021013
test,You have a right to cancel your account at any time.,You have a right to cancel your account at any time,0.9142387996322162
test,"o Class Actions.
You may only resolve disputes with us on an individual basis, and you may not bring a claim as a plaintiff or a class member in a class, consolidated, or representative action.</b>","YOU MAY ONLY RESOLVE DISPUTES WITH US ON AN INDIVIDUAL BASIS AND YOU MAY NOT BRING A CLAIM AS A PLAINTIFF OR A CLASS MEMBER IN A CLASS, CONSOLIDATED OR REPRESENTATIVE ACTION.",0.9139163235004082
test,"Valve shall have no liability to you because of any inability to trade Subscriptions in the Steam Trading Marketplace, including because of discontinuation or changes in the terms, features or eligibility requirements of any Subscription Marketplace.","You understand and acknowledge that Valve may decide to cease operation of any Subscription Marketplace, change the fees that it charges or change the terms or features of the Steam Subscription Marketplace. Valve shall have no liability to you because of any inability to trade Subscriptions in the Steam Trading Marketplace, including because of discontinuation or changes in the terms, features or eligibility requirements of any Subscription Marketplace.",0.9136319582901116
validation,"NOTWITHSTANDING ANYTHING TO THE CONTRARY IN THESE TERMS, NOTHING IN THESE TERMS EXCLUDES OR LIMITS OUR LIABILITY FOR FRAUD OR FOR DEATH OR PERSONAL INJURY CAUSED BY OUR NEGLIGENCE.","16.5 NOTWITHSTANDING ANYTHING TO THE CONTRARY IN THESE TERMS, NOTHING IN THESE TERMS EXCLUDES OR LIMITS OUR LIABILITY FOR DEATH OR PERSONAL INJURY CAUSED BY OUR NEGLIGENCE OR FOR FRAUD.",0.9135964665416256
test,"Further, to the full extent permissible by law, Epic’s aggregate liability arising out of or in connection with this Agreement will not exceed the total amounts you have paid (if any) to Epic under this Agreement during the twelve (12) months immediately preceding the events giving rise to such liability.",Epic’s aggregate liability arising out of or in connection with these Terms will not exceed the total amounts you have paid (if any) to Epic under this Agreement during the twelve (12) months immediately preceding the events giving rise to such liability,0.9132537348763998
validation,"If you don’t follow these rules, we may cancel your account.</p>","If you don’t follow these rules, we may cancel your account.",0.9130557362440805
validation,"Without limiting the foregoing, everything in the Platform is provided to you ""as is"" without warranty of any kind, either expressed or implied, including, but not limited to, the implied warranties of merchantability, fitness for a particular purpose, or non-infringement.</p","Without limiting the foregoing, everything on the Site is provided to you 'AS IS' WITHOUT WARRANTY OF ANY KIND, EITHER EXPRESSED OR IMPLIED, INCLUDING, BUT NOT LIMITED TO, THE IMPLIED WARRANTIES OF MERCHANTABILITY, FITNESS FOR A PARTICULAR PURPOSE OR NON-INFRINGEMENT.",0.912931097496726
test,"We reserve the right to, but do not have any obligation to, (i) remove, edit or modify any Services Content or User Content, in our sole discretion, at any time, without notice to you and for any reason (including, but not limited to, upon receipt of claims or allegations from third parties or authorities relating to such Services Content or User Content, or if we are concerned that you may have violated these Terms of Service), or for no reason at all and (ii) to remove or block any Services Content or User Content from the Services.","We reserve the right to, but do not have any obligation to, (i) remove, edit or modify any Content in our sole discretion, at any time, without notice to you and for any reason (including, but not limited to, upon receipt of claims or allegations from third parties or authorities relating to such Content or if we are concerned that you may have violated these Terms of Service), or for no reason at all and (ii) to remove or block any Content from the Website.",0.9129109391761238
test,"<p>Eltiempo.es podrá modificar en cualquier momento las condiciones aquí determinadas, siendo debidamente publicadas como aquí aparecen.
La vigencia de las citadas condiciones irá en función de su exposición y estarán vigentes hasta que sean modificadas por otras debidamente publicadas.</p>","MODIFICACIÓN DE LAS PRESENTES CONDICIONES Y DURACIÓN</strong>: EDICIONES EL PAIS podrá modificar en cualquier momento las condiciones aquí determinadas, siendo debidamente publicadas como aquí aparecen.
La vigencia de las citadas condiciones irá en función de su exposición y estarán vigentes hasta que sean modificadas por otras debidamente publicadas.",0.9129004383135569
validation,"(e) transmitting spam, chain letters, or other unsolicited email","transmitting spam, chain letters, or other unsolicited email.",0.9126121433327756
validation,"LAST UPDATED: July 6, 2021",Last updated: 2 July 2021,0.9126086954290832
validation,"Where we consider that any changes to WeChat or any services or features accessible within WeChat are reasonably material, we will (where reasonably practicable) notify you (via http://www.wechat.com, direct communication to you, on this page or the relevant page for the relevant additional terms or policy, or other means), prior to such changes becoming effective.","Where we consider that such changes are reasonably material, we will (where reasonably practicable) notify you (via http://www.wechat.com, direct communication to you, on this page or the relevant page for the relevant additional terms or policy, or other means), prior to such changes becoming effective.",0.9121114152854369
test,"This Usage Data may include information such as your computer’s Internet Protocol address (e.g.
IP address),","<p>This Usage Data may include information such as your computer’s Internet Protocol address (e.g.
IP address)",0.9119153692045014
validation,You represent that you are 18 years of age or older.,You represent and warrant that you are 18 years of age or older.,0.9118967893095333
test,"You agree that we shall not be liable to you or to any third party for any modification, suspension or discontinuance of any part of the Service.","You agree that Opera shall not be liable to you or to any third party for any modification, suspension or discontinuance of the Services.",0.9118922327808752
validation,Passwords are hashed in our database with the bcrypt algorithm,Passwords are hashed in our database with the bcrypt algorithm.,0.9113937542146195
validation,"Last updated: August 20, 2020",Last updated: August 2020,0.911119238448763
test,"We may employ third party companies and individuals to facilitate our Services (""Service Providers""), to provide the Services on our behalf, to perform Service-related services or to assist us in analyzing how our Services are used.<br>
<br>These third parties have access to your Personal Data","<p>We may employ third party companies and individuals to facilitate our Service (""Service Providers""), to provide the Service on our behalf, to perform Service-related services or to assist us in analyzing how our Service is used.</p>
<p>These third parties have access to your Personal Data",0.9108198379248194
test,<p>Aegis Authenticator does not collect any data from your mobile device.,Aegis Authenticator does not collect any data from your mobile device,0.9101864469324157
test,"Accordingly, you agree to review these Terms periodically and your continued access or use of the Services, Sites or Webshop shall be deemed your acceptance of the modified Terms.","Accordingly, you agree to review these Terms periodically and your continued access or use of the Services shall be deemed your acceptance of the modified Terms.",0.9100595527102514
test,"We use third-party analytic providers and technologies, including cookies, as described below, and other similar tools, to assist in collecting this information.","As described further below, we may use third-party analytics providers and technologies, including cookies and similar tools, to assist in collecting this information.</p>",0.9094112791369069
validation,"fully sub-licensable,","sub-licensable,",0.9090471817644702
test,OR THAT ERRORS IN THE SERVICE WILL BE CORRECTED,or that any errors in the Service will be corrected.,0.9089809144521317
validation,"What personal information do we collect from the people that visit our blog, website or app?</strong>","What personal information do we collect from the people that visit our blog, website or app?",0.9083772989423946
test,"We provide this service under these terms ""as-is"" without warranty of any kind, either
express, implied, statutory, or otherwise, including, but not limited to, the implied
warranties of title, non-infringement, merchantability, or fitness for a particular
purpose.","without warranty of any kind, either express, implied, statutory or otherwise, including, but not limited to, the implied warranties of title, non-infringement, merchantability or fitness for a particular purpose.",0.9083677933325838
test,"You agree that any and all disputes or claims that have arisen or may arise between you and Grammarly, whether arising out of or relating to this Agreement (including any alleged breach thereof), the Site, Software or Services, any advertising or any aspect of the relationship or transactions between us, shall be resolved exclusively through final and binding arbitration, rather than a court, in accordance with the terms of this Arbitration Agreement, except that you may assert individual claims in small claims court, if your claims qualify.","You agree that any and all disputes or claims that have arisen or may arise between you and Gfycat, whether relating to these Terms of Service (including any alleged breach thereof), the Services, any advertising, any aspect of the relationship between us, or otherwise, shall be resolved exclusively through final and binding arbitration, rather than a court in accordance with the terms of this Arbitration Agreement, except that you may assert individual claims in small claims court, if your claims qualify.",0.9082094068984768
validation,"<p>The Websites include social media features, such as the “Facebook Like” button, and widgets, such as the “Share This” button or interactive mini-programs that run on our Websites.
These features may collect your Internet protocol address, which page you are visiting on the Websites, and may set a cookie to enable the feature to function properly.
Social media features and widgets are either hosted by a third party or hosted directly on the Websites.","p>
<p>Our websites may include certain social media features such as the Facebook ""Like"" button, and widgets such as the Share this button or interactive mini-programs that run on our websites.
These features may collect your Internet Protocol (“IP”) address, which page you are visiting on our websites, and may set a cookie to enable the feature to function properly.
Social media features and widgets are hosted by a third party or hosted directly on our websites",0.908128886550376
validation,We can edit or remove your Content from our Services at any time for any reason.,We can edit or remove your content from our products and services at any time for any reason.,0.9080620215355077
validation,"You agree that regardless of any statute or law to the contrary, any claim or cause of action arising out of or related to use of the Service or these Terms must be filed within one (1) year after such claim or cause of action arose or be forever barred, unless required otherwise by applicable law.","You agree that regardless of any statute or law to the contrary, any claim or cause of action arising out of or related to use of the Service or these Terms must be filed within one (1) year after such claim or cause of action arose or be forever barred.",0.907954624563294
test,"We reserve the right to update, change or replace any part of these Terms of Service by posting updates and/or changes to our website.
It is your responsibility to check this page periodically for changes.","We reserve the right, at our sole discretion, to update, change or replace any part of these Terms of Service by posting updates and changes to our website.
It is your responsibility to check our website periodically for changes.",0.9078491661316744
test,"However, if you use your browser settings to block all cookies (including essential cookies) you may not be able to use our Services.</p>","However, if you use your browser settings to block all cookies (including essential cookies) you may not be able to access all or parts of our site",0.9073832129991011
validation,"WITHOUT WARRANTIES OF ANY KIND, EITHER EXPRESS OR IMPLIED, INCLUDING, WITHOUT LIMITATION, WARRANTIES OF TITLE OR NON-INFRINGEMENT OR IMPLIED WARRANTIES OF MERCHANTABILITY OR FITNESS FOR A PARTICULAR PURPOSE","without warranties of any kind, either express or implied, including, but not limited to, implied warranties of merchantability, fitness for a particular purpose, title, and non-infringement.",0.9071913423862207
validation,You may stop using the Services at any time.,You can stop using our Services at any time.,0.906493472492091
test,or that any defects will be corrected,"THAT DEFECTS WILL BE CORRECTED,",0.9063410066565493
validation,HOW WE COLLECT INFORMATION FROM YOU,How we collect information,0.9056626360133001
test,"Your use of our Services is at your sole risk.
Our Services are provided “as is""","YOUR USE OF OUR SERVICES IS AT YOUR SOLE RISK.
OUR SERVICES ARE PROVIDED “AS IS”",0.9055247931890508
validation,"Data passively collected by Quetre<p>Whenever you hit some error page, an error object is logged to the console on the server.
That error object contains the resource url you were trying to access, and the usual stack trace.
That's it.","Data actively collected by Quetre<p>None.</p>Data passively collected by Quetre<p>Whenever you hit some error page, an error object is logged to the console on the server.
That error object contains the resource url you were trying to access, and the usual stack trace.
That's it.</p>",0.905122555013476
validation,"THE PRODUCTS ARE PROVIDED ON AN ""AS IS"" AND ""AS AVAILABLE"" BASIS.","THE SERVICE IS PROVIDED ON AN ""AS IS"" AND ""AS AVAILABLE"" BASIS.",0.9047907004015084
validation,the site makes no warranty that the services will meet your requirements,We make no warranty that the Services will meet your requirements,0.9047365210064718
validation,"This Agreement, and any rights and licenses granted hereunder, may not be transferred or assigned by you, but may be assigned by DoorDash without restriction.","This Agreement and any rights and licenses granted hereunder, may not be transferred or assigned by You, but may be assigned by the Company without restriction.",0.904336956910596
validation,<li>How We Use Your Personal Information,<li>How We Use Information,0.9042348274794599
test,"If you wish to terminate your account, you may do so by following the instructions on the Service.","If you wish to terminate your account, then you may do so by following the instructions on the Site.",0.9039833673052072
validation,What information we collect about you,What Information Do You Collect About Me,0.9035495181854212
test,transferable sub-licensable license,"transferable, and sub-licensable",0.9033087788029921
test,"You and Fastmail agree that any cause of action arising out of or related to these Terms and/or the Service must commence within one (1) year after the cause of action arose.
otherwise, such cause of action is permanently barred.</p","You and Company agree that any cause of action arising out of or related to the Service must commence within one (1) year after the cause of action arose.
otherwise, such cause of action is permanently barred.</p>",0.9024057815011343
validation,"You agree that regardless of any statute or law to the contrary, any claim or cause of action arising out of or related to use of the Sites, Services, Terms or Privacy Policy must be filed within ONE YEAR after such claim or cause of action arose or be forever barred.</p>
<p>
<strong>","You agree that regardless of any statute or law to the contrary, any claim or cause of action arising out of or related to use of our sites or the Agreement must be filed within one (1) year after such claim or cause of action arose or be forever barred.</p>",0.9023795929209465
validation,"Cookies below.</p>
<p>We use your Personal Data to contact you with newsletters, marketing or promotional materials and other information that may be of interest to you.","<p>We may use Your Personal Data to contact You with newsletters, marketing or promotional materials and other information that may be of interest to You.",0.9017533680966039
test,What do we collect this information for?,What do we use this information for?,0.9013535390303669
validation,"The Contract, and any disputes arising out of or related hereto, will be governed exclusively by the applicable governing law above, without regard to conflicts of laws rules or the United Nations Convention on the International Sale of Goods.","The User Terms, including the Acceptable Use Policy, and any disputes arising out of or related hereto, will be governed exclusively by the same applicable governing law of the Contract, without regard to conflicts of laws rules or the United Nations Convention on the International Sale of Goods.",0.9012093124095903
validation,The Service is available only to individuals who are at least 16 years old.,<p>The Service is available only to individuals who are at least 13 years old.,0.9010217760217893
test,We may use the services of various Service Providers in order to process your data more effectively.</li>,We may use the services of various Service Providers in order to process your data more effectively.,0.9006518939258198
validation,"用户同意并承诺不得制作、复制、发布含有下列内容的信息：</p>
<p>（1）反对宪法所确定的基本原则的；</p>
<p>（2）危害国家安全，泄露国家秘密，颠覆国家政权，破坏国家统一的；</p>
<p>（3）损害国家荣誉和利益的；</p>
<p>（4）歪曲、丑化、亵渎、否定英雄烈士事迹和精神，以侮辱、诽谤或者其他方式侵害英雄烈士的姓名、肖像、名誉、荣誉的；</p>
<p>（5）宣扬恐怖主义、极端主义或者煽动实施恐怖活动、极端主义活动的；</p>
<p>（6）煽动民族仇恨、民族歧视，破坏民族团结的；</p>
<p>（7）破坏国家宗教政策，宣扬邪教和封建迷信的","制作、复制、发布、传播或以其它方式传送含有下列内容之一的信息：</p>
<p>（1）反对宪法所确定的基本原则的；</p>
<p>（2）危害国家安全，泄露国家秘密，颠覆国家政权，破坏国家统一的；</p>
<p>（3）损害国家荣誉和利益的；</p>
<p>（4）煽动民族仇恨、民族歧视、破坏民族团结的；</p>
<p>（5）破坏国家宗教政策，宣扬邪教和封建迷信的；</p>
<p>",0.9005340466514768
validation,"YOU AGREE THAT, BY ENTERING INTO THIS AGREEMENT, YOU AND WE ARE EACH WAIVING THE RIGHT TO A TRIAL BY JURY OR TO PARTICIPATE IN A CLASS ACTION, COLLECTIVE ACTION, PRIVATE ATTORNEY GENERAL ACTION, OR OTHER REPRESENTATIVE PROCEEDING OF ANY KIND.","YOU AGREE THAT, BY ENTERING INTO THIS AGREEMENT, YOU AND COMPANY ARE EACH WAIVING THE RIGHT TO A TRIAL BY JURY OR TO PARTICIPATE IN A CLASS ACTION, COLLECTIVE ACTION, PRIVATE ATTORNEY GENERAL ACTION, OR OTHER REPRESENTATIVE PROCEEDING OF ANY KIND.
</li>
</ol>
</li>
<li>",0.9004707629156534
test,"To the extent permitted by applicable law, these Terms and your Account and any disputes or claims arising out of or in connection with them or their subject matter or formation (including non-contractual disputes or claims) are governed by and construed in accordance with the laws of England.","These Terms, your Account and any disputes or claims arising in connection with them or their subject matter or formation (including non-contractual disputes or claims) are governed by and construed in accordance with the laws of England and Wales",0.9003395628572178
test,How we use the information<p>,How We Use Your Personal Information<p>,0.9002250817264198
test,Personal Data We Collect</li>,Personal Information We Collect</li>,0.9000062080208187
test,"Tinder reserves the right to investigate and/ or terminate your account without a refund of any purchases if you have misused the Service or behaved in a way that Tinder regards as inappropriate or unlawful, including actions or communications that occur off the Service but involve users you meet through the Service.","Tinder reserves the right to investigate and/or terminate your account without a refund of any purchases if you have violated this Agreement, misused the Service or behaved in a way that Tinder regards as inappropriate or unlawful, including actions or communications that occur on or off the Service. ",0.8996219058987683
validation,"c) we are under no obligation to store, retain, publish or make available any User Content uploaded by you and that you shall be responsible for creating backups of any such User Content if necessary.","we are under no obligation to store, retain, publish or make available any User Content uploaded by you and that you shall be responsible for creating backups of your own User Content.",0.8995894102247233
test,We may work with third parties to collect information that allows us to associate you with your social media or other accounts that you have on other websites.</p>,We may collect information that allows us to associate you with your social media or other accounts that you have on other websites.,0.8995561447306994
test,"The failure
of Weebly to exercise or enforce any right or provision of these Terms shall
not constitute a waiver of such right or provision",Our failure to exercise or enforce any right or provision of these Terms shall not constitute a waiver of such right or provision.,0.8993247172577237
test,Any cause of action or claim you may have with respect to the Service must be commenced within one (1) year after the claim or cause of action arises or such claim or cause of action is barred.,<p>Any cause of action or claim you may have with respect to any of the foregoing matters must be commenced within one (1) year after the claim or cause of action arises or such claim or cause of action is barred.</p>,0.899180994347604
validation,Last Updated: July 2020</p>,"Last updated: July 31, 2020</p>",0.8984456407589734
validation,"(a) breaches or violations of the Terms or other incorporated agreements, policies or guidelines, (b) requests by law enforcement or other government agencies, (c) a request by you (self-initiated account deletions), (d) discontinuance or material modification to the Services (or any portion thereof), (e) unexpected technical or security issues or problems, (f) extended periods of inactivity, and/or (g) nonpayment of any fees owed by you in connection with the Services.
Termination of your account may include (x) removal of access to all offerings within the Services, (y) deletion of your information, files and Content associated with your account, and (z) barring of further use of the Services.","You agree that Strava may, under certain serious circumstances and without prior notice, immediately suspend or terminate your account and/or access to the Services. Cause for such suspension or termination shall include, but not be limited to, (a) breaches or violations of the Terms or other incorporated agreements, policies or guidelines, (b) requests by law enforcement or other government agencies, (c) a request by you (self-initiated account deletions), (d) discontinuance or material modiﬁcation to the Services (or any portion thereof), (e) unexpected technical or security issues or problems, (f) extended periods of inactivity, and/or (g) nonpayment of any fees owed by you in connection with the Services. Termination of your account may include (x) removal of access to all offerings within the Services, (y) deletion of your information, ﬁles and Content associated with your account, and (z) barring of further use of the Services.",0.8983126552025229
validation,We do not sell your personal information,We do not sell personal information.,0.8977516217893127
test,"Any claims arising in connection with your use of the Site, any Content, or the Public Areas must be brought within one (1) year of the date of the event giving rise to such action occurred.",Any claims arising in connection with your use of the Services must be brought within one (1) year of the date of the event giving rise to such action occurred.,0.8976972065476201
test,We also obtain data from third parties.,<p>We also obtain data from third parties.,0.8973282587487013
validation,"Skyscanner may in its absolute discretion immediately terminate any agreement with you under these Terms at any time upon notice to you and/or, if you have a log-in account, by cancelling your membership and your access to your account and removing any User Content you have uploaded to our Services or Platforms. ","Skyscanner may in its absolute discretion immediately terminate any agreement with you under these Terms at any time upon notice to you and/or, if you have a log-in account, by cancelling your membership and your access to your account.",0.8972079967620809
validation,"5.8.&nbsp;upload, post, email, transmit or otherwise make available any unsolicited or unauthorised advertising, promotional materials, ""junk mail"", ""spam"", ""chain letters"", ""pyramid schemes"", or any other form of solicitation.","upload, post, transmit, share, or otherwise make available any unsolicited or unauthorized advertising, solicitations, promotional materials, ""junk mail"", ""spam"", ""chain letters"", ""pyramid schemes"", or any other form of solicitation,",0.8969561465929657
validation,"SOME JURISDICTIONS DO NOT ALLOW EXCLUSION OF CERTAIN WARRANTIES OR LIMITATIONS OF LIABILITY, SO THE ABOVE LIMITATIONS OR EXCLUSIONS MAY NOT APPLY TO YOU.","SOME JURISDICTIONS DO NOT ALLOW THE EXCLUSION OR LIMITATION OF LIABILITY, SO THE ABOVE LIMITATIONS MAY NOT APPLY TO YOU.",0.8964994828802301
validation,"If any provision of these Terms and Conditions is found to be invalid by any court having competent jurisdiction, the invalidity of such provision shall not affect the validity of the remaining provisions of these Terms and Conditions, which shall remain in full force and effect.","If any provision
of these
Terms of Service is deemed invalid by a court of competent jurisdiction, the invalidity of such
provision
shall not affect the validity of the remaining provisions of these Terms of Service, which shall
remain in
full force and effect.",0.8964939256193728
test,"If you do not accept cookies, however, you may not be able to use all portions of the Service or all functionality of the Service.","If you do not accept cookies, you may not be able to use all portions or functionality of the Service.",0.8962664528613898
test,"<p>BlaBlaCar reserves the right to suspend your Account, limit your access to the Services, or terminate these T&amp;Cs in the case where (i) you have received at least three reviews and (ii) the average review you have received is less than or equal to 3.","BlaBlaCar reserves the right to suspend your Account, limit your access to the Services, or terminate these T&Cs in the case where (i) you have received at least three reviews and (ii) the average review you have received is less than or equal to 3.",0.8959510885789576
test,DOORDASH’S AGGREGATE LIABILITY SHALL NOT EXCEED THE GREATER OF AMOUNTS ACTUALLY PAID BY AND/OR DUE FROM YOU TO DOORDASH IN THE SIX (6) MONTH PERIOD IMMEDIATELY PRECEDING THE EVENT GIVING RISE TO SUCH CLAIM. ,"DOORDASH’S AGGREGATE LIABILITY SHALL NOT EXCEED THE GREATER OF AMOUNTS ACTUALLY PAID BY AND/OR DUE FROM YOU TO DOORDASH IN THE SIX (6) MONTH PERIOD IMMEDIATELY PRECEDING THE EVENT GIVING RISE TO SUCH CLAIM.
THIS CAP ON LIABILITY SHALL APPLY FULLY TO RESIDENTS OF NEW JERSEY.</p>",0.8958147340242542
validation,your Account may be deactivated due to prolonged inactivity.,"For example, We may deactivate Your User Account due to prolonged inactivity.",0.8956977433025362
test,"When you upload your content to Steam to make it available to other users and/or to Valve, you grant Valve and its affiliates the worldwide, non-exclusive right to use, reproduce, modify, create derivative works from, distribute, transmit, transcode, translate, broadcast, and otherwise communicate, and publicly display and publicly perform, your User Generated Content, and derivative works of your User Generated Content, for the purpose of the operation, distribution, incorporation as part of and promotion of the Steam service, Steam games or other Steam offerings, including Subscriptions. This license is granted to Valve as the content is uploaded on Steam for the entire duration of the intellectual property rights. It may be terminated if Valve is in breach of the license and has not cured such breach within fourteen (14) days from receiving notice from you sent to the attention of the Valve Legal Department at the applicable Valve address noted on this Privacy Policy page. ","right to use, reproduce, modify, create derivative works from, distribute, transmit, transcode, translate, broadcast, and otherwise communicate, and publicly display and publicly perform, your User Generated Content, and derivative works of your User Generated Content, for the purpose of the operation, distribution, incorporation as part of and promotion of the Steam service, Steam games or other Steam offerings, including Subscriptions.
This license is granted to Valve as the content is uploaded on Steam for the entire duration of the intellectual property rights.
It may be terminated if Valve is in breach of the license and has not cured such breach within fourteen (14) days from receiving notice from you sent to the attention of the Valve Legal Department at the applicable Valve address noted on this Privacy Policy page.
The termination of said license does not affect the rights of any sub-licensees pursuant to any sub-license granted by Valve prior to termination of the license.
Valve is the sole owner of the derivative works created by Valve from your User Generated Content, and is therefore entitled to grant licenses on these derivative works.",0.8955259497528316
validation,"we may use third party services such as Google Analytics that collect, monitor and analyze this type of information in order to increase our Service's functionality.","In addition, we may use third party services such as Google Analytics that collect, monitor and analyze this type of information in order to increase our Services's functionality.",0.895255128233708
test,"We reserve the right, at our sole discretion, to amend these Terms of Service at any time and will update these Terms of Service in the event of any such amendments.
We will notify our Users of material changes to this Agreement, such as price changes, at least 30 days prior to the change taking effect by posting a notice on our Website.","We reserve the right, at our sole discretion, to amend these Terms of Service at any time and will update these Terms of Service in the event of any such amendments.
We will notify our Users of material changes to this Agreement, such as price changes, at least 30 days prior to the change taking effect by posting a notice on our Website.
For non-material modifications, your continued use of the Website constitutes agreement to our revisions of these Terms of Service.",0.8951066713009466
test,"(iii) the results that may be obtained from the use of Presearch services will be accurate or reliable,","(III) THE RESULTS THAT MAY BE OBTAINED FROM THE USE OF THE SERVICE WILL BE ACCURATE OR RELIABLE,",0.8948460870573007
validation,"We try to meet the highest standards when collecting and using personal information.
For this reason, we take any complaints we receive about this very seriously.
We encourage people to bring it to our attention at dpo@element.io if they think that our collection or use of information is unfair, misleading or inappropriate.","We try to meet the highest standards when collecting and using personal information.
For this reason, we take any complaints we receive about this very seriously.
We encourage people to bring it to our attention at dpo@matrix.org if they think that our collection or use of information is unfair, misleading or inappropriate.",0.8947676415601961
test,"You are responsible for safeguarding the password that you use to access the Service and for any activities or actions taken under your password, whether your password is with our Service or a third-party service.","You are responsible for safeguarding the password that you use to access the Service and for any activities or actions under your password,",0.8942059099308739
test,"If for any reason a court of competent jurisdiction finds any provision of these Terms invalid or unenforceable, that provision will be enforced to the maximum extent permissible and the other provisions of these Terms will remain in full force and effect.","If any provision of these Terms is held invalid or unenforceable, that provision will be enforced to the maximum extent permissible and the other provisions of these Terms will remain in full force and effect.",0.8941858922803895
validation,"Last Updated: October 22, 2020","<p>Last Updated: October 22, 2020",0.8939801445486891
validation,The Services are provided “as is” and “as available” ,The Service is provided on an “AS IS” and “AS AVAILABLE” basis,0.8938603088116305
validation,"In the event we go through a business transition (such as a merger, acquisition by another company, bankruptcy, or sale of all or a portion of our assets, including, without limitation, during the course of any due diligence process), your Personal Data will likely be among the assets transferred.
By providing your Personal Data, you agree that we can transfer such information in those circumstances without your further consent.","<p>In the event we go through a business transition (such as a merger, acquisition by another company, bankruptcy, or sale of all or a portion of our assets, including, without limitation, during the course of any due diligence process), your Personal Data will likely be among the assets transferred.",0.8929350476173411
test,"You will indemnify and hold harmless Figma and its officers, directors, employees, and agents, from and against any claims, disputes, demands, liabilities, damages, losses, and costs and expenses, including, without limitation, reasonable legal and accounting fees, arising out of or in any way connected with (i) your access to or use of the Services.
(ii) your User Content.
or (iii) your violation of these Terms.","You will indemnify and hold harmless Malwarebytes and its officers, directors, employee and agents, from and against any claims, disputes, demands, liabilities, damages, losses, and costs and expenses, including, without limitation, reasonable legal and accounting fees, arising out of or in any way connected with (i) your access to or use of the Services or Content, (ii) your User Content, or (iii) your violation of these Terms.
</p>",0.8927994891948504
validation,"The laws of California, U.S.A., excluding California’s conflict of laws rules, will apply to any disputes arising out of or relating to these terms or the Services.","The laws of the State of California, excluding California’s conflict of laws rules, will apply to any disputes arising out of or relating to these terms or the Prezi Services.",0.892757580852958
test,"Gfycat reserves the right to modify or discontinue, temporarily or permanently, the Service (or any part thereof) with or without notice.","The Company reserves the right to modify or discontinue, temporarily or permanently, the Service (or any part thereof) with or without notice. ",0.8926074660973182
test,"No identifying information is logged, such as the visitor's cookie, timestamp, user-agent, or IP address.","No identifying information is logged, such as the visitor's cookie, user-agent, or IP address.",0.8925438784770119
validation,We will not be liable to you if for any reason our site is unavailable at any time or for any period.,"We will not be liable if, for any reason, our Site or our Service is unavailable at any time or for any period.",0.8924506857259762
test,"These Terms shall be governed by the laws of the State of California, without respect to its conflict of laws principles.","These Terms shall be governed by the internal substantive laws of the State of California, without respect to its conflict of laws principles.",0.8923025729853473
validation,"If you do not accept cookies, however, you may not be able to use all portions of the Sites or all functionality of our services.","If you don't accept cookies, however, you may not be able to use all portions of the Site or all functionality of the Services.",0.8921848003046905
validation,We may terminate your account if you repeatedly infringe the intellectual property rights of others.,We may terminate your WhatsApp account if you repeatedly infringe the intellectual property rights of others.,0.892110257793708
test,"We reserve the right to modify, suspend, or discontinue the Services (in whole or in part) at any time","We reserve the right to modify, suspend, or discontinue the Services (in whole or in part) at any time, with or without notice to you.",0.8920944692224139
validation,"If it turns out that a particular term of this Agreement is not enforceable for any reason, this will not affect any other terms.","If it turns out that a particular term is not enforceable, this will not affect any other terms.",0.891999612602311
validation,"a.
Categories of Personal Data We Collect</strong>","Categories of personal information we collect</strong>
</p>",0.8919260403592655
test,You may irreversibly delete your account at any time.</,You may irreversibly delete your account at any time.,0.8917680898244942
validation,We do not sell you data.,We do not and will not sell your data.,0.8912922734093401
validation,"Se podrán tratar los datos obtenidos del Cliente o usuario, los datos derivados de la prestación del servicio o producto (datos de los productos o servicios Movistar, los consumos en Movistar+ (televisión y de otros dispositivos), datos de tráfico, visitas web y localización) y fuentes externas con el fin de realizar un perfil comercial y poder realizar al mismo, por cualquier medio, incluidos electrónicos y digitales, ofertas personalizadas de productos y servicios de socios Movistar.</li>","Se podrán tratar los datos obtenidos del Cliente o usuario, los datos derivados de la prestación del servicio o producto (datos de los productos o servicios Movistar, los consumos en Movistar+ (televisión y de otros dispositivos), con el fin de realizar un perfil comercial y que Movistar pueda ofrecer al mismo, por cualquier medio, incluidos electrónicos y digitales, ofertas de Productos y Servicios Movistar, durante un plazo máximo de dos años desde la finalización del contrato con Movistar.",0.8912818868187881
validation,"To provide these and other features, Dropbox accesses, stores, and scans Your Stuﬀ. You give us permission to do those things, and this permission extends to our aﬀiliates and trusted third parties we work with.","To provide these and other features, Dropbox accesses, stores, and scans Your Stuff.
You give us permission to do those things, and this permission extends to our affiliates and trusted third parties we work with.</p>",0.8904610540146183
validation,and to terminate Your Account for any reason.,You may terminate your account for any reason or no reason.,0.890174118395084
validation,"You agree that regardless of any statute or law to the contrary, any claim or cause of action arising out of or related to use of BibleGateway Widgets or these Terms of Service must be filed within one (1) year after such claim or cause of action arose or be forever barred.","You agree that regardless of any statute or law to the contrary, any claim or cause of action arising out of or related to use of the Service or these Terms must be filed within one (1) year after such claim or cause of action arose or be forever barred.",0.8891218196041749
test,21.2 We do not exclude or limit in any way our liability to you where it would be unlawful to do so.,We do not exclude or limit in any way Our liability to You where it would be unlawful to do so.,0.8890528885759017
test,Our&nbsp;failure to exercise or enforce any right or provision of these Terms will not constitute a waiver of such right or provision.,Our failure to exercise or enforce any right or provision of these Terms will not constitute a waiver of such right or provision.,0.8885794354723704
validation,"The Services and all information, content, materials, products (including software), and other services included on or otherwise made available to you through the Services are provided by Epic on an “as is” and “as available” basis.
Epic makes no representations or warranties of any kind, express or implied, as to the operation of the Services, or the information, content, materials, products (including software), or other services included on or otherwise made available to you through the Services.
You expressly agree that your use of the Services is at your sole risk.","The Services and all information, content, materials, products (including software), and other services included on or otherwise made available to you through the Services are provided by Epic on an “as is” and “as available” basis.",0.8885469739226596
test,"We may also release information when its release is appropriate to comply with the law, enforce our site policies, or protect ours or others rights, property or safety.<br>","We may also release your information when we believe release is appropriate to comply with the law, enforce our site policies, or protect ours or others rights, property, or safety.",0.8884025649662812
validation,YOU AND REPLIKA WAIVE ANY RIGHT TO PARTICIPATE IN A CLASS ACTION LAWSUIT OR CLASS-WIDE ARBITRATION,YOU WAIVE YOUR RIGHT TO PARTICIPATE IN A CLASS ACTION LAWSUIT OR CLASS-WIDE ARBITRATION.,0.8873126514803342
validation,What Personal Data do we collect?,What personal information do we collect?,0.8871512220098097
test,address,IP address,0.8869369465498593
test,您的个人信息均储存于中华人民共和国境内。,您的个人信息均储存于中华人民共和国境内（注：其中微信分享SDK绑定IP归属地为香港）,0.8867355154280118
test,"Class-Action Waiver
<p>The parties further agree that any arbitration shall be conducted in their individual capacities only, and not as a class action or other representative action.","The parties further agree that any arbitration shall be conducted in their individual capacities only, and not as a class action or other representative action.",0.8865575437293763
validation,TYPES OF INFORMATION COLLECTED,TYPES OF INFORMATION WE COLLECT,0.8864475710138348
validation,<p>We do not sell any personal information to third parties.,We do not sell personal information to third parties.,0.8864314538315022
test,"hese cookies are used to store information including visitors’ preferences, and the pages on the website that the visitor accessed or visited.
The information is used to optimize the users’ experience by customizing our web page content based on visitors’ browser type and/or other information.</p>","Cookies and
Web Beacons.</strong> Like any
other website, Pure Dating uses ‘cookies’.
These cookies are used to store information
including visitors’ preferences, and the pages on the website that the visitor accessed
or visited.
The information is used to optimize the users’ experience by customizing
our web page content based on visitors’ browser type and/or other information.",0.8863811984422639
validation,"The provisions of these Terms of Use which by their nature should survive the termination of these Terms of Use shall survive such termination.</p>
<p>",You agree that the provisions of these Terms that by their nature should survive termination will survive any termination of these Terms.</p>,0.885230009601927
validation,YOU AGREE THAT YOU MAY BRING CLAIMS ONLY IN YOUR INDIVIDUAL CAPACITY AND NOT AS A PLAINTIFF OR CLASS MEMBER IN ANY PURPORTED CLASS OR REPRESENTATIVE ACTION.,"Where permitted under applicable law, you agree that you may bring claims against the Company only in your individual capacity and not as a plaintiff or class member in any purported class or representative action.",0.8850177014006841
validation,"Without limiting the foregoing, neither company nor anyone associated with company represents or warrants that the services, their content, or any services or items obtained through the services will be accurate, reliable, error-free, or uninterrupted, that defects will be corrected, that the services or the server that makes it available are free of viruses or other harmful components or that the services or any services or items obtained through the services will otherwise meet your needs or expectations.","WITHOUT LIMITING THE FOREGOING, NEITHER THE COMPANY NOR ANYONE ASSOCIATED WITH THE COMPANY REPRESENTS OR WARRANTS THAT THE WEBSITE, ITS CONTENT, OR ANY SERVICES OR ITEMS OBTAINED THROUGH THE WEBSITE WILL BE ACCURATE, RELIABLE, ERROR-FREE, OR UNINTERRUPTED, THAT DEFECTS WILL BE CORRECTED, THAT OUR SITE OR THE SERVER THAT MAKES IT AVAILABLE ARE FREE OF VIRUSES OR OTHER HARMFUL COMPONENTS, OR THAT THE WEBSITE OR ANY SERVICES OR ITEMS OBTAINED THROUGH THE WEBSITE WILL OTHERWISE MEET YOUR NEEDS OR EXPECTATIONS.</p>",0.8846283991890705
test,Comment collectons-nous vos données personnelles ?,Comment collectons-nous vos données,0.8845699163527608
test,"Our Service does not address anyone under the age of 18 (“Children”).</p>
<p>We do not knowingly collect personally identifiable information from anyone under the age of 18.
If you are a parent or guardian and you are aware that your Children has provided us with Personal Data, please contact us.
If we become aware that we have collected Personal Data from children without verification of parental consent, we take steps to remove that information from our servers.","Our Services are not intended for use by children under the age of 18 (“Child” or “Children”).</p>
<p>We do not knowingly collect personally identifiable information from Children under 18.
If you become aware that a Child has provided us with Personal Data, please contact us.
If we become aware that we have collected Personal Data from Children without verification of parental consent, we take steps to remove that information from our servers.",0.8845554570681519
test,"such as unique identifiers and standard information sent by a device for personalised ads and content, ad and content measurement, and audience insights, as well as to develop and improve products.","We and our partners store and/or access information on a device, such as cookies and process personal data, such as unique identifiers and standard information sent by a device for personalised ads and content, ad and content measurement, and audience insights, as well as to develop and improve products.</p>
<",0.8841636730279148
validation,"The Children’s Online Privacy Protection Act (“COPPA”) requires that online service providers obtain parental consent before they knowingly collect personally identifiable information online from children who are under 13.
&nbsp;We do not knowingly collect or solicit personally identifiable information from children under 13.
if you are a child under 13, please do not attempt to register for the Services or send any personal information about yourself to us.
&nbsp;If we learn we have collected personal information from a child under 13, we will delete that information as quickly as possible","The Children's Online Privacy Protection Act (""COPPA"") requires that online service providers obtain parental consent before they knowingly collect personally identifiable information online from children who are under 13.
We do not knowingly collect or solicit personally identifiable information from children under 13.
if you are a child under 13, please do not attempt to register for the Services or send any personal information about yourself to us.",0.8840924545936363
validation,"We may use Your information to evaluate or conduct a merger, divestiture, restructuring, reorganization, dissolution, or other sale or transfer of some or all of Our assets, whether as a going concern or as part of bankruptcy, liquidation, or similar proceeding, in which Personal Data held by Us about our Service users is among the assets transferred","To a buyer or other successor in the event of a merger, divestiture, restructuring, reorganization, dissolution or other sale or transfer of some or all of our assets, whether as a going concern or as part of bankruptcy, liquidation or similar proceeding, in which personal information held by us about our Website users is among the assets transferred.</li>",0.8840617190844473
validation,"You agree to defend, indemnify, and hold harmless DeviantArt, its officers, directors, employees and agents, from and against any claims, liabilities, damages, losses, and expenses, including, without limitation, reasonable legal and expert fees, arising out of or in any way connected with your access to or use of the Services, or your violation of these Terms.","You agree to defend, indemnify, and hold harmless the site, its officers, directors, employees and agents, from and against any claims, liabilities, damages, losses, and expenses, including, without limitation, reasonable legal and accounting fees, arising out of or in any way connected with your access to or use of the Services, or your violation of this Agreement.</p>",0.8840380302324422
validation,"if you believe that your work has been copied and posted on the Services in a way that constitutes copyright infringement, please provide our Copyright Agent with the following information: (a) an electronic or physical signature of the person authorized to act on behalf of the owner of the copyright interest.
(b) a description of the copyrighted work that you claim has been infringed.
(c) a description of the location on the Services of the material that you claim is infringing.
(d) your address, telephone number and e-mail address.
(e) a written statement by you that you have a good faith belief that the disputed use is not authorized by the copyright owner, its agent or the law.
and (f) a statement by you, made under penalty of perjury, that the above information in your notice is accurate and that you are the copyright owner or authorized to act on the copyright owner’s behalf.
Contact information for DoorDash’s Copyright Agent for notice of claims of copyright infringement is as follows: General Counsel, DoorDash, Inc., 303 2nd St, Suite 800, San Francisco, CA 94107.</p>",".<p>If you believe that your work has been copied in a way that constitutes copyright infringement, please provide our copyright agent the following written information: (i) an electronic or physical signature of the person authorized to act on behalf of the owner of the copyright interest.
(ii) a description of the copyrighted work that you claim has been infringed upon.
(iii) a description of where the material that you claim is infringing is located on the Site.
(iv) your address, telephone number, and e-mail address.
(v) a statement by you that you have a good-faith belief that the disputed use is not authorized by the copyright owner, its agent, or the law.
and (vi) a statement by you, made under penalty of perjury, that the above information in your notice is accurate and that you are the copyright owner or authorized to act on the copyright owner's behalf.",0.8839506913484145
test,"To evaluate or conduct a merger, divestiture, restructuring, reorganization, dissolution, or other sale or transfer of some or all of our assets, whether as a going concern or as part of bankruptcy, liquidation, or similar proceeding, in which Personal Information held by us about our users is among the assets transferred or liquidated.</li>","To a buyer or other successor in the event of a merger, divestiture, restructuring, reorganization, dissolution or other sale or transfer of some or all of our assets, whether as a going concern or as part of bankruptcy, liquidation or similar proceeding, in which personal information held by us about our Website users is among the assets transferred.</li>",0.8832959067501194
test,Use of Your Personal Data</strong>,"b.
How We Use Your Personal Data</strong>",0.8832729245541258
validation,"Web Beacons, which are electronic files that allow a website to count users who have visited that page or to access certain cookies.</li>
<li>Pixel Tags, also known as clear GIFs, beacons, spotlight tags or web bugs, which are a method for passing information from the user’s computer to a third party website.</li>","Web Beacons, which are electronic files that allow a website to count users who have visited that page or to access certain cookies.</li>
<li>Pixel Tags, also known as clear GIFs, beacons, spotlight tags or web bugs, which are a method for passing information from the user’s computer to a third party website.</li>
<li>Local Shared Objects, such as Flash cookies, and Local Storage, such as HTML5.</li>",0.8831257933367193
test,A User must be at least 13 years of age,User is at least 13 years of age,0.8830902141053877
validation,You are solely responsible and liable for activity that occurs on your account and shall be responsible for maintaining the confidentiality of your Foursquare password.,You are solely responsible for activity that occurs on your account and shall be responsible for maintaining the confidentiality of your Company password.,0.8830772084963799
validation,Send you offers and promotions for our products and services or third-party products and services;</li>,- Send you offers and promotions for our products and services or third-party products and services;<br>,0.8829877210422173
test,"libelous, defamatory,","or that is libelous or defamatory,",0.882691722661216
validation,Your use of the Services following that date constitutes your acceptance of the terms and conditions of the Terms as modified.,Your use of the Services following that period constitutes your acceptance of the terms and conditions of this Agreement as modified.,0.8822198281735386
validation,"In accordance with the Digital Millennium Copyright Act (“DMCA”) and other applicable law, Couchsurfing has adopted a policy of terminating, in appropriate circumstances and in Couchsurfing’s sole discretion, members who are deemed to be repeat infringers.","REPEAT INFRINGER POLICY <p>In accordance with the Digital Millennium Copyright Act (“DMCA”) and other applicable law, Couchsurfing has adopted a policy of terminating, in appropriate circumstances and in Couchsurfing’s sole discretion, members who are deemed to be repeat infringers.
Couchsurfing may also, in our sole discretion, limit access to the Services and/or terminate the accounts of any members who we believe may infringe any intellectual property rights of others, whether or not there is any repeat infringement.</p>",0.8818700849448435
validation,"the full Uniform Resource Locator (URL) clickstream to, through, and from our websites, including date and time.","<li>the full Uniform Resource Locators (URL) clickstream to, through, and from our website (including date and time)",0.8816141943701424
validation,"Our Site is not intended for children under 13 years of age.
No one under age 13 should provide any personal information to or on the Site.
We do not knowingly collect personal information from children under 13.","Our Services are not intended for children under 13 years of age, and we do not knowingly collect Personal Information from children under the age of 13.",0.8814496877590886
validation,"You acknowledge and agree that any questions, comments, suggestions, ideas, feedback, bug reports or other information about the Service (“Submissions”) provided by you are non-confidential and shall become our sole property and you assign all rights in these Submissions to Photomath.
We shall own exclusive rights, including all intellectual property rights, and shall be entitled to the unrestricted use and dissemination of these Submissions for any purpose, commercial or otherwise, without acknowledgment or compensation to you","You acknowledge and agree that any questions, comments, suggestions, ideas, feedback, or other information regarding the Site (""Submissions"") provided by you to us are non-confidential and shall become our sole property.
We shall own exclusive rights, including all intellectual property rights, and shall be entitled to the unrestricted use and dissemination of these Submissions for any lawful purpose, commercial or otherwise, without acknowledgment or compensation to you.",0.8812005377602675
validation,"Unless otherwise expressly provided herein, the invalidity or unenforceability of any provision of these Terms will not affect the validity or enforceability of any other provision, all of which will remain in full force and effect.","(d) <strong>Severability</strong>.
Unless otherwise expressly provided herein, the invalidity or unenforceability of any provision of these Terms of Service will not affect the validity or enforceability of any other provision, all of which will remain in full force and effect.
</p>
<p>",0.8811071768537792
validation,"You will resolve any claim, cause of action or dispute you have with us arising out of or relating to these Terms of Service or CrowdTangle exclusively in the U.S. District Court for the Northern District of California or a state court located in San Mateo County, and you agree to submit to the personal jurisdiction of such courts for the purpose of litigating all such claims.","You will resolve any claim, cause of action or dispute (claim) you have with us arising out of or relating to this Statement or Facebook exclusively in the U.S. District Court for the Northern District of California or a state court located in San Mateo County, and you agree to submit to the personal jurisdiction of such courts for the purpose of litigating all such claims.",0.8808840687918061
validation,"<p>If Wolt is involved in a merger, acquisition or asset sale, we may transfer your personal data to the third party involved.","<p>If UpCloud is involved in a merger, acquisition or asset sale, we may transfer personal data to the third party involved.",0.8801160340423966
validation,"If you block cookies, certain features on our sites may not work.","If you block cookies, certain features on our Platform may not work.",0.879746591699569
validation,"constitutes unauthorized or unsolicited advertising, junk or bulk e-mail.","(iii),constitutes unauthorized or unsolicited advertising, junk or bulk e-mail",0.8793006785107261
test,"You must maintain the security of your third party account and promptly notify us if you discover or suspect that someone has accessed your account without your permission.
If you permit others to use your account credentials, you are responsible for the activities of such users that occur in connection with your account.</p>","If you do use a third-party account in conjunction with Selfie2Anime you must maintain the security of your third-party account and promptly notify us if you discover or suspect that someone has accessed your account without your permission.
If you permit others to use your account credentials, you are responsible for the activities of such users that occur in connection with your account.</p>
</li>",0.8791759123350147
validation,You may close your account at any time,You may close your account at any time.,0.8789961619291768
validation,<p>You retain any ownership rights you have in Your Content,"You retain any ownership rights you have in Your Content,",0.8789938819029259
test,YOU AND MOBY WAIVE THE RIGHT TO BRING OR PARTICIPATE IN A CLASS ACTION IN CONNECTION WITH SUCH DISPUTES.,YOU AND COMPANY WAIVE THE RIGHT TO BRING OR PARTICIPATE IN A CLASS ACTION IN CONNECTION WITH SUCH DISPUTES.,0.8789266824059061
test,We also retain the right to create limits on use and storage at our sole discretion at any time without prior notice to You.,We retain the right to create limits on use and storage at our sole discretion at any time with or without notice.,0.8778924577319162
validation,any disputes shall be submitted to the Courts of Barcelona unless the User requests the involvement of the courts applicable to his/her home address.,any disputes shallbe submitted to the Courts of Barcelona unless the User requests that they be submitted to the courts applicable to his/her home address.,0.8774282568544041
validation,"We use your Personal Information to contact you with Rumble newsletters, marketing or promotional materials and other information that may be of interest to you.","<p>We may use Your Personal Data to contact You with newsletters, marketing or promotional materials and other information that may be of interest to You.",0.8773625197241083
test,"THE SESSION PARTIES WILL NOT BE LIABLE TO YOU FOR ANY LOST PROFITS OR CONSEQUENTIAL, SPECIAL, PUNITIVE, INDIRECT, OR INCIDENTAL DAMAGES RELATING TO, ARISING OUT OF, OR IN ANY WAY IN CONNECTION WITH OUR TERMS, US, OR OUR SERVICES, EVEN IF THE SESSION PARTIES HAVE BEEN ADVISED OF THE POSSIBILITY OF SUCH DAMAGES.","THE SIGNAL PARTIES WILL NOT BE LIABLE TO YOU FOR ANY LOST PROFITS OR CONSEQUENTIAL, SPECIAL, PUNITIVE, INDIRECT, OR INCIDENTAL DAMAGES RELATING TO, ARISING OUT OF, OR IN ANY WAY IN CONNECTION WITH OUR TERMS, US, OR OUR SERVICES, EVEN IF THE SIGNAL PARTIES HAVE BEEN ADVISED OF THE POSSIBILITY OF SUCH DAMAGES.",0.8772931010805075
validation,"<p>You will indemnify and hold harmless SmartNews and its officers, directors, employee and agents, from and against any claims, disputes, demands, liabilities, damages, losses, and costs and expenses, including, without limitation, reasonable legal and accounting fees arising out of or in any way connected with (i) your access to or use of the Services or Content, or (ii) your violation of these Terms.</p>","You will indemnify and hold harmless Malwarebytes and its officers, directors, employee and agents, from and against any claims, disputes, demands, liabilities, damages, losses, and costs and expenses, including, without limitation, reasonable legal and accounting fees, arising out of or in any way connected with (i) your access to or use of the Services or Content, (ii) your User Content, or (iii) your violation of these Terms.
</p>",0.8768523997181066
validation,"It is Flow’s policy, in appropriate circumstances and at its discretion, to disable or terminate the accounts of users who repeatedly infringe copyrights or intellectual property rights of others.","It is Bytedance’s policy, in appropriate circumstances and at its discretion, to disable or terminate the accounts of users of the Services who repeatedly infringe copyrights or intellectual property rights of others.",0.876723357898009
validation,"The entity providing the Service is Google LLC, a company operating under the laws of Delaware, located at 1600 Amphitheatre Parkway, Mountain View, CA 94043&nbsp;(referred to as “<b>YouTube</b>”, “<b>we</b>”, “<b>us</b>”, or “<b>our</b>”).","<p>The entity providing the Service is Google LLC, a company operating under the laws of Delaware, located at 1600 Amphitheatre Parkway, Mountain View, CA 94043&nbsp;(referred to as “<b>YouTube</b>”, “<b>we</b>”, “<b>us</b>”, or “<b>our</b>”).
References to YouTube’s “Affiliates” in these terms means the other companies within the Alphabet Inc.
corporate group (now or in the future).</p>",0.8766487451967019
validation,您可以通过浏览器或用户选择机制拒绝或管理COOKIES。但请您注意，如果您停用COOKIES，我们有可能无法为您提供最佳的服务体验，某些服务也可能无法正常使用。同时，您仍然将收到广告，只是这些广告与您的相关性会降低。,您可以通过浏览器或用户选择机制拒绝或管理COOKIES或同类技术。但请您注意，如果您停用COOKIES或同类技术，我们有可能无法为您提供最佳的服务体验，某些服务也可能无法正常使用。同时，您仍然将收到广告，只是这些广告与您的相关性会降低。,0.8758829239351521
validation,You must notify 4ocean immediately of any breach of security or unauthorized use of your account.,You must notify Company immediately of any breach of security or unauthorized use of your User Account.,0.8758748575920244
validation,21.1 We are responsible to you for foreseeable loss and damage caused by us.,We are responsible to you for foreseeable loss and damage caused by us.,0.8758397593716446
test,"However, the site and our services are provided on an “as is” and “as available” basis.",ARE PROVIDED ON AN “AS IS” AND “AS AVAILABLE” BASIS.,0.8752208925273905
validation,"In the event that any provision of these Terms is held to be invalid or unenforceable, then that provision will be limited or eliminated to the minimum extent necessary, and the remaining provisions of these Terms will remain in full force and eﬀect. Twitter’s failure to enforce any right or provision of these Terms will not be deemed a waiver of such right or provision.","In the event that any provision of these Terms is held to be invalid or unenforceable, then that provision will be limited or eliminated to the minimum extent necessary, and the remaining provisions of these Terms will remain in full force and effect.",0.8749761412236291
validation,The Owner’s failure to assert any right or provision under these Terms shall not constitute a waiver of any such right or provision.,any failure by us to assert a right or provision under these Terms of Service shall not constitute a waiver of such right or provision.</p>,0.8748946246327634
test,"Last updated:September 1, 2022",Last updated: 16 September 2022,0.8744166499519443
test,"Ce site utilise&nbsp;:</p>
<p> -&nbsp;&nbsp;&nbsp;&nbsp;&nbsp;&nbsp.
des cookies nécessaires au bon fonctionnement du site.","We use more specifically
the following marketing cookies:</p>
<p>-&nbsp;&nbsp;&nbsp;&nbsp;&nbsp;&nbsp.
Criteo</p>
<p>-&nbsp;&nbsp;&nbsp;&nbsp;&nbsp;&nbsp.
OpenX</p>
<p>-&nbsp;&nbsp;&nbsp;&nbsp;&nbsp;&nbsp.
Google Adsense</p>
<p>-&nbsp;&nbsp;&nbsp;&nbsp;&nbsp;&nbsp.
Google Adx</p>
<p>-&nbsp;&nbsp;&nbsp;&nbsp;&nbsp;&nbsp.
Google DFP double click</p>
<p>-&nbsp;&nbsp;&nbsp;&nbsp;&nbsp;&nbsp.
Komoona</p>
<p>&nbsp;</p>
<p>
<b>C.&nbsp.",0.8742987306485854
validation,you must be at least 18 years old,You must be at least 18 years old to use the Site or the Services.,0.8741667275299144
validation,"You can block or delete cookies and still be able to use JS Bin, although if you do you will then be asked for your username and password every time you log in to the Website","You can block or delete cookies and still be able to use Taskade, although if you do you will then be asked for your username and password every time you log in to the Website",0.874064252246228
validation,"THIS SITE AND THE MATERIALS AT THIS SITE AND ANY LINKED SITE ARE PROVIDED “AS IS” AND WITHOUT WARRANTIES OF ANY KIND, EITHER EXPRESS OR IMPLIED.",THE MATERIALS IN THIS SITE ARE PROVIDED “AS IS” AND WITHOUT WARRANTIES OF ANY KIND EITHER EXPRESS OR IMPLIED.,0.8739803743297361
test,HOW WE USE YOUR PERSONAL INFORMATION,HOW YOUR PERSONAL INFORMATION IS USED,0.873927589038219
test,How We Use Your Personal Information,HOW YOUR PERSONAL INFORMATION IS USED,0.873927589038219
validation,"Date of Last Revision: October 14, 2020</p>","Date of Last Revision: October 14, 2020",0.8730641001559504
test,"your use of the Web Site is solely for your personal, noncommercial use.",The Site is provided solely for your personal noncommercial use.,0.8729675889675778
test,"(C) THE RESULTS THAT MAY BE OBTAINED FROM THE USE OF THE SERVICES OR MATERIALS WILL BE EFFECTIVE, ACCURATE OR RELIABLE","THE RESULTS OBTAINED FROM THE USE OF THE SERVICE WILL BE EFFECTIVE, ACCURATE OR RELIABLE",0.8722848867094446
validation,"If you believe in good faith that someone has wrongly filed a notice of copyright infringement against you, the DMCA permits you to send to Kahoot a counter-notice.","If you believe in good faith that a notice of copyright infringement has been wrongly filed against you, the DMCA permits you to send to COMPANY a counter-notice.",0.8722498747128807
test,These terms and conditions are governed by and construed in accordance with the laws of Delaware,These Terms shall be governed and construed in accordance with the laws of the state of Delaware,0.8717212349262223
test,1.5 Using (processing) your personal data,Using (Processing) Your Personal Data,0.8711128695408314
test,"Valve may terminate your Account or a particular Subscription for any conduct or activity that is illegal, constitutes a Cheat, or otherwise negatively affects the enjoyment of Steam by other Subscribers. You acknowledge that Valve is not required to provide you notice before terminating your Subscription(s) and/or Account.","Valve may terminate your Account or a particular Subscription for any conduct or activity that is illegal, constitutes a Cheat, or otherwise negatively affects the enjoyment of Steam by other Subscribers.",0.8708089176530417
test,You and we agree to submit to the personal and exclusive jurisdiction of the courts of England and Wales.,We both agree to the exclusive jurisdiction of the courts of England and Wales.,0.8705391662435148
validation,"To the maximum extent permitted by the mandatory laws in your country of residence, this Agreement, any Additional Terms and any Section 18 Dispute arising out of or in connection with it or its subject matter or formation (including non-contractual disputes), will be governed by, and construed in accordance with, the laws of the California, without regard to its conflicts of law provisions.","To the maximum extent permitted by the mandatory laws in your country of residence, these Terms of Service and any Section 27 Dispute arising out of or in connection with it or its subject matter or formation (including non-contractual disputes), will be governed by, and construed in accordance with, the laws of the U.S.
and the State of New York without regard to its conflicts of law provisions, without regard to its conflicts of law provisions.</p>",0.8704765680138652
test,(iv) THE RESULTS THAT MAY BE OBTAINED FROM YOUR USE OF THE SERVICES WILL BE ACCURATE OR RELIABLE.,(c) THE RESULTS THAT MAY BE OBTAINED FROM THE USE OF THE SERVICE WILL BE ACCURATE OR RELIABLE.,0.8702834831401755
validation,Some of our advertising partners may use cookies and web beacons on our site.,<p>Some of our advertising partners may use cookies and web beacons on our site.,0.870239627364854
test,"(B) THE OPERATION OF THE WEBSITE WILL BE UNINTERRUPTED, TIMELY, SECURE, OR ERROR-FREE.","that our services will be uninterrupted, timely, secure, or error-free.",0.8697858625977813
validation,"<p>We may share all of the information we collect in connection with a substantial corporate transaction, such as the sale of a website, a merger, consolidation, asset sales, or in the unlikely event of bankruptcy.</p>","We may share your information in connection with a substantial corporate transaction, such as the sale of a CBS Service, a merger, consolidation, asset sale, or in the unlikely event of bankruptcy.",0.8693992424439356
test,"By using the Products, you indicate that you accept these Terms and that you agree to abide by them.","By using the Websites, you indicate that you accept these terms of use and that you agree to abide by them.",0.8689037634619521
test,"You agree to (a) immediately notify the Company of any unauthorized use of your password or account or any other breach of security, and","ou agree to (a) immediately notify Do Good Points of any unauthorized use of your password or account or any other breach of security,",0.8682007807032006
validation,"THE SERVICES AND ALL INFORMATION AND CONTENT ARE PROVIDED ON AN ""AS IS"" AND ""AS AVAILABLE"" BASIS","We provide these services on an ""as is"" and ""as available"" basis",0.8678456337001382
validation,"<p>Other than as set out above, you will receive notice when personal information about you might be shared with third parties, and you will have an opportunity to choose not to share the information.","Other than as set out in this Privacy Notice, you will receive notice when personal information about you might be shared with third parties and you will have an opportunity to choose not to share the information.",0.8677867809888042
test,"We reserve the right to refuse service, terminate accounts, remove or edit content, or cancel orders at our sole discretion.</p>","We reserve all rights to terminate accounts, edit or remove content and cancel orders in our sole discretion.</p>
<p>",0.867295944059299
validation,"Last Updated: January 1, 2020","Last updated: January 30, 2020",0.867264434845576
validation,"Class action lawsuits, class-wide arbitrations, private attorney-general actions, and any other proceeding where someone acts in a representative capacity aren’t allowed.","Class action waiver</p>
<p>Where permitted under the applicable law, class action lawsuits, class-wide arbitrations, private attorney-general actions, and any other proceeding where someone acts in a representative capacity are not allowed.",0.8671023365342806
test,How Do We Use Your Personal Data?,How do we collect personal data?,0.8670314077327659
validation,The Website is provided “as is”,The Website is provided “AS IS,0.8669801274001145
test,"We do not support Do Not Track (""DNT"").
Do Not Track is a preference you can set in your web browser to inform websites that you do not want to be tracked.</p>","<p>We support Do Not Track (""DNT"").
Do Not Track is a preference you can set in your web browser to inform websites that you do not want to be tracked.</p>
<p>You can enable or disable Do Not Track by visiting the Preferences or Settings page of your web browser.</p>",0.8667621078659707
validation,"INCLUDING, WITHOUT LIMITATION, IMPLIED WARRANTIES OF MERCHANTABILITY, FITNESS FOR A PARTICULAR PURPOSE OR NON-INFRINGEMENT.","INCLUDING, BUT NOT LIMITED TO, IMPLIED WARRANTIES OF MERCHANTABILITY, TITLE, FITNESS FOR A PARTICULAR PURPOSE, AND NON-INFRINGEMENT.",0.8664403359774678
test,"TO THE FULL EXTENT PERMISSIBLE BY APPLICABLE LAW, GOODREADS DISCLAIMS ALL
WARRANTIES,EXPRESS OR IMPLIED, INCLUDING, BUT NOT LIMITED TO, IMPLIED WARRANTIES
OF MERCHANTABILITY AND FITNESS FOR A PARTICULAR PURPOSE.","TO THE FULLEST EXTENT PERMISSIBLE PURSUANT TO APPLICABLE LAW, THE POSTAL SERVICE DISCLAIMS ALL WARRANTIES , EXPRESS OR IMPLIED, INCLUDING, BUT NOT LIMITED TO, IMPLIED WARRANTIES OF MERCHANTABILITY AND FITNESS FOR A PARTICULAR PURPOSE.",0.866241917166056
validation,"Upon any termination, all rights and licenses granted to you in this Agreement shall immediately terminate, but all provisions hereof which by their nature should survive termination shall survive termination, including, without limitation, warranty disclaimers, indemnity and limitations of liability.</p>","All provisions of the TOS, which by their nature should survive termination, shall survive termination, including, without limitation, warranty disclaimers, indemnity and limitations of liability.</p>",0.8656191437684899
test,"However, Twitch does not recognize or respond to browser-initiated DNT signals.","However, we do not currently recognize or respond to browser-initiated DNT signals.",0.8652431875601062
test,"</p>
<p>You expressly agree that your use of, or inability to use, the service is at your sole risk.
The service and all products and services delivered to you through the service are (except as expressly stated by us) provided ‘as is’ and ‘as available’ for your use, without any representation, warranties or conditions of any kind, either express or implied, including all implied warranties or conditions of merchantability, merchantable quality, fitness for a particular purpose, durability, title, and non-infringement.","The service and all products and services delivered to you through the service are (except as expressly stated by us) provided 'as is' and 'as available' for your use, without any representation, warranties or conditions of any kind, either express or implied, including all implied warranties or conditions of merchantability, merchantable quality, fitness for a particular purpose, durability, title, and non-infringement.",0.86509227387209
validation,What data do we collect?,what information do we collect?,0.8650511129291057
validation,"We reserve the right (but have no obligation) to review any User Content, and to investigate and/or take appropriate action against you if you violate the Acceptable Use Policy or any other provision of these Terms or otherwise create liability for us or any other person – the action we take will be determined by us acting in our sole discretion.","<p>We reserve the right to review any User Content, and to investigate and/or take appropriate action against you in our sole discretion if you violate the Acceptable Use Policy or any other provision of these Terms or otherwise create liability for us or any other person.",0.8647780946815461
test,"OR THAT THE SERVICES WILL BE UNINTERRUPTED, TIMELY, SECURE, FREE OF VIRUSES OR OTHER HARMFUL COMPONENTS OR ERROR FREE,","WILL BE TIMELY, SECURE, ACCURATE, FREE FROM ERRORS OR LOSS, OR UNINTERRUPTED, OR THAT THE SERVICES ARE FREE FROM VIRUSES OR OTHER HARMFUL COMPONENTS",0.864590147343314
test,You must be at least 13 years old to use this service.,You must be at least 16 years old to use this Service,0.8644838816000531
test,"In this case, You understand and agree that GPL will treat Your use of the services as acceptance of the Agreement from that point onwards.",You understand and agree that we will treat your access or use of the Services as acceptance of the Terms from that point onwards.,0.8637076076918676
test,"Unless stated differently for your country in Section 14, we may modify the Terms from time to time. Unless we indicate otherwise, modiﬁcations will be effective as of the date they are posted on this page or any successor page. You should look at the Terms regularly. We will provide notice (in accordance with Section 3(c) above) of material modiﬁcations.","Unless stated differently for your country in Section 14, we may modify the Terms from time to time.
Unless we indicate otherwise, modifications will be effective as of the date they are posted on this page or any successor page.
You should look at the Terms regularly.
We will provide notice (in accordance with Section 3(c) above) of material modifications.</p>",0.8636482463554506
validation,"THE SITE IS PROVIDED ""AS IS"" AND ""AS AVAILABLE""","THE SITE AND SERVICES ARE PROVIDED ON AN ""AS IS"" AND ""AS AVAILABLE"" BASIS.",0.8635011565142549
test,"We also reserve the right to disclose any information as we reasonably believe is necessary to: (a) satisfy any applicable law, regulation, legal process or governmental request.","We also reserve the right to access, read, preserve, and disclose any information as we reasonably believe is necessary to (i) satisfy any applicable law, regulation, legal process or governmental request",0.8633694803113107
test,"Failure to comply with the Terms may result in (i) Your Content being removed and/or (ii) Your Dailymotion Account being deactivated and/or (iii) Your use of the embeddable Dailymotion Video Player being blocked and/or (iv) any elements or data related to Your Content or to Your Dailymotion Account being modiﬁed or removed (i.e. allegedly infringing username, metadata considered inappropriate, etc.) from the Dailymotion Service. In addition, Dailymotion reserves the right to report any violation of these provisions to applicable legal authorities and You may be personally liable to criminal sanctions applicable to the content in question, in addition to any applicable civil damages depending on the contentious nature of the content.","Failure to comply with these Terms may result in (i) Your Content being removed and/or (ii) Your Dailymotion Account being deactivated and/or (iii) your use of the embeddable Dailymotion video player being blocked and/or (iv) any elements or data related to Your Content or to Your Dailymotion Account being modified or removed (i.e. allegedly infringing username, metadata considered inappropriate, etc.)",0.8632247328803995
validation,"You and Dropbox agree that any judicial proceeding to resolve claims relating to these Terms or the Services will be brought in the federal or state courts of San Francisco County, California, subject to the mandatory arbitration provisions below.","You and Dropbox agree that any judicial proceeding to resolve claims relating to these Terms or the Services will be brought in the federal or state courts of San Francisco County, California",0.8631955358194534
test,and you agree to (a) notify Company immediately of any unauthorized use of your password or any other breach of security.,"User agrees to:
- Immediately notify the Company of any unauthorized use of your User password or account or any other breach of security.",0.8628775391608152
validation,We reserve the right to amend these Terms from time to time in our sole discretion.,"We reserve the right to, from time to time, in our sole discretion amend these Terms of Use.",0.8626217868940741
test,"Changes to These Terms <p>We reserve the right, at Our sole discretion, to modify or replace these Terms at any time.
If a revision is material We will make reasonable efforts to provide at least 30 days' notice prior to any new terms taking effect.","We reserve the right, at our sole discretion, to modify or replace these Terms at any time.
If a revision is material we will provide at least 30 days notice prior to any new terms taking effect.",0.8625393155722335
test,"You agree that any dispute or claim relating in any way to your access or use of the Website, to any products sold or distributed through the Website, or to any aspect of your relationship with SpanishDict, will be resolved by binding arbitration, rather than in court, except that (1) you may assert claims in small claims court if your claims qualify,.
and (2) you or SpanishDict may seek equitable relief in court for infringement or other misuse of intellectual property rights (such as trademarks, trade dress, domain names, trade secrets, copyrights, and patents).","You agree that any dispute or claim relating in any way to your access or use of the Sites, to any products sold or distributed through the Sites, or to any aspect of your relationship with Company, will be resolved by binding arbitration, rather than in court, except that (1) you may assert claims in small claims court if your claims qualify.
and (2) you or Company may seek equitable relief in court for infringement or other misuse of intellectual property rights (such as trademarks, trade dress, domain names, trade secrets, copyrights, and patents).</p>",0.8620691621978837
test,"Children Under the Age of 13 <p>The Service is not intended for children under 13 years of age, and we do not knowingly collect personal information from children under 13.
If we learn we have collected or received personal information from a child under 13 without verification of parental consent, we will delete that information.","Our Services are not intended for children under 13 years of age, and we do not knowingly collect Personal Information from children under the age of 13.",0.8619113726508313
validation,"BY INSTALLING, USING OR OTHERWISE ACCESSING THE SERVICE, YOU AGREE TO THESE TERMS OF SERVICE.","BY INSTALLING, USING OR OTHERWISE ACCESSING THE SERVICE, YOU AGREE TO THESE TERMS OF SERVICE AND OUR PRIVACY POLICY.",0.8618134507318876
validation,"<p>Effective date: January 1, 2020","Effective Date: January 1, 2020",0.8617717847319423
test,"We do not warrant that the quality of any products, services, information, or other material purchased or obtained by you will meet your expectations,","(IV) THE QUALITY OF ANY PRODUCTS, SERVICES, INFORMATION, OR OTHER MATERIAL PURCHASED OR OBTAINED BY YOU THROUGH THE SERVICE WILL MEET YOUR EXPECTATIONS",0.8617154207606794
test,The failure of Chegg to exercise or enforce any right or provision of the Terms of Use is not a waiver of such right or provision.,The failure of to exercise or enforce any right or provision of these Terms will not operate as a waiver of such right or provision.,0.8615631499130404
test,"You are responsible for maintaining the confidentiality of your user account login names and passwords, and must not permit use of your account by anyone other than members of your household.&nbsp.
You accept responsibility for all activities, charges, and damages that occur under your account, including use of your account by other members of your household, and unauthorized use of your account.&nbsp.
If you have reason to believe that someone is using your account without your permission, you should contact us immediately.&nbsp.
We are not responsible for any loss or damage resulting from unauthorized use.</p","You are responsible for maintaining the confidentiality of your user account login names and passwords, and must not permit use of your account by anyone other than members of your household.&nbsp;You accept responsibility for all activities, charges, and damages that occur under your account, including use of your account by other members of your household, and unauthorized use of your account.",0.8614932215500688
test,death or personal injury caused by their proven negligence;,For death or personal injury caused by our negligence; 2.,0.8614307282425
test,"YOU AND TWITCH AGREE THAT ANY CAUSE OF ACTION ARISING OUT OF OR RELATED TO THE TWITCH SERVICES MUST COMMENCE WITHIN ONE (1) YEAR AFTER THE CAUSE OF ACTION ACCRUES.
OTHERWISE, SUCH CAUSE OF ACTION IS PERMANENTLY BARRED.</p>","YOU AND YOUTUBE AGREE THAT ANY CAUSE OF ACTION ARISING OUT OF OR RELATED TO THE SERVICES MUST COMMENCE WITHIN ONE (1) YEAR AFTER THE CAUSE OF ACTION ACCRUES.
OTHERWISE, SUCH CAUSE OF ACTION IS PERMANENTLY BARRED.</p>",0.8611911999973
validation,"<p>THE INFORMATION, SOFTWARE, PRODUCTS, SERVICES AND CONTENT AVAILABLE THROUGH THE SERVICES ARE PROVIDED TO YOU “AS IS” AND WITHOUT WARRANTY.","THE INFORMATION, SOFTWARE, PRODUCTS, SERVICES AND CONTENT AVAILABLE THROUGH THE SERVICES ARE PROVIDED TO YOU “AS IS”",0.8605861651399236
validation,"We may, but have no obligation to, monitor, edit or remove content that we determine in our sole discretion are unlawful, offensive, threatening, libelous, defamatory, pornographic, obscene or otherwise objectionable","We may, but have no obligation to, monitor, edit or remove content and comments that we determine in our sole discretion are unlawful, offensive, threatening, libellous, defamatory, pornographic, obscene or otherwise objectionable or violates any party’s intellectual property or these Terms of Service.",0.8603963775165782
test,"You may not export or re-export the Software except as authorized by United States law and the laws of the jurisdiction in which the Software was obtained.&nbsp.
In particular, but without limitation, the Software may not be exported or re-exported (a) into or to a nation or a resident of any U.S.
embargoed countries or (b) to anyone on the U.S.
Treasury Department’s list of Specially Designated Nationals or the U.S.
Department of Commerce Denied Person’s List or Entity List.","You agree to comply with all applicable export and import laws and regulations.
In particular, but without limitation, the Software may not be exported or re-exported (a) into any U.S.
embargoed countries or (b) to anyone on the U.S.
Treasury Department’s list of Specially Designated Nationals or the U.S.
Department of Commerce Denied Person’s List or Entity List.
By using the Software or Service, you represent and warrant that you are not located in any such country or on any such list.",0.8602159145016725
test,"these Terms shall be governed by, construed and enforced in accordance with the laws of the State of New York, as they are applied to agreements entered into and to be performed entirely within New York","To the extent permitted by law, and with the exception of Section 8 (which will be construed in accordance with the FAA and New York law), these Terms shall be governed by, construed and enforced in accordance with the laws of the State of New York, as they are applied to agreements entered into and to be performed entirely within New York.",0.859682928802269
test,"</b> You may not use data mining, robots, screen scraping, or similar data gathering and extraction tools on this site, except with our express written consent as noted below.","You may not use data mining, robots, screen scraping, or similar data gathering and extraction tools on the Services, except with our express written permission.",0.8595311236047349
test,"<p>These Terms shall be governed by the laws of the State of California, without respect to its conflict of laws principles.","These Terms shall be governed by the internal substantive laws of the State of California, without respect to its conflict of laws principles.",0.8593952097810492
validation,"You agree not to defend, indemnify, or hold harmless WindowsLogic Productions, its officers, directors, employees and agents, from and against any claims, liabilities, damages, losses, and expenses, including, without limitation, reasonable legal and expert fees, arising out of or in any way connected with your access to or use of the Services, or your violation of these Terms of Service.</p","You agree to defend, indemnify, and hold harmless the site, its officers, directors, employees and agents, from and against any claims, liabilities, damages, losses, and expenses, including, without limitation, reasonable legal and accounting fees, arising out of or in any way connected with your access to or use of the Services, or your violation of this Agreement.</p>",0.8593898339904714
test,"<p>This Service may contain links to other sites.
If you click on a third-party link, you will be directed to that site.
Note that these external sites are not operated by us.
Therefore, we strongly advise you to review the Privacy Policy of these websites.
We have no control over and assume no responsibility for the content, privacy policies, or practices of any third-party sites or services.</p>","Our Service may contain links to other sites.
If you click on a third-party link, you will be directed to that site.
Note that these external sites are not operated by us.
Therefore, we strongly advise you to review the Privacy Policy of these websites.",0.8585651775843324
test,"if you are a child under 13, please do not attempt to register for the Services or send any personal information about yourself to us.","If you are under 18, please do not attempt to register for the Services or send any Personal Information about yourself to us.",0.8583976426279848
test,"The Website may contain links to third-party websites or resources.
You acknowledge and agree that the Gladly Entities are not responsible or liable for: (i) the availability or accuracy of such websites or resources.
or (ii) the content, products, or services on or available from such websites or resources.
Links to such websites or resources do not imply any endorsement by the Gladly Entities of such websites or resources or the content, products, or services available from such websites or resources.
You acknowledge sole responsibility for and assume all risk arising from your use of any such websites or resources.</p>","<p> The Site, Services or Content may provide links to third-party websites or resources.
You acknowledge and agree that Overwolf is not responsible or liable for the availability or accuracy of such websites or resources or the content, products, or services on or available from such websites or resources.",0.858193721139059
test,Apple shall not be liable to you for any modifications to the Service or terms of service made in accordance with this Section IE.,Apple shall not be liable to you for any modifications to the Service or terms of service in accordance with this Section VIIB.,0.8580226176550552
validation,The Services are provided “as is” without warranties of any kind.,The Service is provided “as is” without warranty of any kind.,0.8578545488702983
test,"In connection with, or during negotiations of, any merger, sale of company assets, consolidation or restructuring, financing, or acquisition of all or a portion of our business by or to another company.","We may share your information in connection with, or during negotiations of, any merger, sale of company assets, financing or acquisition of all or a portion of our business by another company.",0.8577843977437885
test,"Tofugu has the right to suspend or terminate your access to all or any part of the Website at any time, with or without cause, with or without notice, effective immediately.","Pastebin has the right to suspend or terminate your access to all or any part of the Website or the Service at any time, with or without cause, with or without notice, effective immediately.",0.8575549843086383
test,You are 18 years of age or older,You are 18 years of age or older.,0.8569146398978554
validation,"We reserve the right (without obligation) at our sole discretion and without giving you notice, to remove or edit, limit or block access to any content that you upload or submit to Photofeeler without any incurring liability to you.","We reserve the right (without obligation) at our sole discretion and without giving you notice, to remove or edit, limit or block access to any Content that you upload or submit to Badoo without any incurring liability to you. ",0.8567593738150209
validation,"If any portion of these Terms is held to be invalid or unenforceable, the remaining portions will remain in full force and effect.","<li>If any portion of these Terms is found to be unenforceable, the remaining portion will remain in full force and effect.",0.8565053505387338
test,you are 13 years of age or older,you are 13 years of age or older.,0.8561756072238685
validation,"If we cause damage to you and you are a consumer in the EEA, the above does not apply. Instead, Pinterest’s liability will be limited to foreseeable damages arising due to a breach of material contractual obligations typical for this type of contract","Instead, Pinterest’s liability will be limited to foreseeable damages arising due to a breach of material contractual obligations typical for this type of contract.",0.8560677221042887
test,"Any use of the Interactive Areas or other portions of this Website in violation of the foregoing violates the terms of this Agreement and may result in, among other things, termination or suspension of your rights to use the Interactive Areas and/or this Website.","Any use of the Interactive Areas or other aspects of the Services in violation of the foregoing violates the terms of this Agreement and may result in, among other things, termination or suspension of your rights to use the Interactive Areas and/or the Services more generally.",0.8556579268905314
test,"</p>
<p>We may partner with a third party either to display advertising on our site or to manage our advertising on this site and other sites.
Our third party partner may use technologies such as cookies to gather information about your activities on this site and other sites in order to provide you advertising based upon your browsing activities and interests.","</p>
<p>We also partner with third parties and partners to display advertising on our Websites or to manage our advertising on other sites.
Our third-party partners may use cookies or similar technologies in order to provide you advertising based upon your browsing activities and interests.",0.8548478807033397
validation,USE OF YOUR INFORMATION BY THE WALT DISNEY FAMILY OF COMPANIES,<br>USE OF YOUR INFORMATION BY THE WALT DISNEY FAMILY OF COMPANIES,0.8543139763908008
validation,"We never sell your personal information to third parties.</p>
<p>",We never sell your personal information to third parties,0.8541966094927593
validation,Brilliant may also impose limits on certain features and services or restrict User's access to parts or all of the Services without notice or liability.,We may also impose limits on certain features and services or restrict your access to parts or all of the Services without notice or liability.,0.8540805929747753
test,"<p>You agree to defend, indemnify and hold harmless Canva and its subsidiaries, agents, licensors, managers, and other affiliated companies, and their employees, contractors, agents, officers and directors, from and against any and all claims, damages, obligations, losses, liabilities, costs or debt, and expenses (including but not limited to attorney’s fees) arising from: (i) your use of and access to the Service, including any data or content transmitted or received by you.","p>
<p>You agree to defend, indemnify and hold harmless Disqus and its subsidiaries, agents, licensors, managers, and other affiliated companies, and their employees, contractors, agents, officers and directors, from and against any and all claims, damages, obligations, losses, liabilities, costs or debt, and expenses (including but not limited to attorney’s fees) relating to your use of Service or actions taken through the Service, your User Content or any other data or content transmitted or received by you.
or your violation of applicable law, third party proprietary rights or these Terms.&nbsp;</p",0.8536897486117859
validation,"We may change or otherwise modify the Agreement in the future in accordance with the Terms and Conditions herein, and you understand and agree that your continued access or use of this Website after such change signifies your acceptance of the updated or modified Agreement.","We may change or otherwise modify this Agreement in the future in accordance with the terms and conditions herein, and you understand and agree that your continued access or use of the Services after such change signiﬁes your acceptance of the updated or modiﬁed Agreement. ",0.8535699379906208
test,"YOU AND MYFITNESSPAL AGREE TO SUBMIT ANY AND ALL DISPUTES ARISING OUT OF
OR RELATED TO YOUR USE OF THE SERVICE (A “DISPUTE”) TO BINDING
ARBITRATION.",If you are a resident of the United States:Arbitration AgreementYOU AND MYFITNESSPAL AGREE TO SUBMIT ANY AND ALL DISPUTES ARISING OUT OF OR RELATED TO YOUR USE OF THE SERVICE (A “DISPUTE”) TO BINDING ARBITRATION,0.8529973565730885
validation,"Epic may also at its sole discretion limit access to the Services and/or update, transfer, suspend, or terminate the accounts of any users who infringe the intellectual property rights of others, whether or not there is any repeat infringement.","We may also, at our sole discretion, limit access to the Services and/or terminate the accounts of any users who infringe any intellectual property rights of others, whether or not there is any repeat infringement.",0.8528669223408968
test,"If you believe that your work has been copied in a way that constitutes copyright infringement, or that your intellectual property rights have been otherwise violated, you should notify the Company of your infringement claim in accordance with the procedure set forth below.
The Company will process and investigate notices of alleged infringement and will take appropriate actions under the Digital Millennium Copyright Act (“DMCA”) and other applicable intellectual property laws with respect to any alleged or actual infringement.
A notification of claimed copyright infringement should be emailed to the Company’s Copyright Agent at copyright@discord.com (Subject line: “DMCA Takedown Request”).
You may also contact us by mail at: Discord, Attention: DMCA Takedown Request, 444 De Haro Street #200, San Francisco, CA 94107.","If you believe that your work has been copied in a way that constitutes copyright infringement, or that your intellectual property rights have been otherwise violated, you should notify the Company of your infringement claim in accordance with the procedure set forth below.
</p>
<p> The Company will process and investigate notices of alleged infringement and will take appropriate actions under the Digital Millennium Copyright Act (“DMCA”) and other applicable intellectual property laws with respect to any alleged or actual infringement.
A notification of claimed copyright infringement should be emailed to the Company’s Copyright Agent at <strong>legal@airfind.com</strong> (Subject line: “DMCA Takedown Request”).
You may also contact us by mail at: </p>
<p> AirFind Corp <br> 3401 N.
Miami Ave, Suite 230 </p>
<p> Miami, FL 33127",0.8526711096825499
validation,"These Terms of Use and your use of the Site are governed by and construed in accordance with the laws of the State of California applicable to agreements made and to be entirely performed within&nbsp;the State of California, without regard to its conflict of law principles.<br>","These Terms of Use and your use of the Services will be governed by and construed in accordance with the laws of the State of California applicable to agreements made and to be entirely performed within the State of California, without regard to its conflict of law provisions.</p>",0.8525049952942607
test,"you and Epic agree to submit to the exclusive jurisdiction of the Superior Court of Wake County, North Carolina, or, if federal court jurisdiction exists, the United States District Court for the Eastern District of North Carolina. ","Any dispute or claim by you arising out of or related to these Terms shall be governed by North Carolina law, exclusive of its choice of law rules.&nbsp.
For any disputes deemed not subject to binding individual arbitration, as provided in the section immediately below, you and Epic agree to submit to the exclusive jurisdiction of the Superior Court of Wake County, North Carolina, or, if federal court jurisdiction exists, the United States District Court for the Eastern District of North Carolina.",0.8522963912158132
validation,"YOU AND TWITCH AGREE THAT ANY CAUSE OF ACTION ARISING OUT OF OR RELATED TO THE TWITCH SERVICES MUST COMMENCE WITHIN ONE (1) YEAR AFTER THE CAUSE OF ACTION ACCRUES. OTHERWISE, SUCH CAUSE OF ACTION IS PERMANENTLY BARRED.","YOU AND FANDOM AGREE THAT ANY CAUSE OF ACTION ARISING OUT OF OR RELATED TO THE SERVICES MUST COMMENCE WITHIN ONE (1) YEAR AFTER THE CAUSE OF ACTION ACCRUES.
OTHERWISE, SUCH CAUSE OF ACTION IS PERMANENTLY BARRED.",0.8522446827752889
test,You agree to notify PETA immediately if you suspect any unauthorized use of your account or access to your password.,You agree to notify Chegg immediately if you suspect any unauthorized use of your account or access to your password.,0.8521872709102775
validation,"Without limiting the foregoing, if you believe that your work has been copied and posted on or through the Services in a way that constitutes copyright infringement, please provide our Copyright Agent with the following information:","If you believe that your work has been copied in a way that constitutes copyright infringement, please provide OSI's Copyright Agent the following information:",0.8520385636185616
validation,"You agree to defend, indemnify, and hold harmless Epic, its affiliates, and licensors, and their respective officers, directors, employees, contractors, agents, licensors, and suppliers from and against any claims, liabilities, damages, judgments, awards, losses, costs, expenses, or fees (including reasonable attorneys’ fees) resulting from your User Contributions or violation of these Terms.<br>","<p>You shall indemnify and hold harmless From Zero, its affiliates and licensors and their respective officers, directors, employees, contractors, agents, licensors, and suppliers from and against any claims, liabilities, damages, judgments, awards, losses, costs, expenses or fees (including reasonable attorneys’ fees) resulting from your or your end users’ violation of these Terms of Use or your or your end users’ use of Site.",0.8518917379467609
validation,"BY USING EA SERVICES, YOU AGREE TO THESE TERMS.","By using the Services, you agree to the Terms.",0.8518655659462012
test,We may change this Privacy Policy at any time and from time to time.,We may change this Privacy Policy at any time,0.8516362148924288
test,Your continued use of the Services will confirm your acceptance of the revised Terms.,Your continued use of the Services following our provision of any such notice will confirm your acceptance of the revised Terms.,0.8516088415497661
validation,Last updated: 2/5/21,Last Updated:,0.8509782418625967
validation,Last updated: February 2020</p>,"Last Updated: February 28th, 2020</p>",0.8507222947010674
test,"The materials on our platform are provided on an 'as is' basis.
Codeberg makes no warranties, expressed or implied, and hereby disclaims and negates all other warranties including, without limitation, implied warranties or conditions of merchantability, fitness for a particular purpose, or non-infringement of intellectual property or other violation of rights.","KC Online Media, LLC makes no warranties, expressed or implied, and hereby disclaims and negates all other warranties including, without limitation, implied warranties or conditions of merchantability, fitness for a particular purpose, or non-infringement of intellectual property or other violation of rights.</p>",0.8506981115722162
validation,"The exclusive jurisdiction and venue of any IP Protection Action or, if you timely provide Academia.edu with an Arbitration Opt-out Notice, any Dispute other than an individual action brought in small claims court, will be the state and federal courts located in the Northern District of California and each of the parties hereto waives any objection to jurisdiction and venue in such courts.","The exclusive jurisdiction and venue of any IP Protection Action or, if you timely provide Niantic with an Arbitration Opt-out Notice, will be the state and federal courts located in the Northern District of California, and each of the parties hereto waives any objection to jurisdiction and venue in such courts.",0.850494194200423
test,"You agree to protect your user id/password and our system from unauthorized use.
You are responsible for all actions that occur on our servers where the login uses your user id/password.","3.
Accounts <p>You agree to protect your user id/password and our system from unauthorized use and not to publish or share your account with third parties.
You are responsible for all actions that occur on our servers where the login uses your user id/password.<br>",0.8504727217361745
validation,"You will notify us of any known or suspected unauthorized use(s) of your Account, or any known or suspected breach of security, including loss, theft, or unauthorized disclosure of your User Name and password.","Please notify help@nytimes.com of any known or suspected unauthorized use(s) of your account, or any known or suspected breach of security, including loss, theft, or unauthorized disclosure of your password or credit card information.</p>",0.8501359051613867
test,"Audacity reserves the right not to post or publish any User Generated Content, and to delete, remove or edit any User Generated Content, at any time in its sole discretion without notice or liability.","MuseScore reserves the right not to post or publish any User Generated Content, and to delete, remove or edit any User Generated Content, at any time in its sole discretion without notice or liability.",0.849917117566604
test,"#How to access and control the information we've collected
<p>You may submit a request via email to Drew DeVault sir@cmpwn.com to request an
archive of the information we've collected about you, or to request that we
remove any information we've collected about you.</p>","You may submit a request via email to Drew DeVault sir@cmpwn.com to request an
archive of the information we've collected about you",0.8497568305824118
validation,"<br>
<strong>Our Do Not Track Policy: Some websites have “do not track” features that allow you to tell a website not to track you.
These features are not all uniform.
We do not currently respond to those signals.</strong>
<br>","Our Do Not Track Policy:</strong> Some browsers have “do not track” features that allow you to tell a website not to track you.
These features are not all uniform.
We do not currently respond to those signals.</p>",0.8496677114142233
validation,"Last updated on July 2, 2020",last updated on 23 July 2020,0.8493753877486847
validation,You also agree that any claim or dispute between You and Dailymotion shall be decided by a court of competent jurisdiction located in the New York county.,You also agree that any claim or dispute between You and Dailymotion shall be decided by a court of competent jurisdiction located in Paris.,0.8491149636690846
test,"You agree to defend, indemnify, and hold harmless BLOOKET, its affiliates, and licensors, and their respective officers, directors, employees, contractors, agents, licensors, and suppliers from and against any claims, liabilities, damages, judgments, awards, losses, costs, expenses, or fees (including reasonable attorneys’ fees) resulting from your User Contributions or violation of these Terms.","<p>You shall indemnify and hold harmless From Zero, its affiliates and licensors and their respective officers, directors, employees, contractors, agents, licensors, and suppliers from and against any claims, liabilities, damages, judgments, awards, losses, costs, expenses or fees (including reasonable attorneys’ fees) resulting from your or your end users’ violation of these Terms of Use or your or your end users’ use of Site.",0.8487675867128542
validation,"your rights under GDPR are:</p>
<ol>
<li>The right to be informed</li>
<li>The right of access</li>
<li>The right to rectification</li>
<li>The right to erasure</li>","For completeness, your rights under GDPR are:<br>
</p>
<ol>
<li>The right to be informed</li>
<li>The right of access<br>
</li>
<li>The right to rectification<br>
</li>
<li>The right to erasure",0.8485802317469462
test,"WE DO NOT CONTROL, AND ARE NOT RESPONSIBLE FOR, CONTROLLING HOW OR WHEN OUR USERS USE OUR SERVICES.
WE ARE NOT RESPONSIBLE FOR THE ACTIONS OR INFORMATION (INCLUDING CONTENT) OF OUR USERS OR OTHER THIRD PARTIES.","WE DO NOT CONTROL, AND ARE NOT RESPONSIBLE FOR, CONTROLLING HOW OR WHEN OUR USERS USE OUR SERVICES.",0.8485636981382852
test,"Google Analytics, a web analytics service provided by Google Inc.
(""Google"").
Google Analytics uses so-called “cookies"", text files that are stored on your computer and that allow analysis of your use of the website.","This website uses Google Analytics, a web analytics service provided by Google, Inc.
(""Google"").
Google Analytics uses ""cookies"", which are text files placed on your computer, to help the website analyze how users use the site.",0.8485121884376904
test,"UBISOFT may modify the Content for any reason or without any specific reason, at any time, in particular for technical reasons such as updates, maintenance operations and/or resets to improve and/or optimize the Services.","We may modify the Content for any reason, at any time, in particular for technical reasons such as updates, maintenance operations or resets to improve or optimize the Services.",0.8483199536952635
test,"Anonymous cash or Bitcoin payments and donations are also accepted.</p>
<p>",Anonymous cash or Bitcoin payments and donations are accepted however.,0.8483179137628492
test,"TO THE EXTENT PERMITTED BY LAW, NEITHER MALWAREBYTES NOR ANY OTHER PARTY INVOLVED IN CREATING, PRODUCING, OR DELIVERING THE SERVICES OR CONTENT WILL BE LIABLE FOR ANY INCIDENTAL, SPECIAL, EXEMPLARY OR CONSEQUENTIAL DAMAGES, INCLUDING LOST PROFITS, LOSS OF DATA OR GOODWILL, SERVICE INTERRUPTION, COMPUTER DAMAGE OR SYSTEM FAILURE OR THE COST OF SUBSTITUTE SERVICES ARISING OUT OF OR IN CONNECTION WITH THESE TERMS OR FROM THE USE OF OR INABILITY TO USE THE SERVICES OR CONTENT, WHETHER BASED ON WARRANTY, CONTRACT, TORT (INCLUDING NEGLIGENCE), PRODUCT LIABILITY OR ANY OTHER LEGAL THEORY, AND WHETHER OR NOT MALWAREBYTES HAS BEEN INFORMED OF THE POSSIBILITY OF SUCH DAMAGE, EVEN IF A LIMITED REMEDY SET FORTH HEREIN IS FOUND TO HAVE FAILED OF ITS ESSENTIAL PURPOSE.","NEITHER BITCHUTE NOR ANY OTHER PARTY INVOLVED IN CREATING, PRODUCING, OR DELIVERING THE SERVICE OR CONTENT WILL BE LIABLE FOR ANY INCIDENTAL, SPECIAL, EXEMPLARY OR CONSEQUENTIAL DAMAGES, INCLUDING LOST PROFITS, LOSS OF DATA OR GOODWILL, SERVICE INTERRUPTION, COMPUTER DAMAGE OR SYSTEM FAILURE OR THE COST OF SUBSTITUTE SERVICES ARISING OUT OF OR IN CONNECTION WITH THESE TERMS OR FROM THE USE OF OR INABILITY TO USE THE SERVICE OR CONTENT, WHETHER BASED ON WARRANTY, CONTRACT, TORT (INCLUDING NEGLIGENCE), PRODUCT LIABILITY OR ANY OTHER LEGAL THEORY, AND WHETHER OR NOT BITCHUTE HAS BEEN INFORMED OF THE POSSIBILITY OF SUCH DAMAGE, EVEN IF A LIMITED REMEDY SET FORTH HEREIN IS FOUND TO HAVE FAILED OF ITS ESSENTIAL PURPOSE.",0.8480848173520424
test,"a) the Service will function uninterrupted, secure or available at any particular time or location.","WILL BE AVAILABLE, UNINTERRUPTED OR SECURE AT ANY PARTICULAR TIME OR LOCATION.",0.8479055629896106
validation,"By submitting, posting, or displaying Your Content on the Quora Platform, you grant Quora and its affiliated companies a nonexclusive, worldwide, royalty free, fully paid up, transferable, sublicensable (through multiple tiers), license to use, copy, reproduce, process, adapt, modify, create derivative works from, publish, transmit, store, display and distribute, translate, communicate and make available to the public, and otherwise use Your Content in connection with the operation or use of the Quora Platform or the promotion, advertising or marketing of the Quora Platform or our business partners, in any and all media or distribution methods (now known or later developed), including via means of automated distribution, such as through an application programming interface (also known as an “API”). You agree that this license includes the right for Quora to make Your Content available to other companies, organizations, business partners, or individuals who collaborate with Quora for the syndication, broadcast, communication and making available to the public, distribution or publication of Your Content on the Quora Platform or through other media or distribution methods. This license also includes the right for other users of the Quora Platform to use, copy, reproduce, adapt, modify, create derivative works from, publish, transmit, display, and distribute, translate, communicate and make available to the public Your Content, subject to our Terms of Service. ","license to use, copy, reproduce, process, adapt, modify, create derivative works from, publish, transmit, store, display and distribute, translate, communicate and make available to the public, and otherwise use Your Content in connection with the operation or use of the Quora Platform or the promotion, advertising or marketing of the Quora Platform or our business partners, in any and all media or distribution methods (now known or later developed),",0.8478848298532544
test,"It’s important that you review the Terms whenever we modify them because if you continue to use the Services after we have posted modified Terms on the Site, you are indicating to us that you agree to be bound by the modified Terms.
If you don’t agree to be bound by the modified Terms, then you may not use the Services anymore.","It’s important that you review the Terms whenever we modify them, because if you continue to use the Services after we have posted modified Terms on the Site or App, or otherwise communicate them to you, you are indicating to us that you agree to be bound by the modified Terms.",0.8478726231348325
test,"threatening, abusive, harassing,","offensive, threatening, abusive, harassing",0.8478597224818788
test,You agree to immediately notify Leetify of any unauthorized use of your account or any other breach of security known to you.</p>,You agree to immediately notify us of any unauthorized use of your account or any other breach of security known to you.,0.8475669725884062
test,The failure of GetUpside to exercise or enforce any right or provision of these Terms of Service will not constitute a waiver of such right or provision.,Our failure to exercise or enforce any right or provision of these Terms will not constitute a waiver of such right or provision.,0.8475655254812499
validation,"<p> We reserve the right to modify, suspend, or discontinue the service at any time, with or without notice to you.","We reserve the right to modify, suspend, or discontinue the Services (in whole or in part) at any time, with or without notice to you.",0.8475422001251254
test,21.3 We are not liable for business losses.,We are not liable for business losses.,0.8466953051719966
test,Your continued use of the Service will signify your acceptance of the changes.,YOUR CONTINUED USE OF THE SERVICES AFTER THE POSTING OF ANY CHANGES TO THE TERMS OF SERVICE WILL SIGNIFY YOUR ACCEPTANCE OF THOSE CHANGES.,0.8460837578866511
validation,These Terms shall be governed by the laws of the State of California,The laws of the State of California will govern these Terms of Use,0.8458708020265026
test,"To the extent permitted by applicable law, you agree to defend, indemnify and hold harmless YouTube, its Affiliates, officers, directors, employees and agents, from and against any and all claims, damages, obligations, losses, liabilities, costs or debt, and expenses (including but not limited to attorney's fees) arising from: (i) your use of and access to the Service.
(ii) your violation of any term of this Agreement.
(iii) your violation of any third party right, including without limitation any copyright, property, or privacy right.
or (iv) any claim that your Content caused damage to a third party.","To the extent permitted by applicable law, you agree to defend, indemnify and
hold harmless Company and its Affiliates, from and against all claims, damages,
obligations, losses, liabilities, costs, debt, or expenses (including but not
limited to attorneys’ fees) arising from: (a) your use and access of the
service.
(b) your violation of any term of this Agreement.
© your violation
of any third party right, including without limitation any copyright,
trademark, property or privacy right.
(d) any claim that your submitted content
caused damage to a third party.",0.8458015089335624
test,"In order to display relevant ads to you, these third parties may use cookies to collect browsing and activity information on our Website, on other websites, and across different devices, which may be linked with certain offline data they may also collect IP address, device ID, cookie and advertising IDs, and other identifiers, general location information","In order to display relevant ads to you, these third parties may use cookies to collect browsing and activity information on our Website, on other websites, and across different devices, which may be linked with certain offline data",0.8456518870637599
validation,"ANY DISPUTE OR CLAIM RELATING IN ANY WAY TO THE PRODUCTS OR SERVICES OR ANY PART OF THIS AGREEMENT WILL BE RESOLVED BY BINDING ARBITRATION, RATHER THAN IN COURT, EXCEPT THAT YOU MAY ASSERT CLAIMS IN SMALL CLAIMS COURT IF YOUR CLAIMS QUALIFY.","Any and all Claims will be resolved by binding arbitration, rather than in court, except you may assert Claims on an individual basis in small claims court if they qualify.",0.8454687174278537
test,"<p>Character Count Online does not knowingly collect any Personal Identifiable Information from children under the age of 13.
If you think that your child provided this kind of information on our website, we highly encourage you to contact us immediately and we will do our best efforts to promptly remove such information from our records.</p>","Techblogcorner.com does not knowingly collect any Personal Identifiable Information from children under the age of 13.
If you think that your child provided this kind of information on our website, we strongly encourage you to contact us immediately and we will do our best efforts to promptly remove such information from our records.</p>",0.8453404149384871
test,"OUR AGGREGATE LIABILITY RELATING TO, ARISING OUT OF, OR IN ANY WAY IN CONNECTION WITH OUR TERMS, US, OR OUR SERVICES WILL NOT EXCEED ONE HUNDRED","OUR AGGREGATE LIABILITY RELATING TO, ARISING OUT OF, OR IN ANY WAY IN CONNECTION WITH OUR TERMS, US, OR OUR SERVICES WILL NOT EXCEED ONE HUNDRED DOLLARS ($100).",0.8451970070693708
validation,"Any suspected fraudulent, abusive or illegal activity that may be grounds for termination of Your use of the Grindr Services may be referred to appropriate law enforcement authorities.","Any suspected illegal, fraudulent or abusive activity may be grounds for terminating your relationship and may be referred to appropriate law enforcement authorities.",0.8446780404208063
test,"irrevocable, worldwide, and perpetual license","irrevocable, perpetual, worldwide",0.8445919728000183
test,"THAT THE SERVICE WILL BE AVAILABLE AT ANY PARTICULAR TIME OR LOCATION, UNINTERRUPTED, SECURE, OR ERROR FREE.","THAT THE SERVICE WILL BE AVAILABLE AT ANY PARTICULAR TIME OR LOCATION, UNINTERRUPTED, OR SECURE.",0.8445914956333153
validation,"By continuing to access or use the Services on or after the Effective Date of the revised Terms, you agree to be bound by the revised Terms.","By continuing to access or use our Service after the revisions to the Terms
become effective, you agree to be bound by the revised terms.",0.8445287475788873
test,"We specifically disclaim any implied warrannties of title, merchantability, fitness for a particularly purpose and non-infringement.","Specifically, we do not give any implied warranties of title, merchantability, fitness for a particular purpose and/or non-infringement.",0.8444674084791297
test,"We work with a number of business partners who help us offer the Hulu Services, including, for example, our content programmers, distributors and device partners, and corporate owners.
We may share information collected from or about you with such business partners, including email address, Viewing Information, information about the ads you view on Hulu and account or device information (e.g., age, gender, device type, IP address, ZIP code, advertising identifiers).","We may share information collected from or about you with such business partners, including email address, Viewing Information, information about the ads you view on Hulu and account or device information (e.g., age, gender, device type, IP address, ZIP code, advertising identifiers).",0.8444447809813638
test,"You agree that regardless of any statute or law which establishes a different statute of limitations, to the maximum extent permitted under applicable law, any claim or cause of action (including any arbitration) arising out of, related to or connected with the use of the Services, or these Terms, our Privacy Policy, our Terms and Policies, or other Fandango Transactions or Relationships must be filed within one (1) year after such claim or cause of action arose or be forever barred.","(e) <strong>Limited Time to File Claims</strong>.
You agree that regardless of any statute or law which establishes a different statute of limitations, to the maximum extent permitted under applicable law, any claim or cause of action (including any arbitration) arising out of, related to or connected with the use of the Site or other online services, or these Terms of Service, our Privacy Policy, or other NBCUniversal Transactions or Relationships must be filed within one (1) year after such claim or cause of action arose or be forever barred.
</p>",0.844327163275277
test,"The service is provided on an ""as is"" and ""as available"" basis.
The service is provided without warranties of any kind, whether express or implied, including, but not limited to, implied warranties of merchantability, fitness for a particular purpose, non-infringement or course of performance.","ALL MATERIALS AND SERVICES ON THIS SITE ARE PROVIDED ON AN ""AS IS"" AND ""AS AVAILABLE"" BASIS WITHOUT WARRANTY OF ANY KIND, EITHER EXPRESS OR IMPLIED, INCLUDING, BUT NOT LIMITED TO, THE IMPLIED WARRANTIES OF MERCHANTABILITY OR FITNESS FOR A PARTICULAR PURPOSE, OR THE WARRANTY OF NON-INFRINGEMENT",0.8443165847921748
validation,that the Service will meet Users’ requirements.,THAT THE SERVICES WILL MEET YOUR REQUIREMENTS.,0.8443039853138771
validation,"We may revise these Terms from time to time. The changes will not be retroactive, and the most current version of the Terms, which will always be at twitter.com/tos, will govern our relationship with you. Other than for changes addressing new functions or made for legal reasons, we will ","The changes will not be retroactive, and the most current version of the Terms, which will always be at twitter.com/tos, will govern our relationship with you.",0.844247304125842
validation,"LINKEDIN AND ITS AFFILIATES MAKE NO REPRESENTATION OR WARRANTY ABOUT THE SERVICES, INCLUDING ANY REPRESENTATION THAT THE SERVICES WILL BE UNINTERRUPTED OR ERROR-FREE, AND PROVIDE THE SERVICES (INCLUDING CONTENT AND INFORMATION) ON AN “AS IS” AND “AS AVAILABLE” BASIS. ","LINKEDIN AND ITS AFFILIATES MAKE NO REPRESENTATION OR WARRANTY ABOUT THE SERVICES, INCLUDING ANY REPRESENTATION THAT THE SERVICES WILL BE UNINTERRUPTED OR ERROR-FREE,",0.8441234747363869
test,"<li>that is unlawful, harassing, abusive, tortious, threatening","that is unlawful, harassing, abusive, tortious,
threatening, harmful",0.8439871424335693
validation,"Last updated: May 13, 2021</p>","TERMS UPDATED ON MAY 13, 2021</p>",0.8438192166122261
test,"perpetual, irrevocable, fully paid, worldwide license","irrevocable, perpetual, worldwide",0.8436771453892675
test,"You and IMDb each agree that any dispute resolution proceedings will be conducted only on an individual basis and not in a class, consolidated or representative action.
If for any reason a claim proceeds in court rather than in arbitration you and IMDb each waive any right to a jury trial.","<br>We each agree that any dispute resolution proceedings will be conducted only on an individual basis and not in a class, consolidated or representative action.
If for any reason a claim proceeds in court rather than in arbitration we each waive any right to a jury trial.</p>
<p>",0.8432728028592789
test,geolocation data,"geolocation information,",0.8432519296423272
validation,"(v) use manual or automated software, devices, or other processes to “crawl” or “spider” any page of the Site.","You undertake to not use any manual or automated software, devices, or other processes to “crawl” or “spider” any page of the Service Provider.</p>",0.8428031687404738
validation,"To the fullest extent permitted by applicable law, Twitch reserves the right, without notice and in our sole discretion, to terminate your license to use the Twitch Services (including to post User Content) and to block or prevent your future access to and use of the Twitch Services, including ","To the fullest extent permitted by applicable law, Twitch reserves the right, without notice and in our sole discretion, to terminate your license to use the Twitch Services (including to post User Content), and to block or prevent your future access to and use of the Twitch Services, including where we reasonably consider that: (a) your use of the Twitch Services violates these Terms of Service or applicable law; (b) you fraudulently use or misuse the Twitch Services; or (c) we are unable to continue providing the Twitch Services to you due to technical or legitimate business reasons.",0.8422930413355483
test,"If any provision of these Terms is found by a court of competent jurisdiction to be invalid, you and Fivestars nevertheless agree that the court should endeavor to give effect to Fivestars’ intentions as reflected in the provision, and the other provisions of these Terms remain in full force and effect.","If any provision of these Terms is found by a court of competent jurisdiction to be invalid, the parties nevertheless agree that the court should endeavor to give effect to the parties' intentions as reflected in the provision, and the other provisions of these Terms remain in full force and effect.",0.8420629338349256
validation,"Finally, you irrevocably waive, and cause to be waived, against Fandango and its users any claims and assertions of moral rights or attribution with respect to your User Materials.","Finally, you irrevocably waive, and cause to be waived, against Yelp and its users any claims and assertions of moral rights or attribution with respect to Your Content.",0.8413659498094339
validation,International Users <p>Information you provide may be transferred or accessed by entities around the world as described in this Privacy Policy.,<p>All the information you provide may be transferred or accessed by entities around the world as described in this Privacy Policy.,0.841357623615447
validation,"and may terminate your access to the Services, without prior notice and at its sole discretion","We may terminate your access to and use of the Services, at our sole discretion, at any time and without notice",0.8406542974961401
validation,<p>We do not sell your personal information.,We do not sell personal information.,0.8404995002980571
validation,"These Terms shall be governed and construed in accordance with the laws of Malaysia, without regard to its conflict of law provisions.",These Terms shall be governed and construed in accordance with the laws of India without regard to its conflict of law provisions.</p>,0.8401758882649097
validation,"You must be at least 13 years old to use our Services.
The minimum age to use our Services without parental approval may be higher in your country of residence.</","You must be at least 13 years old to use our Services.
The minimum age to use our Services without parental approval may be higher in your home country.</p>",0.8400494554275558
validation,"<p>You are solely responsible for maintaining the confidentiality of your account and password, for restricting access to your mobile phone, and for all activities that occur under your account or password.","You are solely responsible for maintaining the confidentiality of your account and password, and you agree to accept responsibility for all activities that occur under your account or password.",0.8399561235302634
test,"Personally identifiable information may include, but is not limited to:</p>
<p>(a) Email address</p>
<p>
<b>Usage Data</b>
</p>
<p>We may also collect information that your browser sends whenever you visit our Service or when you access Service by or through a mobile device (“<b>Usage Data</b>”).</p>
<p>This Usage Data may include information such as your computer's Internet Protocol address (e.g.
IP address), browser type, browser version, the pages of our Service that you visit, the time and date of your visit, the time spent on those pages, and other diagnostic data.</p>
<p>When you access Service with a mobile device, this Usage Data may include information such as the type of mobile device you use, the IP address of your mobile device, your mobile operating system, the type of mobile Internet browser you use, unique device identifiers and other diagnostic data.</p>
<p>At all times you can opt out of all such usage data collection simply by going into Settings in Service and disabling Telemetry.</p>","<p>Usage Data is collected automatically when using the Service.</p>
<p>Usage Data may include information such as Your Device's Internet Protocol address (e.g.
IP address), browser type, browser version, the pages of our Service that You visit, the time and date of Your visit, the time spent on those pages, unique device identifiers and other diagnostic data.</p>
<p>When You access the Service by or through a mobile device, We may collect certain information automatically, including, but not limited to, the type of mobile device You use, Your mobile device unique ID, the IP address of Your mobile device, Your mobile operating system, the type of mobile Internet browser You use, unique device identifiers and other diagnostic data.</p>
<p>We may also collect information that Your browser sends whenever You visit our Service or when You access the Service by or through a mobile device.</p>",0.8399478206586515
validation,"5.
¿Para qué tratamos tus datos?</p>
<p>",<li>¿Para qué tratamos tus datos?,0.8398503430235267
test,"Your use of the OSI service is at your sole risk.
OSI service is provided on an ""as is"" and ""as available"" basis.","Your use of the Service is at your sole risk.
The Service is provided on an ""AS IS"" and ""AS AVAILABLE"" basis.",0.8394142833818274
validation,You agree to immediately notify Xandr of any unauthorized use of your password or account or any other breach of security.,You will immediately notify us of any unauthorized use of your password or Privacy Account or any other breach of security.,0.8389829971406083
validation,We reserve the right at our sole discretion to terminate or suspend any Account,We reserve the right to suspend or terminate your access to the Service at any time in our sole discretion.,0.8386591087572304
validation,"device IP address,",IP address of your device,0.8381928063425091
test,"Please note that when you use third-party services, their own terms and privacy policies will govern your use of those services.</p>
</li>","When you use third-party services, their terms and privacy policies govern your use of those services.",0.8379848553432141
test,"You agree that the Company, in its sole discretion, may suspend or terminate your account (or any part thereof) or use of the Service and remove and discard any content within the Service, for any reason, including, without limitation, for lack of use or if the Company believes that you have violated or acted inconsistently with the letter or spirit of these Terms of Service.","You agree that Gfycat, in its sole discretion, may suspend or terminate your account (or any part thereof) or use of the Service and remove and discard any content within the Service, for any reason, including, without limitation, for lack of use or if Gfycat believes that you have violated or acted inconsistently with the letter or spirit of these Terms of Service.",0.837045180334556
test,"<p>If this server is in the EU or the EEA: Our site, products and services are all directed to people who are at least 16 years old.
If you are under the age of 16, per the requirements of the GDPR (General Data Protection Regulation) do not use this site.</p>
<p>If this server is in the USA: Our site, products and services are all directed to people who are at least 13 years old.
If you are under the age of 13, per the requirements of COPPA (Children's Online Privacy Protection Act) do not use this site.","Our site, products and services are all directed to people who are at least 16 years old.
If you are under the age of 16, per the requirements of the GDPR (General Data Protection Regulation) do not use this site.</",0.8364919734206443
test,"Our Services are provided for your personal, non-commercial use only.","The Service is provided to you only for your personal, non-commercial use.",0.83635236279412
test,"Mostrar información editorial o comercial específicamente diseñada para el perfil inferido en función del uso de los Servicios AS por parte del Usuario, tanto en servicios propios como en servicios de terceros, pertenecientes a cualquiera de los Sectores, con los que Diario AS llegue a acuerdos.
Dicho perfil también podrá ser inferido en función de la localización geográfica del dispositivo o terminal desde que utiliza los Servicios AS.
no obstante, siempre se le solicitará una autorización previa y específica para poder tratar dicha información.","Mostrar información editorial o comercial específicamente diseñada para el perfil inferido en función del uso de los Servicios AS por parte del Usuario, tanto en servicios propios como en servicios de terceros, pertenecientes a cualquiera de los Sectores, con los que Diario AS llegue a acuerdos.",0.8360289416097302
test,"The Service may provide, or third parties may provide, links to other
World Wide Web sites or resources.
Because InfinityFree has no control
over such sites and resources, you acknowledge and agree that
InfinityFree is not responsible for the availability of such external
sites or resources, and does not endorse and is not responsible or
liable for any Content, advertising, products or other materials on or
available from such sites or resources.","The Service may provide, or third parties may provide, links to other World Wide Web sites or resources.
Because Chess.com has no control over such sites and resources, you acknowledge and agree that Chess.com is not responsible for the availability of such external sites or resources, and does not endorse and is not responsible or liable for any Content, advertising, products or other materials on or available from such sites or resources.",0.8357791834352752
validation,"pornographic,",pornographic,0.8356108922567576
test,You will have the ability to opt-out of our marketing and promotional communications,You will have the ability to opt-out of our marketing and promotional communications as described in the “Opt out of marketing communications”,0.8351383718357912
validation,"To the fullest extent permitted by applicable law, you will indemnify, defend, and hold harmless FaceApp and each of our respective officers, directors, agents, partners and employees (individually and collectively, the “FaceApp Parties”) from and against any loss, liability, claim, demand, damages, expenses or costs (“Claims”) arising out of or related to (a) your access to or use of our Services.
(b) your User Content or Feedback.
(c) your violation of this Agreement.
(d) your violation, misappropriation or infringement of any rights of another (including intellectual property rights or privacy rights).
or (e) your conduct in connection with our Services.","<p>To the fullest extent permitted by applicable law, you will indemnify, defend, and hold harmless Waymo and its affiliates, and each of their respective officers, directors, agents, partners and employees (individually and collectively, the “Waymo Parties”) from and against any loss, liability, claim, demand, damages, expenses or costs (""Claims"") arising out of or related to (a) your access to or use of our Services.
(b) your User Content or Feedback.
(c) your violation of these Terms.
(d) your violation, misappropriation or infringement of any rights of another (including intellectual property rights or privacy rights).
and (e) your conduct in connection with our Services.",0.835112878803854
validation,"Use or attempt to gain unauthorised access to or use another’s account, password, data, or computer systems or networks connected to the matrix.org homeserver, whether through malicious attacks, password mining or any other means.</p>","Use or attempt to gain unauthorised access to or use another's account, password,
data, or computer systems or networks connected to the Service, whether
through malicious attacks, password mining or any other means.",0.8345634342421178
validation,"SERVICES ARE PROVIDED ""AS IS""","THE SITES ARE PROVIDED ""AS IS""",0.8345439786250525
validation,"These Terms are governed by and will be construed under the laws of the State of California, without regard to the conflicts of laws provisions thereof, unless prohibited by law.","These Terms are governed by and will be construed under the laws of the State of California, without regard to the conflicts of laws’ provisions thereof.",0.8345406065026149
test,"</li>
<li>If you have reason to believe that your Content has been copied and/or is accessible on the Service in a way that constitutes copyright infringement, or that the Service contains links or other references to another site, application, destination or service that contains Content or activity that infringes your copyright rights, you may notify us by providing a document via fax, first class U.S.
mail, or e-mail that includes the following information (as required by the Online Copyright Infringement Liability Limitation Act of the Digital Millennium Copyright Act, 17 U.S.C.
sec.
512) to our copyright agent set forth below:<ol>","If you believe that your work has been copied and is accessible through the Service in a way that constitutes copyright infringement, or that the Service contains a link or other reference to another online location that contains materials or activity that infringes on your copyright rights, you may notify Crain Communications Inc.
by providing the information required by the Online Copyright Infringement Liability Limitation Act of the Digital Millennium Copyright Act, 17 U.S.C.
§ 512 to the following address:</p>",0.834503896401247
validation,"<p>Do Not Track: Do Not Track (""DNT"") is an optional browser setting that allows you to express your preferences regarding tracking by advertisers and other third-parties.
We do not respond to DNT signals.</p>","</p>
<p>Do Not Track (DNT) is an optional browser setting that allows you to express your preferences regarding tracking by advertisers and other third-parties.
&nbsp;We do not respond to DNT signals.</p>",0.8341140509543186
test,"Last updated: 22th November, 2021","Last updated: November 12, 2021",0.8327840366383712
validation,"<p>ADHD Boss may&nbsp;use third-party advertising companies to serve ads when you visit our Web site.
These companies may use cookies or web beacons to collect non-personally identifiable information (not including your name, address, email address or telephone number) about your visits to this and other Web sites in order to provide advertisements on this site and other sites about goods and services that may be of interest to you.","We use third-party advertising companies to serve ads when you visit our Web site.
These companies may use aggregated information (not including your name, address, email address or telephone number) about your visits to this and other Web sites in order to provide advertisements about goods and services of interest to you.",0.8323120616041711
validation,"If User has a dispute with one or more users of the Service, User shall and hereby does release Brilliant (and its officers, directors, agents, subsidiaries, joint ventures and employees) from claims, demands and damages (actual and consequential) of every kind and nature, known and unknown, arising out of or in any way connected with such disputes.","If you have a dispute with one or more Users, you release us (and our officers, directors, agents, subsidiaries, successors, joint ventures and employees) from claims, demands and damages (actual and consequential) of every kind and nature, known and unknown, arising out of or in any way connected with such disputes, including damages for loss of profits, goodwill, use , privacy or data.",0.8320265901044173
test,"You are responsible for safeguarding the password and you agree not to disclose your password to any third party.
You agree that you shall be solely responsible for any activities or actions under your password, whether or not you have authorized such activities or actions.","You are responsible for safeguarding the password that you use to access the Service and for any activities or actions under your password,",0.8318607697716257
test,"YOU UNDERSTAND AND AGREE THAT, BY ENTERING INTO THESE TERMS, YOU AND INSPIRE ARE EACH WAIVING THE RIGHT TO A TRIAL BY JURY OR TO PARTICIPATE IN A CLASS ACTION.","YOU AGREE THAT, BY ENTERING INTO THESE TERMS, YOU AND US ARE EACH WAIVING THE RIGHT TO A TRIAL BY JURY OR TO PARTICIPATE IN A CLASS ACTION.</p>",0.8313903545793953
validation,we will make reasonable efforts to notify you at least 30 days prior to termination via the email address you provide to us with instructions on how to retrieve your Content,"If we terminate the Terms or your use of the Service(s) or Software for reasons other than for cause, we will make reasonable efforts to notify you at least 30 days prior to termination via the email address you provide to us with instructions on how to retrieve your Content.",0.8313598850470764
validation,"The service will be uninterrupted, timely, secure, error-free, or data-loss free</li>","or that it will be uninterrupted, timely, secure, or error-free,",0.8311691296786473
validation,"You are responsible for maintaining the confidentiality of your account and password, including but not limited to the restriction of access to your computer and/or account.","You are responsible for maintaining the confidentiality of your account and password, including but not limited to the restriction of access to your computer and/or account.
You agree to accept responsibility for any and all activities or actions that occur under your account and/or password, whether your password is with our Service or a third-party service.",0.830857057491765
test,"We may suspend or terminate your rights to use the Sites (including your Account) at any time for any reason at our sole discretion, including for any use of the Sites in violation of these Terms.","We may suspend or terminate your rights to use the Site (including your Account and all associated User Data) at any time for any reason at our sole discretion, including for any use of the Site in violation of these Terms.",0.8307014386575063
test,"Member also agrees that in case of the multiple use of your account or Member’s failure to maintain the security of your account, Alibaba.com shall not be liable for any loss or damages arising from such a breach and shall have the right to suspend or terminate Member’s account without liability to Member.",Alibaba.com shall not be liable for any loss or damages arising from such a breach and shall have the right to suspend or terminate Member’s account without liability to the Member,0.8304899227162105
validation,"Your information, including Personal Data, may be transferred to – and maintained on – computers located outside of your state, province, country or other governmental jurisdiction where the data protection laws may differ from those of your jurisdiction","Your information, including Personal Data, may be transferred to — and maintained on — computers located outside of your state, province, country or other governmental jurisdiction where the data protection laws may differ than those from your jurisdiction.</p>
<p>If you are located outside United States and choose to provide information to us, please note that we transfer the data, including Personal Data, to United States and process it there.</p>",0.8304372854237089
validation,"(IV) ANY INTERRUPTION OR CESSATION OF TRANSMISSION TO OR FROM OUR WEBSITE,",Any interruption or cessation of transmission to or from the Service.,0.8302953795683168
test,Use the Services for any illegal purpose,You may not (a) use any Service for any illegal purpose,0.8300971053776343
test,"You and Neeva agree that the U.S.
Federal Arbitration Act governs the interpretation and enforcement of these Terms, and that you and Neeva are each waiving the right to a trial by jury or to participate in a class action.","You agree that, by agreeing to these Terms of Service, the U.S. Federal Arbitration Act governs the interpretation and enforcement of this provision, and that you and Pinterest are each waiving the right to a trial by jury or to participate in a class action.",0.829947329657155
test,You are responsible for keeping your device and your Signal account safe and secure.,You are responsible for keeping your device and your UD account safe,0.8297458800332207
validation,"events data including: (i) Internet Protocol (""IP"") address,","Internet Protocol (""IP"") address",0.8294745462937483
validation,"For others outside of Designated Countries, including those who live outside of the United States: You and LinkedIn agree that the laws of the State of California, U.S.A., excluding its conflict of laws rules, shall exclusively govern any dispute relating to this Contract and/or the Services.","For others outside of Designated Countries, including those who live outside of the United States: You and LinkedIn agree that the laws of the State of California, U.S.A., excluding its conflict of laws rules, shall exclusively govern any dispute relating to this Contract and/or the Services. You and LinkedIn both agree that all claims and disputes can be litigated only in the federal or state courts in Santa Clara County, California, USA, and you and LinkedIn each agree to personal jurisdiction in those courts",0.8293831511206167
validation,"1.
What information is collected?",WHAT DATA IS COLLECTED?,0.829339598540407
test,"The material displayed on our site is provided without any guarantees, conditions or warranties as to its accuracy and is provided on an ""as is"" basis.","The material displayed on the App is provided without any guarantees, conditions or warranties as to its accuracy. ",0.8292415574083446
test,You agree to arbitrate and waive jury trial and class actions.,and waive jury trial and class actions.,0.829176949680628
test,Nothing in these Terms shall limit or exclude our liability for:,Nothing in the Terms limits or excludes our liability for:,0.8284625884702853
test,"We also collect certain identifiers that are unique to you or your device, including device identifiers",unique device identifiers,0.8282771823693836
test,"WordArt.com does not warrant or make any representations concerning the accuracy, likely results, or reliability of the use of the materials on its Internet web site or otherwise relating to such materials or on any sites linked to this site.</p>","Further, Miraheze does not warrant or make any representations concerning the accuracy, likely results, or reliability of the use of the materials on its Internet web site or otherwise relating to such materials or on any sites linked to this site.",0.8277916457975315
test,"Users can terminate their account and stop using the Service at any time by doing the following:</p>
<ul>
<li>By directly contacting the Owner at the contact details provided in this document.","<p>Users can terminate their account and stop using the Service at any time by doing the following:</p>
<ul>
<li>By using the tools provided for account termination on Yuka.</li>
</ul>
<ul>
<li>By directly contacting the Owner at the contact details provided in this document.</li>",0.827780529896758
validation,"You can chose to disable or selectively turn off our cookies or third-party cookies in your browser settings, or by managing preferences in programs such as Norton Internet Security.
However, this can affect how you are able to interact with our site as well as other websites.
This could include the inability to login to services or programs, such as logging into forums or accounts.</p>","You can chose to disable or selectively turn off cookies or third-party cookies in your browser settings, or by managing preferences in third party Internet security programs.
however, this can affect how you are able to interact with our site as well as many other websites.
This could include the inability to login or store your preferences.",0.8276496491433744
validation,"You understand that it is your responsibility to keep your VeePN account information confidential.
You are responsible for all activity under your account.","<p>You understand that it is your responsibility to keep your ExpressVPN account information confidential.
You are responsible for all activity under your account.",0.8275259413394501
test,"Rovio reserves the right at its sole discretion to review, monitor, prohibit, edit, delete, disable access to or otherwise make unavailable any content made available by users of the Service without notice for any reason or for no reason at any time.","Supercell reserves the right in its sole discretion to review, monitor, prohibit, edit, delete, disable access to or otherwise make unavailable any User Content (including without limitation your User Content) without notice for any reason or for no reason at any time.",0.8274338652654005
test,We will not be liable if for any reason all or any part of the Website is unavailable at any time or for any period.,"We will not be liable if, for any reason, our Site or our Service is unavailable at any time or for any period.",0.8273477271215983
test,"e Foundation may terminate your access to all or any part of the Website at any time, with or without cause, with or without notice, effective immediately","<p>We may terminate your access to all or any part of our Services at any time, with or without cause, with or without notice, effective immediately.",0.827067785060462
test,"agree to indemnify and hold Provider and its owners, affiliates, and/or licensors, harmless to the fullest extent allowed by law regarding all matters related to your use of the Website","and agree to indemnify and hold MetaCafe, its owners, affiliates, employees, agents and/or licensors, harmless to the fullest extent allowed by law regarding all matters related to your use of the Web Site.",0.826835912231424
validation,"NO WARRANTIES OF ANY KIND: ROBOFORM IS PROVIDED ""AS IS"" WITHOUT WARRANTY OF ANY KIND, EITHER EXPRESS OR IMPLIED, INCLUDING, BUT NOT LIMITED TO, THE IMPLIED WARRANTIES OF MERCHANTABILITY AND FITNESS FOR A PARTICULAR PURPOSE.","THE CONTENT IS PROVIDED WITHOUT WARRANTIES OF ANY KIND, EITHER EXPRESS OR IMPLIED, INCLUDING, BUT NOT LIMITED TO, IMPLIED WARRANTIES OF MERCHANTABILITY, FITNESS FOR A PARTICULAR PURPOSE, OR NONINFRINGEMENT.",0.8266948096171793
test,"You may use the Sites and Services for your personal, non-commercial use only.","These Terms of Service permit you to use the Website for your personal, non-commercial use only.",0.8261772300592223
test,"In case of breach of any one of these agreements 23andMe may suspend or terminate your account and refuse any and all current or future use of the Services (or any portion thereof) and you will defend and indemnify 23andMe and its affiliates against any liability, costs, or damages arising out of your breach of the TOS.","In case of breach of any one of these promises 23andMe may suspend or terminate your account and refuse any and all current or future use of the Services (or any portion thereof) and you will reimburse 23andMe and its affiliates against any liability, costs, or damages suffered by 23andMe and its affiliates arising out of the breach of the promises.",0.826017515497937
validation,"transferable, sublicensable (through multiple tiers),",sublicensable (through multiple tiers),0.8256768643157539
test,"This Agreement shall be governed by and construed under the laws of the State of California, U.S.A.","governed by the laws of the state of California, U.S.A.",0.8255781031385176
test,We do not collect any personally identifiable information or store any cookies.,We do not store personally identifiable information,0.8250569901056796
test,"<p>If you’re a copyright owner, are authorized to act on behalf of one, or authorized to act under any exclusive right under copyright, please report alleged copyright infringements taking place on or through the Sites by submitting a notice that contains all of the following:","</p>
<p>If you are a copyright owner, or are authorized to act on behalf of one, or authorized to act under any exclusive right under copyright, please report alleged copyright infringements taking place on or through the App by completing the following DMCA Notice of Alleged Infringement and delivering it to SmartNews’s Designated Copyright Agent.",0.8247011081423141
validation,"You have the right to request from us access to and rectification or erasure of your personal data,",You have the right to request from us access to and rectification or erasure of Personal Data or restriction of processing,0.8246178893429628
test,The invalidity of any provision of these Terms shall not affect the validity of the remaining provisions.,"the invalidity of such provision shall not affect the validity of the remaining provisions of these Terms &amp.
Conditions, which shall remain in full force and effect.",0.8241921399137655
validation,"THE TRIPADVISOR MEDIA GROUP COMPANIES ARE NOT LIABLE FOR THE ACTS, ERRORS, OMISSIONS, REPRESENTATIONS, WARRANTIES, BREACHES OR NEGLIGENCE OF ANY SUCH SUPPLIERS OR FOR ANY PERSONAL INJURIES, DEATH, PROPERTY DAMAGE, OR OTHER DAMAGES OR EXPENSES RESULTING THEREFROM.","The Expedia Companies and the Expedia Partners are not liable for the acts, errors, omissions, representations, warranties, breaches or negligence of any such suppliers or for any personal injuries, death, property damage, or other damages or expenses resulting there from.",0.8237229276318108
validation,"You understand and agree that the Service is provided to you on an ""AS IS"" WITHOUT REPRESENTATION OR WARRANTY, WHETHER IT IS EXPRESS, IMPLIED, OR STATUTORY.","THE SERVICES ARE PROVIDED “AS IS” WITHOUT REPRESENTATION OR WARRANTY, WHETHER IT IS EXPRESS, IMPLIED, OR STATUTORY.",0.8236347957140506
test,"If Strava makes changes to this Privacy Policy, the updated Privacy Policy will be posted on the Services in a timely manner and, if we make material changes, we will provide a prominent notice","Please review it occasionally.
If LingQ makes changes to this Privacy Policy, the updated Privacy Policy will be posted on the Services in a timely manner and, if we make material changes, we will provide a prominent notice.",0.82348659506099
test,"Subject to this overall provision above, Dailymotion shall not be liable for: (a) any indirect or consequential losses which may be incurred by You.
This shall include.
(i) any loss of profit (whether incurred directly or indirectly).
(ii) any loss of goodwill or business reputation.
(iii) any loss of opportunity.
or (iv) any loss of data suffered.
(b) any loss or damage which may be incurred as a result of: (i) any reliance placed by You on the completeness, accuracy or existence of any advertising, or as a result of any relationship or transaction between You and any advertiser or sponsor whose advertising appears on the Dailymotion Service.","This shall include; (i) any loss of profit (whether incurred directly or indirectly); (ii) any loss of goodwill or business reputation; (iii) any loss of opportunity; or (iv) any loss of data suffered by you; B.any loss or damage which may be incurred by you as a result of: i.any reliance placed by you on the completeness, accuracy or existence of any advertising, or as a result of any relationship or transaction between you and any advertiser or sponsor whose advertising appears on the Service; ii.",0.8228933270096209
test,"we have service providers, operations and group companies in several geographical locations.
As such, we and our service providers may transfer your personal data to, or process it in, jurisdictions outside the European Economic Area or the User’s domicile.","We store the Users’ personal data primarily within the European Economic Area.
However, we have service providers in several geographical locations.
As such, we and our service providers may transfer personal data to, or access it in, jurisdictions outside the European Economic Area or the User’s domicile.",0.8227974318597008
validation,WordPress.org will not rent or sell potentially personally-identifying and personally-identifying information to anyone.,TopLogger.nu will not rent or sell potentially personally-identifying and personally-identifying information to anyone.,0.8226128203032014
test,"You agree that regardless of any statute or law to the contrary or the applicable dispute resolution process, any claim or cause of action you may have arising out of or related to use of the Service or otherwise under these must be filed within one (1) year after such claim or cause of action arose or you hereby agree to be forever barred from bringing such claim.","You agree that regardless of any statute or law to the contrary, any claim or cause of action arising out of or related to use of the Service or these Terms must be filed within one (1) year after such claim or cause of action arose or be forever barred.",0.8225770128661352
validation,"WE AND ALL OUR AFFILIATES ARE NOT LIABLE FOR ANY INDIRECT, SPECIAL, INCIDENTAL, OR CONSEQUENTIAL DAMAGES (INCLUDING DAMAGES FOR LOSS OF BUSINESS, LOSS OF PROFITS, LITIGATION, OR THE LIKE), WHETHER BASED ON BREACH OF CONTRACT, BREACH OF WARRANTY, TORT (INCLUDING NEGLIGENCE), PRODUCT LIABILITY, OR OTHERWISE, EVEN IF ADVISED OF THE POSSIBILITY OF SUCH DAMAGES.","WE, AS WELL AS ALL OF OUR AFFILIATES, ARE NOT LIABLE FOR ANY INDIRECT, SPECIAL, INCIDENTAL OR CONSEQUENTIAL DAMAGES (INCLUDING DAMAGES FOR LOSS OF INCOME, BUSINESS, PROFITS, LITIGATION, OR THE LIKE), WHETHER BASED ON BREACH OF AGREEMENT, BREACH OF WARRANTY, TORT (INCLUDING NEGLIGENCE), PRODUCT LIABILITY OR OTHERWISE, EVEN IF ADVISED OF THE POSSIBILITY OF SUCH DAMAGES.
THE NEGATION AND LIMITATION OF DAMAGES SET FORTH ABOVE ARE FUNDAMENTAL ELEMENTS OF THE BASIS OF THE BARGAIN BETWEEN YOU AND HACKEN OÜ.</p>",0.8225426591466497
test,"You and Couchsurfing also agree that the state or federal courts in San Francisco County, California have exclusive jurisdiction over any appeals of an arbitration award and over any suit between the parties not subject to arbitration.","and that the state or federal courts in Santa Clara County, California have exclusive jurisdiction over any appeals of an arbitration award and over any suit between the parties not subject to arbitration",0.8224941722501988
validation,"<p>Last update April 5, 2019</p>","<p>Last Updated: April 17, 2019</p>
<p>",0.8221684321484373
validation,"(v) upload, post, email or otherwise transmit any unsolicited or unauthorized advertising, promotional materials, “junk mail,” “spam,” “chain letters,” or “pyramid schemes”.","<b>Upload, post, email, transmit or otherwise make available any unsolicited or unauthorized advertising, promotional materials, “junk mail,” “spam,” “chain letters,” “pyramid schemes,” “affiliate links,” or any other form of solicitation.",0.8217350967473231
validation,"This Agreement shall be governed by the internal substantive laws of the State of New York, without respect to its conflict of laws principles.","These Terms shall be governed by the internal substantive laws of the State of California, without respect to its conflict of laws principles.",0.8217003699148377
validation,We reserve the right to change this Privacy Policy at any time without notice to you.,We may change this Privacy Policy from time to time with or without notice to you.,0.8216769956754411
test,"</p>
<ol>
<li>We DON'T share your data.</li>
<li>","</p>
<ol>
<li>We DON'T share your data",0.8214895882588298
test,Last Updated Date: 1/7/19,Last update: May,0.8213836895996005
test,"to use, reproduce, make available to the public (e.g.
perform or display), publish, translate, modify, create derivative works from, and distribute any of your User Content in connection with the Service through any medium, whether alone or in combination with other Content or materials, in any manner and by any means, method or technology, whether now known or hereafter created.","and distribute any of your User Content you have made available to the public in connection with the Service through any medium, whether alone or in combination with other content or materials, in any manner and by any means, method or technology, whether now known or hereafter created.",0.8213543540893695
validation,"We reserve the right, at our discretion, to update or revise these Terms of Use at any time.
Please check the Terms of Use periodically for changes.
Your continued use of the Materials following the posting of any changes to the Terms of Use constitutes acceptance of those changes.","It is your responsibility to check the Terms of Use periodically for changes.
Your continued use of the Service following the posting of any changes to the Terms of Use constitutes acceptance of those changes.</p>",0.8213094986656184
validation,"send unsolicited communications, promotions or advertisements, or spam.","send unsolicited communications, promotions or advertisements, or spam;</li>",0.8211806856942958
validation,"in any media now known or hereafter developed,","in all formats, on or through any means or medium now known or hereafter developed, and with any technology or devices now known or hereafter developed",0.8210783368670818
test,Your continued use of the Site following the posting of such changes or modifications constitutes your acceptance thereof.,Your continued use of our Services following the posting of changes or modifications will constitute your acceptance of such changes or modifications.,0.8208781775296113
test,The Services are for your personal and noncommercial use.,You may only access and use the Website for your personal and noncommercial use.,0.8205442695041992
validation,Any dispute arising from this Agreement shall be governed by the laws of the State of California without regard to its conflict of law provisions.,These Terms of Service will be governed by the laws of the State of California without regard to its conflict of law provisions.,0.820537585971254
test,"You are expected to check this page from time to time to take notice of any changes we make, as they are binding on you.","Please check this page from time to time to take notice of any changes we make, as they are binding on you from the time they are posted.",0.8204895449439457
validation,"STRAVA AND ITS SUBSIDIARIES, AFFILIATES, OFFICERS, EMPLOYEES, AGENTS, PARTNERS AND LICENSORS MAKE NO WARRANTY THAT: (a) THE SERVICE WILL MEET YOUR REQUIREMENTS.
(b) YOUR CONTENT WILL BE AVAILABLE OR THE SERVICE WILL BE UNINTERRUPTED, TIMELY, SECURE OR ERROR-FREE.","2.
INFINITYFREE AND ITS SUBSIDIARIES, AFFILIATES, OFFICERS, EMPLOYEES,
AGENTS, PARTNERS AND LICENSORS MAKE NO WARRANTY THAT (i) THE SERVICE
WILL MEET YOUR REQUIREMENTS.
(ii) THE SERVICE WILL BE UNINTERRUPTED,
TIMELY, SECURE OR ERROR-FREE.",0.8202521415655288
validation,11.2 Any claim or cause of action arising out of or related to use of the Services or these Terms of Services must be filed within one year after such claim or cause of action arose or be forever barred.,"You agree that any claim or cause of action that you have arising out of or related to use of any services provided on our Site or these Terms of Use must be filed within one (1) year after such claim or cause of action arose or be forever barred.<br>
<br>",0.8201830700425071
validation,"If any provision of the Terms is found by a statute, regulation or court of competent jurisdiction to be invalid or unenforceable, you nevertheless agree that the court should endeavor to give effect to the intentions of GT Booster and you as reflected in the provision, and that such provision shall be deemed severable and the other provisions of the Terms shall remain in full force and effect.<br>","If any provision of these Terms is found by a court of competent jurisdiction to be invalid, the parties nevertheless agree that the court should endeavor to give effect to the parties' intentions as reflected in the provision, and the other provisions of these Terms shall remain in full force and effect.</p>",0.8195861958277069
test,You waive any and all moral rights that you may have in the Content.,You hereby waive any moral rights you may have in your User Content.,0.8194363605443968
validation,"<p>Except to the extent applicable law provides otherwise, this Agreement between you and Stingle Photos and any access to or use of the Website or the Service are governed by the federal laws of the United States of America and the laws of the State of Delaware, without regard to conflict of law provisions.","Except to the extent applicable law provides otherwise, this Agreement between you and GitHub and any access to or use of the Website or the Service are governed by the federal laws of the United States of America and the laws of the State of California, without regard to conflict of law provisions.",0.8189825318258777
test,"Engage in any chain letters, contests, junk e-mail, pyramid schemes, spamming, surveys or any other duplicative or unsolicited messages (commercial or otherwise).","Use the Service in connection with surveys, contests, pyramid schemes, multi-level marketing schemes, chain letters, junk email, spamming or any duplicative or unsolicited messages (commercial or otherwise).",0.8189725407810668
test,Cookies set by Newegg are first-party cookies.,These cookies are set by us and called first-party cookies.,0.8187509821824819
test,"If any provision of these Terms of Service is found invalid or unenforceable for any reason, it will not affect the validity and enforceability of any remaining provisions.<br>","Should any provision in these Terms be found invalid or unenforceable for any reason, then that provision shall be deemed severable from these Terms and shall not affect the validity or enforceability of the remaining provisions.",0.8185812896931816
validation,"You have the right to <b>opt-out of marketing communications</b> we send you at any time.
You can exercise this right by clicking on the ""unsubscribe"" or ""opt-out"" link in the marketing emails we send you.
To opt-out of other forms of marketing, please get in touch with us by emailing support@arvancloud.com.","You have the right to opt-out of marketing communications we send you at any time.
You can exercise this right by clicking on the ""unsubscribe"" or ""opt-out"" link in the marketing emails we send you.",0.8185381184469365
test,"Upon termination of these terms of use, any provision which, by its nature or express terms should survive, will survive such termination or expiration.</p>","Upon termination of these Terms of Service, any provision which, by its nature or express terms should survive, will survive such termination or expiration, including, but not limited to, Sections 7, 8, 11, 12, and 15-17.</p>",0.8185172454023094
validation,"In addition, the Collections are provided to you on an as-is and as-available basis.
You agree that your use of the Site and the Collections is at your sole risk.","THE SITE IS PROVIDED ON AN AS-IS AND AS-AVAILABLE BASIS.
YOU AGREE THAT YOUR USE OF THE SITE AND OUR SERVICES WILL BE AT YOUR SOLE RISK.",0.8184770631783121
validation,"your use of the Member Services must be only for personal, non-commercial use.","The Services are for personal, non-commercial use.",0.8184640575547079
validation,the referring and exit websites,referring and exit pages,0.818171172947871
test,"We may choose to buy or sell assets, and may share and/or transfer customer information in connection with the evaluation of and entry into such transactions.
Also, if we (or our assets) are acquired, or if we go out of business, enter bankruptcy, or go through some other change of control, Personal Data could be one of the assets transferred to or acquired by a third party.</p>","Also, if we (or our assets) are acquired, or if we go out of business, enter bankruptcy, or go through some other change of control, information could be one of the assets transferred to or acquired by a third party.",0.8177435953856894
test,Last Updated: 16 August 2019,"Cookies Last updated: August, 2019",0.8176675621848237
validation,"Modify, ban or terminate the Services for any reason, without notice, at any time, and without liability to you.","We reserve the right to modify or terminate the Service or your access to the Service for any reason, without notice, at any time, and without liability to you.",0.8175851593142003
validation,"We also reserve the right to modify or update the operation of the Services at our sole discretion, at any time, for any reason, and without notice or liability.
We may even suspend the Services entirely, in which event we will notify you in advance unless extenuating circumstances, such as safety or security concerns, prevent us from doing so.</p>","We may even suspend the Services entirely, in which event we will notify you in advance unless extenuating circumstances, such as safety or security concerns, prevent us from doing so.",0.8174152279801423
test,UNIDAD EDITORIAL se reserva la facultad de decidir la divulgación o publicación de los contenidos enviados por el Usuario.</p>,UNIDAD EDITORIAL se reserva la facultad de decidir sobre la divulgación o publicación de los Contenidos Generados.</p>,0.8171891641297342
test,"This Log Data includes information such as your IP address, browser type, operating system, the referring web page,","browser type, operating system, the referring web page,",0.8168307405661661
validation,"If your claim is for $10,000 or less, we agree that you may choose whether the arbitration will be conducted solely on the basis of documents submitted to the arbitrator, through a telephonic hearing, or by an in-person hearing as established by the AAA Rules.","Any arbitration hearing will take place at an agreed upon location in San Francisco, California, but if the claim is for $10,000 or less, you may choose whether the arbitration will be conducted: (a) solely on the basis of documents submitted to the arbitrator; (b) through a telephone hearing or (c) by an in-person hearing as established by the AAA Rules in the county of your billing address.",0.8166494030710956
test,"Terms and Conditions
<p>Last updated: January 14, 2021","<p>Last Updated: January 1, 2021",0.8165309667211812
test,"you are responsible for maintaining the confidentiality of passwords associated with any account you use to access the Services.
Accordingly, you will be solely responsible to RTN for all activities that occur under your account","You are responsible for maintaining the confidentiality of any login information associated with any account you use to access our Services and Resources.
Accordingly, you are responsible for all activities that occur under your account/s.",0.8163925884568823
test,Last updated 05 March 2021,Last updated: 1 March 2021,0.8163522410142537
test,(D) THAT DEFECTS IN THE OPERATION OR FUNCTIONALITY OF ANY SOFTWARE PROVIDED TO YOU AS PART OF THE SERVICES WILL BE CORRECTED.,AND (e) ANY DEFECTS IN THE OPERATION OR FUNCTIONALITY OF THE SERVICE OR RELATED SOFTWARE WILL BE CORRECTED.,0.8158539391172706
test,"We reserve the right, at our discretion, to change, modify, add, or remove portions of this Privacy Policy at any time","We reserve the right, at our discretion, to change, modify, add, or remove portions of these terms and conditions of use at any time.",0.8158342161008131
test,"When you receive newsletters or promotional communications from us, you may “opt-out” by following the unsubscribe instructions provided in e-mails you receive from us or by contacting us directly at the contact information below.</p>","If you receive newsletters or promotional communications from us, you may indicate a preference to stop receiving further communications from us and you have the ability to “opt-out” by following the unsubscribe instructions provided in the e-mail you receive, or by contacting us directly (please see Contact Us below).",0.8158246723328159
test,"You acknowledge that such transfers may occur, and that any acquirer of us or our assets may continue to use your Personal Information as set forth in this policy.","You acknowledge that such transfers may occur, and that any acquirer of PrintFriendly may continue to use your personal information as set forth in this policy.",0.8156059559047482
test,"TO THE FULLEST EXTENT PERMITTED BY LAW, WE DISCLAIM ALL WARRANTIES, EXPRESS OR IMPLIED, IN CONNECTION WITH THE SITE AND YOUR USE THEREOF, INCLUDING, WITHOUT LIMITATION, THE IMPLIED WARRANTIES OF MERCHANTABILITY, FITNESS FOR A PARTICULAR PURPOSE, AND NON-INFRINGEMENT.","To the fullest extent permitted by law, IMI excludes all warranties, including but not limited to the implied warranties of merchantability, fitness for a particular purpose, and non-infringement.",0.815187393816947
test,the IP address of Your mobile device,"We also collect information such as the type of mobile device you use, your mobile device unique ID, the IP address of your mobile device",0.8150303519360332
validation,"Company reserves the right to (i) remove, edit or modify any Content in its sole discretion, including without limitation any User Submissions, from the Site or Service at any time, without notice to you and for any reason (including, but not limited to, upon receipt of claims or allegations from third parties or authorities relating to such Content or if Company is concerned that you may have violated these Terms of Use), or for no reason at all","We reserve the right to, but do not have any obligation to, (i) remove, edit or modify any Content in our sole discretion, at any time, without notice to you and for any reason (including, but not limited to, upon receipt of claims or allegations from third parties or authorities relating to such Content or if we are concerned that you may have violated these Terms of Service), or for no reason at all and (ii) to remove or block any Content from the Website.",0.8149792614911139
validation,"<b>9.
How we use and process your Personal Data",HOW WE PROCESS YOUR PERSONAL DATA,0.8147058665747786
test,You agree to immediately notify us of any unauthorized use of your Account or any other breach of security related to your Account or the Platform.,You agree to immediately notify us of any unauthorized use of your account or any other breach of security known to you.,0.814662186730535
validation,"PrintFriendly discloses potentially personally-identifying and personally-identifying information only to those of its employees, contractors and affiliated organizations that (i) need to know that information in order to process it on PrintFriendly behalf or to provide services available at PrintFriendly's websites","Other than to its employees, contractors and affiliated organizations, as described above, PrintFriendly discloses potentially personally-identifying and personally-identifying information only in response to a subpoena, court order or other governmental request, or when PrintFriendly believes in good faith that disclosure is reasonably necessary to protect the property or rights of PrintFriendly, third parties or the public at large.",0.8144917395204379
validation,WHO CAN SEE YOUR INFORMATION:<p>Our staff,WHO CAN SEE YOUR INFORMATION:<p>Our staff or the staff of third party service providers may process your information on our behalf.,0.8144034537311021
validation,We don't sell your personal information,We don't sell your personal data.,0.8143232875613876
test,"Because the College Board has no control over such sites and resources, you acknowledge and agree that the College Board is not responsible for the availability of such external sites or resources, and does not endorse and is not responsible or liable for any content, advertising, products, or other materials on or available from such websites or resources.","LINKS
<p>We or others related to the Service may provide links to other websites or resources.
Because We have no control over such websites and resources, You acknowledge and agree that We are not responsible for the availability of such external websites or resources, and do not endorse and are not responsible or liable for any content, advertising, products, or other materials on or available from such websites or resources.",0.8142113287028868
test,"For clarity, you retain all of your ownership rights in your User Submissions.",You retain ownership of all of your User Submissions.,0.8140701818031424
test,"If you use this website from a jurisdiction other than Afghanistan, you agree that you do so of your own initiative, and you are responsible for complying with local laws as applicable to such use.","MOBY is based Afghanistan and this website is hosted in Afghanistan.
&nbsp;If you use this website from a jurisdiction other than Afghanistan, you agree that you do so of your own initiative, and you are responsible for complying with local laws as applicable to such use.",0.8137201991757526
test,"We store aggregate statistics about use of the websites and services we host indefinitely, but those statistics do not include data identifiable to you personally.</p>","We store aggregate statistics about use of the websites and services we host indefinitely,",0.8135170479158733
test,"To make this Privacy Policy easier to understand, we have provided summaries in these gray boxes.
These summaries are not part of the official policy.
Even though we have provided summaries, it is important for you to read the entire policy carefully.","To make it easier to understand, we have provided summaries and tips in these gray boxes.
These summaries are not part of the official terms, and it is important for you to read the language in each section carefully.",0.8133947441869137
test,Cookies and Web Beacons,web beacons,0.8130397975339102
test,Your continued use of the Service following the posting of such updated version constitutes your acceptance of any changes to the Terms of Use.,Your continued use of or access to our website or the Service following the posting of any updates to these Terms of Service constitutes acceptance of any and all changes.,0.8128614943327368
test,"This Agreement shall be governed in all respects by the laws of the State of California as they apply to agreements entered into and to be performed entirely within California between California residents, without regard to conflict of law provisions.","If you are a resident of the United States or Canada, these Terms and the relationship between you and Evernote (including any dispute) shall be governed in all respects by the laws of the State of California, United States of America, as they apply to agreements entered into and to be performed entirely within California between California residents, without regard to its conflict of law provisions.",0.8123969670144933
validation,"This website (www.paulschroer.nl) can be used completely anonymously, is free of advertising and tracking and does not collect, use, or share any location data.",<br>This website (www.paulschroer.nl) can be used completely anonymously and is free of advertising and tracking,0.8123329050747917
validation,Viber has the right to terminate your rights under our Service without notice,"Where permissible under the law, Viber has the right to terminate your rights under our Service without notice.",0.8122987504987036
test,"You agree to immediately notify Company of any unauthorized use, or suspected unauthorized use of your Account or any other breach of security.",You will notify us of any unauthorized use or breach in security of your Account immediately after you learn of such unauthorized access or use,0.8122479314250639
validation,Tumblr may also impose limits on certain Services or aspects of those Services or restrict your access to parts or all of the Services without notice or liability.,We may also impose limits on certain Services or restrict your access to part or all of the Services without notice or liability.,0.8111063509245505
validation,"we grant You a personal, limited, non-exclusive, revocable and non-transferable license to use the Website solely for Your personal and non-commercial purposes","Subject to these terms, you are granted a personal, non-exclusive, non-transferable and revocable license to use the online services solely for your own personal, non-commercial purposes and solely in accordance with these terms.",0.8108881888153527
validation,"</p>3.
HOW WE USE THE INFORMATION WE COLLECT<p>",The Information We Collect<p>,0.8108111883000794
validation,"GFYCAT MAKES NO WARRANTY THAT (I) THE SERVICE WILL MEET YOUR REQUIREMENTS, (II) THE SERVICE WILL BE UNINTERRUPTED, TIMELY, SECURE, OR ERROR-FREE,","FILEFACTORY.COM MAKES NO WARRANTY THAT (I) THE SERVICE WILL MEET YOUR REQUIREMENTS, (II) THE SERVICE WILL BE UNINTERRUPTED, TIMELY, SECURE, OR ERROR-FREE,",0.8102761604453902
test,"Last revised: September 19, 2019","Last updated: September 19, 2019",0.8102243108055166
test,"Whilst we use our best endeavours to take all necessary steps to ensure the security of our site (including having in place an SSL Certificate), we will not be liable for any loss or damage caused by a virus, distributed denial-of-service attack, or other technologically harmful material that may infect your computer equipment, computer programs, data or other proprietary material due to your use of our site or to your downloading of any content on it, or on any website linked to it.","We will not be liable for any loss or damage caused by a distributed denial-of-service attack, viruses or other technologically harmful material that may infect your computer equipment, computer programs, data or other proprietary material due to your use of our site or to your downloading of any material posted on it, or on any website linked to it.</p>",0.8101083785165603
validation,"privacywall.org does not warrant or make any representations concerning the accuracy, likely results, or reliability of the use of the materials on its Internet web site or otherwise relating to such materials or on any sites linked to this site.","Further, Miraheze does not warrant or make any representations concerning the accuracy, likely results, or reliability of the use of the materials on its Internet web site or otherwise relating to such materials or on any sites linked to this site.",0.8098513601645063
validation,We have a policy of limiting access to our Services and terminating the accounts of users who repeatedly infringe the intellectual property copyright rights of others upon prompt notification to us by the copyright owner or the copyright owner’s legal agent.,It is our policy to terminate privileges of any user who repeatedly infringes the copyright rights of others upon receipt of proper notification to us by the copyright owner or the copyright owner’s legal agent.,0.8095831605639281
test,"<p>Getty Images collects certain kinds of information, such as the website that referred you to us","Getty Images collects certain kinds of information, such as the website that referred you to us, your IP address",0.8095546808031034
validation,"Runtastic reserves the right to discontinue one or more Runtastic Product. We might discontinue Runtastic Products if this is necessary to comply with changes in legislation, technical and/or safety requirements or to reﬂect changes in our company and product strategy and to respond to the market and competitive situation. All users shall be given reasonable prior notice of the discontinuation of a Runtastic Product. ","Runtastic reserves the right to change options or features - including Premium Features - in the Runtastic Products. In most cases Runtastic makes changes to the Runtastic Products to enhance or improve them. We might also make modiﬁcations if such are necessary to comply with changes in legislation, technical and/or safety requirements or to reﬂect changes in our company and product strategy and to respond to the market and competitive situation.",0.8094569530885835
test,"OsmAnd B.V.
has no control over, and assumes no responsibility for, the content, privacy policies, or practices of any third party web sites or services.","We have no control over, and assume no responsibility for, the content,
privacy policies, or practices of any third party web sites or services.",0.8093076254669512
test,"<li>is patently offensive and promotes racism, bigotry, hatred or physical harm of any kind against any class or individual","promotes racism, bigotry, hatred, or physical harm of
any kind against any group or individual",0.8092871498384512
validation,You are responsible for maintaining the security of your Account.,"If you have an account on the products, you are responsible for maintaining the security of your account",0.8089774311833396
test,<p>Please note that we do not alter our Site's data collection and use practices when we see a Do Not Track signal from your browser.,Please note that we do not alter our Service’s data collection and use practices when we see a Do Not Track signal from your browser.,0.8084730381622696
test,"in the amounts, necessary to ensure cooperation between the Company and its partners or service providers.","Certain parts of non-personalized data can be shared with the partners of the Company in the amounts, necessary to ensure cooperation between the Company and its partners or service providers.",0.8084552009453191
test,"Tumblr may change, suspend, or discontinue any or all of the Services at any time, including the availability of any product, feature, database, or Content (as defined below).","We may change, suspend, or discontinue any or all of the Services at any time, including the availability of any product, feature, database, or Content.",0.8082581806472547
validation,If we make any material changes we will notify you by email (sent to the e-mail address specified in your account) or by means of a notice on the Websites prior to the change becoming effective.,"We may update this Privacy Policy to reflect changes to our information practices.
If we make any material changes, then we will notify you by email (sent to the email address specified in your account) or by means of a notice on this website prior to the change becoming effective",0.8081486505583032
validation,ø death or personal injury resulting from our negligence;,For death or personal injury caused by our negligence; 2.,0.8080519075413849
validation,Your continued use of the Services following the posting of revised Terms means that you accept and agree to the changes.,Your continued use of the Site following the posting of changes will mean that you accept and agree to the changes.,0.8080426999133878
validation,"These other resources are not under our control, and you acknowledge that we are not responsible or liable for the content, functions, accuracy, legality, appropriateness or any other aspect of such websites or resources.","You acknowledge that GoFundMe is not responsible or liable for the content, functions, accuracy, legality, appropriateness or any other aspect of such Third Party Resources.",0.8077102885158252
test,"Vivino shall not be liable for any failure to perform its obligations hereunder where such failure results from any cause beyond Vivino's reasonable control, including, without limitation, mechanical, electronic or communications failure or degradation (including ""line-noise"" interference).","Foursquare shall not be liable for any failure to perform its obligations hereunder where such failure results from any cause beyond Foursquare's reasonable control, including, without limitation, mechanical, electronic or communications failure or degradation (including ""line-noise"" interference).",0.807704675333655
test,"Your access to and use of the Products or any Content are at your own risk.
You understand and agree that the Products are provided to you on an “AS IS” and “AS AVAILABLE” basis.","YOUR ACCESS TO AND USE OF THE SERVICE IS AT YOUR OWN RISK.
YOU UNDERSTAND AND AGREE THAT THE SERVICE IS PROVIDED TO YOU ON AN “AS IS” AND “AS AVAILABLE” BASIS.",0.8076416523719555
validation,You must notify wikiHow immediately of any breach of security or unauthorized use of your account.,You must notify Company immediately of any breach of security or unauthorized use of your User Account.,0.8076413422441084
test,"This Websites is offered and available to users who are 13 years of age
or older.",THE SERVICE IS OFFERED AND MADE AVAILABLE ONLY TO USERS 13 YEARS OF AGE OR OLDER.,0.8076236360849404
test,"If you are not subject to the “Special Arbitration Provision for United States or Canada Users” section below, you agree that you will resolve any Claim you have with us relating to, arising out of, or in any way in connection with our Terms, us, or our Services (each, a “Dispute,” and together, “Disputes”) exclusively in the United States District Court for the Northern District of California or a state court located in San Mateo County in California, and you agree to submit to the personal jurisdiction of such courts for the purpose of litigating all such Disputes.","If you are not subject to that provision, you agree that you will resolve any Claim you have with us relating to, arising out of, or in any way in connection with our Terms and Policies, us, or our Services (each, a ""Dispute"" and together, ""Disputes"") exclusively in the United States District Court for the Northern District of California or a state court located in Santa Clara County in California, and you agree to submit to the personal jurisdiction of such courts for the purpose of litigating all such Disputes.",0.8073541580325352
validation,"At this time, we do not respond to web browser ""do not track"" signals.","The WebMD Sites do not respond to web browser ""do not track"" signals.",0.8073302439435858
validation,"Upon any termination, discontinuation or cancellation of Services or your Account, all provisions of these Terms which by their nature should survive will survive, including, without limitation, ownership provisions, warranty disclaimers, limitations of liability, and dispute resolution provisions.","All provisions of the Terms of Use which by their nature should survive termination shall survive termination, including, without limitation, ownership provisions, warranty disclaimers, indemnity and limitations of liability.",0.8065865202333099
test,"Some jurisdictions may not allow the exclusion of certain warranties or the exclusion/limitation of liability as set forth in Section 14, so the limitations above may not apply to you.","SOME JURISDICTIONS DO NOT ALLOW THE EXCLUSION OR LIMITATION OF LIABILITY, SO THE ABOVE LIMITATIONS MAY NOT APPLY TO YOU.",0.8062912804254839
test,"non-refundable,",all payments are non-refundable,0.805979751622968
test,"<p>All matters relating to the Website and these Terms of Service and any dispute or claim arising therefrom or related thereto (in each case, including non-contractual disputes or claims), shall be governed by and construed in accordance with the internal laws of the State of Utah without giving effect to any choice or conflict of law provision or rule.</p>","<p>All matters relating to the Services and these Terms of Use and any dispute or claim arising therefrom or related thereto (in each case, including non-contractual disputes or claims), shall be governed by and construed in accordance with the internal laws of the State of Texas of the United States of America without giving effect to any choice or conflict of law provision or rule (whether of the State of Texas or any other jurisdiction).</p>
<",0.8058751099150033
validation,"Under no circumstances will we be liable for your Content or the content of any third party, including, but not limited to, for any errors or omissions in your Content, or for any loss or damage of any kind incurred as a result of the use of any Content posted, transmitted or otherwise made available via the Service.","Under no circumstances will Yahoo be liable in any way for any Content, including, but not limited to, any errors or omissions in any Content, or any loss or damage of any kind incurred as a result of the use of any Content posted, emailed, transmitted or otherwise made available via the Yahoo Services.",0.8058029163967756
test,"Any questions, comments, suggestions, ideas, original or creative materials or other information you submit about Selfie2Anime or our products or Services (collectively, “Feedback”), is non-confidential and will become the sole property of Selfie2Anime.
We will own exclusive rights, including, without limitation, all intellectual property rights, in and to Feedback and will be entitled to the unrestricted use and dissemination of Feedback for any purpose, commercial or otherwise, without acknowledgment or compensation to you.
</li>","Any questions, comments, suggestions, ideas, original or creative materials or other information you submit about the Company or our products or Services (collectively, <strong>“Feedback”</strong>), is non-confidential and will become the sole property of the Company.
We will own exclusive rights, including, without limitation, all intellectual property rights, in and to Feedback and will be entitled to the unrestricted use and dissemination of Feedback for any purpose, commercial or otherwise, without acknowledgment or compensation to you.</p>",0.8057644989773858
test,<p>You retain all ownership rights in your Content.,You retain ownership of your User Content.,0.8054114160557482
validation,"If any provision in this Agreement is found to be unenforceable, then that provision will not affect the enforceability of the remaining provisions of the Agreement, which will remain in full force and effect.</li>","In the event that any provision of this Agreement is held to be invalid or unenforceable, the remaining provisions of this Agreement remain in full force and affect.</p>",0.8052671977548869
validation,When we have asked and received your permission to share it.,"When do we share your information with others?
<ul>
<li>When we have asked and received your permission to share it.",0.8052509244928039
test,We reserve the right to modify or amend the terms of our privacy policy from time to time without notice.,We may modify this Privacy Policy from time to time without notice.,0.8051839839404873
validation,"We reserve the right to modify and update these Terms at our sole discretion, at any time, for any reason, and without liability.</p>","We also reserve the right to modify or update the operation of the Services at our sole discretion, at any time, for any reason, and without notice or liability.",0.8050452737955461
test,"The laws of California, U.S.A., excluding California's conflict of laws rules, will apply to any disputes arising out of or relating to these Terms.","The laws of the State of California, excluding California’s conflict of laws rules, will apply to any disputes arising out of or relating to these terms or the Prezi Services.",0.8050295219693624
validation,You are at least 13 years old.,You are under 13 years old.,0.8045050160055963
test,"we work with a number of analytics partners, including Google Analytics",including Google Analytics,0.8043765892684784
validation,"If you pay for an annual plan, you will be automatically renewed for another year on your renewal date.
If you do not wish to renew your plan, please provide us notice of your intention.</strong>
</p>
<p>No refunds shall be provided.","If you pay for an annual plan, you will be automatically renewed for another year on your renewal date.",0.804133522171051
validation,WHAT PERSONAL INFORMATION DO WE COLLECT FROM YOU,Personal information we collect,0.8040424768685698
test,"<li>involves the transmission of unsolicited mass mailings or other forms of spam, junk mail, chain letters, or similar.","<li>involves the transmission of junk mail, chain letters, unsolicited mass mailings or instant messages, or spam;",0.8039646268887586
validation,all fees for the Services are non-refundable.,"Except as set forth in the Agreement, all fees for the Services are non-refundable.",0.8038009781569764
test,"UNDER NO CIRCUMSTANCES AND UNDER NO LEGAL THEORY (INCLUDING, WITHOUT LIMITATION, TORT, CONTRACT, STRICT LIABILITY, OR OTHERWISE) SHALL ANY OF THE SOLOLEARN PARTIES BE LIABLE TO YOU OR TO ANY OTHER PERSON FOR (A) ANY INDIRECT, SPECIAL, INCIDENTAL, PUNITIVE OR CONSEQUENTIAL DAMAGES OF ANY KIND, INCLUDING DAMAGES FOR LOST PROFITS, BUSINESS INTERRUPTION, LOSS OF DATA, LOSS OF GOODWILL, WORK STOPPAGE, ACCURACY OF RESULTS, OR COMPUTER FAILURE OR MALFUNCTION, (B) ANY AMOUNT, IN THE AGGREGATE, IN EXCESS OF ONE-HUNDRED ($100) DOLLARS, OR (C) ANY MATTER BEYOND OUR REASONABLE CONTROL.","TO THE FULLEST EXTENT ALLOWED BY APPLICABLE LAW, UNDER NO CIRCUMSTANCES AND UNDER NO LEGAL THEORY (INCLUDING, WITHOUT LIMITATION, TORT, CONTRACT, STRICT LIABILITY, OR OTHERWISE) SHALL ANY OF THE GUILDED PARTIES BE LIABLE TO YOU OR TO ANY OTHER PERSON FOR (A) ANY INDIRECT, SPECIAL, INCIDENTAL, PUNITIVE OR CONSEQUENTIAL DAMAGES OF ANY KIND, INCLUDING DAMAGES FOR LOST PROFITS, BUSINESS INTERRUPTION, LOSS OF DATA, LOSS OF GOODWILL, WORK STOPPAGE, ACCURACY OF RESULTS, OR COMPUTER FAILURE OR MALFUNCTION,",0.8035780755714549
test,Pornography or nudity,pornography,0.8035256576146189
validation,"and IP address, your general geographic location,","IP address, geographic location of the device,",0.8032474465917415
validation,"The parties shall use their best efforts to settle any dispute, claim, question, or disagreement arising out of or relating to the subject matter of these Terms directly through good-faith negotiations, which shall be a precondition to either party initiating arbitration.
If such negotiations do not resolve the dispute, it shall be finally settled by binding arbitration in Washington, DC, District of Columbia.","The parties shall use their best efforts to settle any dispute, claim, question, or disagreement directly through good-faith negotiations, which shall be a precondition to either party initiating a lawsuit or arbitration.",0.802219476776698
test,"What rights you have over your data
<p>If you have an account on this site, or have left comments, you can request to receive an exported file of the personal data we hold about you, including any data you have provided to us.
You can also request that we erase any personal data we hold about you.
This does not include any data we are obliged to keep for administrative, legal, or security purposes.</p>","<p>If you have an account on this site, or have left comments, you can request to receive an exported file of the personal data we hold about you, including any data you have provided to us.",0.8020842095794779
validation,"Retention period <p>Moodle Pty Ltd will processes different forms of personal data for as long as is necessary and proportionate for the purpose for which it has been supplied and will store the personal data for the shortest amount of time possible, taking into account legal and service requirements.","Retention period and your GDPR rights
<p>We will process different forms of personal data for as long as it is necessary and proportionate for the purpose for which it has been supplied and we will store the personal data for the shortest amount of time possible, taking into account legal and service requirements.
For further details on the retention period for any particular type of data, please contact us.",0.8019043639273029
validation,You are free to stop using the Services any time.,You can stop using our Services at any time.,0.8013023811712732
test,"pornographic, obscene","obscene, pornographic",0.8012826432627075
validation,How We Use and Share Information,HOW WE USE AND SHARE INFORMATION <b>,0.8012015859732048
test,"O THE EXTENT PERMITTED BY LAW, WE ALSO DISCLAIM ALL WARRANTIES, WHETHER EXPRESS OR IMPLIED, INCLUDING THE IMPLIED WARRANTIES OF MERCHANTABILITY, FITNESS FOR A PARTICULAR PURPOSE","TO THE MAXIMUM EXTENT PERMITTED BY APPLICABLE LAW, Wickr, AND ITS SUPPLIERS AND PARTNERS, DISCLAIM ALL WARRANTIES, EXPRESS OR IMPLIED, INCLUDING, BUT NOT LIMITED TO, IMPLIED WARRANTIES OF MERCHANTABILITY, FITNESS FOR A PARTICULAR PURPOSE",0.8010583123849283
validation,"You agree to defend, indemnify and hold harmless the Site, its affiliates and licensors and their respective officers, directors, employees, contractors, agents, and licensors from and against any claims, liabilities, damages, judgments, awards, losses, costs, expenses or fees (including reasonable attorneys' fees) resulting from your violation of these Terms and Conditions or your use of the Site, including, without limitation, any use of the Site's content, services or items purchased through the Site.","<p>You shall indemnify and hold harmless From Zero, its affiliates and licensors and their respective officers, directors, employees, contractors, agents, licensors, and suppliers from and against any claims, liabilities, damages, judgments, awards, losses, costs, expenses or fees (including reasonable attorneys’ fees) resulting from your or your end users’ violation of these Terms of Use or your or your end users’ use of Site.",0.8009153520983433
validation,These Terms of Service and any separate agreements whereby we provide you Services shall be governed by and construed in accordance with the laws of Israel.</p>,These Terms of Service and any separate agreements whereby we provide you Services shall be governed by and construed in accordance with the laws of United States.,0.8009026314413409
validation,You irrevocably agree that the courts of England have exclusive jurisdiction to settle any dispute or claim that arises out of or in connection with the Terms or their subject matter or formation (including non-contractual disputes or claims).,Each Party irrevocably agrees that the courts of Ireland shall have exclusive jurisdiction to settle any dispute or claim arising out of or in connection with this Contract or its subject matter or formation (including any disputes or claims relating to non-contractual obligations).,0.8007332997262676
test,"We may also share with third parties de-identified or aggregated data we collect, such as de-identified or aggregated credit reports or scores, de-identified demographic information, or information about the computer or device from which you access the Service.","We may use personal information and other data about you to create de-identified and aggregated information, such as de-identified demographic information, de-identified location information, information about the computer or device from which you access our Services, or other analyses we create.",0.800623201020181
test,These Social Media Features may collect certain Personal Information such as your IP address or which page you are visiting on our Website and may set a cookie to enable them to function properly.,"These Social Media Features may collect your IP address, what page you are visiting on our Services, and may set a cookie to enable Social Media Features to function properly.",0.8004795553104415
validation,"Supercell shall not be liable for any delay or failure to perform resulting from causes outside the reasonable control of Supercell, including without limitation any failure to perform hereunder due to unforeseen circumstances or cause beyond Supercell's control such as acts of God, war, terrorism, riots, embargoes, acts of civil or military authorities, fire, floods, accidents, strikes, or shortages of transportation facilities, fuel, energy, labor or materials.","Sulake shall not be liable for any delay or failure to perform resulting from causes outside the reasonable control of Sulake, including without limitation any failure to perform hereunder due to unforeseen circumstances or cause beyond Sulake’s control such as acts of God, war, terrorism, riots, embargoes, acts of civil or military authorities, fire, floods, accidents, strikes, or shortages of transportation facilities, fuel, energy, labor or materials.",0.8004788564451718
test,THE INFORMATION WE COLLECT</strong>,"<strong>Information We Collect</strong>
</p>",0.8002956599851471
validation,Your continued use of the Website following the posting of revised Terms of Service means that you accept and agree to the changes.,Your continued use of the Site following the posting of changes will mean that you accept and agree to the changes.,0.8002884426145427
