point_id,point_title,point_source,point_analysis,point_quote_text,point_quote_start,point_quote_end,point_document_id,service_name,cases.case_id,cases.case_classification,cases.case_title,cases.case_description,cases.case_topic,score_rubric,Referenced_Text,Ground_Truth_Score,Company,Classification_Code,Specific_Rubric,Predicted_Score,Predicted_Score_Batch
17470,The service provides information about how they intend to use your personal data,https://telegram.org/privacy,Generated through the annotate view,<li>what we may use your personal data for;,3690.0,3734.0,2058.0,Telegram,227,good,Information is provided about how your personal data is used,"The Privacy Policy explains the purposes for which data is collected and the way it is processed, used and shared.",Transparency,"-1: The terms and policies are inaccessible, unclear, or not drafted in plain and intelligible language, contrary to the transparency requirement of Article 5 Directive 93/13.
0: Information is provided, but it is incomplete, dense, or difficult to navigate, hindering the user's understanding.
1: The terms and data practices are presented in clear, plain, accessible and easily comprehensible language that supports an informed decision by the user.",what we may use your personal data for;,1.0,Telegram,Transparency,"-1: The terms and policies are inaccessible, unclear, or not drafted in plain and intelligible language, contrary to the transparency requirement of Article 5 Directive 93/13.
0: Information is provided, but it is incomplete, dense, or difficult to navigate, hindering the user's understanding.
1: The terms and data practices are presented in clear, plain, accessible and easily comprehensible language that supports an informed decision by the user.",0,0
17474,The service does not use third-party analytics or tracking platforms,https://telegram.org/privacy,Generated through the annotate view,We do not use cookies for profiling or advertising.,10113.0,10165.0,2058.0,Telegram,381,good,No third-party analytics or tracking platforms are used,There are no Google Analytics or other tracking codes embedded in the service.  Any tracking is performed by the service itself.,Third Parties,"-1: Personal data is shared with, or sold to, third parties without disclosure, a lawful basis, or any user control over the sharing.
0: Third-party sharing is disclosed and limited to stated purposes (for instance, processors acting on the company's behalf), but the user retains limited control over it.
1: Third-party sharing is minimal, transparent, purpose-bound and subject to the user's control or consent, with no sale of personal data.",We do not use cookies for profiling or advertising.,1.0,Telegram,Third Parties,"-1: Personal data is shared with, or sold to, third parties without disclosure, a lawful basis, or any user control over the sharing.
0: Third-party sharing is disclosed and limited to stated purposes (for instance, processors acting on the company's behalf), but the user retains limited control over it.
1: Third-party sharing is minimal, transparent, purpose-bound and subject to the user's control or consent, with no sale of personal data.",1,1
17480,You can delete your content from this service,https://telegram.org/privacy,Generated through the annotate view,"Deleting your account removes all messages, media, contacts and every other piece of data you store in the Telegram cloud.
This action must be confirmed via your Telegram account and cannot be undone.</p>",22518.0,22723.0,2058.0,Telegram,175,good,You can delete your content from this service,"You can ask the service to remove your content at any time, and it's deleted within a reasonable time.",Right to Leave The Service,"-1: The user cannot freely terminate, or cannot delete or retrieve their data and content upon leaving, resulting in lock-in contrary to Article 16(4) Directive 2019/770 and the portability right of Article 20 GDPR.
0: The user may leave and delete or retrieve some of their data and content, but retrieval or portability is only partial or burdensome.
1: The user may freely terminate the contract and retrieve and delete all of their data and content, with data portability supported.","Deleting your account removes all messages, media, contacts and every other piece of data you store in the Telegram cloud. This action must be confirmed via your Telegram account and cannot be undone.",1.0,Telegram,Right to Leave The Service,"-1: The user cannot freely terminate, or cannot delete or retrieve their data and content upon leaving, resulting in lock-in contrary to Article 16(4) Directive 2019/770 and the portability right of Article 20 GDPR.
0: The user may leave and delete or retrieve some of their data and content, but retrieval or portability is only partial or burdensome.
1: The user may freely terminate the contract and retrieve and delete all of their data and content, with data portability supported.",-1,0
8186,This service is only available to users of a certain age,https://telegram.org/tos,,Citizens of EU countries and the United Kingdom must be at least 16 years old to sign up.</p>,402.0,495.0,2059.0,Telegram,152,neutral,This service is only available to users over a certain age,The Services are intended for users who are at least a certain age. If you are younger than the age required then you are prohibited from using the Service.,Governance,"-1: The company retains wholly unilateral and discretionary governance over the service and its community, with no user participation, published decision-making criteria, or accountability mechanisms.
0: Some governance structures exist (e.g. published community guidelines or moderation rules), but users have no voice in decisions and enforcement remains at the company's discretion.
1: The service provides transparent governance with meaningful community participation, such as consultation on substantial decisions, published moderation criteria, and accessible appeal or redress procedures.",Citizens of EU countries and the United Kingdom must be at least 16 years old to sign up.,0.0,Telegram,Governance,"-1: The company retains wholly unilateral and discretionary governance over the service and its community, with no user participation, published decision-making criteria, or accountability mechanisms.
0: Some governance structures exist (e.g. published community guidelines or moderation rules), but users have no voice in decisions and enforcement remains at the company's discretion.
1: The service provides transparent governance with meaningful community participation, such as consultation on substantial decisions, published moderation criteria, and accessible appeal or redress procedures.",0,0
8188,This service does not sell your personal data,https://telegram.org/faq,,"We don’t use your data for ad targeting, we don’t sell it to others",10819.0,10886.0,2060.0,Telegram,193,good,Your personal data is not sold,"This service makes an explicit promise not to sell ""personal data"" of users.",Personal Data,"-1: Once collected, the user has no control over how their personal data is used or for how long it is retained, and the data may be processed for purposes incompatible with those for which it was collected.
0: Some data subject rights or controls are provided, but they are limited, burdensome to exercise, or retention and purposes are poorly defined.
1: The user retains meaningful control consistent with the GDPR rights of access, rectification, erasure, restriction, objection and portability, subject to purpose and storage limitation.","We don’t use your data for ad targeting, we don’t sell it to others",1.0,Telegram,Personal Data,"-1: Once collected, the user has no control over how their personal data is used or for how long it is retained, and the data may be processed for purposes incompatible with those for which it was collected.
0: Some data subject rights or controls are provided, but they are limited, burdensome to exercise, or retention and purposes are poorly defined.
1: The user retains meaningful control consistent with the GDPR rights of access, rectification, erasure, restriction, objection and portability, subject to purpose and storage limitation.",0,0
8854,User logs are deleted after a finite period of time,https://telegram.org/privacy,Generated through the annotate view,"If collected, this metadata can be kept for 12 months maximum.",12971.0,13033.0,2058.0,Telegram,177,good,Logs are deleted after a finite period of time,"Logs are text files containing some information about web visitors, such as user agents (showing for instance that you're connecting from Firefox for Android) and ip addresses (which reveal your approximate location). This case applies to Services that periodically delete their logs to prevent user sessions being tracked over time.",Logs,"-1: The retention period for logs and connection data is undisclosed or indefinite, contrary to the storage limitation principle of Article 5(1)(e) GDPR.
0: A retention period is disclosed but is lengthy, vague, or not clearly tied to a specified purpose.
1: Logs are retained only for a clearly stated, limited and purpose-bound period, or are not retained at all and are promptly deleted or anonymised.","If collected, this metadata can be kept for 12 months maximum.",1.0,Telegram,Logs,"-1: The retention period for logs and connection data is undisclosed or indefinite, contrary to the storage limitation principle of Article 5(1)(e) GDPR.
0: A retention period is disclosed but is lengthy, vague, or not clearly tied to a specified purpose.
1: Logs are retained only for a clearly stated, limited and purpose-bound period, or are not retained at all and are promptly deleted or anonymised.",0,1
8167," Terms may be changed any time at their discretion, without notice to the user ",https://telegram.org/tos,We reserve the right to update these Terms of Service later.,We reserve the right to update these Terms of Service later.,321.0,381.0,2059.0,Telegram,121,bad," Terms may be changed any time at their discretion, without notice to you ","The Agreements can be updated at any time, including in a way that negatively affects user rights, without notifying before or after the changes.",Notice of Changing Terms,"-1: Terms may change without any prior notice to the user, with changes taking effect immediately or continued use being deemed acceptance.
0: Users are notified of changes, but without sufficient lead time or a meaningful opportunity to review the changes and decide before they take effect.
1: Users receive clear, advance notice of changes with a reasonable period to review them and the ability to terminate the contract before the new terms apply.",We reserve the right to update these Terms of Service later.,-1.0,Telegram,Notice of Changing Terms,"-1: Terms may change without any prior notice to the user, with changes taking effect immediately or continued use being deemed acceptance.
0: Users are notified of changes, but without sufficient lead time or a meaningful opportunity to review the changes and decide before they take effect.
1: Users receive clear, advance notice of changes with a reasonable period to review them and the ability to terminate the contract before the new terms apply.",-1,-1
8856,The service allows you to use pseudonyms,https://telegram.org/privacy,Generated through the annotate view,"We don't want to know your real name, gender, age or what you like.
</p>
<p>We do <strong>not</strong> require your screen name to be your real name.",5470.0,5619.0,2058.0,Telegram,215,good, Pseudonyms are allowed,You don't need to provide your full name to use the Service and you are allowed to use a pseudonym instead.,Anonymity,"-1: The service requires verified real-identity registration, prohibits pseudonymous use, and collects extensive identifying information.
0: Pseudonymous use is permitted, but some real-identity verification is required, or the data collected exceeds what is necessary to provide the service.
1: The service can be used anonymously or under a pseudonym with only minimal identifying data, reflecting the data minimisation principle of Article 5(1)(c) GDPR.","We don't want to know your real name, gender, age or what you like. We do not require your screen name to be your real name.",1.0,Telegram,Anonymity,"-1: The service requires verified real-identity registration, prohibits pseudonymous use, and collects extensive identifying information.
0: Pseudonymous use is permitted, but some real-identity verification is required, or the data collected exceeds what is necessary to provide the service.
1: The service can be used anonymously or under a pseudonym with only minimal identifying data, reflecting the data minimisation principle of Article 5(1)(c) GDPR.",1,1
8857,The service refers users to external documents for more information,https://telegram.org/privacy,Generated through the annotate view,Please study their relevant privacy policies before making your data available to them.,17579.0,17666.0,2058.0,Telegram,299,neutral,The service informs you that its privacy policy does not apply to third party websites,"The service states that whenever it links to third party websites or applications, its privacy policy does not apply. Those third party websites or applications hosted or operated by other organizations may have their own privacy policies.",Transparency,"-1: The terms and policies are inaccessible, unclear, or not drafted in plain and intelligible language, contrary to the transparency requirement of Article 5 Directive 93/13.
0: Information is provided, but it is incomplete, dense, or difficult to navigate, hindering the user's understanding.
1: The terms and data practices are presented in clear, plain, accessible and easily comprehensible language that supports an informed decision by the user.",Please study their relevant privacy policies before making your data available to them.,0.0,Telegram,Transparency,"-1: The terms and policies are inaccessible, unclear, or not drafted in plain and intelligible language, contrary to the transparency requirement of Article 5 Directive 93/13.
0: Information is provided, but it is incomplete, dense, or difficult to navigate, hindering the user's understanding.
1: The terms and data practices are presented in clear, plain, accessible and easily comprehensible language that supports an informed decision by the user.",1,1
17471,The service provides two factor authentication for your account,https://telegram.org/privacy,Generated through the annotate view,"When you enable 2-step-verification for your account or store documents using the Telegram Passport feature, you can opt to set up a password recovery email.",5984.0,6141.0,2058.0,Telegram,312,good,Two factor authentication is provided for your account,"The service provides means of further securing your account with two factor authentification, thus greatly improving account security.",Security,"-1: The ToS describes no security measures and/or disclaims all responsibility for protecting the user's account and data against unauthorised access.
0: Basic security measures are mentioned, but commitments are vague or shift the substantial burden of securing the account onto the user.
1: The service commits to appropriate technical and organisational security measures and to breach handling and notification, consistent with Articles 32 and 33-34 GDPR.","When you enable 2-step-verification for your account or store documents using the Telegram Passport feature, you can opt to set up a password recovery email.",1.0,Telegram,Security,"-1: The ToS describes no security measures and/or disclaims all responsibility for protecting the user's account and data against unauthorised access.
0: Basic security measures are mentioned, but commitments are vague or shift the substantial burden of securing the account onto the user.
1: The service commits to appropriate technical and organisational security measures and to breach handling and notification, consistent with Articles 32 and 33-34 GDPR.",0,0
17475,Blocking first party cookies may limit your ability to use the service,https://telegram.org/privacy,Generated through the annotate view,"You may choose to block cookies with your web browser, however, if you do disable these cookies you will not be able to log in to Telegram Web.</p>",10440.0,10588.0,2058.0,Telegram,375,neutral,Blocking first party cookies may limit your ability to use the service,"Most browsers allow users to set preferences related to cookies storage. You may choose to block all cookies (including first-party cookies), but it may impact your use of this service and you may not be able to access some or any of the features provided.",Trackers,"-1: The service deploys extensive tracking technologies without disclosure, a lawful basis, or any ability for the user to refuse, contrary to Article 5(3) ePrivacy Directive and the consent requirements of the GDPR.
0: Trackers are disclosed and some consent or opt-out is offered, but non-essential tracking is enabled by default or is difficult to refuse.
1: Only strictly necessary trackers are used, or non-essential tracking requires freely given, specific and informed opt-in consent that is as easy to refuse as to give.","You may choose to block cookies with your web browser, however, if you do disable these cookies you will not be able to log in to Telegram Web.",0.0,Telegram,Trackers,"-1: The service deploys extensive tracking technologies without disclosure, a lawful basis, or any ability for the user to refuse, contrary to Article 5(3) ePrivacy Directive and the consent requirements of the GDPR.
0: Trackers are disclosed and some consent or opt-out is offered, but non-essential tracking is enabled by default or is difficult to refuse.
1: Only strictly necessary trackers are used, or non-essential tracking requires freely given, specific and informed opt-in consent that is as easy to refuse as to give.",0,0
17477,"This service collects your IP address, which can be used to view your approximate location",https://telegram.org/privacy,Generated through the annotate view,"To improve the security of your account, as well as to prevent spam, abuse, and other violations of our Terms of Service, we may collect metadata such as your IP address, devices and Telegram apps you've used, history of username changes, etc.",12727.0,12970.0,2058.0,Telegram,399,neutral,"Your IP address is collected, which can be used to view your approximate location",,Types of Information Collected,"-1: The categories of information collected are not disclosed, or collection is open-ended and excessive relative to what the service requires.
0: The categories of information collected are disclosed but only broadly or vaguely, or collection exceeds what is necessary for the service.
1: The categories of information collected are clearly and specifically disclosed and limited to what is necessary to provide the service.","To improve the security of your account, as well as to prevent spam, abuse, and other violations of our Terms of Service, we may collect metadata such as your IP address, devices and Telegram apps you've used, history of username changes, etc.",0.0,Telegram,Types of Information Collected,"-1: The categories of information collected are not disclosed, or collection is open-ended and excessive relative to what the service requires.
0: The categories of information collected are disclosed but only broadly or vaguely, or collection exceeds what is necessary for the service.
1: The categories of information collected are clearly and specifically disclosed and limited to what is necessary to provide the service.",1,0
17479,You have the right to leave this service at any time,https://telegram.org/privacy,Generated through the annotate view,You can delete your Telegram account by proceeding to the deactivation page.</p>,22301.0,22381.0,2058.0,Telegram,170,good,You have the right to leave this service at any time,"You can stop using the service and/or cancel or delete your account at any time for any reason. Moreover, the termination is reasonably fast and simple.",Right to Leave The Service,"-1: The user cannot freely terminate, or cannot delete or retrieve their data and content upon leaving, resulting in lock-in contrary to Article 16(4) Directive 2019/770 and the portability right of Article 20 GDPR.
0: The user may leave and delete or retrieve some of their data and content, but retrieval or portability is only partial or burdensome.
1: The user may freely terminate the contract and retrieve and delete all of their data and content, with data portability supported.",You can delete your Telegram account by proceeding to the deactivation page.,1.0,Telegram,Right to Leave The Service,"-1: The user cannot freely terminate, or cannot delete or retrieve their data and content upon leaving, resulting in lock-in contrary to Article 16(4) Directive 2019/770 and the portability right of Article 20 GDPR.
0: The user may leave and delete or retrieve some of their data and content, but retrieval or portability is only partial or burdensome.
1: The user may freely terminate the contract and retrieve and delete all of their data and content, with data portability supported.",1,1
17472,"Secret chats content is encrypted, and this service cannot decrypt it",https://telegram.org/privacy,Generated through the annotate view,"Secret chats</em> use end-to-end encryption.
This means that all data is encrypted with a key that only you and the recipient know.",6841.0,6972.0,2058.0,Telegram,372,good,"User-generated content is encrypted, and this service cannot decrypt it","Content generated by the users is end-to-end encrypted, in a way that it can't be accessed by anyone unauthorised, and even the service has no technical means to decrypt it.",Content,"-1: Content restrictions are so broad, vague or discretionary that they unduly restrict lawful expression and permit the company to act arbitrarily against the user.
0: Content rules are defined but remain broad, leaving significant interpretive discretion to the company over what is permitted.
1: Content rules are clear, specific and limited to unlawful or genuinely harmful content, with predictable and proportionate enforcement.",Secret chats use end-to-end encryption. This means that all data is encrypted with a key that only you and the recipient know.,1.0,Telegram,Content,"-1: Content restrictions are so broad, vague or discretionary that they unduly restrict lawful expression and permit the company to act arbitrarily against the user.
0: Content rules are defined but remain broad, leaving significant interpretive discretion to the company over what is permitted.
1: Content rules are clear, specific and limited to unlawful or genuinely harmful content, with predictable and proportionate enforcement.",0,1
17481,The app is open-source,https://telegram.org/privacy,Generated through the annotate view,Telegram is an open source project.,25714.0,25750.0,2058.0,Telegram,485,good,The service is open-source,The code of the software is open-source and the users can have access to the source code.,Transparency,"-1: The terms and policies are inaccessible, unclear, or not drafted in plain and intelligible language, contrary to the transparency requirement of Article 5 Directive 93/13.
0: Information is provided, but it is incomplete, dense, or difficult to navigate, hindering the user's understanding.
1: The terms and data practices are presented in clear, plain, accessible and easily comprehensible language that supports an informed decision by the user.",Telegram is an open source project.,1.0,Telegram,Transparency,"-1: The terms and policies are inaccessible, unclear, or not drafted in plain and intelligible language, contrary to the transparency requirement of Article 5 Directive 93/13.
0: Information is provided, but it is incomplete, dense, or difficult to navigate, hindering the user's understanding.
1: The terms and data practices are presented in clear, plain, accessible and easily comprehensible language that supports an informed decision by the user.",1,1
14681,The service provides details about what kinds of personal information they collect,https://telegram.org/privacy,Generated through the annotate view,what personal data we may collect from you;</li>,3596.0,3644.0,2058.0,Telegram,228,good,Information is provided about what kind of information they collect,The Privacy Policy describes in detail the data collected through the website and through the services provided.,Transparency,"-1: The terms and policies are inaccessible, unclear, or not drafted in plain and intelligible language, contrary to the transparency requirement of Article 5 Directive 93/13.
0: Information is provided, but it is incomplete, dense, or difficult to navigate, hindering the user's understanding.
1: The terms and data practices are presented in clear, plain, accessible and easily comprehensible language that supports an informed decision by the user.",what personal data we may collect from you;,1.0,Telegram,Transparency,"-1: The terms and policies are inaccessible, unclear, or not drafted in plain and intelligible language, contrary to the transparency requirement of Article 5 Directive 93/13.
0: Information is provided, but it is incomplete, dense, or difficult to navigate, hindering the user's understanding.
1: The terms and data practices are presented in clear, plain, accessible and easily comprehensible language that supports an informed decision by the user.",0,0
17482,"This service offers a symbolic but nonbinding statement about a matter of opinion, ethics, society, or politics",https://telegram.org/faq,Generated through the annotate view,"What are your thoughts on internet privacy?
<p>Big internet companies like Facebook or Google have effectively hijacked the privacy discourse in the recent years.
Their marketers managed to convince the public that the most important things about privacy are superficial tools that allow hiding your public posts from the people around you.
Adding these superficial tools enables companies to calm down the public and change nothing in how they are turning over private data to marketers and other third parties.</p>
<p>At Telegram we think that the two most important components of Internet privacy should be instead:</p>
<ol>
<li>Protecting your private conversations from snooping third parties, such as officials, employers, etc.</li>
<li>Protecting your personal data from third parties, such as marketers, advertisers, etc.</li>
</ol>
<p>This is what everybody should care about, and these are some of our top priorities.",9372.0,10299.0,2060.0,Telegram,332,good,"This service offers a symbolic but nonbinding statement about a matter of opinion, ethics, society, or politics","If a service expresses a worldview antithetical to the user’s, that is a good signal that they should not use the service. Or conversely, if the service expresses an uncommonly-held belief that the user agrees with and thinks is relevant to the service-user relationship and/or important, they may wish to use that to choose between otherwise comparable services.",Governance,"-1: The company retains wholly unilateral and discretionary governance over the service and its community, with no user participation, published decision-making criteria, or accountability mechanisms.
0: Some governance structures exist (e.g. published community guidelines or moderation rules), but users have no voice in decisions and enforcement remains at the company's discretion.
1: The service provides transparent governance with meaningful community participation, such as consultation on substantial decisions, published moderation criteria, and accessible appeal or redress procedures.","What are your thoughts on internet privacy? Big internet companies like Facebook or Google have effectively hijacked the privacy discourse in the recent years. Their marketers managed to convince the public that the most important things about privacy are superficial tools that allow hiding your public posts from the people around you. Adding these superficial tools enables companies to calm down the public and change nothing in how they are turning over private data to marketers and other third parties. At Telegram we think that the two most important components of Internet privacy should be instead: Protecting your private conversations from snooping third parties, such as officials, employers, etc. Protecting your personal data from third parties, such as marketers, advertisers, etc. This is what everybody should care about, and these are some of our top priorities.",1.0,Telegram,Governance,"-1: The company retains wholly unilateral and discretionary governance over the service and its community, with no user participation, published decision-making criteria, or accountability mechanisms.
0: Some governance structures exist (e.g. published community guidelines or moderation rules), but users have no voice in decisions and enforcement remains at the company's discretion.
1: The service provides transparent governance with meaningful community participation, such as consultation on substantial decisions, published moderation criteria, and accessible appeal or redress procedures.",0,0
25428,"You are prohibited from sending chain letters, junk mail, spam or any unsolicited messages",https://telegram.org/tos,Generated through the annotate view,"<p>By signing up for Telegram, you accept our Privacy Policy and agree not to:</p>
<ul>
<li>Use our service to send spam or scam users.",0.0,135.0,2059.0,Telegram,281,neutral,"You are prohibited from sending chain letters, junk mail, spam or any unsolicited messages","Users are not allowed to use the service for chain letters, junk mail, spamming or any other distribution of content to people who have not agreed to receiving it.",Content,"-1: Content restrictions are so broad, vague or discretionary that they unduly restrict lawful expression and permit the company to act arbitrarily against the user.
0: Content rules are defined but remain broad, leaving significant interpretive discretion to the company over what is permitted.
1: Content rules are clear, specific and limited to unlawful or genuinely harmful content, with predictable and proportionate enforcement.","By signing up for Telegram, you accept our Privacy Policy and agree not to: Use our service to send spam or scam users.",0.0,Telegram,Content,"-1: Content restrictions are so broad, vague or discretionary that they unduly restrict lawful expression and permit the company to act arbitrarily against the user.
0: Content rules are defined but remain broad, leaving significant interpretive discretion to the company over what is permitted.
1: Content rules are clear, specific and limited to unlawful or genuinely harmful content, with predictable and proportionate enforcement.",1,1
8187,"If you are the target of a copyright claim, your content may be removed",https://telegram.org/faq,,"i>
</i>Q: A bot or channel is infringing on my copyright.
What do I do?
<p>All Telegram chats and group chats are private amongst their participants.
We do not process any requests related to them.
But <strong>sticker sets</strong>, <strong>channels</strong>, and <strong>bots</strong> on Telegram are <em>publicly available</em>.</p>
<p>If you see a bot, channel, or sticker set that is infringing on your copyright, kindly submit a complaint to dmca@telegram.org.
Please note that such requests should only be submitted by the copyright owner or an agent authorized to act on the owner’s behalf.</p>
<i>
</i>Q: Wait! 0_o Do you process take-down requests from third parties?
<p>Our mission is to provide a secure means of communication that works everywhere on the planet.
To do this in the places where it is most needed (and to continue distributing Telegram through the App Store and Google Play), we have to process legitimate requests to take down illegal <strong>public</strong> content (e.g., sticker sets, bots, and channels) within the app.
For example, we can take down sticker sets that violate intellectual property rights or porn bots.</p>
<p>User-uploaded stickers sets, channels, and bots by third-party developers are not part of the core Telegram UI.
Whenever we receive a complaint at abuse@telegram.org or dmca@telegram.org regarding the legality of public content, we perform the necessary legal checks and take it down when deemed appropriate.</p>
<p>Please note that this does <strong>not</strong> apply to local restrictions on freedom of speech.
For example, if criticizing the government is illegal in some country, Telegram won't be a part of such politically motivated censorship.
This goes against our founders' principles.
While we do block terrorist (e.g.
ISIS-related) bots and channels, we will not block anybody who peacefully expresses alternative opinions",12370.0,14262.0,2060.0,Telegram,310,neutral,"If you are the target of a copyright claim, your content may be removed",The content you have published on the service may be removed if it infringes copyright.,Suspension and Censorship,"-1: The company reserves the right to suspend the account or remove or censor lawful content at any time without serious grounds, prior notice, or any possibility of appeal.
0: Suspension or content removal is limited to stated grounds but lacks a notice period, or includes notice but relies on broad or vague grounds.
1: Suspension or content removal is confined to serious, specified grounds with a statement of reasons, prior notice, and a right of appeal consistent with Article 17 DSA, or no such right is reserved at all.","i> Q: A bot or channel is infringing on my copyright. What do I do? All Telegram chats and group chats are private amongst their participants. We do not process any requests related to them. But sticker sets , channels , and bots on Telegram are publicly available . If you see a bot, channel, or sticker set that is infringing on your copyright, kindly submit a complaint to dmca@telegram.org. Please note that such requests should only be submitted by the copyright owner or an agent authorized to act on the owner’s behalf. Q: Wait! 0_o Do you process take-down requests from third parties? Our mission is to provide a secure means of communication that works everywhere on the planet. To do this in the places where it is most needed (and to continue distributing Telegram through the App Store and Google Play), we have to process legitimate requests to take down illegal public content (e.g., sticker sets, bots, and channels) within the app. For example, we can take down sticker sets that violate intellectual property rights or porn bots. User-uploaded stickers sets, channels, and bots by third-party developers are not part of the core Telegram UI. Whenever we receive a complaint at abuse@telegram.org or dmca@telegram.org regarding the legality of public content, we perform the necessary legal checks and take it down when deemed appropriate. Please note that this does not apply to local restrictions on freedom of speech. For example, if criticizing the government is illegal in some country, Telegram won't be a part of such politically motivated censorship. This goes against our founders' principles. While we do block terrorist (e.g. ISIS-related) bots and channels, we will not block anybody who peacefully expresses alternative opinions",0.0,Telegram,Suspension and Censorship,"-1: The company reserves the right to suspend the account or remove or censor lawful content at any time without serious grounds, prior notice, or any possibility of appeal.
0: Suspension or content removal is limited to stated grounds but lacks a notice period, or includes notice but relies on broad or vague grounds.
1: Suspension or content removal is confined to serious, specified grounds with a statement of reasons, prior notice, and a right of appeal consistent with Article 17 DSA, or no such right is reserved at all.",0,1
11971,You can request access and deletion of personal data,https://telegram.org/privacy,Generated through the annotate view,"You have a right to: <em>(1)</em> request a copy of all your personal data that we store and to transmit that copy to another data controller.
<em>(2)</em> delete (see section 10 below) or amend your personal data.
<em>(3)</em> restrict, or object to, the processing of your personal data.
<em>(4)</em> correct any inaccurate or incomplete personal data we hold on you.
and <em>(5)</em> lodge a complaint with national data protection authorities regarding our processing of your personal data.",21317.0,21811.0,2058.0,Telegram,195,good,"You can request access, correction and/or deletion of your data","Users have the right to access personal data hold by the Service, correct it and/or permanently delete it. This usually applies to Services GDPR compliants. ",User Choice,"-1: The user is offered no meaningful choices: data use, settings and features are imposed by default with no ability to opt out.
0: Some choices or opt-outs are provided, but they are limited, defaulted against the user's interest, or difficult to exercise.
1: The user is given meaningful, granular and easily exercisable choices over how their data is used and how the service is configured.","You have a right to: (1) request a copy of all your personal data that we store and to transmit that copy to another data controller. (2) delete (see section 10 below) or amend your personal data. (3) restrict, or object to, the processing of your personal data. (4) correct any inaccurate or incomplete personal data we hold on you. and (5) lodge a complaint with national data protection authorities regarding our processing of your personal data.",1.0,Telegram,User Choice,"-1: The user is offered no meaningful choices: data use, settings and features are imposed by default with no ability to opt out.
0: Some choices or opt-outs are provided, but they are limited, defaulted against the user's interest, or difficult to exercise.
1: The user is given meaningful, granular and easily exercisable choices over how their data is used and how the service is configured.",1,1
17469,The terms for this service are translated into different languages,https://telegram.org/privacy,Generated through the annotate view,"English</li>
<li>Bahasa Indonesia</li>
<li>Bahasa Melayu</li>
<li>Deutsch</li>
<li>Español</li>
<li>Français</li>
<li>Italiano</li>
<li>Nederlands</li>
<li>O‘zbek</li>
<li>Polski</li>
<li>Português (Brasil)</li>
<li>Türkçe</li>
<li>Беларуская</li>
<li>Русский</li>
<li>Українська</li>
<li>العربية</li>
<li>فارسی</li>
<li>한국어",40.0,364.0,2058.0,Telegram,198,neutral,The terms for this service are translated into different languages,"Although there's generally a unique binding language for the terms, they are translated to allow all users to understand the agreement they're accepting, no matter their native language.",Transparency,"-1: The terms and policies are inaccessible, unclear, or not drafted in plain and intelligible language, contrary to the transparency requirement of Article 5 Directive 93/13.
0: Information is provided, but it is incomplete, dense, or difficult to navigate, hindering the user's understanding.
1: The terms and data practices are presented in clear, plain, accessible and easily comprehensible language that supports an informed decision by the user.",English Bahasa Indonesia Bahasa Melayu Deutsch Español Français Italiano Nederlands O‘zbek Polski Português (Brasil) Türkçe Беларуская Русский Українська العربية فارسی 한국어,0.0,Telegram,Transparency,"-1: The terms and policies are inaccessible, unclear, or not drafted in plain and intelligible language, contrary to the transparency requirement of Article 5 Directive 93/13.
0: Information is provided, but it is incomplete, dense, or difficult to navigate, hindering the user's understanding.
1: The terms and data practices are presented in clear, plain, accessible and easily comprehensible language that supports an informed decision by the user.",-1,1
17478,The service promises to inform and/or notify users regarding government inquiries that may involve users' personal data,https://telegram.org/privacy,Generated through the annotate view,"Telegram receives a court order that confirms you're a terror suspect, we may disclose your IP address and phone number to the relevant authorities.
So far, this has never happened.
When it does, we will include it in a semiannual transparency report published at: https://t.me/transparency.</p>
<i>",20805.0,21104.0,2058.0,Telegram,165,good,The service promises to inform and/or notify you regarding government inquiries that may involve your personal data,"In case the Government governing the Terms requests personal data of a user of this service, they will make reasonable efforts to inform/notify the user (e.g. warrant canary).",Law and Government Requests,"-1: The service discloses user data to governments or law enforcement without requiring valid legal process, without notifying the user, and without any transparency reporting.
0: Disclosure is limited to valid legal requests, but the service provides no user notice and no transparency reporting on the requests it receives.
1: Disclosure is confined to valid legal process, with notice to the affected user wherever lawful, regular transparency reporting, and a commitment to challenge overbroad or unlawful requests.","Telegram receives a court order that confirms you're a terror suspect, we may disclose your IP address and phone number to the relevant authorities. So far, this has never happened. When it does, we will include it in a semiannual transparency report published at: https://t.me/transparency.",1.0,Telegram,Law and Government Requests,"-1: The service discloses user data to governments or law enforcement without requiring valid legal process, without notifying the user, and without any transparency reporting.
0: Disclosure is limited to valid legal requests, but the service provides no user notice and no transparency reporting on the requests it receives.
1: Disclosure is confined to valid legal process, with notice to the affected user wherever lawful, regular transparency reporting, and a commitment to challenge overbroad or unlawful requests.",0,1
17473,The user is informed about security practices,https://telegram.org/privacy,Generated through the annotate view,"When you send photos, videos or files via secret chats, before being uploaded, each item is encrypted with a separate key, not known to the server.
This key and the file’s location are then encrypted again, this time with the secret chat’s key — and sent to your recipient.
They can then download and decipher the file.
This means that the file is technically on one of Telegram’s servers, but it looks like a piece of random indecipherable garbage to everyone except for you and the recipient.
We don’t know what this random data stands for and we have no idea which particular chat it belongs to.
We periodically purge this random data from our servers to save disk space.</p>
<i>",7530.0,8212.0,2058.0,Telegram,226,good,Information is provided about security practices,It's important to know what security measures are taken to protect your data from unauthorized access. This case applies to the Agreements that precisely explain their security practices.,Security,"-1: The ToS describes no security measures and/or disclaims all responsibility for protecting the user's account and data against unauthorised access.
0: Basic security measures are mentioned, but commitments are vague or shift the substantial burden of securing the account onto the user.
1: The service commits to appropriate technical and organisational security measures and to breach handling and notification, consistent with Articles 32 and 33-34 GDPR.","When you send photos, videos or files via secret chats, before being uploaded, each item is encrypted with a separate key, not known to the server. This key and the file’s location are then encrypted again, this time with the secret chat’s key — and sent to your recipient. They can then download and decipher the file. This means that the file is technically on one of Telegram’s servers, but it looks like a piece of random indecipherable garbage to everyone except for you and the recipient. We don’t know what this random data stands for and we have no idea which particular chat it belongs to. We periodically purge this random data from our servers to save disk space.",1.0,Telegram,Security,"-1: The ToS describes no security measures and/or disclaims all responsibility for protecting the user's account and data against unauthorised access.
0: Basic security measures are mentioned, but commitments are vague or shift the substantial burden of securing the account onto the user.
1: The service commits to appropriate technical and organisational security measures and to breach handling and notification, consistent with Articles 32 and 33-34 GDPR.",0,0
17476,The service's data retention period is kept to the minimum necessary for fulfilling its purposes,https://telegram.org/privacy,Generated through the annotate view,"<p>Unless stated otherwise in this Privacy Policy, the personal data that you provide us will only be stored for as long as it is necessary for us to fulfill our obligations in respect of the provision of the Services.</p>
<i>",11962.0,12189.0,2058.0,Telegram,303,good,The data retention period is kept to the minimum necessary for fulfilling its purposes,"The service will remove personal data from its systems once it is no longer required. Depending on the type of information and the reason it was collected, data retention periods will vary.",Right to Leave The Service,"-1: The user cannot freely terminate, or cannot delete or retrieve their data and content upon leaving, resulting in lock-in contrary to Article 16(4) Directive 2019/770 and the portability right of Article 20 GDPR.
0: The user may leave and delete or retrieve some of their data and content, but retrieval or portability is only partial or burdensome.
1: The user may freely terminate the contract and retrieve and delete all of their data and content, with data portability supported.","Unless stated otherwise in this Privacy Policy, the personal data that you provide us will only be stored for as long as it is necessary for us to fulfill our obligations in respect of the provision of the Services.",1.0,Telegram,Right to Leave The Service,"-1: The user cannot freely terminate, or cannot delete or retrieve their data and content upon leaving, resulting in lock-in contrary to Article 16(4) Directive 2019/770 and the portability right of Article 20 GDPR.
0: The user may leave and delete or retrieve some of their data and content, but retrieval or portability is only partial or burdensome.
1: The user may freely terminate the contract and retrieve and delete all of their data and content, with data portability supported.",0,0
17339,"Users should revisit the terms periodically, although in case of material changes, the service will notify",https://riseup.net/en/about-us/policy/tos,Generated through the annotate view,"<p>We reserve the right to change this policy.
If we make major changes, we will notify our users in a clear and prominent manner.",5340.0,5472.0,429.0,RiseUp.net,329,neutral,"You should revisit the terms periodically, although in case of material changes, the service will notify","The service may update the Terms without notice, but if they significantly change the agreements in a manner that importantly and/or negatively affects the way the service is used, users will be notified.",Notice of Changing Terms,"-1: Terms may change without any prior notice to the user, with changes taking effect immediately or continued use being deemed acceptance.
0: Users are notified of changes, but without sufficient lead time or a meaningful opportunity to review the changes and decide before they take effect.
1: Users receive clear, advance notice of changes with a reasonable period to review them and the ability to terminate the contract before the new terms apply.","We reserve the right to change this policy. If we make major changes, we will notify our users in a clear and prominent manner.",0.0,RiseUp.net,Notice of Changing Terms,"-1: Terms may change without any prior notice to the user, with changes taking effect immediately or continued use being deemed acceptance.
0: Users are notified of changes, but without sufficient lead time or a meaningful opportunity to review the changes and decide before they take effect.
1: Users receive clear, advance notice of changes with a reasonable period to review them and the ability to terminate the contract before the new terms apply.",0,0
9271,This service does not sell your personal data,https://riseup.net/en/about-us/policy/privacy-policy,Generated through the annotate view,none of the information we do collect is ever shared.</p,1620.0,1676.0,428.0,RiseUp.net,193,good,Your personal data is not sold,"This service makes an explicit promise not to sell ""personal data"" of users.",Personal Data,"-1: Once collected, the user has no control over how their personal data is used or for how long it is retained, and the data may be processed for purposes incompatible with those for which it was collected.
0: Some data subject rights or controls are provided, but they are limited, burdensome to exercise, or retention and purposes are poorly defined.
1: The user retains meaningful control consistent with the GDPR rights of access, rectification, erasure, restriction, objection and portability, subject to purpose and storage limitation.",none of the information we do collect is ever shared.</p,1.0,RiseUp.net,Personal Data,"-1: Once collected, the user has no control over how their personal data is used or for how long it is retained, and the data may be processed for purposes incompatible with those for which it was collected.
0: Some data subject rights or controls are provided, but they are limited, burdensome to exercise, or retention and purposes are poorly defined.
1: The user retains meaningful control consistent with the GDPR rights of access, rectification, erasure, restriction, objection and portability, subject to purpose and storage limitation.",0,0
13423,This service assumes no liability for any losses or damages resulting from any matter relating to the service,https://riseup.net/en/about-us/policy/tos,Generated through the annotate view,We are not liable for any damages related to the use of this service.</li>,1363.0,1438.0,429.0,RiseUp.net,293,neutral,This service assumes no liability for any losses or damages resulting from any matter relating to the service,"The service assumes no liability for any damages the user incurs, including tangible (e.g. profits) and intangible losses (e.g. data), resulting from the use or inability to use the service or any other matter relating to the service.",Governance,"-1: The company retains wholly unilateral and discretionary governance over the service and its community, with no user participation, published decision-making criteria, or accountability mechanisms.
0: Some governance structures exist (e.g. published community guidelines or moderation rules), but users have no voice in decisions and enforcement remains at the company's discretion.
1: The service provides transparent governance with meaningful community participation, such as consultation on substantial decisions, published moderation criteria, and accessible appeal or redress procedures.",We are not liable for any damages related to the use of this service.,0.0,RiseUp.net,Governance,"-1: The company retains wholly unilateral and discretionary governance over the service and its community, with no user participation, published decision-making criteria, or accountability mechanisms.
0: Some governance structures exist (e.g. published community guidelines or moderation rules), but users have no voice in decisions and enforcement remains at the company's discretion.
1: The service provides transparent governance with meaningful community participation, such as consultation on substantial decisions, published moderation criteria, and accessible appeal or redress procedures.",-1,0
13422,IP addresses of website visitors are not tracked,https://riseup.net/en/about-us/policy/government-faq,Generated through the annotate view,we do not keep IP identifying logs,4530.0,4565.0,430.0,RiseUp.net,192,good,IP addresses of website visitors are not tracked,The Service disclaims that IP adresses from users are not collected (or anonymized) nor shared.,Types of Information Collected,"-1: The categories of information collected are not disclosed, or collection is open-ended and excessive relative to what the service requires.
0: The categories of information collected are disclosed but only broadly or vaguely, or collection exceeds what is necessary for the service.
1: The categories of information collected are clearly and specifically disclosed and limited to what is necessary to provide the service.",we do not keep IP identifying logs,1.0,RiseUp.net,Types of Information Collected,"-1: The categories of information collected are not disclosed, or collection is open-ended and excessive relative to what the service requires.
0: The categories of information collected are disclosed but only broadly or vaguely, or collection exceeds what is necessary for the service.
1: The categories of information collected are clearly and specifically disclosed and limited to what is necessary to provide the service.",1,1
13421,The service will resist legal requests for user information where reasonably possible,https://riseup.net/en/about-us/policy/government-faq,Generated through the annotate view,"We would rather pull the plug than submit to repressive surveillance by our government, or any government.",1614.0,1721.0,430.0,RiseUp.net,305,good,The service will resist legal requests for your information where reasonably possible,"The service will attempt to protect user information to a great extent, even so far as stating that they will only follow legal requirements to disclose user information in circumstances where this cannot be reasonably resisted.",Law and Government Requests,"-1: The service discloses user data to governments or law enforcement without requiring valid legal process, without notifying the user, and without any transparency reporting.
0: Disclosure is limited to valid legal requests, but the service provides no user notice and no transparency reporting on the requests it receives.
1: Disclosure is confined to valid legal process, with notice to the affected user wherever lawful, regular transparency reporting, and a commitment to challenge overbroad or unlawful requests.","We would rather pull the plug than submit to repressive surveillance by our government, or any government.",1.0,RiseUp.net,Law and Government Requests,"-1: The service discloses user data to governments or law enforcement without requiring valid legal process, without notifying the user, and without any transparency reporting.
0: Disclosure is limited to valid legal requests, but the service provides no user notice and no transparency reporting on the requests it receives.
1: Disclosure is confined to valid legal process, with notice to the affected user wherever lawful, regular transparency reporting, and a commitment to challenge overbroad or unlawful requests.",1,1
17338,"The service provider makes no warranty regarding uninterrupted, timely, secure or error-free service",https://riseup.net/en/about-us/policy/tos,Generated through the annotate view,"We make no warranty as to the reliability, accessibility, or quality of our services.",5153.0,5239.0,429.0,RiseUp.net,287,neutral,"The service provider makes no warranty regarding uninterrupted, timely, secure or error-free service","The service provider expressly does not claim to provide uninterrupted, timely, secure or error-free service.",Guarantee,"-1: The service is provided ""as is"" and the ToS disclaims all warranties, offering no guarantee of features, availability or fitness for purpose, contrary to the mandatory conformity guarantees owed to consumers under Article 8 Directive 2019/770.
0: The service provides qualified or limited guarantees, or disclaims warranties only to the extent permitted by applicable law, preserving the consumer's mandatory statutory conformity rights.
1: The service expressly guarantees defined features, quality or availability in a manner consistent with, or exceeding, statutory conformity requirements.","We make no warranty as to the reliability, accessibility, or quality of our services.",0.0,RiseUp.net,Guarantee,"-1: The service is provided ""as is"" and the ToS disclaims all warranties, offering no guarantee of features, availability or fitness for purpose, contrary to the mandatory conformity guarantees owed to consumers under Article 8 Directive 2019/770.
0: The service provides qualified or limited guarantees, or disclaims warranties only to the extent permitted by applicable law, preserving the consumer's mandatory statutory conformity rights.
1: The service expressly guarantees defined features, quality or availability in a manner consistent with, or exceeding, statutory conformity requirements.",-1,-1
17341,This service does not track you,https://riseup.net/en/about-us/policy/privacy-policy,Generated through the annotate view,"Your web browser communicates uniquely identifying information to all web servers it visits by allowing the site to know details about your operating system, browser information, plugins installed, fonts installed, screen resolution, and much more.
We do not retain any of this information.</p>",3387.0,3681.0,428.0,RiseUp.net,218,good,You are not being tracked,"The document excerpt needs to include the words ""[the service] does not track [users]"" or ""[the service] does not use any tracking technology"".",Trackers,"-1: The service deploys extensive tracking technologies without disclosure, a lawful basis, or any ability for the user to refuse, contrary to Article 5(3) ePrivacy Directive and the consent requirements of the GDPR.
0: Trackers are disclosed and some consent or opt-out is offered, but non-essential tracking is enabled by default or is difficult to refuse.
1: Only strictly necessary trackers are used, or non-essential tracking requires freely given, specific and informed opt-in consent that is as easy to refuse as to give.","Your web browser communicates uniquely identifying information to all web servers it visits by allowing the site to know details about your operating system, browser information, plugins installed, fonts installed, screen resolution, and much more. We do not retain any of this information.",1.0,RiseUp.net,Trackers,"-1: The service deploys extensive tracking technologies without disclosure, a lawful basis, or any ability for the user to refuse, contrary to Article 5(3) ePrivacy Directive and the consent requirements of the GDPR.
0: Trackers are disclosed and some consent or opt-out is offered, but non-essential tracking is enabled by default or is difficult to refuse.
1: Only strictly necessary trackers are used, or non-essential tracking requires freely given, specific and informed opt-in consent that is as easy to refuse as to give.",1,1
13425,The service is provided 'as is' and to be used at the users' sole risk,https://riseup.net/en/about-us/policy/tos,Generated through the annotate view,"You understand and agree that riseup provides online services “as is” and without any warranty, express, implied, or statutory.",4892.0,5020.0,429.0,RiseUp.net,286,neutral,The service is provided 'as is' and to be used at your sole risk,"This service does not provide any guarantees as to its usability or fitness for the users' purposes. Users agree to use it at their own risk, accepting any possible bugs, malfunctions or harm to their devices.",Guarantee,"-1: The service is provided ""as is"" and the ToS disclaims all warranties, offering no guarantee of features, availability or fitness for purpose, contrary to the mandatory conformity guarantees owed to consumers under Article 8 Directive 2019/770.
0: The service provides qualified or limited guarantees, or disclaims warranties only to the extent permitted by applicable law, preserving the consumer's mandatory statutory conformity rights.
1: The service expressly guarantees defined features, quality or availability in a manner consistent with, or exceeding, statutory conformity requirements.","You understand and agree that riseup provides online services “as is” and without any warranty, express, implied, or statutory.",0.0,RiseUp.net,Guarantee,"-1: The service is provided ""as is"" and the ToS disclaims all warranties, offering no guarantee of features, availability or fitness for purpose, contrary to the mandatory conformity guarantees owed to consumers under Article 8 Directive 2019/770.
0: The service provides qualified or limited guarantees, or disclaims warranties only to the extent permitted by applicable law, preserving the consumer's mandatory statutory conformity rights.
1: The service expressly guarantees defined features, quality or availability in a manner consistent with, or exceeding, statutory conformity requirements.",-1,-1
13424,"Users agree not to submit libelous, harassing or threatening content",https://riseup.net/en/about-us/policy/tos,Generated through the annotate view,"<p>You may not engage in the following activities through the services provided by riseup.net:</p>
<ul>
<li>Harassing or abusing others by engaging in threats, stalking or sending spam.",2236.0,2421.0,429.0,RiseUp.net,283,neutral,"You agree not to submit libelous, harassing or threatening content","This service prohibits users from submitting content of a variety of types. This can include content that is unlawful, harassing, abusive, threatening, libelous, sexist, racist, homophobic, transphobic, or discriminatory in any other way.",Content,"-1: Content restrictions are so broad, vague or discretionary that they unduly restrict lawful expression and permit the company to act arbitrarily against the user.
0: Content rules are defined but remain broad, leaving significant interpretive discretion to the company over what is permitted.
1: Content rules are clear, specific and limited to unlawful or genuinely harmful content, with predictable and proportionate enforcement.","You may not engage in the following activities through the services provided by riseup.net: Harassing or abusing others by engaging in threats, stalking or sending spam.",0.0,RiseUp.net,Content,"-1: Content restrictions are so broad, vague or discretionary that they unduly restrict lawful expression and permit the company to act arbitrarily against the user.
0: Content rules are defined but remain broad, leaving significant interpretive discretion to the company over what is permitted.
1: Content rules are clear, specific and limited to unlawful or genuinely harmful content, with predictable and proportionate enforcement.",1,1
17343,Your personal data is used for limited purposes,https://riseup.net/en/about-us/policy/privacy-policy,Generated through the annotate view,<p>We retain only the bare minimum of information about each user that is required to make the service work.,4454.0,4563.0,428.0,RiseUp.net,196,good,Your personal data is used for limited purposes,"Your Personal Data is only used for the essential purposes of the Service, which are clearly defined on the Agreements. For instance, the Service won't abuse your data to deliver targeted advertisements to you or for marketing purposes.",Personal Data,"-1: Once collected, the user has no control over how their personal data is used or for how long it is retained, and the data may be processed for purposes incompatible with those for which it was collected.
0: Some data subject rights or controls are provided, but they are limited, burdensome to exercise, or retention and purposes are poorly defined.
1: The user retains meaningful control consistent with the GDPR rights of access, rectification, erasure, restriction, objection and portability, subject to purpose and storage limitation.",We retain only the bare minimum of information about each user that is required to make the service work.,1.0,RiseUp.net,Personal Data,"-1: Once collected, the user has no control over how their personal data is used or for how long it is retained, and the data may be processed for purposes incompatible with those for which it was collected.
0: Some data subject rights or controls are provided, but they are limited, burdensome to exercise, or retention and purposes are poorly defined.
1: The user retains meaningful control consistent with the GDPR rights of access, rectification, erasure, restriction, objection and portability, subject to purpose and storage limitation.",0,0
17345,You have the right to leave this service at any time,https://riseup.net/en/about-us/policy/privacy-policy,Generated through the annotate view,<p>You may choose to delete your riseup.net account at any time.,5174.0,5238.0,428.0,RiseUp.net,170,good,You have the right to leave this service at any time,"You can stop using the service and/or cancel or delete your account at any time for any reason. Moreover, the termination is reasonably fast and simple.",Right to Leave The Service,"-1: The user cannot freely terminate, or cannot delete or retrieve their data and content upon leaving, resulting in lock-in contrary to Article 16(4) Directive 2019/770 and the portability right of Article 20 GDPR.
0: The user may leave and delete or retrieve some of their data and content, but retrieval or portability is only partial or burdensome.
1: The user may freely terminate the contract and retrieve and delete all of their data and content, with data portability supported.",You may choose to delete your riseup.net account at any time.,1.0,RiseUp.net,Right to Leave The Service,"-1: The user cannot freely terminate, or cannot delete or retrieve their data and content upon leaving, resulting in lock-in contrary to Article 16(4) Directive 2019/770 and the portability right of Article 20 GDPR.
0: The user may leave and delete or retrieve some of their data and content, but retrieval or portability is only partial or burdensome.
1: The user may freely terminate the contract and retrieve and delete all of their data and content, with data portability supported.",1,1
17337,This service does not guarantee that it or the products obtained through it meet the users' expectations or requirements,https://riseup.net/en/about-us/policy/tos,Generated through the annotate view,"We specifically disclaim any implied warrannties of title, merchantability, fitness for a particularly purpose and non-infringement.",5020.0,5153.0,429.0,RiseUp.net,290,neutral,This service does not guarantee that it or the products obtained through it meet your expectations or requirements,"This service provider informs its users that the services, information, products, or other materials provided on its website may not meet the users' expectations or requirements.",Guarantee,"-1: The service is provided ""as is"" and the ToS disclaims all warranties, offering no guarantee of features, availability or fitness for purpose, contrary to the mandatory conformity guarantees owed to consumers under Article 8 Directive 2019/770.
0: The service provides qualified or limited guarantees, or disclaims warranties only to the extent permitted by applicable law, preserving the consumer's mandatory statutory conformity rights.
1: The service expressly guarantees defined features, quality or availability in a manner consistent with, or exceeding, statutory conformity requirements.","We specifically disclaim any implied warrannties of title, merchantability, fitness for a particularly purpose and non-infringement.",0.0,RiseUp.net,Guarantee,"-1: The service is provided ""as is"" and the ToS disclaims all warranties, offering no guarantee of features, availability or fitness for purpose, contrary to the mandatory conformity guarantees owed to consumers under Article 8 Directive 2019/770.
0: The service provides qualified or limited guarantees, or disclaims warranties only to the extent permitted by applicable law, preserving the consumer's mandatory statutory conformity rights.
1: The service expressly guarantees defined features, quality or availability in a manner consistent with, or exceeding, statutory conformity requirements.",-1,-1
17342,"User-generated content is encrypted, and this service cannot decrypt it",https://riseup.net/en/about-us/policy/privacy-policy,Generated through the annotate view,"<p>All of your data is stored in an encrypted format, and only Riseup has the keys to decrypt the data.
Additionally, as of March 2017, the storage for all new accounts is personally encrypted.
Riseup is unable to read any of the stored content for these accounts.",4055.0,4319.0,428.0,RiseUp.net,372,good,"User-generated content is encrypted, and this service cannot decrypt it","Content generated by the users is end-to-end encrypted, in a way that it can't be accessed by anyone unauthorised, and even the service has no technical means to decrypt it.",Content,"-1: Content restrictions are so broad, vague or discretionary that they unduly restrict lawful expression and permit the company to act arbitrarily against the user.
0: Content rules are defined but remain broad, leaving significant interpretive discretion to the company over what is permitted.
1: Content rules are clear, specific and limited to unlawful or genuinely harmful content, with predictable and proportionate enforcement.","All of your data is stored in an encrypted format, and only Riseup has the keys to decrypt the data. Additionally, as of March 2017, the storage for all new accounts is personally encrypted. Riseup is unable to read any of the stored content for these accounts.",1.0,RiseUp.net,Content,"-1: Content restrictions are so broad, vague or discretionary that they unduly restrict lawful expression and permit the company to act arbitrarily against the user.
0: Content rules are defined but remain broad, leaving significant interpretive discretion to the company over what is permitted.
1: Content rules are clear, specific and limited to unlawful or genuinely harmful content, with predictable and proportionate enforcement.",1,1
17340,The service does not use third-party analytics or tracking platforms,https://riseup.net/en/about-us/policy/privacy-policy,Generated through the annotate view,We do not use any third party cookies or tracking of any kind.</p>,2654.0,2720.0,428.0,RiseUp.net,381,good,No third-party analytics or tracking platforms are used,There are no Google Analytics or other tracking codes embedded in the service.  Any tracking is performed by the service itself.,Third Parties,"-1: Personal data is shared with, or sold to, third parties without disclosure, a lawful basis, or any user control over the sharing.
0: Third-party sharing is disclosed and limited to stated purposes (for instance, processors acting on the company's behalf), but the user retains limited control over it.
1: Third-party sharing is minimal, transparent, purpose-bound and subject to the user's control or consent, with no sale of personal data.",We do not use any third party cookies or tracking of any kind.,1.0,RiseUp.net,Third Parties,"-1: Personal data is shared with, or sold to, third parties without disclosure, a lawful basis, or any user control over the sharing.
0: Third-party sharing is disclosed and limited to stated purposes (for instance, processors acting on the company's behalf), but the user retains limited control over it.
1: Third-party sharing is minimal, transparent, purpose-bound and subject to the user's control or consent, with no sale of personal data.",1,1
17344,Your personal data is aggregated into statistics,https://riseup.net/en/about-us/policy/privacy-policy,Generated through the annotate view,"Anonymous, aggregated information that cannot be linked back to an individual user may be made available to experienced researchers for the sole purpose of developing better systems for anonymous and secure communication.
For example, we may aggregate information on how many messages a typical user sends and receives, and with what frequency.",4623.0,4967.0,428.0,RiseUp.net,190,neutral,Your personal data is aggregated into statistics,"Your personal data is used for statistics in a de-identified/aggregated form (i.e. not directly linked to a unique identity) to analyse trends, for research and for analytics.",Personal Data,"-1: Once collected, the user has no control over how their personal data is used or for how long it is retained, and the data may be processed for purposes incompatible with those for which it was collected.
0: Some data subject rights or controls are provided, but they are limited, burdensome to exercise, or retention and purposes are poorly defined.
1: The user retains meaningful control consistent with the GDPR rights of access, rectification, erasure, restriction, objection and portability, subject to purpose and storage limitation.","Anonymous, aggregated information that cannot be linked back to an individual user may be made available to experienced researchers for the sole purpose of developing better systems for anonymous and secure communication. For example, we may aggregate information on how many messages a typical user sends and receives, and with what frequency.",0.0,RiseUp.net,Personal Data,"-1: Once collected, the user has no control over how their personal data is used or for how long it is retained, and the data may be processed for purposes incompatible with those for which it was collected.
0: Some data subject rights or controls are provided, but they are limited, burdensome to exercise, or retention and purposes are poorly defined.
1: The user retains meaningful control consistent with the GDPR rights of access, rectification, erasure, restriction, objection and portability, subject to purpose and storage limitation.",1,0
17346,The terms for this service are translated into different languages,https://riseup.net/en/about-us/policy/tos,Generated through the annotate view,中文 Español English Português Pyccĸий Deutsch Français Italiano Polski Ελληνικά Català Hindi,443.0,534.0,429.0,RiseUp.net,198,neutral,The terms for this service are translated into different languages,"Although there's generally a unique binding language for the terms, they are translated to allow all users to understand the agreement they're accepting, no matter their native language.",Transparency,"-1: The terms and policies are inaccessible, unclear, or not drafted in plain and intelligible language, contrary to the transparency requirement of Article 5 Directive 93/13.
0: Information is provided, but it is incomplete, dense, or difficult to navigate, hindering the user's understanding.
1: The terms and data practices are presented in clear, plain, accessible and easily comprehensible language that supports an informed decision by the user.",中文 Español English Português Pyccĸий Deutsch Français Italiano Polski Ελληνικά Català Hindi,0.0,RiseUp.net,Transparency,"-1: The terms and policies are inaccessible, unclear, or not drafted in plain and intelligible language, contrary to the transparency requirement of Article 5 Directive 93/13.
0: Information is provided, but it is incomplete, dense, or difficult to navigate, hindering the user's understanding.
1: The terms and data practices are presented in clear, plain, accessible and easily comprehensible language that supports an informed decision by the user.",0,1
1241,The service can delete your account without prior notice and without a reason,https://riseup.net/en/about-us/policy/tos,The service enforces censorship that is defined in a broad and open to interpretation manner.,<p>riseup.net may terminate your service at any time for any reason.,2874.0,2943.0,429.0,RiseUp.net,201,bad,Your account can be deleted without prior notice and without a reason,"At any time, your account can be terminated without explanation and without warning by the service. ",Suspension and Censorship,"-1: The company reserves the right to suspend the account or remove or censor lawful content at any time without serious grounds, prior notice, or any possibility of appeal.
0: Suspension or content removal is limited to stated grounds but lacks a notice period, or includes notice but relies on broad or vague grounds.
1: Suspension or content removal is confined to serious, specified grounds with a statement of reasons, prior notice, and a right of appeal consistent with Article 17 DSA, or no such right is reserved at all.",riseup.net may terminate your service at any time for any reason.,-1.0,RiseUp.net,Suspension and Censorship,"-1: The company reserves the right to suspend the account or remove or censor lawful content at any time without serious grounds, prior notice, or any possibility of appeal.
0: Suspension or content removal is limited to stated grounds but lacks a notice period, or includes notice but relies on broad or vague grounds.
1: Suspension or content removal is confined to serious, specified grounds with a statement of reasons, prior notice, and a right of appeal consistent with Article 17 DSA, or no such right is reserved at all.",-1,-1
9011,The service does not share user information with third parties,https://riseup.net/en/about-us/policy/government-faq,Generated through the annotate view,We would like to clearly state that Riseup has never given any user information to any third party.,1277.0,1376.0,430.0,RiseUp.net,311,good,Your personal data is not shared with third parties,Information collected from users by this service is not given to third parties.,Third Parties,"-1: Personal data is shared with, or sold to, third parties without disclosure, a lawful basis, or any user control over the sharing.
0: Third-party sharing is disclosed and limited to stated purposes (for instance, processors acting on the company's behalf), but the user retains limited control over it.
1: Third-party sharing is minimal, transparent, purpose-bound and subject to the user's control or consent, with no sale of personal data.",We would like to clearly state that Riseup has never given any user information to any third party.,1.0,RiseUp.net,Third Parties,"-1: Personal data is shared with, or sold to, third parties without disclosure, a lawful basis, or any user control over the sharing.
0: Third-party sharing is disclosed and limited to stated purposes (for instance, processors acting on the company's behalf), but the user retains limited control over it.
1: Third-party sharing is minimal, transparent, purpose-bound and subject to the user's control or consent, with no sale of personal data.",1,1
7005,This service uses third-party cookies for statistics,https://www.goguardian.com/privacy.html,Generated through the annotate view,"Some of the cookies used on our Website are set by us, and some are set by third parties that are delivering services on our behalf.</p>",27905.0,28041.0,1487.0,Goguardian,325,bad,Third-party cookies are used for statistics,"For instance, Google Analytics, rather than self-hosted (first-party) statistics software.",Trackers,"-1: The service deploys extensive tracking technologies without disclosure, a lawful basis, or any ability for the user to refuse, contrary to Article 5(3) ePrivacy Directive and the consent requirements of the GDPR.
0: Trackers are disclosed and some consent or opt-out is offered, but non-essential tracking is enabled by default or is difficult to refuse.
1: Only strictly necessary trackers are used, or non-essential tracking requires freely given, specific and informed opt-in consent that is as easy to refuse as to give.","Some of the cookies used on our Website are set by us, and some are set by third parties that are delivering services on our behalf.",-1.0,Goguardian,Trackers,"-1: The service deploys extensive tracking technologies without disclosure, a lawful basis, or any ability for the user to refuse, contrary to Article 5(3) ePrivacy Directive and the consent requirements of the GDPR.
0: Trackers are disclosed and some consent or opt-out is offered, but non-essential tracking is enabled by default or is difficult to refuse.
1: Only strictly necessary trackers are used, or non-essential tracking requires freely given, specific and informed opt-in consent that is as easy to refuse as to give.",0,0
7004,"The service may keep a secure, anonymized record of users' data for analytical purposes even after the data retention period",https://www.goguardian.com/privacy.html,Generated through the annotate view,"To dispose of any personal information, we may anonymize it, delete it or take other appropriate steps.",16330.0,16433.0,1487.0,Goguardian,304,bad,"The service may keep a secure, anonymized record of your data for analytical purposes even after the data retention period","The data retention period states how long a service keeps user data. In this case, the service may anonymize the personal data after its retention period is over and use it for analytical or research purposes.",Right to Leave The Service,"-1: The user cannot freely terminate, or cannot delete or retrieve their data and content upon leaving, resulting in lock-in contrary to Article 16(4) Directive 2019/770 and the portability right of Article 20 GDPR.
0: The user may leave and delete or retrieve some of their data and content, but retrieval or portability is only partial or burdensome.
1: The user may freely terminate the contract and retrieve and delete all of their data and content, with data portability supported.","To dispose of any personal information, we may anonymize it, delete it or take other appropriate steps.",-1.0,Goguardian,Right to Leave The Service,"-1: The user cannot freely terminate, or cannot delete or retrieve their data and content upon leaving, resulting in lock-in contrary to Article 16(4) Directive 2019/770 and the portability right of Article 20 GDPR.
0: The user may leave and delete or retrieve some of their data and content, but retrieval or portability is only partial or burdensome.
1: The user may freely terminate the contract and retrieve and delete all of their data and content, with data portability supported.",-1,0
7438,Failure to enforce any provision of the Terms of Service does not constitute a waiver of such provision,https://myanimelist.net/about/terms_of_use,Generated through the annotate view,Our failure to exercise or enforce any right or provision of these Terms of Use will not operate as a waiver of such right or provision.,55423.0,55560.0,849.0,MyAnimeList,295,neutral,Failure to enforce any provision of the Terms of Service does not constitute a waiver of such provision,"Even if the service does not or not always enforce all of the rules or provisions contained in its terms, they still apply. Users can at a later time still be held accountable for violating provisions that have not been enforced consistently.",Governance,"-1: The company retains wholly unilateral and discretionary governance over the service and its community, with no user participation, published decision-making criteria, or accountability mechanisms.
0: Some governance structures exist (e.g. published community guidelines or moderation rules), but users have no voice in decisions and enforcement remains at the company's discretion.
1: The service provides transparent governance with meaningful community participation, such as consultation on substantial decisions, published moderation criteria, and accessible appeal or redress procedures.",Our failure to exercise or enforce any right or provision of these Terms of Use will not operate as a waiver of such right or provision.,0.0,MyAnimeList,Governance,"-1: The company retains wholly unilateral and discretionary governance over the service and its community, with no user participation, published decision-making criteria, or accountability mechanisms.
0: Some governance structures exist (e.g. published community guidelines or moderation rules), but users have no voice in decisions and enforcement remains at the company's discretion.
1: The service provides transparent governance with meaningful community participation, such as consultation on substantial decisions, published moderation criteria, and accessible appeal or redress procedures.",-1,0
18220,Invalidity of any portion of the Terms of Service does not entail invalidity of its remainder,https://myanimelist.net/about/terms_of_use,Generated through the annotate view,"If any provision of these Terms of Use is, for any reason, held to be illegal, invalid or unenforceable, you and the Company agree that the rest of the Terms of Use will remain in full force and effect, the provision in question may be replaced by the lawful provision that most nearly embodies the original intention of the parties, and that these Terms of Use shall in any event otherwise remain valid and enforceable.",55584.0,56004.0,849.0,MyAnimeList,294,neutral,Invalidity of any portion of the Terms of Service does not entail invalidity of its remainder,"Should any portion of the Terms of Service be unenforceable or invalid, that portion will be enforced to the fullest extent permitted by applicable law and the remainder of the TOS will remain valid and enforceable.",Governance,"-1: The company retains wholly unilateral and discretionary governance over the service and its community, with no user participation, published decision-making criteria, or accountability mechanisms.
0: Some governance structures exist (e.g. published community guidelines or moderation rules), but users have no voice in decisions and enforcement remains at the company's discretion.
1: The service provides transparent governance with meaningful community participation, such as consultation on substantial decisions, published moderation criteria, and accessible appeal or redress procedures.","If any provision of these Terms of Use is, for any reason, held to be illegal, invalid or unenforceable, you and the Company agree that the rest of the Terms of Use will remain in full force and effect, the provision in question may be replaced by the lawful provision that most nearly embodies the original intention of the parties, and that these Terms of Use shall in any event otherwise remain valid and enforceable.",0.0,MyAnimeList,Governance,"-1: The company retains wholly unilateral and discretionary governance over the service and its community, with no user participation, published decision-making criteria, or accountability mechanisms.
0: Some governance structures exist (e.g. published community guidelines or moderation rules), but users have no voice in decisions and enforcement remains at the company's discretion.
1: The service provides transparent governance with meaningful community participation, such as consultation on substantial decisions, published moderation criteria, and accessible appeal or redress procedures.",0,0
18222,You are responsible for maintaining the security of your account and for the activities on your account,https://myanimelist.net/about/terms_of_use,Generated through the annotate view,"You are solely responsible for the activity that occurs on your profile or account, and you must keep the password for your profile or account secure at all times.",17326.0,17489.0,849.0,MyAnimeList,148,neutral,You are responsible for maintaining the security of your account and for the activities on your account,"You are responsible for protecting the confidentiality of your password and for maintaining the security of your account. Any activity occurring under your account is your responsibility, whether authorized by you or not. ",Security,"-1: The ToS describes no security measures and/or disclaims all responsibility for protecting the user's account and data against unauthorised access.
0: Basic security measures are mentioned, but commitments are vague or shift the substantial burden of securing the account onto the user.
1: The service commits to appropriate technical and organisational security measures and to breach handling and notification, consistent with Articles 32 and 33-34 GDPR.","You are solely responsible for the activity that occurs on your profile or account, and you must keep the password for your profile or account secure at all times.",0.0,MyAnimeList,Security,"-1: The ToS describes no security measures and/or disclaims all responsibility for protecting the user's account and data against unauthorised access.
0: Basic security measures are mentioned, but commitments are vague or shift the substantial burden of securing the account onto the user.
1: The service commits to appropriate technical and organisational security measures and to breach handling and notification, consistent with Articles 32 and 33-34 GDPR.",0,0
18223,The service does not guarantee accuracy or reliability of the information provided,https://myanimelist.net/about/terms_of_use,"Full Text: ""Without limiting the foregoing, and to the extent allowed by applicable law, Company assumes no liability or responsibility, including but not limited to, for any of the following: [...] Errors, mistakes, or inaccuracies of content.""","Errors, mistakes, or inaccuracies of content.",7017.0,7062.0,849.0,MyAnimeList,288,neutral,The service does not guarantee accuracy or reliability of the information provided,This service makes no warranty regarding the accuracy or reliability of any information that is given on its website or the results that may be obtained from the use of the service.,Guarantee,"-1: The service is provided ""as is"" and the ToS disclaims all warranties, offering no guarantee of features, availability or fitness for purpose, contrary to the mandatory conformity guarantees owed to consumers under Article 8 Directive 2019/770.
0: The service provides qualified or limited guarantees, or disclaims warranties only to the extent permitted by applicable law, preserving the consumer's mandatory statutory conformity rights.
1: The service expressly guarantees defined features, quality or availability in a manner consistent with, or exceeding, statutory conformity requirements.","Errors, mistakes, or inaccuracies of content.",0.0,MyAnimeList,Guarantee,"-1: The service is provided ""as is"" and the ToS disclaims all warranties, offering no guarantee of features, availability or fitness for purpose, contrary to the mandatory conformity guarantees owed to consumers under Article 8 Directive 2019/770.
0: The service provides qualified or limited guarantees, or disclaims warranties only to the extent permitted by applicable law, preserving the consumer's mandatory statutory conformity rights.
1: The service expressly guarantees defined features, quality or availability in a manner consistent with, or exceeding, statutory conformity requirements.",-1,-1
24918,A free help desk is provided,https://myanimelist.net/about/privacy_policy,Generated through the annotate view,"If you have any questions about this Privacy Policy, please contact us at legal@mail.myanimelist.net.",931.0,1033.0,848.0,MyAnimeList,232,good,A free help desk is provided,The service can be easily contacted for questions or provides a support center at no extra cost.,Transparency,"-1: The terms and policies are inaccessible, unclear, or not drafted in plain and intelligible language, contrary to the transparency requirement of Article 5 Directive 93/13.
0: Information is provided, but it is incomplete, dense, or difficult to navigate, hindering the user's understanding.
1: The terms and data practices are presented in clear, plain, accessible and easily comprehensible language that supports an informed decision by the user.","If you have any questions about this Privacy Policy, please contact us at legal@mail.myanimelist.net.",1.0,MyAnimeList,Transparency,"-1: The terms and policies are inaccessible, unclear, or not drafted in plain and intelligible language, contrary to the transparency requirement of Article 5 Directive 93/13.
0: Information is provided, but it is incomplete, dense, or difficult to navigate, hindering the user's understanding.
1: The terms and data practices are presented in clear, plain, accessible and easily comprehensible language that supports an informed decision by the user.",1,1
6646,"The service may use tracking pixels, web beacons, browser fingerprinting, and/or device fingerprinting on users.",https://myanimelist.net/about/privacy_policy,Generated through the annotate view,"These third parties may collect information about you and your online activities, either on the Sites or on other websites, through cookies, web beacons, and other technologies to understand your interests and tailor certain advertisements to your interests.</p>
<p",15713.0,15978.0,848.0,MyAnimeList,323,bad,"You are tracked via web beacons, tracking pixels, browser fingerprinting, and/or device fingerprinting","Tracking technologies (such as web beacons, tracking pixels...) are employed on users and/or the service assigns a unique ID to a browser or device to track its behaviour.",Trackers,"-1: The service deploys extensive tracking technologies without disclosure, a lawful basis, or any ability for the user to refuse, contrary to Article 5(3) ePrivacy Directive and the consent requirements of the GDPR.
0: Trackers are disclosed and some consent or opt-out is offered, but non-essential tracking is enabled by default or is difficult to refuse.
1: Only strictly necessary trackers are used, or non-essential tracking requires freely given, specific and informed opt-in consent that is as easy to refuse as to give.","These third parties may collect information about you and your online activities, either on the Sites or on other websites, through cookies, web beacons, and other technologies to understand your interests and tailor certain advertisements to your interests. <p",-1.0,MyAnimeList,Trackers,"-1: The service deploys extensive tracking technologies without disclosure, a lawful basis, or any ability for the user to refuse, contrary to Article 5(3) ePrivacy Directive and the consent requirements of the GDPR.
0: Trackers are disclosed and some consent or opt-out is offered, but non-essential tracking is enabled by default or is difficult to refuse.
1: Only strictly necessary trackers are used, or non-essential tracking requires freely given, specific and informed opt-in consent that is as easy to refuse as to give.",0,0
14016,This service ignores the Do Not Track (DNT) header and tracks users anyway even if they set this header.,https://myanimelist.net/about/privacy_policy,Generated through the annotate view,the Sites do not currently respond to DNT,15265.0,15306.0,848.0,MyAnimeList,233,bad,Do Not Track (DNT) headers are ignored and you are tracked anyway even if you set this header.,"Even though the Do Not Track (DNT) header was not implemented perfectly, services should not track users whose browsers send a DNT header.",Trackers,"-1: The service deploys extensive tracking technologies without disclosure, a lawful basis, or any ability for the user to refuse, contrary to Article 5(3) ePrivacy Directive and the consent requirements of the GDPR.
0: Trackers are disclosed and some consent or opt-out is offered, but non-essential tracking is enabled by default or is difficult to refuse.
1: Only strictly necessary trackers are used, or non-essential tracking requires freely given, specific and informed opt-in consent that is as easy to refuse as to give.",the Sites do not currently respond to DNT,-1.0,MyAnimeList,Trackers,"-1: The service deploys extensive tracking technologies without disclosure, a lawful basis, or any ability for the user to refuse, contrary to Article 5(3) ePrivacy Directive and the consent requirements of the GDPR.
0: Trackers are disclosed and some consent or opt-out is offered, but non-essential tracking is enabled by default or is difficult to refuse.
1: Only strictly necessary trackers are used, or non-essential tracking requires freely given, specific and informed opt-in consent that is as easy to refuse as to give.",0,0
24914,Blocking first party cookies may limit your ability to use the service,https://myanimelist.net/about/cookie_policy,Generated through the annotate view,"<p>However, please note that if you do not accept cookies, you may not be able to view or use parts of our website or other online services due to limited functionality.",4120.0,4289.0,8793.0,MyAnimeList,375,neutral,Blocking first party cookies may limit your ability to use the service,"Most browsers allow users to set preferences related to cookies storage. You may choose to block all cookies (including first-party cookies), but it may impact your use of this service and you may not be able to access some or any of the features provided.",Trackers,"-1: The service deploys extensive tracking technologies without disclosure, a lawful basis, or any ability for the user to refuse, contrary to Article 5(3) ePrivacy Directive and the consent requirements of the GDPR.
0: Trackers are disclosed and some consent or opt-out is offered, but non-essential tracking is enabled by default or is difficult to refuse.
1: Only strictly necessary trackers are used, or non-essential tracking requires freely given, specific and informed opt-in consent that is as easy to refuse as to give.","However, please note that if you do not accept cookies, you may not be able to view or use parts of our website or other online services due to limited functionality.",0.0,MyAnimeList,Trackers,"-1: The service deploys extensive tracking technologies without disclosure, a lawful basis, or any ability for the user to refuse, contrary to Article 5(3) ePrivacy Directive and the consent requirements of the GDPR.
0: Trackers are disclosed and some consent or opt-out is offered, but non-essential tracking is enabled by default or is difficult to refuse.
1: Only strictly necessary trackers are used, or non-essential tracking requires freely given, specific and informed opt-in consent that is as easy to refuse as to give.",0,0
24915,You can opt out of targeted advertising,https://myanimelist.net/about/cookie_policy,Generated through the annotate view,"<p>To opt out of having information collected by non-affiliated third party ad networks, advertising agencies, advertisers, and audience segment providers used for behavioral advertising, to obtain information about the technologies these third parties might use, and to view information regarding their privacy policies, please visit http://www.aboutads.info/choices&nbsp.
if you are located in the United States, www.youronlinechoices.com if you are located in Europe, youradchoices.ca/choices if you are located in Canada, or www.youronlinechoices.com.au if you are located in Australia.",4863.0,5453.0,8793.0,MyAnimeList,219,good,You can opt out of targeted advertising,"The service employs your data to target ads to you, but you can opt-out of this interest-based advertising.",Advertising,"-1: Personal data is used for advertising, including profiling and targeting, without disclosure, a lawful basis, or any opt-out, and with heavy third-party involvement.
0: Targeted advertising is disclosed and some opt-out is offered, but it is enabled by default or relies on extensive sharing of personal data with third parties.
1: Advertising is non-targeted, or uses personal data only on the basis of informed opt-in consent with an easy opt-out, with minimal third-party involvement.","To opt out of having information collected by non-affiliated third party ad networks, advertising agencies, advertisers, and audience segment providers used for behavioral advertising, to obtain information about the technologies these third parties might use, and to view information regarding their privacy policies, please visit http://www.aboutads.info/choices . if you are located in the United States, www.youronlinechoices.com if you are located in Europe, youradchoices.ca/choices if you are located in Canada, or www.youronlinechoices.com.au if you are located in Australia.",1.0,MyAnimeList,Advertising,"-1: Personal data is used for advertising, including profiling and targeting, without disclosure, a lawful basis, or any opt-out, and with heavy third-party involvement.
0: Targeted advertising is disclosed and some opt-out is offered, but it is enabled by default or relies on extensive sharing of personal data with third parties.
1: Advertising is non-targeted, or uses personal data only on the basis of informed opt-in consent with an easy opt-out, with minimal third-party involvement.",0,0
24910,First-party cookies are used,https://myanimelist.net/about/cookie_policy,Generated through the annotate view,Some cookies we use are strictly necessary to enable us to provide our website and application services to you (such as cookies that provide your log-in status when that account ID is linked to functionality on our website).</p>,1313.0,1541.0,8793.0,MyAnimeList,126,neutral,First-party cookies are used,First-party cookies only belong to the domain of the service and not a third party.,Trackers,"-1: The service deploys extensive tracking technologies without disclosure, a lawful basis, or any ability for the user to refuse, contrary to Article 5(3) ePrivacy Directive and the consent requirements of the GDPR.
0: Trackers are disclosed and some consent or opt-out is offered, but non-essential tracking is enabled by default or is difficult to refuse.
1: Only strictly necessary trackers are used, or non-essential tracking requires freely given, specific and informed opt-in consent that is as easy to refuse as to give.",Some cookies we use are strictly necessary to enable us to provide our website and application services to you (such as cookies that provide your log-in status when that account ID is linked to functionality on our website).,0.0,MyAnimeList,Trackers,"-1: The service deploys extensive tracking technologies without disclosure, a lawful basis, or any ability for the user to refuse, contrary to Article 5(3) ePrivacy Directive and the consent requirements of the GDPR.
0: Trackers are disclosed and some consent or opt-out is offered, but non-essential tracking is enabled by default or is difficult to refuse.
1: Only strictly necessary trackers are used, or non-essential tracking requires freely given, specific and informed opt-in consent that is as easy to refuse as to give.",1,1
24909,Third parties are involved in operating the service,https://myanimelist.net/about/cookie_policy,Generated through the annotate view,"We use cookies (like many online service providers), including third-party cookies, for a number of reasons, like to recognize you when you visit our website or applications, remember your preferences, give you a personalized experience consistent with your browser settings and to make your interactions with MyAnimeList faster and more secure.",910.0,1255.0,8793.0,MyAnimeList,207,neutral,Third parties are involved in operating the service,,Third Parties,"-1: Personal data is shared with, or sold to, third parties without disclosure, a lawful basis, or any user control over the sharing.
0: Third-party sharing is disclosed and limited to stated purposes (for instance, processors acting on the company's behalf), but the user retains limited control over it.
1: Third-party sharing is minimal, transparent, purpose-bound and subject to the user's control or consent, with no sale of personal data.","We use cookies (like many online service providers), including third-party cookies, for a number of reasons, like to recognize you when you visit our website or applications, remember your preferences, give you a personalized experience consistent with your browser settings and to make your interactions with MyAnimeList faster and more secure.",0.0,MyAnimeList,Third Parties,"-1: Personal data is shared with, or sold to, third parties without disclosure, a lawful basis, or any user control over the sharing.
0: Third-party sharing is disclosed and limited to stated purposes (for instance, processors acting on the company's behalf), but the user retains limited control over it.
1: Third-party sharing is minimal, transparent, purpose-bound and subject to the user's control or consent, with no sale of personal data.",0,0
24916,The service informs you that its privacy policy does not apply to third party websites,https://myanimelist.net/about/cookie_policy,Generated through the annotate view,"Please remember that we do not have access to, or control over, non-affiliated third party advertisers' or service providers' cookies, and the information practices of such third parties are not covered by this Cookie Policy or our Privacy Policy.",5632.0,5879.0,8793.0,MyAnimeList,299,neutral,The service informs you that its privacy policy does not apply to third party websites,"The service states that whenever it links to third party websites or applications, its privacy policy does not apply. Those third party websites or applications hosted or operated by other organizations may have their own privacy policies.",Transparency,"-1: The terms and policies are inaccessible, unclear, or not drafted in plain and intelligible language, contrary to the transparency requirement of Article 5 Directive 93/13.
0: Information is provided, but it is incomplete, dense, or difficult to navigate, hindering the user's understanding.
1: The terms and data practices are presented in clear, plain, accessible and easily comprehensible language that supports an informed decision by the user.","Please remember that we do not have access to, or control over, non-affiliated third party advertisers' or service providers' cookies, and the information practices of such third parties are not covered by this Cookie Policy or our Privacy Policy.",0.0,MyAnimeList,Transparency,"-1: The terms and policies are inaccessible, unclear, or not drafted in plain and intelligible language, contrary to the transparency requirement of Article 5 Directive 93/13.
0: Information is provided, but it is incomplete, dense, or difficult to navigate, hindering the user's understanding.
1: The terms and data practices are presented in clear, plain, accessible and easily comprehensible language that supports an informed decision by the user.",1,1
24919,The service informs you that its privacy policy does not apply to third party websites,https://myanimelist.net/about/privacy_policy,Generated through the annotate view,"This Privacy Policy is applicable only to the Sites and does not extend to information collected by any other websites or applications or to the practices or procedures of companies that the Company does not control.
Note that the Sites may contain links to other websites, such as ad banners linking to another website.
In such cases, this Privacy Policy does not apply to information collected on that website (or other websites).
We are not responsible for the privacy practices of other websites, and we recommend that you read the privacy policies of each website that you visit or application that you use.</p>",1512.0,2128.0,848.0,MyAnimeList,299,neutral,The service informs you that its privacy policy does not apply to third party websites,"The service states that whenever it links to third party websites or applications, its privacy policy does not apply. Those third party websites or applications hosted or operated by other organizations may have their own privacy policies.",Transparency,"-1: The terms and policies are inaccessible, unclear, or not drafted in plain and intelligible language, contrary to the transparency requirement of Article 5 Directive 93/13.
0: Information is provided, but it is incomplete, dense, or difficult to navigate, hindering the user's understanding.
1: The terms and data practices are presented in clear, plain, accessible and easily comprehensible language that supports an informed decision by the user.","This Privacy Policy is applicable only to the Sites and does not extend to information collected by any other websites or applications or to the practices or procedures of companies that the Company does not control. Note that the Sites may contain links to other websites, such as ad banners linking to another website. In such cases, this Privacy Policy does not apply to information collected on that website (or other websites). We are not responsible for the privacy practices of other websites, and we recommend that you read the privacy policies of each website that you visit or application that you use.",0.0,MyAnimeList,Transparency,"-1: The terms and policies are inaccessible, unclear, or not drafted in plain and intelligible language, contrary to the transparency requirement of Article 5 Directive 93/13.
0: Information is provided, but it is incomplete, dense, or difficult to navigate, hindering the user's understanding.
1: The terms and data practices are presented in clear, plain, accessible and easily comprehensible language that supports an informed decision by the user.",1,1
25581,"The terms may be changed at any time, but you will receive notification of the changes",https://myanimelist.net/about/terms_of_use,Generated through the annotate view,"When we amend these Terms of Use, we will provide notice to you.
We may provide you notice of amended Terms of Use by sending an email to the email address associated with your MyAnimeList user account (if you have chosen to provide an email address) or by otherwise providing notice through our Service.",2842.0,3146.0,849.0,MyAnimeList,122,neutral,"The terms may be changed at any time, but you will receive notification of the changes","The Terms may be updated without prior notice, but users will be notified of the changes at the moment they will start applying.",Notice of Changing Terms,"-1: Terms may change without any prior notice to the user, with changes taking effect immediately or continued use being deemed acceptance.
0: Users are notified of changes, but without sufficient lead time or a meaningful opportunity to review the changes and decide before they take effect.
1: Users receive clear, advance notice of changes with a reasonable period to review them and the ability to terminate the contract before the new terms apply.","When we amend these Terms of Use, we will provide notice to you. We may provide you notice of amended Terms of Use by sending an email to the email address associated with your MyAnimeList user account (if you have chosen to provide an email address) or by otherwise providing notice through our Service.",0.0,MyAnimeList,Notice of Changing Terms,"-1: Terms may change without any prior notice to the user, with changes taking effect immediately or continued use being deemed acceptance.
0: Users are notified of changes, but without sufficient lead time or a meaningful opportunity to review the changes and decide before they take effect.
1: Users receive clear, advance notice of changes with a reasonable period to review them and the ability to terminate the contract before the new terms apply.",0,0
26828,Information is provided about how your personal data is used,https://myanimelist.net/about/privacy_policy,Generated through the annotate view,How we use the information that we collect,1107.0,1149.0,848.0,MyAnimeList,227,good,Information is provided about how your personal data is used,"The Privacy Policy explains the purposes for which data is collected and the way it is processed, used and shared.",Transparency,"-1: The terms and policies are inaccessible, unclear, or not drafted in plain and intelligible language, contrary to the transparency requirement of Article 5 Directive 93/13.
0: Information is provided, but it is incomplete, dense, or difficult to navigate, hindering the user's understanding.
1: The terms and data practices are presented in clear, plain, accessible and easily comprehensible language that supports an informed decision by the user.",How we use the information that we collect,1.0,MyAnimeList,Transparency,"-1: The terms and policies are inaccessible, unclear, or not drafted in plain and intelligible language, contrary to the transparency requirement of Article 5 Directive 93/13.
0: Information is provided, but it is incomplete, dense, or difficult to navigate, hindering the user's understanding.
1: The terms and data practices are presented in clear, plain, accessible and easily comprehensible language that supports an informed decision by the user.",1,1
26829,"The service provider makes no warranty regarding uninterrupted, timely, secure or error-free service",https://myanimelist.net/about/terms_of_use,Generated through the annotate view,Any interruption or cessation of transmission to or from the Service.,6937.0,7006.0,849.0,MyAnimeList,287,neutral,"The service provider makes no warranty regarding uninterrupted, timely, secure or error-free service","The service provider expressly does not claim to provide uninterrupted, timely, secure or error-free service.",Guarantee,"-1: The service is provided ""as is"" and the ToS disclaims all warranties, offering no guarantee of features, availability or fitness for purpose, contrary to the mandatory conformity guarantees owed to consumers under Article 8 Directive 2019/770.
0: The service provides qualified or limited guarantees, or disclaims warranties only to the extent permitted by applicable law, preserving the consumer's mandatory statutory conformity rights.
1: The service expressly guarantees defined features, quality or availability in a manner consistent with, or exceeding, statutory conformity requirements.",Any interruption or cessation of transmission to or from the Service.,0.0,MyAnimeList,Guarantee,"-1: The service is provided ""as is"" and the ToS disclaims all warranties, offering no guarantee of features, availability or fitness for purpose, contrary to the mandatory conformity guarantees owed to consumers under Article 8 Directive 2019/770.
0: The service provides qualified or limited guarantees, or disclaims warranties only to the extent permitted by applicable law, preserving the consumer's mandatory statutory conformity rights.
1: The service expressly guarantees defined features, quality or availability in a manner consistent with, or exceeding, statutory conformity requirements.",-1,-1
26830,Third-party cookies are used for advertising,https://myanimelist.net/about/cookie_policy,Generated through the annotate view,"our third party partners may use cookies to determine whether we've shown an ad and how it performed, or collect information about how you interact with ads.",2940.0,3098.0,8793.0,MyAnimeList,128,bad,Third-party cookies are used for advertising,The service's website sets third-party cookies (cookies that do not belong to their domain) for purposes not including statistics and analytics.,Trackers,"-1: The service deploys extensive tracking technologies without disclosure, a lawful basis, or any ability for the user to refuse, contrary to Article 5(3) ePrivacy Directive and the consent requirements of the GDPR.
0: Trackers are disclosed and some consent or opt-out is offered, but non-essential tracking is enabled by default or is difficult to refuse.
1: Only strictly necessary trackers are used, or non-essential tracking requires freely given, specific and informed opt-in consent that is as easy to refuse as to give.","our third party partners may use cookies to determine whether we've shown an ad and how it performed, or collect information about how you interact with ads.",-1.0,MyAnimeList,Trackers,"-1: The service deploys extensive tracking technologies without disclosure, a lawful basis, or any ability for the user to refuse, contrary to Article 5(3) ePrivacy Directive and the consent requirements of the GDPR.
0: Trackers are disclosed and some consent or opt-out is offered, but non-essential tracking is enabled by default or is difficult to refuse.
1: Only strictly necessary trackers are used, or non-essential tracking requires freely given, specific and informed opt-in consent that is as easy to refuse as to give.",0,0
26842,Many different types of personal data are collected,https://myanimelist.net/about/privacy_policy,Generated through the annotate view,"You do not need to provide information directly to us in order to view the Sites.
However, when you use certain functions on the Sites, such as accessing certain features or content, registering for certain services, setting up a profile or contacting the Sites directly, you may provide us or we may ask for personally identifiable information or other information, which may include:</p>
<ul>
<li>contact information, such as name, email address, postal address and phone number;</li>
<li>username and password for your account;</li>
<li>information posted in community discussions and other interactive online features;</li>
<li>information you may decide to provide on your profile or through your account, such as photographs, friends, biographies, anime or manga related lists and favorites, comments, posts, reviews, ratings, recommendations and other information or content you may provide through your account or on your profile.
</li>
<li>search queries conducted on the Sites.
and</li>
<li>correspondence you send to us.",2201.0,3232.0,848.0,MyAnimeList,376,bad,Many different types of personal data are collected,"The service collects different kinds of personal data, such as name, demographic information, postal address, biometric data, device information, IDs, contacts, call logs...",Personal Data,"-1: Once collected, the user has no control over how their personal data is used or for how long it is retained, and the data may be processed for purposes incompatible with those for which it was collected.
0: Some data subject rights or controls are provided, but they are limited, burdensome to exercise, or retention and purposes are poorly defined.
1: The user retains meaningful control consistent with the GDPR rights of access, rectification, erasure, restriction, objection and portability, subject to purpose and storage limitation.","You do not need to provide information directly to us in order to view the Sites. However, when you use certain functions on the Sites, such as accessing certain features or content, registering for certain services, setting up a profile or contacting the Sites directly, you may provide us or we may ask for personally identifiable information or other information, which may include: contact information, such as name, email address, postal address and phone number; username and password for your account; information posted in community discussions and other interactive online features; information you may decide to provide on your profile or through your account, such as photographs, friends, biographies, anime or manga related lists and favorites, comments, posts, reviews, ratings, recommendations and other information or content you may provide through your account or on your profile. search queries conducted on the Sites. and correspondence you send to us.",-1.0,MyAnimeList,Personal Data,"-1: Once collected, the user has no control over how their personal data is used or for how long it is retained, and the data may be processed for purposes incompatible with those for which it was collected.
0: Some data subject rights or controls are provided, but they are limited, burdensome to exercise, or retention and purposes are poorly defined.
1: The user retains meaningful control consistent with the GDPR rights of access, rectification, erasure, restriction, objection and portability, subject to purpose and storage limitation.",0,0
24917,There is a date of the last update of the agreements,https://myanimelist.net/about/privacy_policy,Generated through the annotate view,"<b>Update to our Privacy Policy</b>
<br> We have recently updated our privacy policy, which will be implemented from March 19, 2021 onwards.<br>",1.0,145.0,848.0,MyAnimeList,331,neutral,There is a date of the last update of the agreements,The given text has a date that allows to know when it was last updated.,Changes,"-1: The company reserves the right to amend the terms at any time without any valid reason stated in the contract, an unfair term within the meaning of Annex 1(j) Directive 93/13.
0: The company may amend the terms for reasons stated in the contract, but the reasons are vague, broad, or not all specified, leaving wide interpretive latitude to the company.
1: Amendments are confined to valid reasons specified in the contract, or the company does not reserve any right to change the terms unilaterally.","Update to our Privacy Policy We have recently updated our privacy policy, which will be implemented from March 19, 2021 onwards.",0.0,MyAnimeList,Changes,"-1: The company reserves the right to amend the terms at any time without any valid reason stated in the contract, an unfair term within the meaning of Annex 1(j) Directive 93/13.
0: The company may amend the terms for reasons stated in the contract, but the reasons are vague, broad, or not all specified, leaving wide interpretive latitude to the company.
1: Amendments are confined to valid reasons specified in the contract, or the company does not reserve any right to change the terms unilaterally.",1,1
6641,There is a date of the last update of the terms,https://myanimelist.net/about/terms_of_use,Generated through the annotate view,"LAST UPDATED: October 9, 2020</p",34.0,66.0,849.0,MyAnimeList,331,neutral,There is a date of the last update of the agreements,The given text has a date that allows to know when it was last updated.,Changes,"-1: The company reserves the right to amend the terms at any time without any valid reason stated in the contract, an unfair term within the meaning of Annex 1(j) Directive 93/13.
0: The company may amend the terms for reasons stated in the contract, but the reasons are vague, broad, or not all specified, leaving wide interpretive latitude to the company.
1: Amendments are confined to valid reasons specified in the contract, or the company does not reserve any right to change the terms unilaterally.","LAST UPDATED: October 9, 2020</p",0.0,MyAnimeList,Changes,"-1: The company reserves the right to amend the terms at any time without any valid reason stated in the contract, an unfair term within the meaning of Annex 1(j) Directive 93/13.
0: The company may amend the terms for reasons stated in the contract, but the reasons are vague, broad, or not all specified, leaving wide interpretive latitude to the company.
1: Amendments are confined to valid reasons specified in the contract, or the company does not reserve any right to change the terms unilaterally.",1,1
24913,Third-party cookies are used for statistics,https://myanimelist.net/about/cookie_policy,Generated through the annotate view,"Performance, analytics and research Cookies help us research and measure the effectiveness of our interactive online features, content, advertisements, and other communications.
We also use cookies to track our website and application analytics and use.
Performance-gauging cookies we may use reveal how you use our websites and applications, such as which content is the most popular, how much time users are spending there, and what advertising is relevant to you.
These cookies help us provide an optimized experience (and we may engage third parties to carry out this analysis, and they may set their own ""third party"" cookies).",3098.0,3730.0,8793.0,MyAnimeList,325,bad,Third-party cookies are used for statistics,"For instance, Google Analytics, rather than self-hosted (first-party) statistics software.",Trackers,"-1: The service deploys extensive tracking technologies without disclosure, a lawful basis, or any ability for the user to refuse, contrary to Article 5(3) ePrivacy Directive and the consent requirements of the GDPR.
0: Trackers are disclosed and some consent or opt-out is offered, but non-essential tracking is enabled by default or is difficult to refuse.
1: Only strictly necessary trackers are used, or non-essential tracking requires freely given, specific and informed opt-in consent that is as easy to refuse as to give.","Performance, analytics and research Cookies help us research and measure the effectiveness of our interactive online features, content, advertisements, and other communications. We also use cookies to track our website and application analytics and use. Performance-gauging cookies we may use reveal how you use our websites and applications, such as which content is the most popular, how much time users are spending there, and what advertising is relevant to you. These cookies help us provide an optimized experience (and we may engage third parties to carry out this analysis, and they may set their own ""third party"" cookies).",-1.0,MyAnimeList,Trackers,"-1: The service deploys extensive tracking technologies without disclosure, a lawful basis, or any ability for the user to refuse, contrary to Article 5(3) ePrivacy Directive and the consent requirements of the GDPR.
0: Trackers are disclosed and some consent or opt-out is offered, but non-essential tracking is enabled by default or is difficult to refuse.
1: Only strictly necessary trackers are used, or non-essential tracking requires freely given, specific and informed opt-in consent that is as easy to refuse as to give.",0,0
25011,You must report to the service any unauthorized use of your account or any breach of security,https://myanimelist.net/about/terms_of_use,Generated through the annotate view,You must notify the Company immediately should there be any unauthorized use or breach of security of your profile or account.,17490.0,17616.0,849.0,MyAnimeList,484,neutral,You must report to the service any unauthorized use of your account or any breach of security,The service asks the user to notify them immediately of any unauthorized use or security breaches.,Security,"-1: The ToS describes no security measures and/or disclaims all responsibility for protecting the user's account and data against unauthorised access.
0: Basic security measures are mentioned, but commitments are vague or shift the substantial burden of securing the account onto the user.
1: The service commits to appropriate technical and organisational security measures and to breach handling and notification, consistent with Articles 32 and 33-34 GDPR.",You must notify the Company immediately should there be any unauthorized use or breach of security of your profile or account.,0.0,MyAnimeList,Security,"-1: The ToS describes no security measures and/or disclaims all responsibility for protecting the user's account and data against unauthorised access.
0: Basic security measures are mentioned, but commitments are vague or shift the substantial burden of securing the account onto the user.
1: The service commits to appropriate technical and organisational security measures and to breach handling and notification, consistent with Articles 32 and 33-34 GDPR.",0,0
26826,"Spidering, crawling, or accessing the site through any automated means is not allowed",https://myanimelist.net/about/terms_of_use,Generated through the annotate view,"You also agree not to use or launch any automated system, including without limitation, ""offline readers,"" ""spiders,"" ""robots,"" etc.",19658.0,19790.0,849.0,MyAnimeList,150,neutral,"Spidering, crawling, or accessing the site through any automated means is not allowed",,Content,"-1: Content restrictions are so broad, vague or discretionary that they unduly restrict lawful expression and permit the company to act arbitrarily against the user.
0: Content rules are defined but remain broad, leaving significant interpretive discretion to the company over what is permitted.
1: Content rules are clear, specific and limited to unlawful or genuinely harmful content, with predictable and proportionate enforcement.","You also agree not to use or launch any automated system, including without limitation, ""offline readers,"" ""spiders,"" ""robots,"" etc.",0.0,MyAnimeList,Content,"-1: Content restrictions are so broad, vague or discretionary that they unduly restrict lawful expression and permit the company to act arbitrarily against the user.
0: Content rules are defined but remain broad, leaving significant interpretive discretion to the company over what is permitted.
1: Content rules are clear, specific and limited to unlawful or genuinely harmful content, with predictable and proportionate enforcement.",1,1
26844,Your personal data may be sold or otherwise transferred as part of a bankruptcy proceeding or other type of financial transaction,https://myanimelist.net/about/privacy_policy,Generated through the annotate view,"We may share information about you in the event that the Sites are acquired by a third party or third parties, or as part of a sale, merger, bankruptcy or change in control, or in preparation for any of these events.",11798.0,12015.0,848.0,MyAnimeList,243,bad,Your personal data may be sold or otherwise transferred as part of a bankruptcy proceeding or other type of financial transaction,"If the service gets acquired or is involved in a merger, bankruptcy, reorganisation or sale, your personal data may be transferred or sold.",Business Transfers,"-1: User data may be transferred to a third party upon a merger, acquisition or asset sale without notice to or consent from the user, echoing the unfair assignment term in Annex 1(p) Directive 93/13.
0: Data may be transferred upon a business transfer with prior notice but without consent, or subject to continuation of the existing privacy commitments.
1: Any transfer of personal data on a business transfer requires prior notice and the user's ability to object or withdraw their data, or no such transfer is contemplated.","We may share information about you in the event that the Sites are acquired by a third party or third parties, or as part of a sale, merger, bankruptcy or change in control, or in preparation for any of these events.",-1.0,MyAnimeList,Business Transfers,"-1: User data may be transferred to a third party upon a merger, acquisition or asset sale without notice to or consent from the user, echoing the unfair assignment term in Annex 1(p) Directive 93/13.
0: Data may be transferred upon a business transfer with prior notice but without consent, or subject to continuation of the existing privacy commitments.
1: Any transfer of personal data on a business transfer requires prior notice and the user's ability to object or withdraw their data, or no such transfer is contemplated.",-1,-1
6642,You authorise the service to charge a credit card supplied on re-occurring basis,https://myanimelist.net/about/terms_of_use,Generated through the annotate view,"Your subscription will automatically continue on a monthly basis, and you will continue to be charged on a monthly basis at the then-current price (including any applicable taxes), until you cancel your subscription or we terminate it.",12448.0,12684.0,849.0,MyAnimeList,384,neutral,You authorise the service to charge a credit card supplied on re-occurring basis,"You card will be billed on recurring basis unless cancelled. For instance, monthly or annual subscriptions.",Payments,"-1: The ToS imposes automatic recurring charges or auto-renewal, or stores payment credentials, without clear consent, accessible cancellation, or refund rights.
0: Recurring payments or auto-renewal exist and are disclosed, but cancellation or refund rights are limited or burdensome to exercise.
1: Payment terms are transparent, with explicit consent required for any recurring charge and easily accessible cancellation and refund rights, or no payment obligation is imposed.","Your subscription will automatically continue on a monthly basis, and you will continue to be charged on a monthly basis at the then-current price (including any applicable taxes), until you cancel your subscription or we terminate it.",0.0,MyAnimeList,Payments,"-1: The ToS imposes automatic recurring charges or auto-renewal, or stores payment credentials, without clear consent, accessible cancellation, or refund rights.
0: Recurring payments or auto-renewal exist and are disclosed, but cancellation or refund rights are limited or burdensome to exercise.
1: Payment terms are transparent, with explicit consent required for any recurring charge and easily accessible cancellation and refund rights, or no payment obligation is imposed.",0,0
5137,"You agree to defend, indemnify, and hold the service harmless in case of a claim related to your use of the service",https://myanimelist.net/about/terms_of_use,Generated through the annotate view,"Indemnity <p>You agree to defend, indemnify and hold harmless Company and its subsidiaries, agents, managers, and other affiliated companies, and their employees, contractors, agents, officers and directors, from and against any and all claims, damages, obligations, losses, liabilities, costs or debt, and expenses (including but not limited to attorney's fees) arising from:</p>
<ul>
<li>Your use of and access to the Service, including any data or work transmitted or received by you.
</li>
<li>Your violation of any term of this Agreement, including without limitation, your breach of any of the representations and warranties above.
</li>
<li>Your violation of any third-party right, including without limitation any right of privacy, publicity rights or Intellectual Property Rights.
</li>
<li>Your violation of any law, rule or regulation of the United States or any other country.
</li>
<li>Any claim or damages that arise as a result of any of your User Content or any that are submitted via your account or profile.
or </li>
<li>Any other party's access and use of the Service with your unique username, password or other appropriate security code",39689.0,40846.0,849.0,MyAnimeList,146,neutral,"You agree to defend, indemnify, and hold the service harmless in case of a claim related to your use of the service",,Governance,"-1: The company retains wholly unilateral and discretionary governance over the service and its community, with no user participation, published decision-making criteria, or accountability mechanisms.
0: Some governance structures exist (e.g. published community guidelines or moderation rules), but users have no voice in decisions and enforcement remains at the company's discretion.
1: The service provides transparent governance with meaningful community participation, such as consultation on substantial decisions, published moderation criteria, and accessible appeal or redress procedures.","Indemnity You agree to defend, indemnify and hold harmless Company and its subsidiaries, agents, managers, and other affiliated companies, and their employees, contractors, agents, officers and directors, from and against any and all claims, damages, obligations, losses, liabilities, costs or debt, and expenses (including but not limited to attorney's fees) arising from: Your use of and access to the Service, including any data or work transmitted or received by you. Your violation of any term of this Agreement, including without limitation, your breach of any of the representations and warranties above. Your violation of any third-party right, including without limitation any right of privacy, publicity rights or Intellectual Property Rights. Your violation of any law, rule or regulation of the United States or any other country. Any claim or damages that arise as a result of any of your User Content or any that are submitted via your account or profile. or Any other party's access and use of the Service with your unique username, password or other appropriate security code",0.0,MyAnimeList,Governance,"-1: The company retains wholly unilateral and discretionary governance over the service and its community, with no user participation, published decision-making criteria, or accountability mechanisms.
0: Some governance structures exist (e.g. published community guidelines or moderation rules), but users have no voice in decisions and enforcement remains at the company's discretion.
1: The service provides transparent governance with meaningful community participation, such as consultation on substantial decisions, published moderation criteria, and accessible appeal or redress procedures.",0,0
27733,Your account can be deleted without prior notice and without a reason,https://billionsinchange.com/terms/,Generated through the annotate view,Billions in Change reserves the right to terminate Your access to any part or the entire Site at any time without notice for any reason whatsoever.,13732.0,13880.0,7393.0,Billions in Change,201,bad,Your account can be deleted without prior notice and without a reason,"At any time, your account can be terminated without explanation and without warning by the service. ",Suspension and Censorship,"-1: The company reserves the right to suspend the account or remove or censor lawful content at any time without serious grounds, prior notice, or any possibility of appeal.
0: Suspension or content removal is limited to stated grounds but lacks a notice period, or includes notice but relies on broad or vague grounds.
1: Suspension or content removal is confined to serious, specified grounds with a statement of reasons, prior notice, and a right of appeal consistent with Article 17 DSA, or no such right is reserved at all.",Billions in Change reserves the right to terminate Your access to any part or the entire Site at any time without notice for any reason whatsoever.,-1.0,Billions in Change,Suspension and Censorship,"-1: The company reserves the right to suspend the account or remove or censor lawful content at any time without serious grounds, prior notice, or any possibility of appeal.
0: Suspension or content removal is limited to stated grounds but lacks a notice period, or includes notice but relies on broad or vague grounds.
1: Suspension or content removal is confined to serious, specified grounds with a statement of reasons, prior notice, and a right of appeal consistent with Article 17 DSA, or no such right is reserved at all.",-1,-1
27734,Do Not Track (DNT) headers are ignored and you are tracked anyway even if you set this header.,https://billionsinchange.com/privacy/,Generated through the annotate view,"At this time, this Site does not support Do-Not-Track signals.</p>",4979.0,5046.0,7392.0,Billions in Change,233,bad,Do Not Track (DNT) headers are ignored and you are tracked anyway even if you set this header.,"Even though the Do Not Track (DNT) header was not implemented perfectly, services should not track users whose browsers send a DNT header.",Trackers,"-1: The service deploys extensive tracking technologies without disclosure, a lawful basis, or any ability for the user to refuse, contrary to Article 5(3) ePrivacy Directive and the consent requirements of the GDPR.
0: Trackers are disclosed and some consent or opt-out is offered, but non-essential tracking is enabled by default or is difficult to refuse.
1: Only strictly necessary trackers are used, or non-essential tracking requires freely given, specific and informed opt-in consent that is as easy to refuse as to give.","At this time, this Site does not support Do-Not-Track signals.",-1.0,Billions in Change,Trackers,"-1: The service deploys extensive tracking technologies without disclosure, a lawful basis, or any ability for the user to refuse, contrary to Article 5(3) ePrivacy Directive and the consent requirements of the GDPR.
0: Trackers are disclosed and some consent or opt-out is offered, but non-essential tracking is enabled by default or is difficult to refuse.
1: Only strictly necessary trackers are used, or non-essential tracking requires freely given, specific and informed opt-in consent that is as easy to refuse as to give.",0,0
31058,Your personal data may be sold or otherwise transferred as part of a bankruptcy proceeding or other type of financial transaction,https://billionsinchange.com/privacy/,Generated through the annotate view,"In the event of the sale of Billions in Change, or in the event of a transfer of our assets, Site or operations, Billions in Change may disclose or transfer your personal information in connection with such transaction.</p>
<p>",3612.0,3839.0,7392.0,Billions in Change,243,bad,Your personal data may be sold or otherwise transferred as part of a bankruptcy proceeding or other type of financial transaction,"If the service gets acquired or is involved in a merger, bankruptcy, reorganisation or sale, your personal data may be transferred or sold.",Business Transfers,"-1: User data may be transferred to a third party upon a merger, acquisition or asset sale without notice to or consent from the user, echoing the unfair assignment term in Annex 1(p) Directive 93/13.
0: Data may be transferred upon a business transfer with prior notice but without consent, or subject to continuation of the existing privacy commitments.
1: Any transfer of personal data on a business transfer requires prior notice and the user's ability to object or withdraw their data, or no such transfer is contemplated.","In the event of the sale of Billions in Change, or in the event of a transfer of our assets, Site or operations, Billions in Change may disclose or transfer your personal information in connection with such transaction.",-1.0,Billions in Change,Business Transfers,"-1: User data may be transferred to a third party upon a merger, acquisition or asset sale without notice to or consent from the user, echoing the unfair assignment term in Annex 1(p) Directive 93/13.
0: Data may be transferred upon a business transfer with prior notice but without consent, or subject to continuation of the existing privacy commitments.
1: Any transfer of personal data on a business transfer requires prior notice and the user's ability to object or withdraw their data, or no such transfer is contemplated.",-1,-1
1342," Terms may be changed any time at their discretion, without notice to the user ",https://abine.com/legal.html,,Things could change.</strong> We may amend or terminate any terms of this Agreement at any time and such amendment or termination will be effective at the time we post the revised terms on the site.,21903.0,22101.0,511.0,Abine Blur,121,bad," Terms may be changed any time at their discretion, without notice to you ","The Agreements can be updated at any time, including in a way that negatively affects user rights, without notifying before or after the changes.",Notice of Changing Terms,"-1: Terms may change without any prior notice to the user, with changes taking effect immediately or continued use being deemed acceptance.
0: Users are notified of changes, but without sufficient lead time or a meaningful opportunity to review the changes and decide before they take effect.
1: Users receive clear, advance notice of changes with a reasonable period to review them and the ability to terminate the contract before the new terms apply.",Things could change. We may amend or terminate any terms of this Agreement at any time and such amendment or termination will be effective at the time we post the revised terms on the site.,-1.0,Abine Blur,Notice of Changing Terms,"-1: Terms may change without any prior notice to the user, with changes taking effect immediately or continued use being deemed acceptance.
0: Users are notified of changes, but without sufficient lead time or a meaningful opportunity to review the changes and decide before they take effect.
1: Users receive clear, advance notice of changes with a reasonable period to review them and the ability to terminate the contract before the new terms apply.",-1,-1
12608,This service allows you to retrieve an archive of your data,https://www.paypal.com/us/webapps/mpp/ua/privacy-full,Generated through the annotate view,<p>You have the right to request a copy of the personal data we’ve collected about you in the past 12 months.,1752.0,1861.0,158.0,PayPal,140,good,You can retrieve an archive of your data,Users can request a copy of the data collected through the services and infer from it the amount of personal information that is processed and stored by the Service. This usually applies to Services GDPR compliants.,User Choice,"-1: The user is offered no meaningful choices: data use, settings and features are imposed by default with no ability to opt out.
0: Some choices or opt-outs are provided, but they are limited, defaulted against the user's interest, or difficult to exercise.
1: The user is given meaningful, granular and easily exercisable choices over how their data is used and how the service is configured.",You have the right to request a copy of the personal data we’ve collected about you in the past 12 months.,1.0,PayPal,User Choice,"-1: The user is offered no meaningful choices: data use, settings and features are imposed by default with no ability to opt out.
0: Some choices or opt-outs are provided, but they are limited, defaulted against the user's interest, or difficult to exercise.
1: The user is given meaningful, granular and easily exercisable choices over how their data is used and how the service is configured.",0,0
6546,This service ignores the Do Not Track (DNT) header and tracks users anyway even if they set this header.,https://www.paypal.com/sg/webapps/mpp/ua/privacy-full,Generated through the annotate view,"</p>
<p>Do Not Track (DNT) is an optional browser setting that allows you to express your preferences regarding tracking by advertisers and other third-parties.
&nbsp;We do not respond to DNT signals.</p>",19862.0,20066.0,1284.0,PayPal,233,bad,Do Not Track (DNT) headers are ignored and you are tracked anyway even if you set this header.,"Even though the Do Not Track (DNT) header was not implemented perfectly, services should not track users whose browsers send a DNT header.",Trackers,"-1: The service deploys extensive tracking technologies without disclosure, a lawful basis, or any ability for the user to refuse, contrary to Article 5(3) ePrivacy Directive and the consent requirements of the GDPR.
0: Trackers are disclosed and some consent or opt-out is offered, but non-essential tracking is enabled by default or is difficult to refuse.
1: Only strictly necessary trackers are used, or non-essential tracking requires freely given, specific and informed opt-in consent that is as easy to refuse as to give.",Do Not Track (DNT) is an optional browser setting that allows you to express your preferences regarding tracking by advertisers and other third-parties. We do not respond to DNT signals.,-1.0,PayPal,Trackers,"-1: The service deploys extensive tracking technologies without disclosure, a lawful basis, or any ability for the user to refuse, contrary to Article 5(3) ePrivacy Directive and the consent requirements of the GDPR.
0: Trackers are disclosed and some consent or opt-out is offered, but non-essential tracking is enabled by default or is difficult to refuse.
1: Only strictly necessary trackers are used, or non-essential tracking requires freely given, specific and informed opt-in consent that is as easy to refuse as to give.",0,0
21960,Do Not Track (DNT) headers are ignored and you are tracked anyway even if you set this header.,https://www.paypal.com/us/webapps/mpp/ua/privacy-full,Generated through the annotate view,"Because many of our services won’t function without tracking data, we do not respond to DNT settings.",10617.0,10719.0,158.0,PayPal,233,bad,Do Not Track (DNT) headers are ignored and you are tracked anyway even if you set this header.,"Even though the Do Not Track (DNT) header was not implemented perfectly, services should not track users whose browsers send a DNT header.",Trackers,"-1: The service deploys extensive tracking technologies without disclosure, a lawful basis, or any ability for the user to refuse, contrary to Article 5(3) ePrivacy Directive and the consent requirements of the GDPR.
0: Trackers are disclosed and some consent or opt-out is offered, but non-essential tracking is enabled by default or is difficult to refuse.
1: Only strictly necessary trackers are used, or non-essential tracking requires freely given, specific and informed opt-in consent that is as easy to refuse as to give.","Because many of our services won’t function without tracking data, we do not respond to DNT settings.",-1.0,PayPal,Trackers,"-1: The service deploys extensive tracking technologies without disclosure, a lawful basis, or any ability for the user to refuse, contrary to Article 5(3) ePrivacy Directive and the consent requirements of the GDPR.
0: Trackers are disclosed and some consent or opt-out is offered, but non-essential tracking is enabled by default or is difficult to refuse.
1: Only strictly necessary trackers are used, or non-essential tracking requires freely given, specific and informed opt-in consent that is as easy to refuse as to give.",-1,0
11249,"The service may use tracking pixels, web beacons, browser fingerprinting, and/or device fingerprinting on users.",https://www.paypal.com/us/webapps/mpp/ua/cookie-full,Generated through the annotate view,"we or our authorized service providers may use cookies, web beacons, and other similar technologies for storing information to help provide you with a better, faster, and safer experience and for advertising purposes.</p>",278.0,499.0,3089.0,PayPal,323,bad,"You are tracked via web beacons, tracking pixels, browser fingerprinting, and/or device fingerprinting","Tracking technologies (such as web beacons, tracking pixels...) are employed on users and/or the service assigns a unique ID to a browser or device to track its behaviour.",Trackers,"-1: The service deploys extensive tracking technologies without disclosure, a lawful basis, or any ability for the user to refuse, contrary to Article 5(3) ePrivacy Directive and the consent requirements of the GDPR.
0: Trackers are disclosed and some consent or opt-out is offered, but non-essential tracking is enabled by default or is difficult to refuse.
1: Only strictly necessary trackers are used, or non-essential tracking requires freely given, specific and informed opt-in consent that is as easy to refuse as to give.","we or our authorized service providers may use cookies, web beacons, and other similar technologies for storing information to help provide you with a better, faster, and safer experience and for advertising purposes.",-1.0,PayPal,Trackers,"-1: The service deploys extensive tracking technologies without disclosure, a lawful basis, or any ability for the user to refuse, contrary to Article 5(3) ePrivacy Directive and the consent requirements of the GDPR.
0: Trackers are disclosed and some consent or opt-out is offered, but non-essential tracking is enabled by default or is difficult to refuse.
1: Only strictly necessary trackers are used, or non-essential tracking requires freely given, specific and informed opt-in consent that is as easy to refuse as to give.",0,0
10586,"The service may change its terms at any time, but the user will receive notification of the changes.",https://www.paypal.com/us/webapps/mpp/ua/useragreement-full,"PayPal has a dedicated Policy Updates page and will update personal account 21 days in advance, and business accounts 5 days in advance.",If our changes reduce your rights or increase your responsibilities we will post a notice on the Policy Updates page of our website and provide you at least 21 days advance notice for personal accounts and at least 5 days advance notice for business accounts.,3139.0,3398.0,2913.0,PayPal,122,neutral,"The terms may be changed at any time, but you will receive notification of the changes","The Terms may be updated without prior notice, but users will be notified of the changes at the moment they will start applying.",Notice of Changing Terms,"-1: Terms may change without any prior notice to the user, with changes taking effect immediately or continued use being deemed acceptance.
0: Users are notified of changes, but without sufficient lead time or a meaningful opportunity to review the changes and decide before they take effect.
1: Users receive clear, advance notice of changes with a reasonable period to review them and the ability to terminate the contract before the new terms apply.",If our changes reduce your rights or increase your responsibilities we will post a notice on the Policy Updates page of our website and provide you at least 21 days advance notice for personal accounts and at least 5 days advance notice for business accounts.,0.0,PayPal,Notice of Changing Terms,"-1: Terms may change without any prior notice to the user, with changes taking effect immediately or continued use being deemed acceptance.
0: Users are notified of changes, but without sufficient lead time or a meaningful opportunity to review the changes and decide before they take effect.
1: Users receive clear, advance notice of changes with a reasonable period to review them and the ability to terminate the contract before the new terms apply.",1,1
12605,The service informs users that its privacy policy does not apply to third party websites,https://www.paypal.com/us/webapps/mpp/ua/cookie-full,Generated through the annotate view,Third party cookies are covered by the third-parties’ privacy policy.</p>,9537.0,9610.0,3089.0,PayPal,299,neutral,The service informs you that its privacy policy does not apply to third party websites,"The service states that whenever it links to third party websites or applications, its privacy policy does not apply. Those third party websites or applications hosted or operated by other organizations may have their own privacy policies.",Transparency,"-1: The terms and policies are inaccessible, unclear, or not drafted in plain and intelligible language, contrary to the transparency requirement of Article 5 Directive 93/13.
0: Information is provided, but it is incomplete, dense, or difficult to navigate, hindering the user's understanding.
1: The terms and data practices are presented in clear, plain, accessible and easily comprehensible language that supports an informed decision by the user.",Third party cookies are covered by the third-parties’ privacy policy.,0.0,PayPal,Transparency,"-1: The terms and policies are inaccessible, unclear, or not drafted in plain and intelligible language, contrary to the transparency requirement of Article 5 Directive 93/13.
0: Information is provided, but it is incomplete, dense, or difficult to navigate, hindering the user's understanding.
1: The terms and data practices are presented in clear, plain, accessible and easily comprehensible language that supports an informed decision by the user.",1,1
12596,This service requires first-party cookies,https://www.paypal.com/us/webapps/mpp/ua/cookie-full,Generated through the annotate view,First-party cookies are set by the site you are visiting.</li>,3540.0,3602.0,3089.0,PayPal,126,neutral,First-party cookies are used,First-party cookies only belong to the domain of the service and not a third party.,Trackers,"-1: The service deploys extensive tracking technologies without disclosure, a lawful basis, or any ability for the user to refuse, contrary to Article 5(3) ePrivacy Directive and the consent requirements of the GDPR.
0: Trackers are disclosed and some consent or opt-out is offered, but non-essential tracking is enabled by default or is difficult to refuse.
1: Only strictly necessary trackers are used, or non-essential tracking requires freely given, specific and informed opt-in consent that is as easy to refuse as to give.",First-party cookies are set by the site you are visiting.,0.0,PayPal,Trackers,"-1: The service deploys extensive tracking technologies without disclosure, a lawful basis, or any ability for the user to refuse, contrary to Article 5(3) ePrivacy Directive and the consent requirements of the GDPR.
0: Trackers are disclosed and some consent or opt-out is offered, but non-essential tracking is enabled by default or is difficult to refuse.
1: Only strictly necessary trackers are used, or non-essential tracking requires freely given, specific and informed opt-in consent that is as easy to refuse as to give.",0,1
12604,Third parties used by the service are bound by confidentiality obligations,https://www.paypal.com/us/webapps/mpp/ua/cookie-full,Generated through the annotate view,"We do not permit any of these service providers to collect any of your personal information on our sites or in our services, applications, or tools for their own purposes.
These service providers are subject to confidentiality agreements with us and other legal restrictions on their use or collection of any personal information.",9206.0,9536.0,3089.0,PayPal,210,good,Third parties used by the service are bound by confidentiality obligations,The Third Parties accessing your personal information must keep it confidential and only use it for limited purposes.,Third Parties,"-1: Personal data is shared with, or sold to, third parties without disclosure, a lawful basis, or any user control over the sharing.
0: Third-party sharing is disclosed and limited to stated purposes (for instance, processors acting on the company's behalf), but the user retains limited control over it.
1: Third-party sharing is minimal, transparent, purpose-bound and subject to the user's control or consent, with no sale of personal data.","We do not permit any of these service providers to collect any of your personal information on our sites or in our services, applications, or tools for their own purposes. These service providers are subject to confidentiality agreements with us and other legal restrictions on their use or collection of any personal information.",1.0,PayPal,Third Parties,"-1: Personal data is shared with, or sold to, third parties without disclosure, a lawful basis, or any user control over the sharing.
0: Third-party sharing is disclosed and limited to stated purposes (for instance, processors acting on the company's behalf), but the user retains limited control over it.
1: Third-party sharing is minimal, transparent, purpose-bound and subject to the user's control or consent, with no sale of personal data.",0,0
12611,You can limit how your information is used by third-parties and the service,https://www.paypal.com/us/webapps/mpp/ua/privacy-full,Generated through the annotate view,"Understanding your choices</strong>
<p>You can control how personal data is collected or shared, as well as how we communicate with you.
Here are some of the ways you can customize your choices.</p>
<p>
<strong>Choose how we collect personal data</strong>
</p>
<p>You may choose to limit the personal data you provide when our apps or services request it.",3804.0,4159.0,158.0,PayPal,338,good,You can limit how your information is used by third-parties and the service,Usually it's related to the right to object to data processing or restrict it under the GDPR. Users may be able to refuse the use of their data for marketing purposes for instance.,User Choice,"-1: The user is offered no meaningful choices: data use, settings and features are imposed by default with no ability to opt out.
0: Some choices or opt-outs are provided, but they are limited, defaulted against the user's interest, or difficult to exercise.
1: The user is given meaningful, granular and easily exercisable choices over how their data is used and how the service is configured.","Understanding your choices You can control how personal data is collected or shared, as well as how we communicate with you. Here are some of the ways you can customize your choices. Choose how we collect personal data You may choose to limit the personal data you provide when our apps or services request it.",1.0,PayPal,User Choice,"-1: The user is offered no meaningful choices: data use, settings and features are imposed by default with no ability to opt out.
0: Some choices or opt-outs are provided, but they are limited, defaulted against the user's interest, or difficult to exercise.
1: The user is given meaningful, granular and easily exercisable choices over how their data is used and how the service is configured.",1,1
12628,The service uses social media cookies/pixels,https://www.paypal.com/us/webapps/mpp/ua/privacy-full,Generated through the annotate view,"<li>Third parties that you asked us to connect with, such as other financial or social media apps.",14257.0,14355.0,158.0,PayPal,307,bad, You are being tracked via social media cookies/pixels,These types of cookies/pixels send information to social media sites when you interact with the service.,Trackers,"-1: The service deploys extensive tracking technologies without disclosure, a lawful basis, or any ability for the user to refuse, contrary to Article 5(3) ePrivacy Directive and the consent requirements of the GDPR.
0: Trackers are disclosed and some consent or opt-out is offered, but non-essential tracking is enabled by default or is difficult to refuse.
1: Only strictly necessary trackers are used, or non-essential tracking requires freely given, specific and informed opt-in consent that is as easy to refuse as to give.","Third parties that you asked us to connect with, such as other financial or social media apps.",-1.0,PayPal,Trackers,"-1: The service deploys extensive tracking technologies without disclosure, a lawful basis, or any ability for the user to refuse, contrary to Article 5(3) ePrivacy Directive and the consent requirements of the GDPR.
0: Trackers are disclosed and some consent or opt-out is offered, but non-essential tracking is enabled by default or is difficult to refuse.
1: Only strictly necessary trackers are used, or non-essential tracking requires freely given, specific and informed opt-in consent that is as easy to refuse as to give.",0,1
12623,Blocking first party cookies may limit your ability to use the service,https://www.paypal.com/us/webapps/mpp/ua/privacy-full,Generated through the annotate view,"You can disable or decline some cookies for our sites and services.
But, since some parts of our service rely on cookies to work, those services could become difficult or impossible to use",10272.0,10460.0,158.0,PayPal,375,neutral,Blocking first party cookies may limit your ability to use the service,"Most browsers allow users to set preferences related to cookies storage. You may choose to block all cookies (including first-party cookies), but it may impact your use of this service and you may not be able to access some or any of the features provided.",Trackers,"-1: The service deploys extensive tracking technologies without disclosure, a lawful basis, or any ability for the user to refuse, contrary to Article 5(3) ePrivacy Directive and the consent requirements of the GDPR.
0: Trackers are disclosed and some consent or opt-out is offered, but non-essential tracking is enabled by default or is difficult to refuse.
1: Only strictly necessary trackers are used, or non-essential tracking requires freely given, specific and informed opt-in consent that is as easy to refuse as to give.","You can disable or decline some cookies for our sites and services. But, since some parts of our service rely on cookies to work, those services could become difficult or impossible to use",0.0,PayPal,Trackers,"-1: The service deploys extensive tracking technologies without disclosure, a lawful basis, or any ability for the user to refuse, contrary to Article 5(3) ePrivacy Directive and the consent requirements of the GDPR.
0: Trackers are disclosed and some consent or opt-out is offered, but non-essential tracking is enabled by default or is difficult to refuse.
1: Only strictly necessary trackers are used, or non-essential tracking requires freely given, specific and informed opt-in consent that is as easy to refuse as to give.",0,0
6543,Blocking cookies may limit your ability to use the service,https://www.paypal.com/sg/webapps/mpp/ua/privacy-full,Generated through the annotate view,"Certain aspects and features of our Services and Sites are only available through the use of Cookies, so if you choose to disable or decline Cookies, your use of the Sites and Services may be limited or not possible.",19646.0,19862.0,1284.0,PayPal,375,neutral,Blocking first party cookies may limit your ability to use the service,"Most browsers allow users to set preferences related to cookies storage. You may choose to block all cookies (including first-party cookies), but it may impact your use of this service and you may not be able to access some or any of the features provided.",Trackers,"-1: The service deploys extensive tracking technologies without disclosure, a lawful basis, or any ability for the user to refuse, contrary to Article 5(3) ePrivacy Directive and the consent requirements of the GDPR.
0: Trackers are disclosed and some consent or opt-out is offered, but non-essential tracking is enabled by default or is difficult to refuse.
1: Only strictly necessary trackers are used, or non-essential tracking requires freely given, specific and informed opt-in consent that is as easy to refuse as to give.","Certain aspects and features of our Services and Sites are only available through the use of Cookies, so if you choose to disable or decline Cookies, your use of the Sites and Services may be limited or not possible.",0.0,PayPal,Trackers,"-1: The service deploys extensive tracking technologies without disclosure, a lawful basis, or any ability for the user to refuse, contrary to Article 5(3) ePrivacy Directive and the consent requirements of the GDPR.
0: Trackers are disclosed and some consent or opt-out is offered, but non-essential tracking is enabled by default or is difficult to refuse.
1: Only strictly necessary trackers are used, or non-essential tracking requires freely given, specific and informed opt-in consent that is as easy to refuse as to give.",0,0
12645,The service provides information about how they intend to use your personal data,https://www.paypal.com/us/webapps/mpp/ua/privacy-full,Generated through the annotate view,"WHAT DOES PAYPAL DO WITH YOUR PERSONAL INFORMATION?</strong>
</p>
<p>
<strong>Why?",17330.0,17412.0,158.0,PayPal,227,good,Information is provided about how your personal data is used,"The Privacy Policy explains the purposes for which data is collected and the way it is processed, used and shared.",Transparency,"-1: The terms and policies are inaccessible, unclear, or not drafted in plain and intelligible language, contrary to the transparency requirement of Article 5 Directive 93/13.
0: Information is provided, but it is incomplete, dense, or difficult to navigate, hindering the user's understanding.
1: The terms and data practices are presented in clear, plain, accessible and easily comprehensible language that supports an informed decision by the user.",WHAT DOES PAYPAL DO WITH YOUR PERSONAL INFORMATION? Why?,1.0,PayPal,Transparency,"-1: The terms and policies are inaccessible, unclear, or not drafted in plain and intelligible language, contrary to the transparency requirement of Article 5 Directive 93/13.
0: Information is provided, but it is incomplete, dense, or difficult to navigate, hindering the user's understanding.
1: The terms and data practices are presented in clear, plain, accessible and easily comprehensible language that supports an informed decision by the user.",1,1
12616,This service collects your IP address for location use,https://www.paypal.com/us/webapps/mpp/ua/privacy-full,Generated through the annotate view,"IP address</li>
<li>Information collected from cookies or other tracking technologies",7397.0,7482.0,158.0,PayPal,399,neutral,"Your IP address is collected, which can be used to view your approximate location",,Types of Information Collected,"-1: The categories of information collected are not disclosed, or collection is open-ended and excessive relative to what the service requires.
0: The categories of information collected are disclosed but only broadly or vaguely, or collection exceeds what is necessary for the service.
1: The categories of information collected are clearly and specifically disclosed and limited to what is necessary to provide the service.",IP address Information collected from cookies or other tracking technologies,0.0,PayPal,Types of Information Collected,"-1: The categories of information collected are not disclosed, or collection is open-ended and excessive relative to what the service requires.
0: The categories of information collected are disclosed but only broadly or vaguely, or collection exceeds what is necessary for the service.
1: The categories of information collected are clearly and specifically disclosed and limited to what is necessary to provide the service.",1,1
12613,You can opt out of promotional communications,https://www.paypal.com/us/webapps/mpp/ua/privacy-full,Generated through the annotate view,"<p>You can click the unsubscribe link in a marketing email, opt out of a text message by replying “STOP,” or turn off notifications on your device.
You can also change your account’s notification settings or the notification preferences on your device.",5862.0,6114.0,158.0,PayPal,223,good,You can opt out of promotional communications,You can update your account preferences and/or easily unsubscribe of email/sms lists to stop receiving promotional communications.,User Choice,"-1: The user is offered no meaningful choices: data use, settings and features are imposed by default with no ability to opt out.
0: Some choices or opt-outs are provided, but they are limited, defaulted against the user's interest, or difficult to exercise.
1: The user is given meaningful, granular and easily exercisable choices over how their data is used and how the service is configured.","You can click the unsubscribe link in a marketing email, opt out of a text message by replying “STOP,” or turn off notifications on your device. You can also change your account’s notification settings or the notification preferences on your device.",1.0,PayPal,User Choice,"-1: The user is offered no meaningful choices: data use, settings and features are imposed by default with no ability to opt out.
0: Some choices or opt-outs are provided, but they are limited, defaulted against the user's interest, or difficult to exercise.
1: The user is given meaningful, granular and easily exercisable choices over how their data is used and how the service is configured.",1,1
12625,This service can share your personal information to third parties ,https://www.paypal.com/us/webapps/mpp/ua/privacy-full,Generated through the annotate view,"However, we may share personal data across our services and with other members of the PayPal corporate family.
Sometimes we share the personal data we collect with third parties to help us provide services, protect our customers from risk and fraud, market our products, and comply with legal obligations.</p>",12977.0,13286.0,158.0,PayPal,166,bad,This service shares your personal data with third parties that are not essential to its operation,Your personal data is or may be given to third parties nonessential to the service’s operation. This could be a business partner that receives your data to provide targeted advertisements.,Third Parties,"-1: Personal data is shared with, or sold to, third parties without disclosure, a lawful basis, or any user control over the sharing.
0: Third-party sharing is disclosed and limited to stated purposes (for instance, processors acting on the company's behalf), but the user retains limited control over it.
1: Third-party sharing is minimal, transparent, purpose-bound and subject to the user's control or consent, with no sale of personal data.","However, we may share personal data across our services and with other members of the PayPal corporate family. Sometimes we share the personal data we collect with third parties to help us provide services, protect our customers from risk and fraud, market our products, and comply with legal obligations.",-1.0,PayPal,Third Parties,"-1: Personal data is shared with, or sold to, third parties without disclosure, a lawful basis, or any user control over the sharing.
0: Third-party sharing is disclosed and limited to stated purposes (for instance, processors acting on the company's behalf), but the user retains limited control over it.
1: Third-party sharing is minimal, transparent, purpose-bound and subject to the user's control or consent, with no sale of personal data.",0,0
12653,The service provides information about how they collect personal data,https://www.paypal.com/us/webapps/mpp/ua/privacy-full,Generated through the annotate view,"How does PayPal collect my personal information?</strong>
</p>
<p>We collect your personal information, for example, when you</p>
<ul>
<li>open an account or provide account information</li>
<li>use your credit or debit card or give us your contact information</li>
<li>use your PayPal and/or Xoom account to send or receive funds</li>
</ul>
<p>We also collect your personal information from others, such as credit bureaus, affiliates, or other companies.</p>",20293.0,20752.0,158.0,PayPal,297,good,Information is provided about how they collect personal data,The service details situations in which they collect personal information or means by which they do.,Transparency,"-1: The terms and policies are inaccessible, unclear, or not drafted in plain and intelligible language, contrary to the transparency requirement of Article 5 Directive 93/13.
0: Information is provided, but it is incomplete, dense, or difficult to navigate, hindering the user's understanding.
1: The terms and data practices are presented in clear, plain, accessible and easily comprehensible language that supports an informed decision by the user.","How does PayPal collect my personal information? We collect your personal information, for example, when you open an account or provide account information use your credit or debit card or give us your contact information use your PayPal and/or Xoom account to send or receive funds We also collect your personal information from others, such as credit bureaus, affiliates, or other companies.",1.0,PayPal,Transparency,"-1: The terms and policies are inaccessible, unclear, or not drafted in plain and intelligible language, contrary to the transparency requirement of Article 5 Directive 93/13.
0: Information is provided, but it is incomplete, dense, or difficult to navigate, hindering the user's understanding.
1: The terms and data practices are presented in clear, plain, accessible and easily comprehensible language that supports an informed decision by the user.",0,1
12643,The service reviews its privacy policy on a regular basis,https://www.paypal.com/us/webapps/mpp/ua/privacy-full,Generated through the annotate view,"We’ll make changes to this privacy statement from time to time.
This helps us stay up to date with changes to our business and the most current laws.",15968.0,16117.0,158.0,PayPal,301,good,The service reviews its privacy policy on a regular basis,Users know the date the privacy policy was last updated and can thus infer the next time it will be reviewed. This gives users more certainty about how long they can trust the current policy to apply.,Notice of Changing Terms,"-1: Terms may change without any prior notice to the user, with changes taking effect immediately or continued use being deemed acceptance.
0: Users are notified of changes, but without sufficient lead time or a meaningful opportunity to review the changes and decide before they take effect.
1: Users receive clear, advance notice of changes with a reasonable period to review them and the ability to terminate the contract before the new terms apply.",We’ll make changes to this privacy statement from time to time. This helps us stay up to date with changes to our business and the most current laws.,1.0,PayPal,Notice of Changing Terms,"-1: Terms may change without any prior notice to the user, with changes taking effect immediately or continued use being deemed acceptance.
0: Users are notified of changes, but without sufficient lead time or a meaningful opportunity to review the changes and decide before they take effect.
1: Users receive clear, advance notice of changes with a reasonable period to review them and the ability to terminate the contract before the new terms apply.",-1,-1
12627,The service will only respond to government requests that are reasonable,https://www.paypal.com/us/webapps/mpp/ua/privacy-full,Generated through the annotate view,"Courts, governments, regulators and law enforcement when accompanied by a subpoena or other legal documentation that requires PayPal or members of our corporate family to respond</li>
<li>People involved in a transaction, such as other users or merchants and their service providers.</li>",13968.0,14256.0,158.0,PayPal,393,good,The service will only respond to government requests that are reasonable, The Agreement explains they will disclose personal data about you if it is reasonably necessary to comply with applicable law and government requests.,Law and Government Requests,"-1: The service discloses user data to governments or law enforcement without requiring valid legal process, without notifying the user, and without any transparency reporting.
0: Disclosure is limited to valid legal requests, but the service provides no user notice and no transparency reporting on the requests it receives.
1: Disclosure is confined to valid legal process, with notice to the affected user wherever lawful, regular transparency reporting, and a commitment to challenge overbroad or unlawful requests.","Courts, governments, regulators and law enforcement when accompanied by a subpoena or other legal documentation that requires PayPal or members of our corporate family to respond People involved in a transaction, such as other users or merchants and their service providers.",1.0,PayPal,Law and Government Requests,"-1: The service discloses user data to governments or law enforcement without requiring valid legal process, without notifying the user, and without any transparency reporting.
0: Disclosure is limited to valid legal requests, but the service provides no user notice and no transparency reporting on the requests it receives.
1: Disclosure is confined to valid legal process, with notice to the affected user wherever lawful, regular transparency reporting, and a commitment to challenge overbroad or unlawful requests.",0,0
12618,This service receives your location through GPS coordinates,https://www.paypal.com/us/webapps/mpp/ua/privacy-full,Generated through the annotate view,"6.
Geolocation data, for example:</p>
<ul>
<li>Global Positioning System (GPS) information when you give us permission through your device settings</li>
<li>IP-based geolocation</li>",8185.0,8367.0,158.0,PayPal,400,bad,This service receives your precise location through GPS coordinates,"Unless the service relies on Geo Location, this case is to be assigned to points that don't need your GPS coordinates to function properly.",Types of Information Collected,"-1: The categories of information collected are not disclosed, or collection is open-ended and excessive relative to what the service requires.
0: The categories of information collected are disclosed but only broadly or vaguely, or collection exceeds what is necessary for the service.
1: The categories of information collected are clearly and specifically disclosed and limited to what is necessary to provide the service.","6. Geolocation data, for example: Global Positioning System (GPS) information when you give us permission through your device settings IP-based geolocation",-1.0,PayPal,Types of Information Collected,"-1: The categories of information collected are not disclosed, or collection is open-ended and excessive relative to what the service requires.
0: The categories of information collected are disclosed but only broadly or vaguely, or collection exceeds what is necessary for the service.
1: The categories of information collected are clearly and specifically disclosed and limited to what is necessary to provide the service.",1,1
12615,Your profile is combined across various products,https://www.paypal.com/us/webapps/mpp/ua/privacy-full,Generated through the annotate view,"If you use our services without creating or logging into an account, we’ll still collect personal data, which may include your payment information, device information, and location.
When you use our services without creating or logging into an account, we will use this information to process transactions, prevent fraud and comply with the law.
We may connect this information with your account, if you have one or if you create an account at a later date.</p>",6676.0,7137.0,158.0,PayPal,326,bad,Your profile is combined across various products,"When using multiple services from one same company, they can combine these (unrelated) information sources about you to build up a single richer user profile about you.",Anonymity,"-1: The service requires verified real-identity registration, prohibits pseudonymous use, and collects extensive identifying information.
0: Pseudonymous use is permitted, but some real-identity verification is required, or the data collected exceeds what is necessary to provide the service.
1: The service can be used anonymously or under a pseudonym with only minimal identifying data, reflecting the data minimisation principle of Article 5(1)(c) GDPR.","If you use our services without creating or logging into an account, we’ll still collect personal data, which may include your payment information, device information, and location. When you use our services without creating or logging into an account, we will use this information to process transactions, prevent fraud and comply with the law. We may connect this information with your account, if you have one or if you create an account at a later date.",-1.0,PayPal,Anonymity,"-1: The service requires verified real-identity registration, prohibits pseudonymous use, and collects extensive identifying information.
0: Pseudonymous use is permitted, but some real-identity verification is required, or the data collected exceeds what is necessary to provide the service.
1: The service can be used anonymously or under a pseudonym with only minimal identifying data, reflecting the data minimisation principle of Article 5(1)(c) GDPR.",0,0
12614,The service provides details about what kinds of personal information they collect,https://www.paypal.com/us/webapps/mpp/ua/privacy-full,Generated through the annotate view,The personal data we collect,389.0,417.0,158.0,PayPal,228,good,Information is provided about what kind of information they collect,The Privacy Policy describes in detail the data collected through the website and through the services provided.,Transparency,"-1: The terms and policies are inaccessible, unclear, or not drafted in plain and intelligible language, contrary to the transparency requirement of Article 5 Directive 93/13.
0: Information is provided, but it is incomplete, dense, or difficult to navigate, hindering the user's understanding.
1: The terms and data practices are presented in clear, plain, accessible and easily comprehensible language that supports an informed decision by the user.",The personal data we collect,1.0,PayPal,Transparency,"-1: The terms and policies are inaccessible, unclear, or not drafted in plain and intelligible language, contrary to the transparency requirement of Article 5 Directive 93/13.
0: Information is provided, but it is incomplete, dense, or difficult to navigate, hindering the user's understanding.
1: The terms and data practices are presented in clear, plain, accessible and easily comprehensible language that supports an informed decision by the user.",1,1
12607,This service employs separate policies for different parts of the service,https://www.paypal.com/us/webapps/mpp/ua/privacy-full,Generated through the annotate view,"This privacy statement only applies to the PayPal and Xoom services offered by PayPal.
To learn about our privacy practices for our other products or services, like Venmo or Braintree, visit the website and review the privacy statement for that product or service.</p>",1292.0,1560.0,158.0,PayPal,200,neutral,Separate policies are employed for different parts of the service,The user may need to read additional product-specific agreements depending on the way the service is used.,Transparency,"-1: The terms and policies are inaccessible, unclear, or not drafted in plain and intelligible language, contrary to the transparency requirement of Article 5 Directive 93/13.
0: Information is provided, but it is incomplete, dense, or difficult to navigate, hindering the user's understanding.
1: The terms and data practices are presented in clear, plain, accessible and easily comprehensible language that supports an informed decision by the user.","This privacy statement only applies to the PayPal and Xoom services offered by PayPal. To learn about our privacy practices for our other products or services, like Venmo or Braintree, visit the website and review the privacy statement for that product or service.",0.0,PayPal,Transparency,"-1: The terms and policies are inaccessible, unclear, or not drafted in plain and intelligible language, contrary to the transparency requirement of Article 5 Directive 93/13.
0: Information is provided, but it is incomplete, dense, or difficult to navigate, hindering the user's understanding.
1: The terms and data practices are presented in clear, plain, accessible and easily comprehensible language that supports an informed decision by the user.",1,1
11248,This service may use your personal information for marketing purposes,https://www.paypal.com/us/webapps/mpp/ua/privacy-full,Generated through the annotate view,"<li>Send you marketing information about our products and services.
We may use personal data to market about our partners, such as merchants.",11753.0,11894.0,158.0,PayPal,336,bad,Your personal data may be used for marketing purposes,"The service may use your personal data for marketing, such as sending you personalised offerings.",Advertising,"-1: Personal data is used for advertising, including profiling and targeting, without disclosure, a lawful basis, or any opt-out, and with heavy third-party involvement.
0: Targeted advertising is disclosed and some opt-out is offered, but it is enabled by default or relies on extensive sharing of personal data with third parties.
1: Advertising is non-targeted, or uses personal data only on the basis of informed opt-in consent with an easy opt-out, with minimal third-party involvement.","Send you marketing information about our products and services. We may use personal data to market about our partners, such as merchants.",-1.0,PayPal,Advertising,"-1: Personal data is used for advertising, including profiling and targeting, without disclosure, a lawful basis, or any opt-out, and with heavy third-party involvement.
0: Targeted advertising is disclosed and some opt-out is offered, but it is enabled by default or relies on extensive sharing of personal data with third parties.
1: Advertising is non-targeted, or uses personal data only on the basis of informed opt-in consent with an easy opt-out, with minimal third-party involvement.",0,-1
16982,This service is only available to users over a certain age,https://www.paypal.com/sg/webapps/mpp/ua/useragreement-full,Generated through the annotate view,"f you are an individual, you must be a resident of one of the countries/regions listed on the <strong>PayPal Worldwide</strong> page and at least 18 years old, or the age of majority in your country/region of residence to open a PayPal account and use the PayPal services.",1765.0,2037.0,1283.0,PayPal,152,neutral,This service is only available to users over a certain age,The Services are intended for users who are at least a certain age. If you are younger than the age required then you are prohibited from using the Service.,Governance,"-1: The company retains wholly unilateral and discretionary governance over the service and its community, with no user participation, published decision-making criteria, or accountability mechanisms.
0: Some governance structures exist (e.g. published community guidelines or moderation rules), but users have no voice in decisions and enforcement remains at the company's discretion.
1: The service provides transparent governance with meaningful community participation, such as consultation on substantial decisions, published moderation criteria, and accessible appeal or redress procedures.","f you are an individual, you must be a resident of one of the countries/regions listed on the PayPal Worldwide page and at least 18 years old, or the age of majority in your country/region of residence to open a PayPal account and use the PayPal services.",0.0,PayPal,Governance,"-1: The company retains wholly unilateral and discretionary governance over the service and its community, with no user participation, published decision-making criteria, or accountability mechanisms.
0: Some governance structures exist (e.g. published community guidelines or moderation rules), but users have no voice in decisions and enforcement remains at the company's discretion.
1: The service provides transparent governance with meaningful community participation, such as consultation on substantial decisions, published moderation criteria, and accessible appeal or redress procedures.",0,0
16640,Users agree not to use the service for illegal purposes,https://www.paypal.com/sg/webapps/mpp/ua/acceptableuse-full,Generated through the annotate view,"You may not use the PayPal service for activities that:</p>
<ol>
<li>violate any law, statute, ordinance or regulation.</li>",458.0,582.0,1282.0,PayPal,280,neutral,You agree not to use the service for illegal purposes,"The user agrees not to commit any unlawful acts through the use of the website, including the posting of illegal content or messaging.",Content,"-1: Content restrictions are so broad, vague or discretionary that they unduly restrict lawful expression and permit the company to act arbitrarily against the user.
0: Content rules are defined but remain broad, leaving significant interpretive discretion to the company over what is permitted.
1: Content rules are clear, specific and limited to unlawful or genuinely harmful content, with predictable and proportionate enforcement.","You may not use the PayPal service for activities that: violate any law, statute, ordinance or regulation.",0.0,PayPal,Content,"-1: Content restrictions are so broad, vague or discretionary that they unduly restrict lawful expression and permit the company to act arbitrarily against the user.
0: Content rules are defined but remain broad, leaving significant interpretive discretion to the company over what is permitted.
1: Content rules are clear, specific and limited to unlawful or genuinely harmful content, with predictable and proportionate enforcement.",1,1
