filename,comment_id,author,comment,referenced_text
YouTube.docx,0,Autor,what,"The Service allows you to discover, watch and share videos and other content, provides a forum for people to connect, inform, and inspire others across the globe, and acts as a distribution platform for original content creators and advertisers large and small. We provide lots of information about our products and how to use them in our Help Center. Amongst other things, you can ﬁnd out about YouTube Kids, the YouTube Partner Program and YouTube Paid Memberships and Purchases. You can also read all about enjoying content on other devices like your television, your games console, or even Google Home."
YouTube.docx,1,Autor,docu1,YouTube Community Guidelines 
YouTube.docx,2,Autor,docu2,"Policy, Safety and Copyright Policies "
YouTube.docx,3,Autor,docu3,Advertising on YouTube Policies 
YouTube.docx,4,Autor,docu4,run contests on or through the Service that do not comply with YouTube’s contest policies and guidelines;
YouTube.docx,5,Autor,serv_chg0,"YouTube is constantly changing and improving the Service. As part of this continual evolution of our digital content and services, we may make modiﬁcations or changes (to all or part of the Service) such as adding or removing features and functionalities, offering new digital content or services or discontinuing old ones. We may also change the Service for these other reasons:to adapt to new technologiesto reﬂect increases or decreases in the number of people who use a particular product, service or featureto respond to key changes in the licences and partnerships we have with othersto prevent abuse or harmto address legal, regulatory, safety or security issues."
YouTube.docx,6,Autor,tran1,"operability issues. We’ll also provide you with an opportunity to export your Content using Google Takeout, subject to applicable law and policies."
YouTube.docx,7,Autor,IP0,"By providing Content to the Service, you grant to YouTube a worldwide, non-exclusive, royalty-free, transferable, sublicensable licence to use that Content (including to reproduce, distribute,modify, display and perform it) for the purpose of operating, promoting, and improving the Service. "
YouTube.docx,8,Autor,IP1,"You also grant each other user of the Service a worldwide, non-exclusive, royalty-free licence to access your Content through the Service, and to use that Content (including to reproduce, distribute, modify, display, and perform it) only as enabled by a feature of the Service."
YouTube.docx,9,Autor,tran1,You may remove your Content from the Service at any time. You also have the option to make a copy of your Content before removing it. You must remove your Content if you no longer have the rights required by these terms.
YouTube.docx,10,Autor,cnt_del0cnt_mod0,"If we reasonably believe that any of your Content (1) is in breach of this Agreement or (2) may cause harm to YouTube, our users, or third parties, we reserve the right to remove or take down some or all of such Content. We will notify you with the reason for our action unless we reasonably believe that to do so: (a) would violate the law or the direction of a legal enforcement authority, or would otherwise risk legal liability for YouTube or our Afﬁliates; (b) would compromise an investigation or the integrity or operation of the Service; or (c) would cause harm to any user, other third party, YouTube or our Afﬁliates. "
YouTube.docx,11,Autor,docu5,Community Guidelines Strikes Basics 
YouTube.docx,12,Autor,"acc_sus0acc_del0(in general, sus and del require notification. Terms are excluding notification in very specific conditions)","YouTube reserves the right to suspend or terminate your Google account or your access to all or part of the Service if: (a) you materially or repeatedly breach this Agreement; (b) we are required to do so to comply with a legal requirement or a court order; or (c) we reasonably believe there has been conduct that creates liability or harm to any user, other third party, YouTube or our Afﬁliates."
YouTube.docx,13,Autor,uncle,or any liability that cannot be excluded or limited by law.
YouTube.docx,14,Autor,uncle,To the extent permitted by applicable law
YouTube.docx,15,Autor,ltd0,"YouTube and its Afﬁliates will not be responsible for:losses that were not caused by YouTube or its Afﬁliates’ breach of this Agreement;any loss or damage that was not, at the time that this Agreement was formed between you and YouTube, a reasonably foreseeable consequence of YouTube or its Afﬁliates breaching this Agreement; orthe Content submitted by any user, or for the defamatory, offensive, or illegal conduct of any user."
YouTube.docx,16,Autor,ltd_cap0,"YouTube and its Afﬁliates’ total liability for any claims arising from or relating to the Service is limited to the greater of: (a) the amount of revenue that YouTube has paid to you from your use of the Service in the 12 months before the date of your notice, in writing to YouTube, of the claim and (b) €500, whichever is higher."
YouTube.docx,17,Autor,contr_chg0,"We may change this Agreement (1) to reﬂect changes to our Service or how we do business - for example, when we add new products or features or remove old ones, (2) for legal, regulatory, or security reasons, or (3) to prevent abuse or harm."
YouTube.docx,18,Autor,sever0,"If it turns out that a particular term of this Agreement is not enforceable for any reason, this will not affect any other terms."
YouTube.docx,19,Autor,tran-1,"YouTube may transfer all or part of this Agreement to an Afﬁliate or, if YouTube is sold, to a third party."
SQUARE ENIX.docx,0,Autor,docu1docu2,"Additional Terms, and you acknowledge that you have read and understand the Square Enix Privacy Notice. If you do not agree to these Terms of Service or any Additional"
SQUARE ENIX.docx,1,Autor,serv_chg-1,"Square Enix may immediately suspend or terminate the availability of some or all of the Services for any reason, in Square Enix’s sole discretion, without advance notice or liability."
SQUARE ENIX.docx,2,Autor,acc_sus-1acc_del-1,"Square Enix may suspend or terminate your Account at any time and for any reason, including if Square Enix believes you have violated these Terms of Service. "
SQUARE ENIX.docx,3,Autor,virtu,"Square Enix may allow you to use “Virtual Credits” to redeem certain digital items and online services. Virtual Credits may have different names, such as, “Crysta®,” “coins,” “points,” or “gold.” Virtual Credits are not currency or property and have no monetary value. Square Enix retains all ownership of Virtual Credits and has the absolute right to manage and change Virtual Credits and all licenses for digital items and services redeemed using Virtual Credits. Your use of Virtual Credits is subject to a personal, non- commercial, non-exclusive, non-assignable, non-sublicensable, non-transferable, cancelable license. Except where explicitly authorized by Square Enix, exchanging, seeking to exchange, or facilitating the exchanging of Virtual Credits or other virtual items for money or any other form of property is strictly forbidden and considered a breach of these Terms of Service.Where permitted by Square Enix, you may add Virtual Credits to an Account by using the applicable payment methods for the platform you are using to access the Services.Square Enix reserves the right to adjust the price for Virtual Credits at any time, in its sole discretion, without notice or reimbursement. You are responsible for the payment of any taxes or other charges relating to the purchase or redemption of Virtual Credits. Except as where may be required by law, you have no right to receive a refund for unused Virtual Credits.Unless you live in the European Union, or have acquired or use the Services in a country located in the European Union, you agree not to bring a lawsuit against Square Enix or our afﬁliates, service providers, or licensors arising out of or related to your use of Virtual Credits, including any claim based on a theory that you own Virtual Credits or any related digital items or service; any modiﬁcations in the amount of Virtual Credits necessary to obtain a virtual item or service; or the removal of access to any virtual item or service, including as a result of Account termination."
SQUARE ENIX.docx,4,Autor,docu3,Terms and Conditions of Sale 
SQUARE ENIX.docx,5,Autor,pato,"If you place an order with Square Enix, we may, solely in our discretion, reject your order or limit the quantity of products you may purchase. We may also require additional information from you before accepting your order. "
SQUARE ENIX.docx,6,Autor,uncle,YOUR RIGHTS AS A CONSUMER UNDER LOCAL LAW
SQUARE ENIX.docx,7,Autor,uncle,IN CERTAIN JURISDICTIONS 
SQUARE ENIX.docx,8,Autor,uncle,Subject to your local law
SQUARE ENIX.docx,9,Autor,IP-1,"you grant Square Enix the unrestricted, worldwide, irrevocable, perpetual, and cost-free right to use, copy, modify, distribute, disclose, sell, sublicense, display, publicly perform, publish, broadcast, translate, make derivative works of, promote, and otherwise exploit your User-Generated Content without any compensation, notice, or attribution to you, and to allow other third parties to do the same. "
SQUARE ENIX.docx,10,Autor,uncle,To the maximum extent permitted by your local law
SQUARE ENIX.docx,11,Autor,cnt_del-1cnt_mod0ltd-1,"Square Enix may—but does not have an obligation to—delete, remove, edit, or refuse to post User-Generated Content in our sole discretion. We do not accept any liability for removing, or not removing, any User-Generated Content."
SQUARE ENIX.docx,12,Autor,docu3,PlayStation™Network Terms of Service 
SQUARE ENIX.docx,13,Autor,docu4,User Agreement 
SQUARE ENIX.docx,14,Autor,uncle,except where otherwise prohibited by your local law
SQUARE ENIX.docx,15,Autor,arb-1,"then the aggrieved party may initiate binding arbitration as the sole means to resolve the Dispute. WITH ARBITRATION THERE IS NO JUDGE OR JURY, THE ARBITRATION IS SUBJECT TO CERTAIN CONFIDENTIALITY RULES, AND JUDICIALREVIEW OF THE ARBITRATION OUTCOME IS LIMITED. "
SQUARE ENIX.docx,16,Autor,class-1,DISPUTES WILL BE ARBITRATED ONLY ON AN INDIVIDUAL BASIS AND WILL NOT BE CONSOLIDATED WITH ANY OTHER ARBITRATION OR OTHER PROCEEDING THAT INVOLVES ANY CLAIM OR CONTROVERSY OF ANY OTHER PARTY. In theevent this class action waiver is held to be illegal or unenforceable then our agreement to arbitrate will not apply and the Dispute must be brought exclusively in court on an individual basis.
SQUARE ENIX.docx,17,Autor,as_is-1,"YOUR USE OF THE SERVICES IS AT YOUR SOLE RISK. SQUARE ENIX DISCLAIMS AND MAKES NO REPRESENTATIONS OR WARRANTIES AS TO THE SERVICES, INCLUDING WHETHER THE SERVICES: ARE FREE FROM VIRUSES OR OTHER MALICIOUS CONTENT; WILL INTEROPERATE OR BE COMPATIBLE WITH ANY THIRD-PARTY HARDWARE OR SOFTWARE; WILL BE ERROR FREE, UNINTERRUPTED OR AVAILABLE AT ALL TIMES; WILL MEET YOUR REQUIREMENTS; OR ARE LAWFUL IN ANY PARTICULAR JURISDICTION. TO THE MAXIMUM EXTENT PERMITTED BY LAW, SQUARE ENIX DISCLAIMS ALL EXPRESS OR IMPLIED WARRANTIES, INCLUDING WARRANTIES OF MERCHANTABILITY, FITNESS FOR A PARTICULAR PURPOSE AND NON-INFRINGEMENT."
SQUARE ENIX.docx,18,Autor,uncle,"SOME JURISDICTIONS LIMIT OR DO NOT ALLOW THE DISCLAIMER OF IMPLIED OR OTHER WARRANTIES, IN WHICH CASE THE FOREGOING DISCLAIMERS MAY NOT APPLY TO YOU."
SQUARE ENIX.docx,19,Autor,uncle,TO THE FULLEST EXTENT PERMITTED BY APPLICABLE LAW
SQUARE ENIX.docx,20,Autor,ltd-1,"SQUARE ENIX AND ITS EMPLOYEES, DIRECTORS, OFFICERS, MANAGERS, SHAREHOLDERS, AGENTS, VENDORS, LICENSORS, LICENSEES, CONTRACTORS, REPRESENTATIVES, SUCCESSORS, AND ASSIGNS (THE “SQUARE ENIX PARTIES”) ARE NOT RESPONSIBLE OR LIABLE FOR ANY LOSSES OR DAMAGES OF ANY KIND, INCLUDING DIRECT, INDIRECT, ECONOMIC, EXEMPLARY, SPECIAL, PUNITIVE, INCIDENTAL, OR CONSEQUENTIAL LOSSES OR DAMAGES THAT ARE THE RESULT OF OR RELATED TO: (I) YOUR USE OF OR INABILITY TO USE THE SERVICES OR THE PERFORMANCE OF THE SERVICES; (II) GAMES, PRODUCTS, CONTENT, USER-GENERATED CONTENT, OR ANY OTHER FUNCTIONS, FEATURES, ELEMENTS, OR INFORMATION ON, REFERENCED AT, OR LINKED OR MADE ACCESSIBLE THROUGH THE SERVICES; (III) ANY ACTION TAKEN IN CONNECTION WITH AN INVESTIGATION BY THE SQUARE ENIX PARTIES OR LAW ENFORCEMENT AUTHORITIES REGARDING YOUR ACCESS TO OR USE OF THESERVICES; (IV) ANY ACTION TAKEN IN CONNECTION WITH COPYRIGHT OR OTHER INTELLECTUAL PROPERTY OWNERS OR OTHER RIGHTS OWNERS; (V) ANY ERRORS OR OMISSIONS IN THE SERVICES’ TECHNICAL OPERATION; (VI) ANY DAMAGE TO YOUR OR ANOTHER PERSON’S DEVICE, HARDWARE, SOFTWARE, OR OTHER EQUIPMENT OR TECHNOLOGY, INCLUDING DAMAGE FROM ANY SECURITY BREACH, VIRUS, BUG, TAMPERING, FRAUD, ERROR, OMISSION, INTERRUPTION, DEFECT, DELAY IN OPERATION OR TRANSMISSION, COMPUTER LINE, NETWORK FAILURE, OR ANY TECHNICAL OR OTHER MALFUNCTION; OR (VII) YOUR INABILITY OR FAILURE TO COMPLY WITH THESE TERMS OF SERVICE FOR ANY REASON"
SQUARE ENIX.docx,21,Autor,uncle,TO THE FULLEST EXTENT PERMITTED BY APPLICABLE LAW
SQUARE ENIX.docx,22,Autor,ltd_cap-1,", IN NO EVENT WILL THE SQUARE ENIX PARTIES’ TOTAL LIABILITY TO YOU, FOR ALL POSSIBLE DAMAGES, LOSSES, AND CAUSES OF ACTION, EXCEED AN AMOUNT EQUAL TO THE AMOUNT YOU HAVE PAID SQUARE ENIX OVER THE PRECEDING TWELVE (12) MONTHS"
SQUARE ENIX.docx,23,Autor,uncle,NOTHING IN THESE TERMS AFFECTS YOUR LEGAL RIGHTS IN YOUR PLACE OF RESIDENCE
SQUARE ENIX.docx,24,Autor,uncle,or in another jurisdiction that does not allow the exclusion or limitation of incidental or consequential damages of the sort that are described in this Section 1
SQUARE ENIX.docx,25,Autor,contr_chg-1,"Square Enix reserves the right to modify these Terms of Service at any time, including by posting updated terms on the Services "
SQUARE ENIX.docx,26,Autor,uncle,subject to applicable law
SQUARE ENIX.docx,27,Autor,C_law-1,"these Terms of Service will be governed by the laws of the State of California, United States"
SQUARE ENIX.docx,28,Autor,c_forum-1,"subject to the exclusive jurisdiction of the state and federal courts located in Los Angeles, California, United States"
SQUARE ENIX.docx,29,Autor,c_law-1,"If you are in the EMEA-Asia Region, these Terms of Service will be governed by English law"
SQUARE ENIX.docx,30,Autor,uncle,there may be certain mandatory applicable laws of your country that apply for your beneﬁt and protection in addition to or instead of certain provisions of English law
SQUARE ENIX.docx,31,Autor,c_forum-1,You agree that any dispute between you and us regarding these terms or any contract will only be dealt with by the English courts
SQUARE ENIX.docx,32,Autor,ind0,". You agree to defend, indemnify, reimburse, and hold harmless the Square Enix Parties from and against any and all claims, demands, losses, liabilities, or expenses (including attorneys’ fees) incurred in connection with your User-Generated Content, use of the Services, violation of these Terms of Service, or violation of any person or entity’s intellectual property rights or other rights. We retain the exclusive right to assume the defense and control of any matter that is otherwise subject to indemniﬁcation by you under this paragraph, and you agree to cooperate with Square Enix in asserting any available defenses."
SQUARE ENIX.docx,33,Autor,sever0,"If any provision of these Terms of Service is found to be invalid, unlawful, void, or unenforceable, then that provision will be deemed severable and its invalidity will not affect the validity or enforceability of the remainder of these Terms of Service."
SQUARE ENIX.docx,34,Autor,uncle,To the extent permitted by applicable law
SQUARE ENIX.docx,35,Autor,inter-1,"you waive any rights under applicable statutory or common law that may permit a contract to be construed against its drafter. Wherever the word “including” is used in these Terms of Service it is deemed to mean “including, without limitation.”"
SQUARE ENIX.docx,36,Autor,uncle,Subject to applicable law
SQUARE ENIX.docx,37,Autor,uncle,unless prohibited by law
SQUARE ENIX.docx,38,Autor,uncle,if applicable in your country
SQUARE ENIX.docx,39,Autor,uncle,if applicable in your country
SQUARE ENIX.docx,40,Autor,tran-1,"Square Enix may assign its rights and obligations under these Terms of Service, in whole or in part, to any person or entity at any time without notice to you. You may not assign these Terms of Service without our prior written consent."
Vinted.docx,0,Autor,docu1,Polityką Prywatności 
Vinted.docx,1,Autor,what,itryna umożliwia Użytkownikowi wymianę i/lub sprzedaż i/lub zakup Przedmiotów oraz korzystania z innych Usług Dodatkowych oferowanych przez Witrynę.
Vinted.docx,2,Autor,contr_chg0,"VINTED może, według własnego uznania, zmienić Ogólne Warunki w celu:"
Vinted.docx,3,Autor,uncle,W granicach obowiązującego prawa
Vinted.docx,4,Autor,docu2,Cennik
Vinted.docx,5,Autor,docu3,Polityka dotycząca plików cookies
Vinted.docx,6,Autor,core,"– oznaczają oferowaną przez VINTED Użytkownikom i Odwiedzającym możliwość, w szczególności nieograniczoną możliwość umieszczania Przedmiotów w odpowiednim Katalogu, przeglądania Przedmiotów, bezpośredniego uczestniczenia w wymianie lub zakupie-sprzedaży lub innych Transakcjach, korzystania ze Zintegrowanych Usług Płatności i Wysyłki oraz komunikowania się między nimi prywatnie i/lub publicznie, w szczególności za pośrednictwem Forum"
Vinted.docx,7,Autor,what2,"VINTED jest internetowym pośredniczącym serwisem hostingowym oferującym Użytkownikom wirtualne forum wymiany, czyli Witrynę, usystematyzowany Katalog i Forum. Użytkownicy mają możliwość umieszczenia swoich Przedmiotów w odpowiednim Katalogu na Witrynie, wymiany, kupna lub sprzedaży Przedmiotów, korzystania ze Zintegrowanej Usługi Płatności i Wysyłki, komunikowania się poprzez wysyłanie Wiadomości Prywatnych, komunikowania się na Forum oraz korzystania z innych UsługDodatkowych oferowanych przez Witrynę. VINTED nie jest stroną żadnej Transakcji pomiędzy Użytkownikami. W żadnym wypadku VINTED nie będzie kupować, sprzedawać lub wymieniać Przedmiotów znajdujących się na Witrynie, ani nie będzie do tego dążyć. VINTED oferuje Usługi ułatwiające zawieranie Transakcji."
Vinted.docx,8,Autor,docu4,zasadach korzystania z Katalogu 
Vinted.docx,9,Autor,docu5,Listy Produktów i Usług Niedozwolonych 
Vinted.docx,10,Autor,docu6,ogólne warunki korzystania 
Vinted.docx,11,Autor,acc_sus-1pato,"W przypadku wystąpienia jakiegokolwiek problemu zgłoszonego VINTED przez dostawcę Zintegrowanej Usługi Płatności, VINTED niezwłocznie zawiesi konto danego Użytkownika, jak również transakcje będące w toku, na czas oczekiwania na wyniki prowadzonego dochodzenia."
Vinted.docx,12,Autor,acc_sus-1pato2,"VINTED zastrzega sobie prawo do zawieszenia konta Użytkownika w przypadku wszczęcia przez Użytkownika sporu za pośrednictwem zewnętrznych dostawców usług płatniczych, i gdy VINTED ma ku temu uzasadniony powód (np. w przypadku naruszenia obowiązującego prawa i/lub niniejszych Ogólnych Warunków i/lub istnieje prawdopodobieństwo niewłaściwego korzystania z Witryny)."
Vinted.docx,13,Autor,ltd_cap-1,"Zwrot całkowitej ceny zakupu, w tym kosztów wysyłki, będzie stanowił jedyne roszczenie Kupującego na podstawie jego umowy ze Sprzedającym."
Vinted.docx,14,Autor,pice_chg0,". Użytkownik akceptuje fakt, że VINTED jest uprawniony do zmiany Cennika na warunkach określonych w pkt. 1.5 powyżej. W przypadku braku zgody Użytkownika na którąkolwiek z proponowanych zmian, Użytkownik może zdecydować się na zakończenie relacji z VINTED i zamknięcie swojego konta VINTED, zgodnie z punktem 15.3. Zmiany Cen nie będą miały zastosowania do trwających Transakcji (tj. takich, za które Kupujący dokonał już płatności)."
Vinted.docx,15,Autor,sugg0,Użytkownikom lub VINTED nie należy się wynagrodzenie w zamian za ich opinie online.
Vinted.docx,16,Autor,acc_sus0,"VINTED, po zidentyﬁkowaniu Użytkownika, który nie przestrzega tych zasad, może skorzystać z prawa do zablokowania konta danego Użytkownika w całości lub w części."
Vinted.docx,17,Autor,docu10,https://www.vinted.pl/forum-rules.
Vinted.docx,18,Autor,cnt_del0cnt_mod0,"Użytkownicy są odpowiedzialni za Treść zamieszczaną online, a VINTED może usuwać treść Użytkownika, o której został należycie powiadomiony zgodnie z obowiązującymi przepisami prawa i która narusza obowiązujące prawo i/lub polityki VINTED."
Vinted.docx,19,Autor,uncle2,W granicach obowiązującego prawa
Vinted.docx,20,Autor,docu11,Polityka Bezpieczeństwa 
Vinted.docx,21,Autor,acc_sus0acc_del0,"VINTED może zabronić, w całości lub w części, korzystania z Witryny (poprzez określenie warunków ograniczenia) lub uniemożliwić Użytkownikowi lub Odwiedzającemu korzystanie z Witryny, w szczególności poprzez usunięcie Treści zamieszczonej na Witrynie, usunięcie konta Użytkownika oraz uniemożliwienie Użytkownikowi ponownej rejestracji na Witrynie lub uniemożliwienie Odwiedzającemu dostępu do Witryny, przy założeniu, że VINTED prześle uprzednie oﬁcjalne zawiadomienie do tych Użytkowników lub Odwiedzających, którzy:"
Vinted.docx,22,Autor,cnt_mod0,"VINTED może, w każdym czasie, zreorganizować Katalog, powierzchnie reklamowe lub inne informacje o Przedmiotach, z zastrzeżeniem tych zmian, które nie zmieniają Treści dostarczonej przez Użytkownika, tak aby Witryna była bardziej przyjazna dla użytkownika. VINTED może publikować Aktualności, publikując opis, instrukcje lub zasady z nimi związane."
Vinted.docx,23,Autor,com_sys0,"W przypadku braku porozumienia pomiędzy VINTED a Użytkownikiem, Użytkownik może:Po pierwsze, skierować pisemną reklamację do Działu Obsługi Klienta za pomocą formularza kontaktowego.W przypadku braku odpowiedzi ze strony tego działu w rozsądnym terminie jednego (1) miesiąca, lub jeśli Użytkownik nie jest usatysfakcjonowany udzieloną odpowiedzią, Użytkownik i VINTED postarają się rozwiązać skargę Użytkownika w sposób polubowny, zanim jakikolwiek spór zostanie wniesiony do właściwego sądu."
Vinted.docx,24,Autor,acc_del0,"VINTED może zakończyć swoją relację z Użytkownikiem za uprzednim 30-dniowym pisemnym powiadomieniem Użytkownika, w szczególności z następujących powodów: (1) decyzja VINTED o zaprzestaniu świadczenia Usług, (2) decyzja VINTED o zaprzestaniu prowadzenia działalności, (3) decyzja VINTED o zmianie administratora działalności Witryny, w całości lub w części."
Vinted.docx,25,Autor,acc_del0,"VINTED może zakończyć swoją relację z Użytkownikiem ze skutkiem natychmiastowym, w przypadku naruszenia prawa lub postanowień Ogólnych Warunków przez Użytkownika."
Vinted.docx,26,Autor,IP-1,"Umieszczanie informacji lub danych, w szczególności zdjęć na Witrynie, tj. „Treści”, oznacza, że Użytkownicy Witryny lub Usług niniejszym udzielają VINTED oraz każdej spółce należącej do Grupy VINTED, bez wynagrodzenia, niewyłączną licencję na korzystanie z Treści na całym świecie, która będzie obowiązywać przez okres obowiązywania odpowiednich praw, jeśli dotyczy (i ich ewentualnych rozszerzeń). Taka licencja obejmuje prawo do korzystania, kopiowania, reprodukowania, wyświetlania i dostosowywania Treści. VINTED może wykorzystywać taką Treść na wszelkich znanych lub nieznanych dotychczas nośnikach, w szczególności w telewizji, na papierze, w Internecie (w ramach banerów i artykułów, umieszczać je na innych stronach internetowych) oraz w serwisach społecznościowych (Facebook, Twitter, Instagram, itp.), w celach komercyjnych, reklamowych oraz dla celów wewnętrznych, co Użytkownik akceptuje."
Vinted.docx,27,Autor,trans-1,"VINTED informuje Użytkownika, że VINTED może, z zastrzeżeniem obowiązujących przepisów o ochronie danych osobowych, przenieść i/lub scedować wszelkie prawa i obowiązki wynikające z niniejszych Ogólnych Warunków na jakąkolwiek osobę trzecią, w szczególności w przypadku przeniesienia sektora działalności, połączenia poprzez założenie nowej spółki, połączenia poprzez przejęcie, podziału lub zmiany kontroli mającej wpływ na VINTED. Przeniesienie takie zwalnia VINTED na przyszłość. "
Dailymotion.docx,0,Autor,what,"Dailymotion (“Dailymotion”, “we”, “us” or “our”) is an original, free video hosting website that enables users to access, view, upload, store and share videos. The Dailymotion Service is made up of the Dailymotion website, the Dailymotion video player that is embeddable onto any website (the “Video Player”), the Dailymotion apps and web-apps as accessible (online or ofﬂine) via any current or future device capable of distributing the Dailymotion website and/or the Video Player and more generally, any Dailymotion products, content, channels, software, data feeds, services and functionality (“Dailymotion Service”)."
Dailymotion.docx,1,Autor,acc_del0disc-1,"if Your Dailymotion Account remains inactive for a signiﬁcant period of time, Dailymotion reserves the right to delete, reclaim or remove Your Dailymotion Account in its sole discretion with or without prior notice to You."
Dailymotion.docx,2,Autor,docu,"You signify Your express and unconditional agreement to (1) these terms of use, and (2) all other policies of Dailymotion, including but not limited to the Dailymotion privacy and cookie policies, as accessible at any"
Dailymotion.docx,3,Autor,contr_chg-1,"Dailymotion may, in its sole discretion, modify the Terms from time to time, and You agree to be bound by such modiﬁcations"
Dailymotion.docx,4,Autor,IP1,"For the entire period during which Your Content is hosted on the Dailymotion Service, You grant to Dailymotion the non-exclusive worldwide rights (unless You geoblock certain territories through Your Dailymotion Account), transferable to Dailymotion’s Afﬁliates, to reproduce, represent, stream, replay (including ofﬂine display without permanent download), exploit, exhibit, show, market, distribute and to technically modify and compress Your Content as is strictly necessary for the purposes of the viewing and/or streaming of Your Content on the Dailymotion Service."
Dailymotion.docx,5,Autor,Cnt_del0Cnt_mod0,shall forthwith remove or disable access from its Dailymotion Service to any infringing content once having been notiﬁed of its existence
Dailymotion.docx,6,Autor,As_is-1,"You acknowledge and agree that the Dailymotion Service, in whole or in part (including, without limitation, the look and feel, the thematic channels, and the functionality of the Dailymotion Service), on and through which Your Content will be distributed, as well as any Third-Party Video(s) are provided “AS IS” and “as available” without warranties of any kind from Dailymotion or any owners of the Third-Party Video(s). Neither Dailymotion nor any owners of the Third-Party Video(s) warrant that the Third-Party Video(s) and the Dailymotion Service, the Dailymotion Material or any other software, content, information, materials or products included on or otherwise made available to You through the Dailymotion Service are free of viruses or other harmful components"
Dailymotion.docx,7,Autor,Serv_chg-1,"Dailymotion may enhance, modify and update the Dailymotion Service at its sole discretion."
Dailymotion.docx,8,Autor,uncle,to the fullest extent permissible under applicable law
Dailymotion.docx,9,Autor,uncle,Nothing herein shall exclude or limit Dailymotion’s liability for losses which may not be lawfully excluded or limited by applicable law.
Dailymotion.docx,10,Autor,ltd-1,"Subject to this overall provision above, Dailymotion shall not be liable for:any indirect or consequential losses which may be incurred by You, including (i) any loss of proﬁt (whether incurred directly or indirectly); (ii) any loss of goodwill or business reputation; (iii) any loss of opportunity; or (iv) any loss of data suffered; orany loss or damage which may be incurred as a result of: (i) any reliance placed by You on the completeness, accuracy or existence of any advertising, or as a result of any relationship or transaction between You and any advertiser or sponsor whose advertising appears on the Dailymotion Service; (ii) any changes which Dailymotion may make to the Dailymotion Service, or for any permanent or temporary cessation in the provision of the Dailymotion Service (or any of its features); (iii) the deletion of, corruption of, or failure to store, any content and other communications data maintained or transmitted by or through Your use of the Dailymotion Service; (iv) Your failure to provide Dailymotion with accurate account information; or (v) Your failure to keep Your password or Your accounts details secure and conﬁdential."
Dailymotion.docx,11,Autor,uncle,"Some jurisdictions limit or do not allow the disclaimer of warranties or damages, so the above disclaimer may not apply to the extent such jurisdiction’s law applies to the Terms."
Dailymotion.docx,12,Autor,acc_del0acc_sus0cnt_del0cnt_mod0,"Failure to comply with the Terms may result in (i) Your Content being removed and/or (ii) Your Dailymotion Account being deactivated and/or (iii) Your use of the embeddable Dailymotion Video Player being blocked and/or (iv) any elements or data related to Your Content or to Your Dailymotion Account being modiﬁed or removed (i.e. allegedly infringing username, metadata considered inappropriate, etc.) from the Dailymotion Service"
Dailymotion.docx,13,Autor,ind0,"reasonable attorneys’ fees), and penalty, or other charge (including reasonable attorneys’ fees and all other cost of investigating, defending or asserting any claim for indemniﬁcation under the Terms) arising from or relating to (i) Your Content, (ii) Your violation of the Terms; (iii) Your use of the Dailymotion Service; and (iv) Your violation of any third-party rights, including without limitation any copyright, property, publicity or privacy rights."
Dailymotion.docx,14,Autor,docu,: http://www.dailymotion.com/legal/prohibited 
Dailymotion.docx,15,Autor,docu,https://faq.dailymotion.com/hc/en-us/sections/200384117-Community-guidelines
Dailymotion.docx,16,Autor,uncle,practices and applicable laws. 
Dailymotion.docx,17,Autor,uncle,In accordance with Internet practice and custom
Dailymotion.docx,18,Autor,sever0,"You agree that if one or more provision of the Terms is considered to be not enforceable as a result of the application of a Law, regulation, or the decision of a competent body having jurisdiction, it will be treated as not forming part of the Terms and all other provisions stated herein will remain in force."
Dailymotion.docx,19,Autor,c_law-1,shall be interpreted in accordance with the laws of France
Dailymotion.docx,20,Autor,c_forum-1,You also agree that any claim or dispute between You and Dailymotion shall be decided by a court of competent jurisdiction located in Paris.
Dailymotion.docx,21,Autor,c_law-1,"shall be interpreted in accordance with the New York laws, without reference to its conﬂicts of laws, and notwithstanding multiple defendants or third-party claims."
Dailymotion.docx,22,Autor,c_forum-1,You also agree that any claim or dispute between You and Dailymotion shall be decided by a court of competent jurisdiction located in the New York county.
Dailymotion.docx,23,Autor,sever0,"If one or more provision of the Terms is considered to be invalid as such or as a result of the application of a law, regulation, or the decision of a competent body having jurisdiction, it will be treated as not forming part of the Terms and all other conditions of the Terms will remain in force."
MyTaxi.docx,0,Autor,what,The main service that FREE NOW renders on the basis of the GTC-P is the service of making the App available.
MyTaxi.docx,1,Autor,serv_chg-1,"FREE NOW reserves the right to establish, remove and/or revise charges for any or all services obtained through the use of the FREE NOW Services at any time. "
MyTaxi.docx,2,Autor,price_chg0,inform the User of any changes regarding the charges
MyTaxi.docx,3,Autor,contr_chg-1,"In case of FREE NOW services provided on the basis of a continuous legal relationship, e.g. the service of making the App available, such changes will become eﬀective when the User accepts the new version of the GTC-P in the App or after providing the User with a new version of GTC-P by email and the User's decision to continue using the App. If the User does not agree on the introduced changes, both the User and FREE NOW may terminate the contract concluded with FREE NOW with immediate eﬀect. "
MyTaxi.docx,4,Autor,pato,"FREE NOW reserves the right to not forward the User’s booking of an Additional Mobility Service to the Mobility Services Provider, where there are reasonable grounds to assume that the User will not behave in accordance with the contract or where it is apparent to FREE NOW that the User does not meet the minimum requirements set by the Mobility Services Provider or FREE NOW for making a booking with a speciﬁc Mobility Services Provider."
MyTaxi.docx,5,Autor,serv_chg0,"FREE NOW reserves the right at any time to modify the App, in order to enhance the App and make qualitative improvements to it, or to stop oﬀering the services provided through the App. If the modiﬁcation in the App causes the necessity to adjust these GTC-P, FREE NOW will notify the User thereof and provide him with the new terms and conditions for acceptance."
MyTaxi.docx,6,Autor,ltd0,"FREE NOW is liable to the User for loss and damage caused by FREE NOW resulting from the improper performance of intermediation services, unless loss or damage resulted from circumstances for which FREE NOW is not liable. FREE NOW is responsible for loss ordamage suﬀered by the User only to the extent such damage is an ordinary result of improper performance of intermediary services."
MyTaxi.docx,7,Autor,uncle,Limitations of liability shall not apply to any mandatory statutory liability
MyTaxi.docx,8,Autor,cnt_del0cnt_mod0,REE NOW is entitled to remove immediately any published material that violates the law.
MyTaxi.docx,9,Autor,pato: how a third party may terminate a contract that it explicitly claims is not a side of?,"In particular, FREE NOW reserves the right to terminate the contract without notice if the User severely violates contractual or legal obligations. For the sake of clarity, the termination of the contract under which the service of making the App available is rendered, terminates the use of Pay by App and any other service associated with the App at the same time."
MyTaxi.docx,10,Autor,Com_sys0,"If the User has any reservations about the services provided by FREE NOW, the User may ﬁle a complaint in the form referred to in section 2 below.The User may ﬁle complaints in the following forms:electronically to: pomoc@free-now.comin writing, delivered personally or by regular mail to the address of FREE NOW registered oﬃce.The complaint should contain the following:detailed description of the event it refers to;reservations about the services oﬀered/provided by FREE NOW;explicit indication of User’s claim towards FREE NOW.The complaints are reviewed within no longer than 30 days from receipt of the complaint by FREE NOW.The User will be informed of the result of the complaint review by FREE NOW within 30 days from its receipt by registered letter or e-mail, depending of the form in which the complaint has been ﬁled."
MyTaxi.docx,11,Autor,Sever0,"Should any provision of the GTC-P be or become ineﬀective or invalid or should they contain a loophole, the eﬀectiveness of the remaining provisions shall not be aﬀected"
MyTaxi.docx,12,Autor,docu,Privacy Policy Passenger
MyTaxi.docx,13,Autor,,"These GTC-P shall be governed by the Polish law, with the exclusion of the UN sales convention."
MyTaxi.docx,14,Autor,c_law-1,"These GTC-P shall be governed by the Polish law, with the exclusion of the UN sales convention."
Pracuj.pl.docx,0,Autor,acc_sus0acc_del0,"Usługodawca może odmówić utworzenia Konta, zablokować lub usunąć istniejące Konto jeżeli jego nazwa jest już używana w ramach Serwisów lub jeżeli Usługodawca poweźmie uzasadnioną, wiarygodną informację, że jest ona sprzeczna z prawem, dobrymi obyczajami, narusza dobra osobiste osób trzecich lub uzasadnione interesy Usługodawcy."
Pracuj.pl.docx,1,Autor,core1,Usługodawca zobowiązuje się do stałego i nieprzerwanego świadczenia Usług.
Pracuj.pl.docx,2,Autor,acc_del0,odmowy świadczenia Usług jeżeli Użytkownik lub Użytkownik niezalogowany narusza Regulamin
Pracuj.pl.docx,3,Autor,serv_chg-1-1,"dowolnej modyﬁkacji świadczonych Usług, narzędzi oraz sposobu działania Serwisów poprzez zmianę Regulaminu."
Pracuj.pl.docx,5,Autor,cnt_del-1cnt_mod0,usunięcia wszelkich danych Użytkownika lub Użytkownika niezalogowanego 
Pracuj.pl.docx,4,Autor,ltd-1pato1,"Usługodawca zastrzega sobie prawo do zaprzestania świadczenia Usług, usunięcia wszelkich danych Użytkownika lub Użytkownika niezalogowanego oraz podjęciawszelkich innych dozwolonych prawem czynności związanych z Serwisami, z tytułu których Użytkownikowi lub Użytkownikowi niezalogowanemu nie będą przysługiwać żadne roszczenia wobec Usługodawcy."
Pracuj.pl.docx,6,Autor,pato2,"W przypadku skorzystania przez Użytkownika z Usług związanych z publicznym udostępnieniem w Serwisach swojego Wizerunku, na podstawie art. 81 Ustawy o prawie autorskim i prawach pokrewnych, Użytkownik wyraża zgodę na jego nieodpłatne utrwalanie, zwielokrotnienie i rozpowszechnienie przez Usługodawcę. Usługodawca oświadcza, że Wizerunek będzie wykorzystywany w celu poprawnej realizacji Usług, identyﬁkacji Użytkownika lub w celach promocyjnych, reklamowych i marketingowych Usługodawcy."
Pracuj.pl.docx,7,Autor,IP-1,"Użytkownik oświadcza, że przysługują mu autorskie prawa majątkowe do Utworów. Użytkownik udziela Usługodawcy nieodpłatnej, niewyłącznej oraz nieograniczonej terytorialnie licencji na czas realizacji Usług, zezwalającej na korzystanie z Utworów na następujących polach eksploatacji, obejmujących w szczególności: wytwarzanie, zwielokrotnianie, publiczne odtworzenie i wyświetlanie, wprowadzenie do pamięci komputera i serwerów sieci komputerowych, umieszczanie w sieci Internet."
Pracuj.pl.docx,8,Autor,ltd-1,"Usługodawca nie ponosi wobec Użytkownika i Użytkownika niezalogowanego naruszających Regulamin odpowiedzialności za jakiekolwiek szkody powstałe na skutek zaprzestania świadczenia im Usług, w tym na skutek usunięcia Konta."
Pracuj.pl.docx,9,Autor,docu1,Polityka Prywatności
Pracuj.pl.docx,10,Autor,com_sys0,"Użytkownik i Użytkownik niezalogowany mają prawo składać reklamacje w sprawach dotyczących realizacji Usług.Reklamacje rozpatruje Usługodawca.Prawidłowo złożona reklamacja powinna zawierać co najmniej następujące dane:oznaczenie Użytkownika lub Użytkownika niezalogowanego (imię, nazwisko, adres poczty elektronicznej),adres Serwisu, którego reklamacja dotyczy,przedmiot reklamacji,okoliczności uzasadniające reklamację.Reklamacje nie zawierające powyższych danych nie będą rozpatrywane przez Usługodawcę.Reklamację (z dopiskiem „Reklamacja”) należy składać:na adres Usługodawcy: Grupa Pracuj S.A., ul. Prosta 68, 00-838 Warszawa,za pośrednictwem dostępnego w Serwisach formularza, lubna adres poczty elektronicznej: pomoc@pracuj.pl.Usługodawca dołoży starań, aby reklamacje były rozpatrzone w terminie najpóźniej 30 dni od ich otrzymania od Użytkownika lub Użytkownika niezalogowanego. O swojej decyzji zapadłej w wynikurozpatrzenia reklamacji Usługodawca zawiadomi Użytkownika lub Użytkownika niezalogowanego za pośrednictwem poczty elektronicznej, na adres podany w reklamacji zgodnie z ust. 3 powyżej.Reklamacja rozpatrzona zgodnie z postanowieniami Regulaminu nie podlega dalszemu ani ponownemu rozpatrzeniu."
Pracuj.pl.docx,11,Autor,acc_del0,"Usługodawca ma prawo rozwiązać umowę o świadczenie Usług w trybie natychmiastowym, w tym usunąć Konto Użytkownika, w następujących przypadkach:"
Pracuj.pl.docx,12,Autor,disc-1,"wykorzystywania przez Użytkownika lub Użytkownika niezalogowanego Usług niezgodnie ze ich przeznaczeniem,"
Pracuj.pl.docx,13,Autor,pato2,O rozwiązaniu umowy o świadczenie Usług Usługodawca poinformuje Użytkownika lub Użytkownika niezalogowanego (jeśli istnieje taka techniczna możliwość) najpóźniej w terminie 24 godzin od dnia rozwiązania.
Pracuj.pl.docx,14,Autor,acc_del0,"Usługodawca zastrzega sobie prawo do odmowy świadczenia Usług na rzecz Użytkownika lub Użytkownika niezalogowanego, w tym usunięcia Konta Użytkownika, jeżeli zostało ono założone po raz kolejny po usunięciu Konta przez Usługodawcę, wynikającym z naruszenia Regulaminu."
Pracuj.pl.docx,15,Autor,contr_chg0,"Usługodawca zastrzega sobie prawo do zmiany Regulaminu z niżej wskazanych, ważnych przyczyn:"
Pracuj.pl.docx,16,Autor,c_law-1,Regulamin oraz umowy o świadczenie Usług podlegają prawu polskiemu.
Pracuj.pl.docx,17,Autor,c_forum-1,Wszelkie spory związane ze świadczeniem Usług zgodnie z Regulaminem będzie rozstrzygał polski sąd powszechny.
Pracuj.pl.docx,18,Autor,recom0,"Użytkownik może zlecić Usługodawcy powiadamianie go o pojawieniu się w Serwisie nowych ofert pracy.Prezentując oferty pracy Usługodawca uwzględniać będziew szczególności słowa klucze podawane przez Użytkownika oraz informacje o aktywności Użytkownika w Serwisach. Użytkownik otrzymuje te informacje za pomocą wiadomości e-mail przesyłanych na udostępniony przez Użytkownika adres poczty elektronicznej lub w formie powiadomień w aplikacji mobilnej, jak również może otrzymywać takie informacje za pomocą powiadomień wyświetlanych w przeglądarce (zgodnie z ustawieniami przeglądarki)."
Pracuj.pl.docx,19,Autor,recom0,"Usługodawca informuje Użytkownika lub Użytkownika niezalogowanego – za pomocą specjalnego, indywidualnego raportu – o ofertach pracy publikowanych w Serwisie, dopasowanych do preferencji i zainteresowań Użytkownika lub Użytkownika niezalogowanego. Raport tworzony jest dla indywidualnego Użytkownika lub Użytkownika niezalogowanego na podstawie analizy jego preferencji i zainteresowań, w tym ofert pracy, które Użytkownik lub Użytkownik niezalogowany oglądał i na które wysyłał aplikacje oraz informacji przetwarzanych w związku z innymi Usługami świadczonymi przez Usługodawcę. Do tworzenia raportu mogą być wykorzystywane również dane zawarte w Proﬁlu Użytkownika lub w CV zapisanym przez Użytkownika w Koncie. Rekomendowane oferty pracy są prezentowane Użytkownikowi lub Użytkownikowi niezalogowanemu przez Usługodawcę w różnych miejscach w Serwisach lub za pomocą powiadomień wyświetlanych w przeglądarce (zgodnie z ustawieniami przeglądarki)."
Oktawave.docx,2,Autor,docu2,Price List
Oktawave.docx,4,Autor,core1,"The Service Provider provides the User with access to the Cloud and the Services, including the hardware infrastructure and computing power (including processors and operational memory) in accordance with the provisions of SLA, specified in Section 13 of these Terms and Conditions."
Oktawave.docx,5,Autor,core2,"The Service Provider also provides the Standard Technical Assistance via the User Account, e-mail or by telephone."
Oktawave.docx,6,Autor,pato1,"Taking into account the nature of the Services which, due to their nature, cannot be returned, and the fact that Services will be provided based on the User’s approval immediately after entering into the Agreement, the User will not be entitled to a 10-day period for the withdrawal from the Agreement as specified in the Act of 2 March 2000 on the protection of certain consumer rights and on liability for damage caused by a dangerous product (extracts provided for in Article10.3 (1) and (5) of that Act apply)."
Oktawave.docx,8,Autor,pato2,"observe these Terms and Conditions and applicable law when accessing and using the Services,"
Oktawave.docx,9,Autor,ltd0,"the User is liable for any breach of the data security resulting from an improperly secured access to and use of the Services,"
Oktawave.docx,10,Autor,pato3,"keep at least one updated back-up of the User Data transferred to or via the Cloud (including data stored using the Services); the User is obligated to keep back-up copies in a different infrastructure than the infrastructure provided by the Service Provider,"
Oktawave.docx,14,Autor,"acc_sus0: however, should the notice period be granted?","Once the Tariff Units bought by the User are consumed or their validity period expires, the Service Provider will disable the User access to the Services."
Oktawave.docx,16,Autor,acc_sus0: in con. with 8.2.cnt_modr0,"In relation to the Providing Electronic Services Act of 18 July 2002, the Service Provider may suspend the User’s access to the Cloud or the Services or the User Data if at least one of the following events takes place:"
Oktawave.docx,18,Autor,acc_del1,The Service Provider may terminate the Agreement by a 30-day notice for the following reasons:
Oktawave.docx,19,Autor,acc_del1: time for the user to eliminate the cause of suspension.,The Service Provider may terminate the Agreement with an immediate effect if the Services
Oktawave.docx,20,Autor,cnt_retr-1,"As of the moment the Agreement is terminated, the User loses access to all the User Data and the User Data may be deleted unless the User has bought access to Oktawave Cloud Storage or Oktawave Volume Storage, in accordance with the Price List and the SLA."
Oktawave.docx,25,Autor,docu1,The SLA 
Oktawave.docx,29,Autor,com_sys0,"The User may address any reservations concerning access to the Services, their use or operation in a form of a complaint to the Service Provider. Complaints may be lodged with the Service Provider by means of the User Account or to the following email address customer@oktawave.com by submitting a filled out complaint form to the Service Provider, or by telephone at the following number +48 22 10 10 555 or by a regular mail to the following address: ul. Domaniewska 44a; 02-672 Warszawa."
Oktawave.docx,33,Autor,ltd-1,"Taking into account that no Service provided to the User includes the creation of back-up copies of the User Data, and that the User is obliged to keep a back-up copy of the User Data of their own, the User will be liable for any and all loss of the User Data."
Oktawave.docx,34,Autor,ltd-1,The Service Provider is not liable for any loss of the User Data unless the User has subscribed to Oktawave Cloud Storage or Oktawave Volume Storage. In such case the Service Provider’s liability in connection to the loss of the User’s Data is regulated by the SLA.
Oktawave.docx,37,Autor,IP1,"), the User hereby grants a licence to the Service Provider, Service Provider’s sub-contractors or entities cooperating with the Service Provider to use such intellectual property rights (including the software licence) for the period of providing the Services and in order for the Services to be provided correctly or, in the scope in which the User is not authorized to grant such licences, the User undertakes to obtain such licence from an authorized entity on behalf of the Service Provider, the Service Provider’s sub-contractors or cooperating agents for using the intellectual property rights for period of providing the Services and for the purposes of a correct provision of the Services"
Oktawave.docx,42,Autor,c_law-1,The Agreement is governed by the laws of Poland.
Oktawave.docx,44,Autor,contr_chg0,"The Service Provider reserves the right to amend these Terms and Conditions in case of a need to adjust these Terms and Conditions to: (i) law amendments, procedures of state bodies or case law of common courts and arbitration tribunals;(ii) changes of market practices or changes in technology; (iii) changes of business plans concerning the provision of the Services, (iv) changes of regulations and agreements entered into with entities cooperating with the Service Provider, (v) any other important causes."
FollowMyHealth.docx,0,Autor,docu1,FollowMyHealth Privacy Policy
FollowMyHealth.docx,1,Autor,contr_chg-1,Allscripts may change these Terms of Use at any time by posting the amended Terms of Use to the FollowMyHealth web site and providing a notice on the website that the Terms of Use has changed. 
FollowMyHealth.docx,2,Autor,disc-1,in its sole discretion
FollowMyHealth.docx,3,Autor,price_chg0disc-1,"at any time in its sole discretion, Allscripts may charge fees for access to all or any part of the Service. "
FollowMyHealth.docx,4,Autor,proce_chg0disc-1,"Allscripts reserves the right to change its fees, if any, from time to time in its discretion. "
FollowMyHealth.docx,5,Autor,ltd-1pato1: healthcare service should be a subject of assessment concerning,You acknowledge and agree that Allscripts is not responsible for any such entity misidentifying itself or any misuse of the data by such health care providers or their authorized personnel. Allscripts' sole liability and sole responsibility shall be to discontinue access to any entity or individual which Allscripts learns misidentified itself/himself/herself or is otherwise misusing PHR Data.
FollowMyHealth.docx,6,Autor,recom-1,The manner in which your Personal Information may be used in relation to targeting and/or delivering Third Party Messages is governed by the applicable provisions of the FollowMyHealth Privacy Policy
FollowMyHealth.docx,7,Autor,serv_chg-1,"Allscripts may place limits on, modify, suspend or terminate all or any portion of the Service at any time without prior notice. "
FollowMyHealth.docx,8,Autor,acc_del0cnt_retr-1disc-1,"Allscripts may cancel your account and delete all data associated with your account at any time, and without notice, if we deem that you have violated the terms of this agreement."
FollowMyHealth.docx,9,Autor,ltd-1,Allscripts assumes no liability for any information removed from the Service. 
FollowMyHealth.docx,10,Autor,as_is-1,"THE SERVICE IS PROVIDED ON AN ""AS IS"" AND ""AS AVAILABLE"" BASIS. NEITHER ALLSCRIPTS NOR ANY OF ALLSCRIPTS' LICENSORS OR SERVICE PROVIDERS MAKES ANY EXPRESS WARRANTIES, AND EACH OF THEM DISCLAIMS ALL IMPLIED WARRANTIES WITH RESPECT TO THE SERVICE, INCLUDING IMPLIED WARRANTIES OF ACCURACY, MERCHANTABILITY, FITNESS FOR A PARTICULAR PURPOSE, AND NON-INFRINGEMENT. NEITHER ALLSCRIPTS NOR ANY OF ALLSCRIPTS' LICENSORS OR SERVICE PROVIDERS MAKES ANY WARRANTY THAT THE CONTENT IN THE SERVICE SATISFIES GOVERNMENT REGULATIONS REQUIRING DISCLOSURE OF INFORMATION ON PRESCRIPTION DRUG PRODUCTS. CONTENT IN THE SERVICE IS DEVELOPED FOR USE IN THE UNITED STATES, AND NEITHER ALLSCRIPTS NOR ANY OF ALLSCRIPTS' LICENSORS OR SERVICE PROVIDERS MAKES ANY REPRESENTATION CONCERNING THE CONTENT WHEN USED IN ANY OTHER COUNTRY."
FollowMyHealth.docx,11,Autor,ltd-1,"NEITHER ALLSCRIPTS NOR ANY OF ITS LICENSORS OR SERVICE PROVIDERS MAY BE HELD LIABLE UNDER THIS AGREEMENT FOR ANY DAMAGES OF ANY KIND, UNDER ANY LEGAL THEORY, ARISING OUT OF OR IN CONNECTION WITH USE OF, OR INABILITY TO USE, THE SERVICE, INCLUDING ANY DIRECT, INDIRECT, INCIDENTAL, SPECIAL, CONSEQUENTIAL OR PUNITIVE DAMAGES, INCLUDING, BUT NOT LIMITED TO, PERSONAL INJURY, WRONGFUL DEATH, LOST PROFITS OR DAMAGES RESULTING FROM DELAY, INTERRUPTION IN SERVICE, VIRUSES, DELETION OF FILES OR ELECTRONIC COMMUNICATIONS, OR ERRORS, OMISSIONS OR OTHER INACCURACIES IN SERVICE, WHETHER OR NOT THERE IS NEGLIGENCE BY ALLSCRIPTS AND WHETHER OR NOT ALLSCRIPTS HAS BEEN ADVISED OF THE POSSIBILITY OF ANY SUCH DAMAGES"
FollowMyHealth.docx,12,Autor,ltd_cap-1,"NEITHER ALLSCRIPTS NOR ANY OF ITS LICENSORS OR SERVICE PROVIDERS MAY BE HELD LIABLE UNDER THIS AGREEMENT FOR MORE THAN $1,000. "
FollowMyHealth.docx,13,Autor,uncle,THE LIMITATIONS IN THIS SECTION APPLY TO YOU ONLY TO THE EXTENT THEY ARE LAWFUL IN YOUR JURISDICTION.
FollowMyHealth.docx,14,Autor,c_law-1,These Terms of Use are governed by Illinois law. 
FollowMyHealth.docx,15,Autor,c_forum-1,"THE EXCLUSIVE VENUE FOR ANY DISPUTE RELATING TO THE SERVICE IS THE STATE AND FEDERAL COURTS LOCATED IN COOK COUNTY, ILLINOIS. YOU AND ALLSCRIPTS CONSENT TO THE PERSONAL JURISDICTION OF THESE COURTS."
FollowMyHealth.docx,16,Autor,sever0,"If any provision is found unenforceable, it and any related provisions will be interpreted to best accomplish the unenforceable provision's essential purpose"
Spotify.docx,0,Autor,what1,"of (which includes access to) Spotify's personalized services for streaming music and other content, including all of our websites and software applications that incorporate or link to these Terms (collectively, the ""Spotify Service"") and any music, videos, podcasts, or other material that is made available through the Spotify Service (the ""Content"")."
Spotify.docx,1,Autor,pato1,"Use of the Spotify Service may be subject to additional terms and conditions presented by Spotify, which are hereby incorporated by this reference into these Terms."
Spotify.docx,2,Autor,uncle1,(or the equivalent minimum age in your home country)
Spotify.docx,3,Autor,uncle2,if you are a minor in your home country
Spotify.docx,4,Autor,uncle3,have the power to enter a binding contract with us and not be barred from doing so under any applicable laws
Spotify.docx,5,Autor,uncle4,"If you are a minor in your home country, your parent or guardian will need to enter into these Terms on your behalf."
Spotify.docx,6,Autor,may infringe Annex 1(n) Directive 93/13,We are not responsible for the products and services provided by such third parties.
Spotify.docx,7,Autor,docu1,Spotify Premium Promotional Offer Terms
Spotify.docx,8,Autor,core1,"We use reasonable care and skill to keep the Spotify Service operational and to provide you with a personalized, immersive audio experience."
Spotify.docx,9,Autor,serv_chg-1,our service offerings and their availability may change from time to time and subject to applicable laws
Spotify.docx,10,Autor,ltd-1,without liability to you; for example
Spotify.docx,11,Autor,serv_chg0,"We aim to evolve and improve our Services constantly, and we may modify, suspend, or stop (permanently or temporarily) providing all of part of the Spotify Service (including particular functions, features, subscription plans and promotional offerings)."
Spotify.docx,12,Autor,serv_chg-1,"Spotify has no obligation to provide any specific content through the Spotify Service, and Spotify or the applicable owners may remove particular songs, videos, podcasts, and other Content without notice."
Spotify.docx,13,Autor,ltd-1,You understand that you are responsible for all use (including any unauthorized use)
Spotify.docx,14,Autor,pato2,"Spotify may reclaim, or require you to change, your username for any reason."
Spotify.docx,15,Autor,docu2,Spotify User Guidelines 
Spotify.docx,16,Autor,docu3,Spotify Card Terms
Spotify.docx,17,Autor,contr_chg-1price_chg0,"Spotify may from time to time change the price for the Paid Subscriptions, including recurring subscription fees, the Pre-Paid Period (for periods not yet paid), or Codes (defined above), and will communicate any price changes to you in advance on reasonable notice"
Spotify.docx,18,Autor,uncle5,Subject to applicable law
Spotify.docx,19,Autor,uncle6,"Spotify's products may be subject to U.S. export and re-export control laws and regulations or similar laws applicable in other jurisdictions, including the Export Administration Regulations (""EAR"") maintained by the U.S. Department of Commerce, trade and economic sanctions maintained by the Treasury Department's Office of Foreign Assets Control (""OFAC""), and the International Traffic in Arms Regulations (""ITAR"") maintained by the Department of State. You warrant that you are (1) not located in any country to which the United States has embargoed goods or has otherwise applied any economic sanctions; and (2) not a denied party as specified in any applicable export or re-export laws or regulations or similar laws applicable in other jurisdictions or otherwise listed on any U.S. government list of prohibited or restricted parties."
Spotify.docx,20,Autor,uncle7,"You agree to comply with all applicable export and reexport control laws and regulations, including without limitation the EAR and trade and economic sanctions maintained by OFAC. Specifically, you agree not to – directly or indirectly – use, sell, export, reexport, transfer, divert, release, or otherwise dispose of any products, software, or technology (including products derived from or based on such technology) received from Spotify under these Terms to any destination, entity, or person or for any end-use prohibited by the EAR, trade and economic sanctions maintained by OFAC, or any applicable laws or regulations of the United States or any other jurisdiction without obtaining any required prior authorization from the competent government authorities as required by those laws and regulations."
Spotify.docx,21,Autor,ltd-1,You are solely responsible for all User Content that you post.
Spotify.docx,22,Autor,pato3,or its use by Spotify pursuant to the license granted below
Spotify.docx,23,Autor,ltd-1,Spotify is not responsible for what you or others post or share on the Spotify Service.
Spotify.docx,24,Autor,cnt_modr0cnt_del-1,Spotify reserves the right to remove or disable access to any User Content for any or no reason. Spotify may take these actions without prior notification to you.
Spotify.docx,25,Autor,"IP0: ""create derivative works from""","However, in order for us to make your User Content available on the Spotify Service, we do need a limited license from you to that User Content. Accordingly, you hereby grant to Spotify a non-exclusive, transferable, sub-licensable, royalty-free, fully paid, irrevocable, worldwide license to reproduce, make available, perform and display, translate, modify, create derivative works from, distribute, and otherwise use any such User Content through any medium, whether alone or in combination with other Content or materials, in any manner and by any means, method or technology, whether now known or hereafter created, in connection with the Spotify Service."
Spotify.docx,26,Autor,uncle8shad_ip1,"Where applicable and to the extent permitted under applicable law, you also agree to waive, and not to enforce, any ""moral rights"" or equivalent rights, such as your right to be identified as the author of any User Content, including Feedback, and your right to object to derogatory treatment of such User Content."
Spotify.docx,27,Autor,sugg0,"If you provide ideas, suggestions, or other feedback in connection with your use of the Spotify Service or any Content (""Feedback""), such Feedback is not confidential and may be used by Spotify without restriction and without payment to you."
Spotify.docx,28,Autor,docu4,Spotify Privacy Policy
Spotify.docx,29,Autor,docu5,Spotify Copyright Policy.
Spotify.docx,30,Autor,docu6,Community Terms
Spotify.docx,32,Autor,disc-1,if we believe 
Spotify.docx,31,Autor,acc_del0acc_sus0,Spotify may terminate these Terms (including any additional terms and conditions incorporated herein) or suspend your access to the Spotify Service at any time if we believe you have breached any of these Terms
Spotify.docx,33,Autor,acc_del0acc_sus0,if we stop providing the Spotify Service or any material component thereof on reasonable notice to you
Spotify.docx,34,Autor,acc_del0acc_sus0uncle9,as we believe necessary to comply with applicable law
Spotify.docx,35,Autor,uncle10,subject to applicable laws
Spotify.docx,36,Autor,ltd-1,"have no liability or responsibility to you, and (except as expressly provided in these Terms) Spotify will not refund any amounts that you have already paid"
Spotify.docx,37,Autor,core2,Spotify will provide the Spotify Service using reasonable care and skill and in accordance with any specification of the Spotify Service provided by Spotify
Spotify.docx,38,Autor,as_is-1,"the Spotify Service is provided ""as is"" and ""as available,"" without any warranties of any kind, whether express, implied, or statutory."
Spotify.docx,39,Autor,ltd-1,"Further, Spotify and all owners of the content disclaim any express, implied, and statutory warranties regarding the content, including warranties of satisfactory quality, merchantability, fitness for a particular purpose, or non-infringement.Neither Spotify nor any owner of content warrants that the Spotify Service or content is free of malware or other harmful components. In addition, Spotify makes no representation regarding, nor does it warrant or assume any responsibility for, any third-party applications (or the content thereof), user content, devices or any product or service advertised, promoted or offered by a third party on or through the Spotify Service or any hyperlinked website, and Spotify is not responsible for any transactions between you and any third-party providers of the foregoing"
Spotify.docx,40,Autor,uncle11,This section applies to the fullest extent permitted by applicable law.
Spotify.docx,41,Autor,uncle12,"Some jurisdictions do not allow the exclusion of implied warranties or limitations on applicable statutory rights of a consumer, so the exclusion and limitations in this section may not apply to you and nothing will affect your statutory rights."
Spotify.docx,42,Autor,uncle13,Subject to applicable law
Spotify.docx,43,Autor,ltd-1,you agree that your sole and exclusive remedy for any problems or dissatisfaction with the Spotify Service is to uninstall any Spotify software and to stop using the Spotify Service.
Spotify.docx,44,Autor,ltd_cap-1,"In no event will Spotify, its officers, shareholders, employees, agents, directors, subsidiaries, affiliates, successors, assigns, suppliers, or licensors be liable for (1) any indirect, special, incidental, punitive, exemplary, or consequential damages; (2) any loss of use, data, business, or profits (whether direct or indirect), in all cases arising out of the use of or inability to use the Spotify Service, devices, third-party applications, or third-party application content; or (3) aggregate liability for all claims relating to the Spotify Service, third-party applications, orthird-party application content more than the greater of (a) the amounts paid by you to Spotify during the twelve months prior to the first claim; or (b) $30.00. Any liability we do have for losses you suffer is strictly limited to losses that were reasonably foreseeable."
Spotify.docx,45,Autor,uncle14,"to the extent that applicable law would prohibit such a limitation and for any other liability that, by applicable law, may not be limited or excluded."
Spotify.docx,46,Autor,uncle15,Except where such restriction is prohibited under applicable law
Spotify.docx,48,Autor,period-1,within one (1) year after the date the party 
Spotify.docx,47,Autor,arb-1,", any claim arising under these terms must be commenced (by filing a demand for arbitration or filing an individual action under the arbitration agreement below) within one (1) year after the date the party asserting the claim first knows or reasonably should know of the act, omission, or default giving rise to the claim; and there shall be no right to any remedy for any claim not asserted within that time period."
Spotify.docx,49,Autor,ind0,"You agree to indemnify and hold Spotify harmless from and against any reasonably foreseeable direct losses, damages, and reasonable expenses (including reasonable attorney fees and costs) suffered or incurred by Spotify arising out of or related to: (1) your breach of any of these Terms (including any additional Spotify terms and conditions incorporated herein); (2) any User Content you post or otherwise contribute; (3) any activity in which you engage on or through the Spotify Service; and (4) your violation of any law or the rights of a third party"
Spotify.docx,50,Autor,uncle16,Unless otherwise required by mandatory laws in your country of residence
Spotify.docx,51,Autor,c_law-1,"the Agreements (and any non-contractual disputes/claims arising out of or in connection with them) are subject to the laws of the state or country listed below, without regard to choice or conflicts of law principles"
Spotify.docx,52,Autor,c_forum-1,"Further, you and Spotify agree to the jurisdiction of the courts listed below to resolve any dispute, claim, or controversy that arises in connection with the Agreements (and any non- contractual disputes/claims arising out of or in connection with them)"
Spotify.docx,53,Autor,uncle17,"except where under applicable mandatory laws, you can choose to bring legal proceedings in your country of residence, or we are required to only bring legal proceedings in your country of residence"
Spotify.docx,54,Autor,uncle18,WHERE PERMITTED UNDER THE APPLICABLE LAW
Spotify.docx,55,Autor,class-1,"YOU AND SPOTIFY AGREE THAT EACH MAY BRING CLAIMS AGAINST THE OTHER ONLY IN YOUR OR ITS INDIVIDUAL CAPACITY AND NOT AS A PLAINTIFF OR CLASS MEMBER IN ANY PURPORTED CLASS ORREPRESENTATIVE ACTION. Unless both you and Spotify agree, no arbitrator or judge may consolidate more than one person's claims or otherwise preside over any form of a representative or class proceeding"
Spotify.docx,56,Autor,uncle19,"If you are located in, are based in, have offices in, or do business in a jurisdiction in which this Section 6.3. is enforceable"
Spotify.docx,57,Autor,arb-1,"You and Spotify agree that any dispute, claim, or controversy between you and Spotify arising in connection with or relating in any way to these Agreements or to your relationship with Spotify as a user of the Service (whether based in contract, tort, statute, fraud, misrepresentation, or any other legal theory, and whether the claims arise during or after the termination of the Agreements) will be determined by mandatory binding individual arbitration."
Spotify.docx,58,Autor,uncle20,"pursue enforcement actions through applicable federal, state, or local agencies where such actions are available"
Spotify.docx,59,Autor,uncle21,"Under applicable law, you may have certain rights that can't be limited by a contract. These terms are in no way intended to restrict those rights"
Spotify.docx,60,Autor,contr_chg-1,"We may make changes to these Terms (including any additional Spotify terms and conditions incorporated by reference herein) from time to time by notifying you of such changes by any reasonable means (before they take effect), including by posting a revised Agreement on the applicable Spotify Service (provided that, for material changes, we will seek to supplement such notice by email, an in-service pop-up message, or other means)"
Spotify.docx,61,Autor,sever0,"Unless as otherwise stated in these Terms, should any provision of these Terms be held invalid or unenforceable for any reason or to any extent, the remaining provisions of these Terms will not be affected, and the application of that provision shall be enforced to the extent permitted by law."
Spotify.docx,62,Autor,tran-1,"Spotify may assign any or all of these Terms, and may assign or delegate, in whole or in part, any of its rights or obligations under these Terms."
Badoo.docx,1,Autor,disc-1,at our discretion
Badoo.docx,0,Autor,cnt_mod0cnt_del-1,we are allowed at our discretion to remove it
Badoo.docx,2,Autor,ind-0,"If you post any content that actually belongs to someone else and they get annoyed (or even call in their lawyers), we are not in the firing line. You have to take responsibility for what you post"
Badoo.docx,3,Autor,docu1,Community Guideline
Badoo.docx,4,Autor,docu2,Safety Tips 
Badoo.docx,5,Autor,docu3,"Privacy Policy,"
Badoo.docx,6,Autor,what1,"Badoo is a social media website and app designed as a forum for meeting new people, a place to have discussions and to share photos, news and information. It is intended to be a fun place to visit and it is important to us (and for you) that it remains a safe and friendly environment "
Badoo.docx,7,Autor,uncle1,or the age of majority in the country in which you reside if that happens to be greater than 18
Badoo.docx,8,Autor,ltd-1,"you are solely responsible for, and bear all liability in relation to, such Content."
Badoo.docx,9,Autor,acc_sus0acc_del0,"If you repeatedly infringe our rules, you may be prevented from using Badoo and we may restrict your access to Badoo, disable your account or block you from further use of Badoo."
Badoo.docx,10,Autor,cnt_del0disc-1,We may remove any Content you submit to Badoo if we believe it violates the Terms or we are required to do so by applicable law.
Badoo.docx,11,Autor,disc-1cnt_del-1cnt_modr0,"We reserve the right (without obligation) at our sole discretion and without giving you notice, to remove or edit, limit or block access to any Content that you upload or submit to Badoo without any incurring liability to you"
Badoo.docx,12,Autor,pato1shad_ip1,and you must immediately destroy any downloaded or printed Content.
Badoo.docx,13,Autor,shad_ip2,"you are either the exclusive author or owner of that Content and in all cases you agree that you waive any and all moral rights relating to that Content (including, without limitation, any rights to be identified as the author);"
Badoo.docx,14,Autor,IP0shad_ip3 ('currently known media')pato2,"and automatically grant to us a non-exclusive, royalty free, perpetual, worldwide licence to use such Content in any way (including, without limitation, editing, copying, modifying, adapting, translating, reformatting, creating derivative works from, incorporating into other works, advertising, distributing and otherwise making available to the general public such Content, whether in whole or in part and in any format or medium currently known or developed in the future)."
Badoo.docx,15,Autor,tran-1,We may assign and/or sub-license the above licence to our affiliates and successors without any further approval by you.
Badoo.docx,16,Autor,what2,"Badoo offers you the opportunity to pay for certain services offered on the site. Badoo’s premium services include various opportunities to find and meet additional people, to customise your profile and to boost your profile so more people find you. Badoo also offers the ability to play various games on the site. All of these premium services can be purchased after you register, and you may subscribe to the premium services for various lengths of time."
Badoo.docx,17,Autor,as_is-1,"Badoo is provided on an “as is” “as available” basis. No warranty is given about the quality, accuracy, functionality, availability or performance of Badoo "
Badoo.docx,18,Autor,serv_chg-1ltd-1,"we reserve the right to suspend, withdraw, amend, modify or vary the service provided on Badoo without notice and without incurring any liability to you."
Badoo.docx,19,Autor,cnt_retr1,"You will therefore be able to restore your account and your profile in its entirety within 28 days of de-activating it. Once your registration is terminated, we have the right to delete any related Content that you have submitted or uploaded on to Badoo. "
Badoo.docx,20,Autor,pato3,"Content that you have uploaded to Badoo, other than your Profile (such as comments or email messages), may still appear on Badoo following termination of your registration."
Badoo.docx,21,Autor,ltd0,Nothing in the Terms limits or excludes our liability for:death or personal injury caused by our proven negligence;fraud or fraudulent misrepresentation; orany liability which cannot be limited or excluded by law.
Badoo.docx,22,Autor,uncl32,any liability which cannot be limited or excluded by law.
Badoo.docx,23,Autor,uncle3,To the fullest extent permitted by law
Badoo.docx,24,Autor,ltd-1,"any liability incurred by you arising from use of Badoo, its services or these Terms, including without limitation for any claims, charges, demands, damages, liabilities, losses or expenses of whatever nature and howsoever direct, indirect, incidental, special, exemplary, punitive or consequential damages (however arising including negligence), loss of use, loss of data, loss caused by a computer or electronic virus, loss of income or profit, loss of or damage to property, wasted management or office time, breach of contract or claims of third parties or other losses of any kind or character, even if Badoo has been advised of the possibility of such damages or losses, arising out of or in connection with the use of Badoo. This limitation on liability applies to, but is not limited to, the transmission of any disabling device or virus that may infect your equipment, failure or mechanical or electrical equipment or communication lines, telephone or other interconnect problems (e.g., you cannot access your internet service provider), unauthorized access, theft, bodily injury, property damage, operator errors, strikes or other labor problems or any act of god. in connection with Badoo including, without limitation, any liability for loss of revenue or income, loss of profits or contracts, loss of business, loss of anticipated savings, loss of goodwill, loss of data, wasted management or office time and any other loss or damage of any kind, however arising and whether caused by tort (including, but not limited to, negligence), breach of contract or otherwise, even if foreseeable whether arising directly or indirectly."
Badoo.docx,25,Autor,ltd_cap-1,"Badoo’s total liability to you in respect of losses arising under or in connection with the Terms, whether in contract, tort (including negligence, breach of statutory duty, or otherwise) shall in no circumstances exceed £20."
Badoo.docx,26,Autor,as_is-1,"Badoo has taken reasonable steps to ensure the currency, availability, correctness and completeness of the information contained on Badoo and provides that information on an ""as is"", ""as available"" basis. "
Badoo.docx,27,Autor,ltd-1,"Badoo does not give or make any warranty or representation of any kind about the information contained on Badoo, whether express or implied. Use of Badoo and the materials available on it is at your sole risk. Badoo cannot be held responsible for any loss arising from the transmission, use of data, or inaccurate Content posted by users. You are responsible for taking all necessary precautions to ensure that any material you may obtain from Badoo is free of viruses or other harmful components. You accept that Badoo will not be provided uninterrupted or error free, that defects may not be corrected or that Badoo, or the server that makes it available, are free of viruses or bugs, spyware, Trojan horses or any similar malicious software. Badoo is not responsible for any damage to your computer hardware, computer software, or other equipment or technology including, but without limitation damage from any security breach or from any virus, bugs, tampering, fraud, error, omission, interruption, defect, delay in operation or transmission, computer line or network failure or any other technical or other malfunction. "
Badoo.docx,29,Autor,uncle4,any applicable law or regulation 
Badoo.docx,28,Autor,ind0,"If we are sued as a result of your use of Badoo then we have the right to defend or settle the relevant claim as we see fit. If we ask, you will co-operate fully and reasonably as required by us in the defence of any relevant claim.You agree to hold harmless and indemnify us and our officers, directors, employees, agents, representatives and licensors from and against any third party claims, damages (actual and/or consequential), actions, proceedings, demands, losses, liabilities, costs and expenses (including reasonable solicitors’ fees) suffered or reasonably incurred by us arising as a result of, or in connection with, your access to and use of Badoo, the uploading or submission of Content to Badoo by you or your conduct, other than in accordance with the Terms or any applicable law or regulation (“Claim”). Badoo retains the exclusive right to settle, compromise and pay any and all Claims or causes of action which are brought against us without your prior consent."
Badoo.docx,30,Autor,c_law-1,The Terms and any dispute or claim arising out of or in connection with it or its subject matter (including non-contractual disputes or claims) shall be are governed by and construed in accordance with English law
Badoo.docx,31,Autor,contr_chg-1,"We reserve the right to modify, amend or change the Terms at any time"
Badoo.docx,32,Autor,pato4,You should regularly check this page to take notice of any Changes
Badoo.docx,33,Autor,sever0,"If, for any reason, any of the Terms are declared to be illegal, invalid or otherwise unenforceable by a court of a competent jurisdiction, then to the extent that term is illegal, invalid or unenforceable, it shall be severed and deleted from the Terms and the remainder of the Terms shall survive, remain in full force and effect and continue to be binding and enforceable"
Allegro.docx,0,Autor,Acc_sus0,block the User’s Account for a definite or indefinite period.
Allegro.docx,1,Autor,docu,Notes of Guidance 
Allegro.docx,2,Autor,ind0,and they shall indemnify and hold Allegro.pl harmless from and against any liability arising in connection with any use of the data on Allegro or via Allegro.pl which is unlawful or violates the rights of the data subject.
Allegro.docx,3,Autor,recom1,"Allegro.pl uses default sorting of Offers within the list of Offers, to adjust the order of their placement to the preferences of Buyers (“Relevance”).The following factors are taken into account with respect to Relevance:Offer information, such as compliance of the Offer description with the Terms & Conditions; the number of displays of the Offer in different time intervals; the number of purchases made in a specific Offer; the number of Goods added by Users to the cart within a given Offer; the number ofUsers who marked (or unmarked) a given Offer as Observed; the price of the listed Goods; the number of Goods listed; the number of methods of free delivery made available by the Seller within the Offer; the estimated delivery time for the Goods resulting from the Goods shipment time as declared by the Seller, the actual time of making this shipment and the delivery method provided by the Seller in the Offer; the availability of free return options; the status of the listed Goods, including their features; mode of the conclusion of the sales agreement — Buy now/Auction; the timeframe of the Offer; promotion options; “Official Store” distinction; placing in the Deal Zone, posting the Offer in the category that corresponds best to a given type of products; and whether the Offer title is similar to the content of the Users’ query in the search engine concerning the Goods being the subject of this Offer;Seller information, such as mainly number of positive and negative ratings; the rate of “recommended” ratings given by Buyers; average rating of the costs of delivery of Goods; average rating of compliance with Goods description; average rating of the quality of customer service provided by the Buyer; timely completion of parcel tracking numbers; time of response to messages from other Users; participation in the Super Seller program; the number of violations of Appendix No. 1 to the Terms & Conditions; the number of notices in connection with violations of paragraph 13.3 of the Terms & Conditions and paragraphs 1(4) and 1(7) of Appendix No. 2 to the Terms & Conditions.3.5.Apart from the default sorting by the ""Relevance"" criterion, the User can select the following types of Offer sorting within Offer lists on Allegro, i.e.:Price: low to high. This takes into account the criteria in the following order: Offer featured in the listing, Offer matching the searched phrase and category, lowest price, highest popularity, shortest time until Offer expiration;Price: high to low. This takes into account the criteria in the following order: Offer featured in the listing, Offer matching the searched phrase and category, highest price, highest popularity, shortest time until Offer expiration;Price including delivery: high to low. This takes into account the criteria in the following order: Offer featured in the listing, Offer matching the searched phrase and category, lowest price with delivery, highest popularity, shortest time until Offer expiration;Price including delivery: low to high. This takes into account the criteria in the following order: Offer featured in the listing, Offer matching the searched phrase and category, highest price with delivery, highest popularity, shortest time until Offer expiration;Most popular. This takes into account the criteria in the following order: Offer featured in the listing, Offer matching the searched phrase and category, highest popularity, shortest time until Offer expiration;Time: ending soonest. This takes into account the criteria in the following order: Offer featured in the listing, Offer matching the searched phrase, shortest time until Offer expiration, Offer number;Time: newly listed. This takes into account the criteria in the following order: Offer featured in the listing, Offer matching the searched phrase, shortest time from Offer publication, longest time until Offer expiration.3.6.Allegro.pl may include the Seller’s Offer published within a Business Account in the Allegro Prices program whose detailed Terms & Conditions are provided in Appendix no. 21 hereto. As part of that program, the Seller consents for automatic reduction of the price of the Goods, as a result of which the Buyer can purchase it at a discounted price. In return, Allegro.pl provides the Seller with a transactional rebate lowering the fee due to Allegro.pl for the services performed as part of Allegro, corresponding to the difference between the original and discounted price of the Goods. The Seller may exclude any of its Offers or Accounts from the Allegro Prices program."
Allegro.docx,4,Autor,docu,Appendix No. 1 
Allegro.docx,5,Autor,IP-1,"the User allows Allegro.pl to use this Content free of charge, non- exclusively and without time and territory constraints, within the scope of:its storing and multiplying by using any techniques, including its recording and duplication into paper, electronic, magnetic, and optic medium copies;its reproduction via telecommunications networks (including the Internet and GSM networks) by any means and techniques, in particular, such as its reproduction in such a way that anybody can access the Content at any chosen time and place; its exploitation in other communications networks, regardless of any possible use of access restrictions; its public viewing and reproduction also done by websites content auto-run mechanisms;its public performance, display, viewing, reproduction, transmission, and rebroadcasting;its lending and its introduction to public trading.The User consent covers preparation of the Content analyses by Allegro.pl, their use in the scope in which Allegro.pl is authorized to use the Content, and giving further consents to the extent of the agreement with Allegro.pl."
Allegro.docx,6,Autor,Ind0,The User shall release Allegro.pl and entities given by Allegro.pl further consent to use the Content from any liability arising from the use of the Content in accordance with the Terms & Conditions
Allegro.docx,7,Autor,docu,https://allegro.pl/dlasprzedajacych/wysylka-tego-samego-dnia-dla-wybranych-przez-ciebieprzewoznikow- i-dni-tygodnia-2YRGlGOgLfR#wymagania-jakie-nalezy-spelnic-abykupujacy-zobaczyli-informacje-o- wysylce-tego-samego-dnia-w-twoich-ofertach
Allegro.docx,8,Autor,docu,Return Policy 
Allegro.docx,9,Autor,docudocu,Appendices No. 7A and 7B
Allegro.docx,10,Autor,pato: Using latin in legal text may make it unclear for a layman,"For this purpose, Section 2, sub-paragraph 2.12.a. of the Allegro Terms & Conditions shall apply mutatis mutandis."
Allegro.docx,11,Autor,docu,Appendix No. 3 
Allegro.docx,12,Autor,docu,Appendix No. 9
Allegro.docx,13,Autor,uncle,", in accordance with generally applicable laws "
Allegro.docx,14,Autor,acc_sus1,"If any User’s actions violate the Terms & Conditions, Allegro.pl may:issue a notice to the User by email,warn the User by email;Issuing a notice and a warning to the User does not directly result in the suspension of the User’s Account or in restricting access to particular services provided within Allegro, it is only to inform that in the event of further violation of the provisions of the Terms & Conditions, Allegro.pl may suspend the Account or restrict the User’s access to particular services provided within Allegro.In case of repeated or material violations of the Terms & Conditions understood asfailure to pay the amounts due to Allegro.pl within the set time limit,the provision by the User of incomplete or false contact details (e.g. name, company, address) in the Account settings,disposal of the Account by the User without Allegro.pl consent,making the Account available by the User to other persons contrary to paragraph 2.10 of the Terms & Conditions,Publication of Offers, the subject of which is Forbidden Goods specified in Attachment No. 1 to the Terms & Conditions or Restricted Goods, where the User has not fulfilled the conditions necessary to list such Goods, which are specified in Attachment No. 1 to the Terms & Conditions,Infringing the rules on posting Offers set forth in Appendix No. 2 to the Terms & Conditions,Registration of multiple Accounts and their use contrary to the rules specified in paragraph 2.9 of the Terms & Conditions,Sending spam messages to other Users,Decrease of the overall quality (in the “My Sales Quality” tab) to the “Requires improvement” or to the “Unacceptable” level,Taking actions to avoid the payment of fees or sales commissions billed by Allegro.pl,Infringing on the rating system rules set forth in Section 11 of the Terms & Conditions,Making purchases for purposes other than completing a Transaction,Infringing the rules on ordering Allegro.pl to post Offers set forth in paragraph 5.4. of the Terms & Conditions,Infringing the rules on rejecting bids made by Bidders set forth in paragraph 6.5. of the Terms & Conditions,Infringing the rules set forth in paragraphs 10.1., 10.3, and 10.10 of the Terms & Conditions, Allegro.pl may:temporarily restrict the User’s access to respective services provided on Allegro, in particular, restrict the User Account’s functionality for a definite or indefinite period;suspend one, more, or all of the User’s Accounts for a definite or indefinite period."
Allegro.docx,15,Autor,docu,in Appendix No. 5 
Allegro.docx,16,Autor,docu,in Appendix No. 4 
Allegro.docx,17,Autor,cnt_del0cnt_mod0,"Allegro.pl reserves the right to edit or delete reviews in justified cases, when a review:is a subsequent review referring to the same Goods;refers to a different Goods than the reviewed one;violate the rules set forth in Section 11 paragraph 11.12.;violates applicable provisions of law, good practice or offends religious feelings;infringes patent rights, copyrights, business secrets or other intellectual property rights, or personal data protection rights;is only a summary of a film, book or record, etc.;is fully or partially copied from other Users, the manufacturer of the reviewed Goods or from other available sources;it contains characters that make the review illegible; this shall not apply, however, to the diacritica characters specific to the language in which the opinion was published."
Allegro.docx,18,Autor,docu,Appendix No. 19
Allegro.docx,19,Autor,contr_chg0price_chg0,"Allegro.pl may amend the Terms & Conditions in the following cases:amendments to legal regulations having a direct impact on the content of the Terms & Conditions;imposing certain obligations by governmental authorities;amendments to the price list;improving the operation of the Website and the User service;enhancing the protection of Users’ privacy;amendments to the privacy policy;preventing misuse;security/safety considerations;technological and functional changes;changes in the scope of services provided, including the introduction of new services;editorial changes."
Allegro.docx,20,Autor,acc_del1,"In the event when a User repeatedly violates the Terms & Conditions, the agreement may be terminated by Allegro.pl against a thirty day notice."
Allegro.docx,21,Autor,com_sys0,"If in a User’s opinion, services to be provided under the Terms & Conditions are not rendered by Allegro.pl or are not rendered in accordance with the Terms & Conditions, the User may present their reservations in the manner specified below (“Complaint”). In addition, in the case of own sale of Goods by Allegro.pl, a User may make a Complaint in the manner described in Allegro.pl’s Offer.16.4.A Complaint may be lodged in an electronic form using the contact form or in a written form. A Complaint shall contain at least the name under which the User acts on Allegro (login), the description of their reservations, and the proposed method of handling the Complaint.16.5.Allegro.pl shall handle a Complaint within 14 days from the date of its receipt. When a Complaint does not contain the information necessary to handle it, Allegro.pl shall ask the User making the Complaint to supplement the required information, and then the period of 14 days shall run from the date of submitting the supplemented Complaint.16.6.A response to a Complaint shall be sent only to the email address assigned to a given User’s Account. In particularly justified cases, Allegro.pl may send a response to a different email address provided by the User making a Complaint, which is not assigned to the User’s Account, or in writing to the address provided in the Compliant.16.7.A User may appeal against the decision taken by Allegro.pl concerning a Complaint (“Appeal”). The provisions of Section 16, paragraphs 16.3, 16.4, and 16.5 shall apply accordingly."
Allegro.docx,22,Autor,c_law-1,"An agreement between User and Allegro.pl, relating to services provided on Allegro by Allegro.pl on terms and conditions set forth herein, shall be governed by Polish law with exclusion of the United Nations Convention on Contracts for the International Sale of Goods of 11 April 1980 (Dz. U. 97.45.286)."
Allegro.docx,23,Autor,uncle,Users by mandatorily applicable laws of the country in which the User has its habitual residence
Allegro.docx,24,Autor,c_forum0,"Any disputes between Allegro and a User that is not a consumer, concerning Allegro, including connected with the services provided on Allegro by Allegro.pl shall be resolved by Polish courts of general jurisdiction competent for the registered office of Allegro."
Allegro.docx,25,Autor,docu1-24,Appendix No. 1: Forbidden and restricted items;Appendix No. 2: Rules on creating Offer description;Appendix No. 3: Policy on technical breaks and compensation for technical failures; Appendix No. 4: Fees and sales commissions;Appendix No. 5: Privacy protection policy; Appendix No. 6: Junior account principles;Appendix No. 7A: Terms & Conditions of PayU service; Appendix No. 7B: Terms & Conditions of Przelewy 24 service; Appendix No. 7C: Allegro Finance Terms & Conditions;Appendix No. 8: Notes of guidance on agreement renouncement and draft renouncement statement; Appendix No. 9: Buyer Protection Program;Appendix No. 10: Adding Products;Appendix No. 11: Use of databases of Allegro.pl and available in Allegro;Appendix No. 12: Terms & Conditions of the “Allegro Smart!” service for the Sellers; Appendix No. 13: Allegro Lokalnie;Appendix No. 14: General Terms & Conditions of the Cooperation Related to the Mail Order Sales of Medicinal Products;Appendix No. 15: Allegro Community;Appendix No. 16: General Terms & Conditions of Delivery Service;Appendix No. 16A: General Terms & Conditions of the Delivery Service for Allegro Lokalnie; Appendix No. 17: Charity Offers;Appendix No. 18: General Terms & Conditions of the Cooperation Related to the Sales of Vouchers Exchangeable for Medical Services;Appendix No. 19: Data processing Agreement.Appendix No. 20. Transactions subject to the obligation of archiving or VAT settlement through Allegro.pl Appendix No. 21: Details of Allegro Prices program
Allegro.docx,26,Autor,sever0,"If any provision hereof is held invalid by a final and absolute court judgment, the remaining ones shall stay in full force and effect"
Allegro.docx,27,Autor,uncle,unless the relevant laws provide for a different effect
Allegro.docx,28,Autor,com_sys0,Allegro.pl shall ensure the operation of an internal complaint-handling system within the meaning of paragraph 11.1. of Regulation (EU) 2019/1150 of the European Parliament and of the Council of 20 June 2019 on promoting fairness and transparency for business users of online intermediation services.Complaints of the Users that relate to the issues listed in this regulation can be made through https://na.allegro.pl/skarga.
Snapchat.docx,0,Autor,"pato: the document refers to itself, which is confusing","If you live outside of the United States or if your principal place of business is outside of the United States, Snap Group Limited provides you the Services and your relationship is governed by the Snap Group Limited Terms of Service."
Snapchat.docx,1,Autor,arb0,"IF YOU’RE USING THE SERVICES ON BEHALF OF A BUSINESS, THEN YOUR BUSINESS WILL BE BOUND BY THE ARBITRATION CLAUSE THAT APPEARS LATER IN THESE TERMS."
Snapchat.docx,2,Autor,docu2docu3,"Services in a way that these Terms and our policies, such as our Community Guidelines and Sounds on Snapchat Guidelines, allow. You may not use the Services in ways that are not authorised by these T"
Snapchat.docx,3,Autor,IP0: Not '1' because of license also for developing new services.,"For all content you submit to the Services, you grant Snap and our afﬁliates a worldwide, royalty-free, sub- licencable, and transferable licence to host, store, cache, use, display, reproduce, modify, adapt, edit, publish, analyse, transmit, and distribute that content. This licence is for the limited purpose of operating, developing, providing, promoting and improving the Services and researching and developing new ones. This licence includes a right for us to make your content available to, and pass these rights along to, other service providers with whom we have contractual relationships related to the provision of the Services, solely for the purpose of providing such Services."
Snapchat.docx,4,Autor,IP-1,"Because Public Content is inherently public, you grant Snap, our afﬁliates, other users of the Services, and our business partners all of the same rights you grant for non-Public Content in the previous paragraph, as well as a worldwide, royalty- free, and irrevocable right and licence to create derivative works from, promote, exhibit, broadcast, syndicate, reproduce, distribute, synchronise, overlay graphics and auditory effects on, publicly perform, and publicly display all or any portion of your Public Content (including the separate video, image, sound recording, or musical compositions contained therein) in any form and in any and all media or distribution methods, now known or later developed."
Snapchat.docx,5,Autor,IP-1,"When you appear in, create, upload, post, or send Public Content(including your Bitmoji), you also grant Snap, our afﬁliates, other users of the Services, and our business partners an unrestricted, worldwide, royalty-free, and irrevocable right and licence to use the name, likeness, and voice, of anyone featured in your Public Content. "
Snapchat.docx,6,Autor,shad_ip,"This means, among other things, that you will not be entitled to any compensation if your content, videos, photos, sound recordings, musical compositions, name, likeness, or voice are used by us, our afﬁliates, users of the Services, or our business partners"
Snapchat.docx,7,Autor,docu4,Privacy Policy 
Snapchat.docx,8,Autor,docu5,Support Site
Snapchat.docx,9,Autor,uncle,To the extent permissible by law
Snapchat.docx,10,Autor,shad_ip2,you irrevocably waive—or agree not to assert against Snap or its afﬁliates—any moral rights or equivalent rights you may have in content you share on the Services throughout the world.
Snapchat.docx,11,Autor,cnt_del0cnt_mod0,"While we’re not required to do so, we reserve the right to access, review, screen, and delete any content (i) which we think violates these Terms, including any additional terms referenced in Section 4, or our policies, such as our Community Guidelines, or (ii) if necessary to comply with our legal obligations."
Snapchat.docx,12,Autor,-1,"We, Snap Inc., our afﬁliates, and our third-party partners may place advertising on the Services, including personalised "
Snapchat.docx,13,Autor,sugg0,"We always love to hear from our users. But if you provide feedback or suggestions, just know that we can use them without compensating you and without any restriction or obligation to you. You agree that we will own all rights in any materials or items we develop based on such feedback or suggestions."
Snapchat.docx,14,Autor,docu7,Snapchat Brand Guidelines
Snapchat.docx,15,Autor,docu8,Bitmoji Brand Guidelines
Snapchat.docx,16,Autor,pato,"But here’s a big warning: if you lose or forget your Memories passcode, or if you enter the wrong one too many times, you will lose access to any content you saved in the restricted area of Memories. We don’t offer any passcode recovery features for this restricted area. You are solely responsible for remembering your passcode. Please go to our Support Site for more details on passcodes."
Snapchat.docx,17,Autor,serv_chg-1,"We reserve the right to set storage limits for Memories, and we may change these limits from time to time in our sole discretion"
Snapchat.docx,18,Autor,serv_chg-1,"We’re relentlessly improving our Services and creating new ones all the time. That means we may add or remove features, products or functionalities, and we may also suspend or stop the Services altogether. We may take any of these actions at any time and, when we do, we will try to notify you beforehand – but this won't always be possible."
Snapchat.docx,19,Autor,acc_sus-1acc_del-1contr_chg-1,"We may terminate or temporarily suspend your access to the Services if you fail to comply with these Terms, our Community Guidelines or the law, for any reason outside of our control, or for any reason, and without advanced notice. That means that we may terminate these Terms, stop providing you with all or any part of the Services, or impose new or additional limits on your ability to use our Services. And while we’ll try to give you reasonable notice beforehand, we can’t guarantee that notice will be possible in all circumstances. For example, we may deactivate your account due to prolonged inactivity, and we may reclaim your username at any time for any reason."
Snapchat.docx,20,Autor,uncle,to the extent permitted by law
Snapchat.docx,21,Autor,ind0,"to indemnify, defend, and hold harmless Snap, our afﬁliates, directors, ofﬁcers, stockholders, employees, licensors, and agents from and against any and all complaints, charges, claims, damages, losses, costs, liabilities, and expenses (including attorneys’ fees) due to, arising out of, or relating in any way to: (a) your access to or use of the Services; (b) your content, including infringement claims related to your content; (c) your breach of these Terms or any applicable law or regulation; or (d) your negligence or wilful misconduct."
Snapchat.docx,22,Autor,as_is-1,"The Services are provided “as is” and “as available” and to the extent permitted by law and except as stated above, without warranties of any kind, either express or implied, including, in particular implied warranties, conditions, or other terms relating to (i) merchantability, satisfactory quality, ﬁtness for a particular purpose, title, quiet enjoyment, non-infringement, or (ii) arising from a course of dealing. In addition, while Snap Group Limited attempts to provide a good user experience, we do not represent or warrant that: (a) the Services will always be entirely secure, error-free or timely; (b) the Services will always function without delays, disruption or imperfections; or (c) that any content or information you obtain through the Services will always be timely or accurate."
Snapchat.docx,23,Autor,uncle,"IF THE LAW OF THE COUNTRY WHERE YOU LIVE DOES NOT ALLOW THE EXCLUSIONS OF LIABILITY PROVIDED FOR IN THIS CLAUSE, THOSE EXCLUSIONS SHALL NOT APPLY TO THE EXTENT PROHIBITED."
Snapchat.docx,24,Autor,uncle,Nothing in these Terms will exclude or limit any responsibility we may have to remove content if so required by the law of the country where you live.
Snapchat.docx,25,Autor,ltd-1,"Snap Group Limited, Snap Inc. and our afﬁliates, directors, ofﬁcers, stockholders, employees, licensors, suppliers, and agents will not be liable for any indirect, incidental, special, consequential, punitive, or multiple damages, or any loss of proﬁts or revenues, whether incurred directly or indirectly, or any loss of data, use, goodwill or other intangible losses, resulting from: (a) your use of the Services or inability to use the Services; (b) your access to or inability to access the Services; (c) the conduct or content of other users or third parties on or through the Services; or (d) unauthorised access, use or alteration of your content. Except to the extent speciﬁed otherwise in any other applicable terms of Snap Group Limited, Snap Inc., or our afﬁliates, in no event will Snap Group Limited, Snap Inc., or our afﬁliates’ aggregate liability for all claims relating to the Services exceed the greater of (a) €100 EUR, and (b) the amount you paid Snap Group Limited in the last 12 months for any Services."
Snapchat.docx,26,Autor,ltd_cap-1,"Except to the extent speciﬁed otherwise in any other applicable terms of Snap Group Limited, Snap Inc., or our afﬁliates, in no event will Snap Group Limited, Snap Inc., or our afﬁliates’ aggregate liability for all claims relating to the Services exceed the greater of (a) €100 EUR, and (b) the amount you paid Snap Group Limited in the last 12 months for any Services."
Snapchat.docx,27,Autor,ltd-1,"Nothing in these Terms (or for the avoidance of doubt any other terms to which you are subject in respect of the provision of Services by Snap Group Limited, Snap Inc. or their afﬁliates) shall exclude or limit Snap Group Limited’s, Snap Inc.’s or their afﬁliates’ liability for: a) death or personal injury arising from their own respective intent or negligence; b"
Snapchat.docx,28,Autor,uncle,) any other liability to the extent that such liability may not be excluded or limited as a matter of law.
Snapchat.docx,29,Autor,uncle,"IF THE LAW OF THE COUNTRY WHERE YOU LIVE DOES NOT ALLOW ANY LIMITATION OF LIABILITY PROVIDED FOR IN THIS CLAUSE, THAT LIMITATION WILL NOT APPLY."
Snapchat.docx,30,Autor,arb0,"If you are using the Services on behalf of a business (rather than for your personal use), you and Snap Group Limited agree that to the extent permitted by law, all claims and disputes between us arising out of or relating to these Terms or the use of the Services will be ﬁnally settled through binding arbitration under the LCIA Arbitration Rules, which are incorporated by reference into this clause."
Snapchat.docx,32,Autor,uncle,unless this is prohibited by the laws of the country where you reside
Snapchat.docx,31,Autor,c_forum-1,"will be litigated exclusively in the courts of England in the United Kingdom, unless this is prohibited by the laws of the country where you reside. You and Snap Group Limited consent to the exclusive jurisdiction of those courts."
Snapchat.docx,33,Autor,uncle,"The laws of England and Wales govern these Terms and any claims and disputes (whether contractual contract, tort, or otherwise) arising out of or relating to these Terms or their subject matter. "
Snapchat.docx,34,Autor,c_law-1,"The courts in some countries may not apply the laws of England and Wales to some disputes related to these Terms. If you reside in one of those countries, the laws of your home country may apply to those disputes."
Snapchat.docx,35,Autor,sever0,"If any provision of these Terms is found unenforceable, then that provision will be severed from these Terms and not affect the validity and enforceability of any remaining provisions."
Snapchat.docx,36,Autor,trans-1,"We reserve the right to transfer our rights under these Terms and provide the Services using another entity, provided that entity upholds these Terms. "
Tinder.docx,0,Autor,docu1,Privacy Policy
Tinder.docx,1,Autor,docu2,Cookie Policy
Tinder.docx,2,Autor,docu3,Arbitration Procedures
Tinder.docx,3,Autor,docu4,Safety Tips
Tinder.docx,4,Autor,docu5,Community Guidelines
Tinder.docx,5,Autor,contr_chg-1serv_chg-1,"We may make changes to this Agreement and to the Service from time to time. We may do this for a variety of reasons including to reflect changes in or requirements of the law, new features, or changes in business practices. The most recent version of this Agreement will be posted on the Service under Settings and also on gotinder.com, and you should regularly check for the most recent version. "
Tinder.docx,6,Autor,serv_chg-1,"This means we may add new product features or enhancements from time to time as well as remove some features, and if these actions do not materially affect your rights or obligations, we may not provide you with notice before taking them. We may even suspend the Service entirely, in which event we will notify you in advance unless extenuating circumstances, such as safety or security concerns, prevent us from doing so."
Tinder.docx,7,Autor,acc_del0,"Tinder may investigate and take any available legal action in response to illegal or unauthorized uses of the Service, including termination of your account."
Tinder.docx,8,Autor,IP0,"By creating an account, you grant to Tinder a worldwide, transferable, sub-licensable, royalty-free, right and license to host, store, use, copy, display, reproduce, adapt, edit, publish, modify and distribute information you authorize us to access from third parties such as Facebook, as well as any information you post, upload, display or otherwise make available (collectively, ""post"") on the Service or transmit to other members (collectively, ""Content""). Tinder's license to your Content shall be non-exclusive, except that Tinder's license shall be exclusive with respect to derivative works created through use of the Service. For example, Tinder would have an exclusive license to screenshots of the Service that include your Content. "
Tinder.docx,9,Autor,uncle,under applicable law 
Tinder.docx,10,Autor,cnt_del0cnt_mod0disc-1,"We may delete any Content, in whole or in part, that in our sole judgment violates this Agreement or may harm the reputation of the Service."
Tinder.docx,11,Autor,sugg0,"By submitting suggestions or feedback to Tinder regarding our Service, you agree that Tinder may use and share such feedback for any purpose without compensating you."
Tinder.docx,12,Autor,pato,"Please be informed that Tinder may access, store and disclose your account information and Content if required to do so by law, by performing its agreement with you, or in a good faith belief that such access, storage or disclosure satisfies a legitimate interest, including to: (i) comply with legal process; (ii) enforce the Agreement; (iii) respond to claims that any Content violates the rights of third parties; (iv) respond to your requests for customer service; or (v) protect the rights, property or personal safety of the Company or any other person."
Tinder.docx,13,Autor,acc_del0disc-1,"Tinder reserves the right to investigate and/or terminate your account without a refund of any purchases if you have violated this Agreement, misused the Service or behaved in a way that Tinder regards as inappropriate or unlawful, including actions or communications that occur on or off the Service. "
Tinder.docx,14,Autor,acc_del-1disc-1,"If you initiate a chargeback or otherwise reverse a payment made with your Payment Method, Tinder may terminate your account immediately in its sole discretion."
Tinder.docx,15,Autor,virtu,"From time to time, you may be able to purchase or earn a limited, personal, non-transferable, non-sublicensable, revocable license to use ""virtual items"", which could include virtual products or virtual “coins” or other units that are exchangeable within the Service for virtual products (collectively, ""Virtual Items""). Any Virtual Item balance shown in your account does not constitute a real-world balance or reflect any stored value, but instead constitutes a measurement of the extent of your license. Virtual Items do not incur fees for non-use, however, the license granted to you in Virtual Items will terminate in accordance with the terms of this Agreement, when Tinder ceases providing the Service or your account is otherwise closed or terminated. Tinder, in its sole discretion, reserves the right to charge fees for the right to access or use Virtual Items and may distribute Virtual Items with or without charge. Tinder may manage, regulate, control, modify or eliminate Virtual Items at any time. Tinder shall have no liability to you or any third party in the event that Tinder exercises any such rights. Virtual Items may only be redeemed through the Service. ALL PURCHASES AND REDEMPTIONS OF VIRTUAL ITEMS MADE THROUGH THE SERVICE ARE FINAL AND NON-REFUNDABLE. The provision of Virtual Items for use in the Service is a service that commences immediately upon the acceptance of your purchase of such Virtual Items. YOU ACKNOWLEDGE THAT TINDER IS NOT REQUIRED TO PROVIDE A REFUND IN RESPECT OF VIRTUAL ITEMS FOR ANY REASON, AND THAT YOU WILL NOT RECEIVE MONEY OR OTHER COMPENSATION FOR UNUSED VIRTUAL ITEMS WHEN AN ACCOUNT IS CLOSED, WHETHER SUCH CLOSURE WAS VOLUNTARY OR INVOLUNTARY."
Tinder.docx,16,Autor,uncle,or if the laws applicable in your jurisdiction provide for refunds
Tinder.docx,17,Autor,acc_del0,Tinder will terminate the accounts of repeat infringers.
Tinder.docx,18,Autor,as_is-1,"TINDER PROVIDES THE SERVICE ON AN “AS IS” AND “AS AVAILABLE” BASIS AND TO THE EXTENT PERMITTED BY APPLICABLE LAW, GRANTS NO WARRANTIES OF ANY KIND, WHETHER EXPRESS, IMPLIED, STATUTORY OR OTHERWISE WITH RESPECT TO THE SERVICE (INCLUDING ALL CONTENT CONTAINED THEREIN), INCLUDING, WITHOUT LIMITATION, ANY IMPLIED WARRANTIES OF SATISFACTORY QUALITY, MERCHANTABILITY, FITNESS FOR A PARTICULAR PURPOSE OR NON-INFRINGEMENT. TINDER DOES NOT REPRESENT OR WARRANT THAT (A) THE SERVICE WILL BE UNINTERRUPTED, SECURE OR ERROR FREE, (B) ANY DEFECTS OR ERRORS IN THE SERVICE WILL BE CORRECTED, OR (C) THAT ANY CONTENT OR INFORMATION YOU OBTAIN ON OR THROUGH THE SERVICE WILL BE ACCURATE."
Tinder.docx,19,Autor,uncle,TO THE FULLEST EXTENT PERMITTED BY APPLICABLE LAW
Tinder.docx,20,Autor,ltd-1,"IN NO EVENT WILL TINDER, ITS AFFILIATES, EMPLOYEES, LICENSORS OR SERVICE PROVIDERS BE LIABLE FOR ANY INDIRECT, CONSEQUENTIAL, EXEMPLARY, INCIDENTAL, SPECIAL, PUNITIVE, OR ENHANCED DAMAGES, INCLUDING, WITHOUT LIMITATION, LOSS OF PROFITS, WHETHER INCURRED DIRECTLY OR INDIRECTLY, OR ANY LOSS OF DATA, USE, GOODWILL, OR OTHER INTANGIBLE LOSSES, RESULTING FROM: (I) YOUR ACCESS TO OR USE OF OR INABILITY TO ACCESS OR USE THE SERVICE, (II) THE CONDUCT OR CONTENT OF OTHER MEMBERS OR THIRD PARTIES ON, THROUGH, OR FOLLOWING USE OF THE SERVICE; OR (III) UNAUTHORIZED ACCESS, USE OR ALTERATION OF YOUR CONTENT, EVEN IF TINDER HAS BEEN ADVISED OF THE POSSIBILITY OF SUCH DAMAGES."
Tinder.docx,21,Autor,ltd_cap-1,"IN NO EVENT WILL TINDER’S AGGREGATE LIABILITY TO YOU FOR ALL CLAIMS RELATING TO THE SERVICE EXCEED THE GREATER OF THE AMOUNT PAID, IF ANY, BY YOU TO TINDER FOR THE SERVICE AND USD100 WHILE YOU HAVE AN ACCOUNT."
Tinder.docx,22,Autor,uncle,"SOME JURISDICTIONS DO NOT ALLOW THE EXCLUSION OR LIMITATION OF CERTAIN DAMAGES, SO SOME OR ALL OF THE EXCLUSIONS AND LIMITATIONS IN THIS SECTION MAY NOT APPLY TO YOU."
Tinder.docx,24,Autor,class0,"By using the Service in any manner, you agree to the above arbitration agreement. In doing so, YOU GIVE UP YOUR RIGHT TO GO TO COURT to assert or defend any claims between you and the Company (except for matters that may be taken to small-claims court). YOU ALSO GIVE UP YOUR RIGHT TO PARTICIPATE IN A CLASS ACTION OR OTHER CLASS PROCEEDING. If "
Tinder.docx,23,Autor,arb0,"The exclusive means of resolving any dispute or claim arising out of or relating to this Agreement (including any alleged breach thereof) or the Service shall be BINDING ARBITRATION administered by JAMS under the JAMS Streamlined Arbitration Rules & Procedures, except as modified by our Arbitration Procedures. The one exception to the exclusivity of arbitration is that either party has the right to bring an individual claim against the other in a small claims court of competent jurisdiction, or, if filed in arbitration, the responding party may request that the dispute proceed in small claims court instead if the claim is within the jurisdiction of the small claims court. If the request to proceed in small claims court is made before an arbitrator has been appointed, the arbitration shall be administratively closed. If the request to proceed in small claims court is made after an arbitrator has been appointed, the arbitrator shall determine whether the dispute should remain in arbitration or instead be decided in small claims court. Such arbitration shall be conducted by written submissions only, unless either you or Tinder elect to invoke the right to an oral hearing before the Arbitrator. But whether you choose arbitration or small claims court, you agree that you will not under any circumstances commence, or maintain, or participate in against the Company any class action, class arbitration, or other representative action or proceeding against Tinder.By using the Service in any manner, you agree to the above arbitration agreement. In doing so, YOU GIVE UP YOUR RIGHT TO GO TO COURT to assert or defend any claims between you and the Company (except for matters that may be taken to small-claims court). YOU ALSO GIVE UP YOUR RIGHT TO PARTICIPATE IN A CLASS ACTION OR OTHER CLASS PROCEEDING. If you assert a claim against Tinder outside of small claims court (and Tinder does not request that the claim be moved to small claims court), your rights will be determined by a NEUTRAL ARBITRATOR, NOT A JUDGE OR JURY, and the arbitrator shall determine all claims and all issues regarding the arbitrability of the dispute. You are entitled to a fair hearing before the arbitrator. The arbitrator can generally grant any relief that a court can, including the ability to hear a dispositive motion (which may include a dispositive motion based upon the parties’ pleadings, as well as a dispositive motion based upon the parties’ pleadings along with the evidence submitted), but you should note that arbitration proceedings are usually simpler and more streamlined than trials and other judicial proceedings. Decisions by the arbitrator are enforceable in court and may be overturned by a court only for very limited reasons. For details on the arbitration process, see our Arbitration Procedures.Any proceeding to enforce this arbitration agreement, including any proceeding to confirm, modify, or vacate an arbitration award, may be commenced in any court of competent jurisdiction. In the event that this arbitration agreement is for any reason held to be unenforceable, any litigation against the Company (except for small-claims court actions) may be commenced only in the federal or state courts located in Dallas County, Texas. You hereby irrevocably consent to the jurisdiction of those courts for such purposes."
Tinder.docx,25,Autor,pato,The online dispute settlement platform of the European Commission is available under http://ec.europa.eu/odr. Tinder does not take part in dispute settlement procedures in front of a consumer arbitration entity for members residing in the EU or European Economic Area.
Tinder.docx,26,Autor,c_law-1,"For members residing in the EU or European Economic Area or elsewhere where our arbitration agreement is prohibited by law, the laws of Texas, U.S.A., excluding Texas’s conflict of laws rules, will apply to any disputes arising out of or relating to this Agreement or the Service. "
Tinder.docx,27,Autor,uncle,"For the avoidance of doubt, the choice of Texas governing law shall not supersede any mandatory consumer protection legislation in such jurisdictions."
Tinder.docx,28,Autor,uncle,Except for members residing in the EU or European Economic Area who may bring claims in their country of residence in accordance with applicable law and except for claims that may be properly brought in a small claims court of competent jurisdiction
Tinder.docx,29,Autor,c_forum-1,"all claims arising out of or relating to this Agreement, to the Service, or to your relationship with Tinder that for whatever reason are not submitted to arbitration will be litigated exclusively in the federal or state courts of Dallas County, Texas, U.S.A. You and Tinder consent to the exercise of personal jurisdiction of courts in the State of Texas and waive any claim that such courts constitute an inconvenient forum."
Tinder.docx,30,Autor,ind0,"You agree, to the extent permitted under applicable law, to indemnify, defend and hold harmless Tinder, our affiliates, and their and our respective officers, directors, agents, and employees from and against any and all complaints, demands, claims, damages, losses, costs, liabilities and expenses, including attorney’s fees due to, arising out of, or relating in any way to your access to or use of the Service, your Content, or your breach of this Agreement."
Tinder.docx,31,Autor,sever0,"If any provision of this Agreement is held invalid, the remainder of this Agreement shall continue in full force and effect."
Viber.docx,0,Autor,docu1docu2docu3,"these Terms to apply (and by these Terms we also mean our Privacy Policy, Cookies and Tracking Technologies Policy, "
Viber.docx,1,Autor,docu4,DMCA Policy
Viber.docx,2,Autor,contr_chg-1serv_chg-1,"We are always working on adding additional features to our Services, and because of that, and also since sometimes applicable laws change, we may revise and reissue these Terms occasionally, by posting updated Terms. You consent and agree to receive notices of updates of these Terms through our posting of updated Terms on the Services. You should visit this page regularly to review the current Terms. If you do not agree to updated Terms, you should stop using our Services and/or close your account. Your continued use of any of our Services will be deemed as your acceptance of any revisions"
Viber.docx,3,Autor,acc_sus0acc_del0disc-1,"If we at Viber believe the details are not correct, current, or complete, we have the right to prevent you from accessing our Services, or any of its resources and to terminate or suspend your account."
Viber.docx,4,Autor,docu5,Fair Usage Principles
Viber.docx,5,Autor,price_chg0,Viber may change the prices of such products at any time without any notice to you. You can choose whether or not to accept the new charges prior to completing your next purchase of the applicable product. The new prices will apply to your next purchase after the new prices have been published.
Viber.docx,6,Autor,virtu,"You can purchase credits (“Viber Credit”) using any payment method made available to you by Viber from time to time. The Viber Credit that you purchase will be applied to your User Account at the time of purchase. We will send you an acknowledgment of your order of Viber Credit [by email]. We use the services of third parties to process your payments to us or to third parties and we require that these third parties take the appropriate organizational and technical measures to protect your personal data and trafﬁc data and to comply with relevant laws. Please review the terms of use and privacy policies of those third parties before providing your banking or payment information. You agree that you are not relying on the future availability of any feature or product offered through the Service in agreeing to or making payments hereunder. You can change your payment method and billing information by logging into your Viber account at http://account.viber.com/. You agree that Viber may use information regarding your selected payment method provided by your issuing bank or applicable payment system. If you pay with foreign currency, you agree that the amount you are eventually credited may vary, as a result of foreign currency conversion policies of our third party payment processors, which you can ﬁnd at the relevant website or location where you make the actual purchase."
Viber.docx,7,Autor,patodisc-1,"In the event of any errors relating to the pricing or speciﬁcations, Viber shall have the right to refuse or cancel any orders in its sole discretion."
Viber.docx,8,Autor,uncle,Except as provided by law
Viber.docx,9,Autor,disc-1,Viber reserves the right to refuse a refund request if it reasonably believes or suspects 
Viber.docx,10,Autor,uncle,This refund policy does not affect any of your statutory rights to pursue a claim.
Viber.docx,11,Autor,cnt_del-1cnt_modr0disc-1,"VIBER MAY BLOCK, REMOVE OR MODIFY ANY CONTENT WITHOUT NOTICE OR LIABILITY AT ANY TIME IN VIBER’S SOLE DISCRETION. "
Viber.docx,12,Autor,acc_sus0acc_del0disc-1,"to suspend or terminate users, and to block participants of our Forums without liability to us, including where such User Content, in our sole discretion, violates these Terms, including these House Rules, the Public Account, Public Chat, Bot, Community and Channels and VAP Terms & Guidelines, these Content Guidelines (which are part of these Terms) or any additional applicable terms and policies, or applicable laws, and/or infringes any third party rights, or that we otherwise ﬁnd objectionable. "
Viber.docx,13,Autor,IP1,"Your content will be used to help improve how we offer content to you and other users. By posting or uploading any User Content to Viber, you speciﬁcally grant us and our afﬁliates a non-exclusive, transferable, sub-licensable, royalty-free, worldwide license to use any intellectual property rights for the content that you share publicly on or in connection with our Service, including without a limitation host, store, display, reproduce, modify, adapt, edit, publish, and distribute such content."
Viber.docx,14,Autor,sugg0,"Viber will consider anything you provide to Viber, including feedback, ideas or suggestions and/or contribute to this Service as available for our use free of any obligations to you (including any payment). "
Viber.docx,15,Autor,docu6,Viber DMCA Policy
Viber.docx,16,Autor,disc-1,at its discretion
Viber.docx,17,Autor,acc_del0,"If you use a username and password that Viber considers insecure, Viber will be entitled to require this to be changed and/or terminate your User Account."
Viber.docx,18,Autor,uncle,Where permissible under the law
Viber.docx,19,Autor,acc_del-1,Viber has the right to terminate your rights under our Service without notice
Viber.docx,20,Autor,as_is-1,"YOUR USE OF THIS SERVICE IS AT YOUR OWN RISK. NO ORAL OR WRITTEN INFORMATION OR ADVICE GIVEN BY US SHALL CREATE A WARRANTY. THE SERVICE AND ALL THE MATERIALS, INFORMATION, SOFTWARE, FACILITIES, SERVICES AND OTHER CONTENT IN THE SITE ARE PROVIDED “AS IS” AND “AS AVAILABLE” WITHOUT WARRANTIES OF ANY KIND, EITHER EXPRESS OR IMPLIED. TO THE FULLEST EXTENT PERMISSIBLE PURSUANT TO APPLICABLE LAW, VIBER, ITS PARENT RAKUTEN AND ANY SUBSIDIARIES OR AFFILIATED COMPANIES OF VIBER (“THE VIBER GROUP”) DISCLAIM ALL WARRANTIES, EXPRESS OR IMPLIED, INCLUDING, BUT NOT LIMITED TO, IMPLIED WARRANTIES OF MERCHANTABILITY, FITNESS FOR A PARTICULAR PURPOSE, AND NON-INFRINGEMENT. THE VIBER GROUP DOES NOT WARRANT THAT THE FUNCTIONS CONTAINED ON OR THROUGH THIS SERVICE WILL BE AVAILABLE, UNINTERRUPTED OR ERROR-FREE, THAT DEFECTS WILL BE CORRECTED, OR THAT THE SERVICE OR THE SERVERS THAT MAKE THE SERVICE AVAILABLE ARE FREE OF VIRUSES OR OTHER HARMFUL COMPONENTS. THE VIBER GROUP DOES NOT WARRANT OR MAKE ANY REPRESENTATIONS REGARDING THE USE OR THE RESULTS OF THE USE OF THE MATERIAL, INFORMATION, SOFTWARE, FACILITIES, SERVICES, OR OTHER CONTENT ON THE SERVICE OR ANY WEBSITES LINKED TO THE SERVICE IN TERMS OF THEIR CORRECTNESS, ACCURACY, RELIABILITY, OR OTHERWISE. THE VIBER GROUP MAKES NO WARRANTIES THAT YOUR USE OF THE MATERIALS, INFORMATION, SOFTWARE, FACILITIES, SERVICES, OR OTHER CONTENT OF THE SERVICE WILL NOT INFRINGE THE RIGHTS OF OTHERS AND THE VIBER GROUP ASSUMESNO LIABILITY OR RESPONSIBILITY FOR ERRORS OR OMISSIONS IN SUCH MATERIALS, INFORMATION, SOFTWARE, FACILITIES, SERVICES, OR OTHER CONTENT OF THE SERVICE OR ANY OTHER WEBSITE. IF APPLICABLE LAW DOES NOT ALLOW THE EXCLUSION OF SOME OR ALL OF THE ABOVE IMPLIED WARRANTIES TO APPLY TO YOU, THE ABOVE EXCLUSIONS WILL APPLY TO YOU ONLY TO THE EXTENT PERMITTED BY APPLICABLE LAW.IF YOU ARE ACCESSING A UNITED KINGDOM OR LUXEMBOURG VERSION OF THE SERVICE, NOTHING IN THIS AGREEMENT SHALL EXCLUDE OR LIMIT LIABILITY FOR DEATH OR PERSONAL INJURY RESULTING FROM THE NEGLIGENCE OF EITHER PARTY OR THEIR SERVANTS, AGENTS, OR EMPLOYEES."
Viber.docx,21,Autor,ltd-1,"THE VIBER GROUP DISCLAIMS ALL LIABILITY, WHETHER BASED IN CONTRACT, TORT (INCLUDING NEGLIGENCE), STRICT LIABILITY, OR OTHERWISE, AND DOES NOT ACCEPT ANY LIABILITY FOR ANY LOSS OR DAMAGE (DIRECT, INDIRECT, PUNITIVE, ACTUAL, CONSEQUENTIAL, INCIDENTAL, SPECIAL, EXEMPLARY, OR OTHERWISE) RESULTING FROM ANY USE OF, OR INABILITY TO USE, THE SERVICE OR ANY OTHER SITE, APP OR SERVICE, OR THE MATERIAL, INFORMATION, SOFTWARE, FACILITIES, SERVICES, OR OTHER CONTENT ON THE SERVICE OR ANY OTHER SITE, APP OR SERVICE, REGARDLESS OF THE BASIS UPON WHICH LIABILITY IS CLAIMED AND EVEN IF ANY MEMBER OF THE VIBER GROUP HAS BEEN ADVISED OF THE POSSIBILITY OF SUCH LOSS OR DAMAGE. WITHOUT LIMITATION, YOU (AND NOT ANY MEMBER OF THE VIBER GROUP) ASSUME THE ENTIRE COST OF ALL NECESSARY SERVICING, REPAIR, OR CORRECTION IN THE EVENT OF ANY SUCH LOSS OR DAMAGE ARISING THEREIN."
Viber.docx,22,Autor,uncle,"IF APPLICABLE LAW DOES NOT ALLOW ALL OR ANY PART OF THE ABOVE LIMITATION OF LIABILITY TO APPLY TO YOU, THE LIMITATIONS WILL APPLY TO YOU ONLY TO THE EXTENT PERMITTED BY APPLICABLE LAW."
Viber.docx,23,Autor,ltd_cap-1uncle,In no event shall our total liability to you for all damages (other than as may be required by applicable law in cases involving personal injury) exceed the amount of ﬁfty dollars ($50.00). The foregoing limitations will apply even if the above stated remedy fails of its essential purpose.
Viber.docx,24,Autor,ind0,"You agree to indemnify and hold harmless The Viber Group from and against any and all claims, demands, liabilities, costs or expenses, including reasonable attorney’s fees, resulting from your breach of these Terms, including any of the foregoing provisions, representations or warranties, from your placement or transmission of any content onto Viber’s servers and/or from any and all use of your User Account."
Viber.docx,25,Autor,uncle,to the extent permitted by applicable law
Viber.docx,26,Autor,acc_sus-1disc-1,Viber may suspend any users whose conduct or postings are under investigation and may remove such material from its servers as it deems appropriate and without notice
Viber.docx,27,Autor,cnt_del-1cnt_mod0disc-1,"If Viber believes, in its sole discretion, that a violation of these Terms has occurred, it may edit or modify any submission, posting or emails, remove the material permanently, cancel postings, warn users, suspend users and passwords, terminate accounts, or take other corrective action it deems appropriate. "
Viber.docx,28,Autor,ltd-1,BY ACCEPTING THIS AGREEMENT YOU WAIVE AND HOLD HARMLESS ALL MEMBERS OF THE VIBER GROUP FROM ANY CLAIMS RESULTING FROM ANY ACTION TAKEN BY ANY MEMBER OF THE VIBER GROUP DURING OR AS A RESULT OF ITS INVESTIGATIONS AND/OR FROM ANY ACTIONS TAKEN AS A CONSEQUENCE OF INVESTIGATIONS BY EITHER A MEMBER OF THE VIBER GROUP OR LAW ENFORCEMENT AUTHORITIES.
Viber.docx,29,Autor,serv_chg-1contr_chg-1acc_del-1,"Viber reserves the right to modify or discontinue, temporarily or permanently, all or any part of this Service and/or any software, facilities, and services on this Service, with or without notice and/or to establish general guidelines and limitations on their use."
Viber.docx,30,Autor,uncle,To the extent permitted by law
Viber.docx,31,Autor,c_law-1,"these Terms shall be governed by, construed and enforced in accordance with the laws of the State of New York, as they are applied to agreements entered into and to be performed entirely within New York."
Viber.docx,32,Autor,arb0,"To the fullest extent permissible by law, with the exception of disputes pertaining to Viber’s intellectual property rights and certain statutory claims that, pursuant to law, are not arbitrable, any dispute of any kind between you and Viber arising under these Terms shall be resolved through binding arbitration pursuant to the JAMS Streamlined Arbitration Rules and Procedures on an individual basis with no class relief. The arbitrator shall be a retired judge or justice of any New York state or federal court with substantial experience in the internet industry and shall follow New York substantive law in adjudicating the dispute, except that this Section 8(a) shall be construed as a “written agreementto arbitrate” pursuant to the Federal Arbitration Act (“FAA”). You and we agree that we intend that this Section 8(a) satisﬁes the “writing” requirement of the FAA. The hearing shall be conducted in the county that encompasses the billing address you have provided to Viber. For any claim in which you seek U.S.$10,000.00 or less, you shall have the choice as to whether the hearing is conducted in person, by telephone, or instead the arbitrator may decide the dispute without a hearing. For those claims that the arbitrator determines are not frivolous, Viber shall pay the costs and fees of JAMS and the arbitrator.Viber agrees that it will not seek reimbursement from you for its costs and fees incurred by it in the arbitration. AGREEMENT TO THESE TERMS CONSTITUTES AN AGREEMENT TO PURSUE YOUR CLAIM ON AN INDIVIDUAL BASIS AND A WAIVER OF THE ABILITY TO PURSUE YOUR CLAIM IN A CLASS ACTION."
Viber.docx,33,Autor,sever0,"If any provision of these Terms are adjudged, by written decision, to be unlawful, void, or for any reason unenforceable, then that provision shall be deemed severable from this agreement and shall not affect the validity and enforceability of any remaining provisions. This is the entire agreement between you and Viber relating to the matters contained here and the Service."
Twitch.docx,0,Autor,docu1,Community Guidelines 
Twitch.docx,1,Autor,docu2,Twitch Terms of Sale 
Twitch.docx,2,Autor,pato5,The Twitch Services are also not available to any users previously removed from the Twitch Services by Twitch 
Twitch.docx,3,Autor,docu3,Privacy Notice 
Twitch.docx,4,Autor,docu4,Privacy Choices 
Twitch.docx,5,Autor,contr_chg-1,Twitch may amend any of the terms of these Terms of Service by posting the amended terms. 
Twitch.docx,6,Autor,what1,"Twitch allows you to distribute streaming live and pre-recorded audio- visual works; to use services, such as chat, bulletin boards, forum postings, wiki contributions, and voice interactive services; and to participate in other activities in which you may create, post, transmit, perform, or store content, messages, text, sound, images, applications, code, or other data or materials on the Twitch Services (“User Content”)"
Twitch.docx,8,Autor,uncle1,permitted by applicable law 
Twitch.docx,9,Autor,pato2shad_ip1,"use the name, identity, likeness, and voice (or other biographical information) that you submit in connection with such User Content. "
Twitch.docx,7,Autor,IP-1,"you grant Twitch and its sub-licensees, to the furthest extent and for the maximum duration permitted by applicable law (including in perpetuity if permitted under applicable law), an unrestricted, worldwide, irrevocable, fully sub-licenseable, nonexclusive, and royalty-free right to: (a) use, reproduce, modify, adapt, publish, translate, create derivative works from, distribute, perform, and display such User Content (including without limitation for promoting and redistributing part or all of the Twitch Services (and derivative works thereof) in any form, format, media, or media channels now known or later developed or discovered; and (b) use the name, identity, likeness, and voice (or other biographical information) that you submit in connection with such User Content. Should such User Content contain the name, identity, likeness, and voice (or other biographical information) of third parties, you represent and warrant that you have obtained the appropriate consents and/or licenses for your use of such features and that Twitch and its sub-licensees are allowed to use them to the extent indicated in these Terms of Service."
Twitch.docx,10,Autor,shad_ip2,"except:(a) to the extent you shared it with others as part of the Twitch Services and others copied or stored portions of the User Content (e.g., made a Clip); (b) Twitch used it for promotional purposes; and (c) for the reasonable time it takes to remove from backup and other systems."
Twitch.docx,11,Autor,uncle3pato3,"To the furthest extent permitted by applicable law, you hereby agree that Twitch shall not be liable for any unauthorized copying, use, or distribution of User Content by third parties and release and forever"
Twitch.docx,12,Autor,as_is-1,". THE SECURITY MEASURES TO PROTECT USER CONTENT USED BY TWITCH HEREIN ARE PROVIDED AND USED “AS-IS” AND WITH NO WARRANTIES, GUARANTEES, CONDITIONS, ASSURANCES, OR OTHER TERMS THAT SUCH SECURITY MEASURES WILL WITHSTAND ATTEMPTS TO EVADE SECURITY MECHANISMS OR THAT THERE WILL BE NO CRACKS, DISABLEMENTS, OR OTHER CIRCUMVENTION OF SUCH SECURITY MEASURES."
Twitch.docx,13,Autor,docu5,"FTC’s Guidelines Concerning the Use of Testimonials andEndorsements in Advertising, the FTC’s "
Twitch.docx,14,Autor,docu6,Disclosures Guide
Twitch.docx,15,Autor,docu7,Native Advertising Guidelines
Twitch.docx,16,Autor,uncle3,"you represent and warrant that you are eligible to engage in them under applicable law, and that you will abide by all relevant laws and regulations while doing so."
Twitch.docx,17,Autor,uncle4,To the extent permitted by applicable law
Twitch.docx,18,Autor,ltd-1,"Twitch takes no responsibility and assumes no liability for any User Content or for any loss or damage resulting therefrom, nor is Twitch liable for any mistakes, defamation, slander, libel, omissions, falsehoods, obscenity,"
Twitch.docx,19,Autor,uncle5,"To the fullest extent permitted by applicable law, "
Twitch.docx,20,Autor,cnt_del-1cnt_mod0,"Twitch reserves the right to remove, screen, or edit any User Content posted or stored on the Twitch Services at any time and without notice, including where such User Content violates these Terms of Service or applicable law, and you are solely responsible for creating backup copies of and replacing any User Content you post or store on the Twitch Services at your sole cost and expense. "
Twitch.docx,21,Autor,acc_sus0acc_del0,"Any use of the Twitch Services in violation of the foregoing violates these Terms of Service and may result in, among other things, termination or suspension of your rights to use the Twitch Services."
Twitch.docx,22,Autor,uncle5,and other applicable laws
Twitch.docx,23,Autor,docu8,DMCA Guidelines
Twitch.docx,24,Autor,docu9,Trademark Guidelines
Twitch.docx,25,Autor,pato4,". Please be aware that we do not create Third-Party Content, update, or monitor it. Therefore we are not responsible for any Third-Party Content on the Twitch Services"
Twitch.docx,26,Autor,sugg0,"By submitting ideas, suggestions, documents, and/or proposals (the “Submissions”) to Twitch or its employees, you acknowledge and agree that Twitch shall be entitled to use or disclose such Submissions for any purpose in any way without providing compensation or credit to you."
Twitch.docx,27,Autor,uncle6,To the fullest extent permitted by applicable law
Twitch.docx,28,Autor,acc_del-1,"to terminate your license to use the Twitch Services (including to post User Content) and to block or prevent your future access to and use of the Twitch Services,"
Twitch.docx,29,Autor,uncle8,"To the fullest extent permitted by applicable law, your only remedy with respect to any dissatisfaction with"
Twitch.docx,30,Autor,ind0,"To the fullest extent permitted by applicable law, you agree to indemnify, defend, and hold harmless Twitch, its aﬃliated companies, and each of our respective contractors, employees, oﬃcers, directors, agents, third-party suppliers, licensors, and partners (individually and collectively, the “Twitch Parties”) from any claims, losses, damages, demands, expenses, costs, and liabilities, including legal fees and expenses, arising out of or related to your access, use, or misuse of the Twitch Services, any User Content you post, store, or otherwise transmit in or through the Twitch Services, your violation of the rights"
Twitch.docx,31,Autor,uncle8,TO THE FULLEST EXTENT PERMITTED BY APPLICABLE LAW
Twitch.docx,32,Autor,as_is-1,"TO THE FULLEST EXTENT PERMITTED BY APPLICABLE LAW: (A) THE TWITCH SERVICES AND THE CONTENT AND MATERIALS CONTAINED THEREIN ARE PROVIDED ON AN “AS IS” BASIS WITHOUT WARRANTIES OF ANY KIND, EITHER EXPRESS OR IMPLIED, EXCEPT AS EXPRESSLY PROVIDED TO THE CONTRARY IN WRITING BY TWITCH; (B) THE TWITCH PARTIES DISCLAIM ALL OTHER WARRANTIES, STATUTORY, EXPRESS, OR IMPLIED, INCLUDING BUT NOT LIMITED TO THE IMPLIED WARRANTIES OF MERCHANTABILITY, FITNESS FOR A PARTICULAR PURPOSE, TITLE, AND NON-INFRINGEMENT AS TO THE TWITCH SERVICES, INCLUDING ANY INFORMATION, CONTENT, OR MATERIALS CONTAINED THEREIN; (C) TWITCH DOES NOT REPRESENT OR WARRANT THAT THE CONTENT OR MATERIALS ON THE TWITCH SERVICES ARE ACCURATE, COMPLETE, RELIABLE, CURRENT, OR ERROR-FREE; (D) TWITCH IS NOT RESPONSIBLE FOR TYPOGRAPHICAL ERRORS OR OMISSIONS RELATING TO TEXT OR PHOTOGRAPHY; AND (E) WHILE TWITCH ATTEMPTS TO MAKE YOUR ACCESS AND USE OF THE TWITCH SERVICES SAFE, TWITCH CANNOT AND DOES NOT REPRESENT OR WARRANT THAT THE TWITCH SERVICES OR OUR SERVER(S) ARE FREE OF VIRUSES OR OTHER HARMFUL COMPONENTS, AND THEREFORE,"
Twitch.docx,33,Autor,uncle9,TO THE FULLEST EXTENT PERMITTED BY APPLICABLE LAW
Twitch.docx,34,Autor,ltd-1,"TO THE FULLEST EXTENT PERMITTED BY APPLICABLE LAW: (A) IN NO EVENT SHALL TWITCH OR THE TWITCH PARTIES BE LIABLE FOR ANY DIRECT, SPECIAL, INDIRECT, OR CONSEQUENTIAL DAMAGES, OR ANY OTHER DAMAGES OF ANY KIND, INCLUDING BUT NOT LIMITED TO LOSS OF USE, LOSS OF PROFITS, OR LOSS OF DATA, WHETHER IN AN ACTION IN CONTRACT, TORT (INCLUDING BUT NOT LIMITED TO NEGLIGENCE), OR OTHERWISE, ARISING OUT OF OR IN ANY WAY CONNECTED WITH THE USE OF OR INABILITY TO USE THE TWITCH SERVICES, THE CONTENT OR THE MATERIALS, INCLUDING WITHOUT LIMITATION ANY DAMAGES CAUSED BY OR RESULTING FROM RELIANCE ON ANY INFORMATION OBTAINED FROM TWITCH, OR THAT RESULT FROM MISTAKES, OMISSIONS, INTERRUPTIONS, DELETION OF FILES OR EMAIL, ERRORS, DEFECTS, VIRUSES, DELAYS IN OPERATION OR TRANSMISSION, OR ANY FAILURE OF PERFORMANCE, WHETHER OR NOT RESULTING FROM ACTS OF GOD, COMMUNICATIONS FAILURE, THEFT, DESTRUCTION, OR UNAUTHORIZED ACCESS TO TWITCH’S RECORDS, PROGRAMS, OR SERVICES; AND (B) IN NO EVENT SHALL THE AGGREGATE LIABILITY OF TWITCH, WHETHER IN CONTRACT, WARRANTY, TORT (INCLUDING NEGLIGENCE, WHETHER ACTIVE, PASSIVE, OR IMPUTED), PRODUCT LIABILITY, STRICT LIABILITY, OR OTHER THEORY, ARISING OUT OF OR RELATING TO THE USE OF OR INABILITY TO USE THE TWITCH"
Twitch.docx,35,Autor,ltd_cap-1,"SERVICES EXCEED THE AMOUNT PAID BY YOU, IF ANY, FOR ACCESSING THE TWITCH SERVICES DURING THE TWELVE (12) MONTHS IMMEDIATELY PRECEDING THE DATE OF THE CLAIM OR ONE HUNDRED DOLLARS, WHICHEVER IS GREATER."
Twitch.docx,36,Autor,uncle10,"TO THE EXTENT THAT APPLICABLE LAW PROHIBITS LIMITATION OF SUCH LIABILITY, TWITCH SHALL LIMIT ITS LIABILITY TO THE FULL EXTENT ALLOWED BY APPLICABLE LAW."
Twitch.docx,37,Autor,pato1,"YOU ACKNOWLEDGE AND AGREE THAT TWITCH HAS OFFERED THE TWITCH SERVICES, USER CONTENT, MATERIALS, AND OTHER CONTENT AND INFORMATION, SET ITS PRICES, AND ENTERED INTO THESE TERMS OF SERVICE IN RELIANCE UPON THE WARRANTY DISCLAIMERS AND LIMITATIONS OF LIABILITY SET FORTH HEREIN, THAT THE WARRANTY DISCLAIMERS AND LIMITATIONS OF LIABILITY SET FORTH HEREIN REFLECT A REASONABLE AND FAIR ALLOCATION OF RISK BETWEEN YOU AND TWITCH, AND THAT THE WARRANTY DISCLAIMERS AND LIMITATIONS OF LIABILITY SET FORTH HEREIN FORM AN ESSENTIAL BASIS OF THE BARGAIN BETWEEN YOU AND TWITCH. TWITCH WOULD NOT BE ABLE TO PROVIDE THE TWITCH SERVICES TO YOU ON AN ECONOMICALLY REASONABLE BASIS WITHOUT THESE LIMITATIONS."
Twitch.docx,38,Autor,uncle11,To the fullest extent permitted by applicable law
Twitch.docx,39,Autor,arb-1,PLEASE READ THE FOLLOWING CAREFULLY BECAUSE IT REQUIRES YOU TO ARBITRATE DISPUTES WITH TWITCH AND LIMITS THE MANNER IN WHICH YOU CAN SEEK RELIEF FROM TWITCH.
Twitch.docx,40,Autor,c_forum-1,"and that the state or federal courts in Santa Clara County, California have exclusive jurisdiction over any appeals of an arbitration award and over any suit between the parties not subject to arbitratio"
Twitch.docx,41,Autor,c_law-1,"Agreement and the laws of the State of California and applicable United States law, without giving eﬀect to any conﬂict of laws principles that may provide for the application of the law of another"
Twitch.docx,42,Autor,class-1,"Whether the dispute is heard in arbitration or in court, you and Twitch will not commence against the other a class action, class arbitration, or other representative action or proceeding."
Twitch.docx,43,Autor,uncle12,If you are a resident in any jurisdiction in which the provision in the section above is found to be unenforceable
Twitch.docx,44,Autor,period-1,"YOU AND TWITCH AGREE THAT ANY CAUSE OF ACTION ARISING OUT OF OR RELATED TO THE TWITCH SERVICES MUST COMMENCE WITHIN ONE (1) YEAR AFTER THE CAUSE OF ACTION ACCRUES. OTHERWISE, SUCH CAUSE OF ACTION IS PERMANENTLY BARRED."
Twitch.docx,45,Autor,sever0,"If any provision of these Terms of Service is held to be unlawful, void, or for any reason unenforceable, then that provision will be limited or eliminated from these Terms of Service to the minimum extent necessary and will not aﬀect the validity and enforceability of any remaining provisions."
Twitch.docx,46,Autor,trans-1,but may be assigned by Twitch without restriction.
Twitch.docx,47,Autor,docu10,Music Guidelines 
Twitch.docx,48,Autor,serv_chg-1,"Thus, we reserve the right to modify or remove certain songs or other content from Soundtrack at any time (for example, as necessary to comply with our music licenses or with applicable laws)."
Twitch.docx,49,Autor,pato6,Twitch takes no responsibility and assumes no liability in connection with your use of Soundtrack.
MultiSport.docx,0,Autor,Docu1,Terms and Conditions of Use of MultiSport Programme Cards
MultiSport.docx,1,Autor,Docu2,Programme
MultiSport.docx,2,Autor,Acc_sus0,"If the Service User is found to have been using the Website or the Application in breach of the applicable regulations or these Terms and Conditions, and in particular that they engage in the practices described in subpara. 10-12 above, and particularly breach the security mechanisms of the Website or the Application or engage in other forms of hacking, Benefit Systems may, with immediate effect, block such Service User’s Account. Benefit Systems shall immediately notify the Service User of the blocking of the Account, and provide a reason for such a measure, to the e-mail address given by the Service User during registration."
MultiSport.docx,3,Autor,Acc_del1,"Benefit Systems may terminate the Account Agreement with a 14 days notice (by sending the notice to the Service User by e-mail) for important reasons, such as the following circumstances:the lapse of uninterrupted 18 months or more since the Service User has not held a Product;the Customer’s decision to withdraw the Service User’s rights to use the MultiSport Programme or the MultiLife Programme;death of the Service User;gross breach of the Terms and Conditions by the Service User, i.e. situations when the Service User (closed catalogue) breaches provisions of § 2 subpara. 1, 3 – 7, 10 – 12 of the Terms and Conditions."
MultiSport.docx,4,Autor,Docu3,Detailed information on personal data processing is available 
MultiSport.docx,5,Autor,Com_sys0,"The Service User may contact Benefit Systems by post by writing to Benefit Systems S.A., Plac Europejski 2, 00-844 Warsaw, adding the name of the concerned Website or the Application, or by e-mail at: bok@benefitsystems.pl or by calling (22) 242 42 42. The call will be charged at the operator’s rate applicable to domestic calls.The Service User may lodge complaints related to the use of the Website, Application, MultiSport Programme or MultiLife Programme, at the discretion of the complaining person: by writing to the address of Benefit Systems: Plac Europejski 2, 00-844 Warszawa, with a notation “Reklamacja” [Complaint] or by e-mail to: reklamacje@benefitsystems.pl, with a notation “Reklamacja” [Complaint] in the message’s title.A complaint should contain data identifying the person lodging the complaint (full name, login, Product number), the exact mailing address or e-mail address for responding to the complaint as well as an indication of the reason for the complaint and the related request.A response to the complaint is provided within up to 14 days of the complaint being received by Benefit Systems. If the complaint does not contain the information necessary for reviewing the complaint, Benefit Systems will ask the complainant to supplement the complaint as necessary, and the time limit of 14 days shall run anew from the moment the supplemented complaint is submitted.A complaint shall be answered in writing or by e-mail, depending on how it has been lodged, to the address specified in the complaint letter/message.Complaints shall be considered in accordance with these Terms and Conditions and the provisions of law generally applicable in Poland."
MultiSport.docx,6,Autor,uncle,and the provisions of law generally applicable in Poland.
MultiSport.docx,7,Autor,ltd0,"Benefit Systems shall not be liable to Service Users for:1)      the Website being non-operational or difficulties in using the Website or the Application due to reasons attributable to the Service User;2)      the loss of the Password by the Service User or third parties learning the Password (regardless of the method used). However, Benefit Systems shall be liable if the Service User lost his/her Password or third parties learn the Password for reasons which Benefit is liable for;3)      damage caused by an act or omission by the Service User, in particular for the use of the Website or the Application by the User in a manner inconsistent with the applicable provisions of the law or these Terms and Conditions."
MultiSport.docx,9,Autor,serv_chg-1,"change of existing services, introduction of new services or discontinuation of some product or services by Benefit Systems;"
MultiSport.docx,8,Autor,contr_chg0,"For important reasons, Benefit Systems may make amendments to the Terms and Conditions. The Terms and Conditions may be amended for the following important causes: change of existing services, introduction of new services or discontinuation of some product or services by Benefit Systems;change to service provision methods;brand change;change necessitated by changes to any mandatory provisions of law or their interpretation;change necessitated by administrative decisions or a court ruling or another similar act (e.g. guidelines of competent bodies of public administration);technical change relating to the operation of the Website or the Application, including change or enhancement of the functionalities of the Website or the Application;change motivated by an improvement in the quality of service provision or enhancement of Service Users safety;prevention of violations of the Terms and Conditions or stopping their abuse;elimination of uncertainties or interpretation doubts concerning the Terms and Conditions;introduction by Benefit Systems of organisational or technological changes, including changes concerning the rules of serving Service Users, which affect the manner in which Service Users are served."
MultiSport.docx,10,Autor,c_law-1,The Polish law shall apply to settlement of any disputes arising out these Terms and Conditions. Any such disputes shall be resolved by the common court of local jurisdiction.
EliteSingles.docx,0,Autor,docu1,help section
EliteSingles.docx,1,Autor,docu2,"The following information, together with the PrivacyI amaa manPolicy deﬁnes the conditions under which the use "
EliteSingles.docx,2,Autor,recom-1,"All customers can register for free, take the personality test, create a proﬁle and receive individual partner suggestions with the “basic membership”."
EliteSingles.docx,3,Autor,core1,"However, this does not apply if, as part of a paid membership, a ‘Contact Guarantee’ is agreed. "
EliteSingles.docx,4,Autor,cnt_del0cnt_mod0,"ELITESINGLES will block or remove from its site any offensive or incorrect communication or information, and any communication or information which it reasonably suspects infringes any applicable laws, regulations or third party rights (such as material that is obscene, indecent, pornographic, seditious, offensive, defamatory, threatening, liable to incite racial hatred, menacing, blasphemous or in breach of any third party intellectual property rights) that becomes known to it; "
EliteSingles.docx,5,Autor,core2,ELITESINGLES ensures service availability for 99.7% of the calendar year. 
EliteSingles.docx,6,Autor,acc_del0acc_sus0,"If the customer does not pay any amount due under the contract, ELITESINGLES is entitled to suspend the customer’s access temporarily until the outstanding payment is received or to terminate the contract. "
EliteSingles.docx,7,Autor,ltd0,"If ELITESINGLES fails to comply with these terms and conditions, ELITESINGLES is responsible for loss or damage the customer suffers that is a foreseeable result of its breach of these Terms and Conditions or its negligence, but ELITESINGLES is not responsible for any loss or damage that is not foreseeable. Loss or damage is foreseeable if they were an obvious consequence of ELITESINGLES‘ breach or if they were contemplated by the customer and ELITESINGLES at the time the parties entered into the contract."
EliteSingles.docx,8,Autor,uncle1,any other liability which cannot be limited or excluded by applicable law
EliteSingles.docx,9,Autor,cnt_del0,"ELITESINGLES is entitled, in the case of a complaint from a third party, and on suspicion of a violation or breach of these terms and conditions, to delete the member’s content, which triggered this suspicion or complaint."
EliteSingles.docx,10,Autor,acc_del0,"For termination of the contract, a breach of the conditions speciﬁed in these Terms and Conditions has to be identiﬁed."
Uber.docx,0,Autor,docu,Community Guidelines
Uber.docx,1,Autor,what,"The services provided to you by Uber consist of:Access to and use of Uber's mobile applications and/or websites which enable you to request and receive Third Party Services and/or Uber Provided Services; andPayment collection and payment processing services (including issuing invoices and receipts on behalf of Third Party Providers) allowing us to charge you and to pay charges into the bank account of Third Party Providers for Third Party Services or Uber for Uber Provided Services (Uber B.V. may engage affiliates or third parties to provide these services on its behalf) (together the ""App/Website Services"")."
Uber.docx,2,Autor,what2,The Services of intermediating passenger transportation are provided to you by Uber Poland and consist of:Enabling you to request and receive Third Party Services and/or Uber Provided Services; and2.1.2. Enabling you to enter into direct contracts for transportation with Third Party Providers and/or to settle fares for transportation (together the “Intermediation Services
Uber.docx,3,Autor,acc_sus0cnt_modr0,"We may temporarily restrict your access to and use of the App(s)/Website(s) Services if there is a suspected breach of your obligations (see clause 6 below) or of these Terms, including where we receive a complaint in relation to fraud. "
Uber.docx,4,Autor,price_chg0,"The charges may be modified in Uber’s mobile applications and/or websites from time to time. The charges do not include tips. Where available, you may pay tips, either in person or through Uber’s mobile applications and/or websites. We will collect tips paid through Uber’s mobile applications and/or websites on your behalf and remit them."
Uber.docx,5,Autor,docu2,Cancellation Policy for Rides 
Uber.docx,6,Autor,docu3,Cancellation Policy for Eats
Uber.docx,7,Autor,docu4,"We collect, use and disclose information from or about you as described in our Privacy Notice. Additional privacy notices may apply, including from third party controllers, for "
Uber.docx,8,Autor,ind0,"In order to have access to the App(s)/Websites(s) Services, you agree to indemnify, defend (at our option) and hold us and our respective officers, directors, and employees harmless from and against all claims, liabilities, expenses, damages, penalties, fines, social security contributions and taxes arising out of or related to a breach of these Terms, breach of applicable law or third party claims directly or indirectly related to your use of the Third Party Services, the Uber Provided Services or your use of the Services generally."
Uber.docx,9,Autor,as_is-1,"We provide the App(s)/Website(s) Services “as is” and “as available.” The App(s)/Website(s) Services may be subject to limitations, delays, and/or other problems inherent to the use of the internet and electronic communications and are not guaranteed to be available or error free at all times."
Uber.docx,10,Autor,uncle,Nothing in these Terms limits and excludes any liability which cannot legally be limited or excluded
Uber.docx,11,Autor,ltd0,", including liability for death or personal injury caused by negligence and liability for fraud or fraudulent misrepresentation or alter your rights as a consumer that cannot be excluded under applicable law."
Uber.docx,12,Autor,ltd-1,"We are not liable under or in relation to these Terms including, but not limited to, liability in contract, tort (including negligence, misrepresentation), restitution or otherwise for any of the following connected to the use of the App(s)/Website(s) Services: (i) loss of profits; (ii) loss of sales or business; (iii) loss of agreements or contracts; (iv) loss of anticipated savings; (v) loss of use or corruption of software, data or information; (vi) loss of or damage to goodwill and (vii) indirect or consequential loss."
Uber.docx,13,Autor,ltd_cap-1,Our total liability to you for usage of Uber’s mobile applications and/or websites (and not in relation to any other arrangements between us for which the liability arrangements are governed by way of separate agreement) shall not exceed five hundred euros(500 euros).
Uber.docx,14,Autor,uncle3,To the extent permitted by law
Uber.docx,15,Autor,acc_del0,We may terminate these Terms and your access to the App(s)/Website(s) Services with immediate effect if we conclude that there is a breach by you of these Terms or any other agreement between you and Uber for the provision of Uber Provided Services.
Uber.docx,16,Autor,acc_del0,"Uber may, in its sole discretion, terminate these Terms or discontinue the App(s)/Website(s) Services at any time by giving you reasonable advance notice in writing."
Uber.docx,17,Autor,acc_sus0,If we cannot charge the charges to your preferred payment method we may suspend or remove your access to Uber’s mobile applications and/or websites until paymentis made.
Uber.docx,18,Autor,contr_chg-1,"Uber may change these Terms from time to time, in particular if it is required by law or if the scope or the character of services changes significantly. We will inform you of changes within a reasonable time period. You will be bound by such changes upon their notification to you in Uber’s mobile applications and/or websites and/or by email. If you do not agree with these changes, you are free to close your account in accordance withclause 15.1."
Uber.docx,19,Autor,sever0,"The invalidity of any clauses in these Terms does not affect the validity and enforceability of the rest of these Terms. Any such invalid, illegal or unenforceable clause shall be deemed deleted."
Uber.docx,20,Autor,trans-1,"We may assign, subcontract or transfer these Terms or any of our rights or obligations in them, in whole or in part, without your prior consent, provided this will not lead to a reduction of the rights you are entitled to by virtue of these Terms or by law. "
Uber.docx,21,Autor,c_law-1,These Terms shall be exclusively governed by and construed in accordance with the laws of the Netherlands
Uber.docx,22,Autor,uncle,"unless, if you reside in the EU, statutory consumer protection regulations in your country of residence contain provisions that are more beneficial for you, in which case those provisions may apply"
Uber.docx,23,Autor,c_forum-1,You may bring judicial proceedings relating to the Services before a competent Dutch court.
trivago.docx,0,Autor,what1,"trivago is a hotel search and offers users information about different types of accommodation (such as hotels, holiday homes, etc.), travel areas and services associated with travel."
trivago.docx,1,Autor,contr_chg-1,"These terms and conditions are subject to occasional changes and apply to all our services that are directly or indirectly provided (i.e. via third parties) via the internet, on mobile devices, by email or by telephone."
trivago.docx,2,Autor,docu1,privacy policy
trivago.docx,3,Autor,docu2,including the use of cookies
trivago.docx,4,Autor,pato1,"In addition, for some hotels, users have the possibility of booking the selected hotel through a direct connection to the hotel booking sites (third parties) (‘trivago Express Booking’ Booking’ and ‘trivago Book & Go’). As a result, the booking will be made directly on the hotel booking site and not on the trivago sites. In such cases, trivago is not the travel operator or the contractual party for the user, but only an agent providing the technical connection to the hotel booking site of a third party."
trivago.docx,5,Autor,cnt_del0acc_del0cnt_mod0,"If there is a breach in the terms and conditions, trivago reserves the right to remove content without declaration of reason, to withhold payments earned in the trivago Community and to permanently ban members from trivago"
trivago.docx,6,Autor,acc_del0,trivago reserves the right to terminate a user’s access and to delete their registration within a period of one week after receipt of relevant information via email about improper use of the website.
trivago.docx,7,Autor,pato2: what is it?,The right to immediate termination for good cause remains unaffected.
trivago.docx,8,Autor,as_is-1,"trivago is not liable for the accuracy, quality, completeness, reliability or credibility of content provided by users and/or booking sites. In particular, there is no advice or information from trivago regarding the selection of accommodations or other travel products."
trivago.docx,9,Autor,c_law-1,The laws of the Federal Republic of Germany apply.
trivago.docx,10,Autor,c_forum-1,"For business persons or individuals that do not have general jurisdiction in Germany, Düsseldorf applies as the place of jurisdiction."
Bolt.docx,0,Autor,what1,technology which connects passengers with drivers to help them move around cities more efficiently
Bolt.docx,1,Autor,core1,Bolt provides an information society service through Bolt app that enables mediation of the requests for transport services between the passengers and drivers and Bolt does not provide transport services.
Bolt.docx,2,Autor,what2,"The passenger (you) enters into a contract with the driver for the provision of transport services via the Bolt app. Depending on the payment options supported for given location of the journey, you can choose whether to pay the driver for the transport service in cash or use Bolt in-App Payment."
Bolt.docx,3,Autor,docu1,Payments for Bolt Business rides are handled by a separate agreement for Business journeys
Bolt.docx,4,Autor,core2,Your obligation to the provider of the transport service will be fulfilled when the payment order is given to transfer funds to Bolts’ bank account.
Bolt.docx,5,Autor,what3,"When making payments by Bolt in-App Payment, Bolt receives your payments and forwards money to the driver."
Bolt.docx,6,Autor,core3,Bolt will be responsible for the functioning of Bolt in-App Payment and provide support in resolving problems.
Bolt.docx,7,Autor,com-sys0,The resolution of disputes related to Bolt in-App Payment also takes place through us. For payment support service please contact: info@bolt.eu. Inquiries submitted by e-mail or Bolt App will receive a response within one business day. Bolt will resolve Bolt in-App Payment related complaints and applications within two business days.
Bolt.docx,8,Autor,what4,You may be offered to use a ride option that allows you to agree to a fixed Fare for a given instance of Transportation service provided by the Driver (i.e Upfront Fare)
Bolt.docx,9,Autor,acc_sus0,"If you cancel a transport service request on multiple successive instances within 24- hour we may temporarily block your account for warning. After multiple such warnings, we may suspend your account for longer period (e.g 6 months). After that period you could ask to reactivate your account and your application will be reviewed by Bolt."
Bolt.docx,10,Autor,"pato1: it seems unfair that the drivers are completely safe if they delete the service, but Bolt introduces remedies on behalf of the drivers","If you have requested transport services using the Bolt app and cause damage to the driver’s vehicle or its furnishing (among else, by blemishing or staining the vehicle or causing the vehicle to stink), the driver will have the right to require you to pay a penalty of 50 EUR and require compensation for any damages exceeding the penalty. If you do not pay the penalty and/or compensate the damage, Bolt may pursue the claims on behalf of the provider of the transport service."
Bolt.docx,11,Autor,docu2,Privacy Notice
Bolt.docx,12,Autor,tran0,"You may not transfer or sub-license this right to use the Bolt app. In the event that your right to use Bolt app is cancelled, the corresponding non- exclusive license will also be cancelled."
Bolt.docx,13,Autor,ltd1,"we cannot guarantee or take any responsibility for the quality orthe absence of defects in the provision of transport services. As the usage of Bolt app for requesting transport services depends on the behaviour of the drivers, Bolt does not guarantee that you will always have offers available for the provision of the transport services."
Bolt.docx,14,Autor,what5,The Bolt app is used as the means for organising the provision of transport services.
Bolt.docx,15,Autor,as_is-1,"The Bolt app is provided on an ""as is"" and “as available” basis. Bolt does not represent, warrant or guarantee that access to Bolt app will be uninterrupted or error free. In case of any faults in the software, we will endeavour to correct them as soon as possible, but please keep in mind that the functioning of the app may be restricted due to occasional technical errors and we are not able to guarantee that the app will function at all times, for example a public emergency may result in a service interruption."
Bolt.docx,16,Autor,ltd-1,"Bolt, its representatives, directors and employees are not liable for any loss or damage that you may incur as a result of using Bolt app or relying on, the journey contracted for through the Bolt app, including but not limited to:any direct or indirect property damage or monetary loss;loss of profit;loss of business, contracts, contacts, goodwill, reputation and any loss that may arise from interruption of the business;loss or inaccuracy of data; andany other type of loss or damage."
Bolt.docx,17,Autor,ltd_cap-1,The financial liability of Bolt in connection with breach of the contract will be limited to 500 euros. You will have the right to claim for damages only if Bolt has deliberately violated the contract. Bolt will not be liable for the actions or inactions of the driver and will not be liable for damages that the driver causes to the passengers.
Bolt.docx,18,Autor,ind0,"You agree to fully indemnify and hold Bolt, their affiliate companies, representatives, employees and directors harmless from any claims or losses (including liabilities, damages, costs and expenses of any nature) that they suffer as a result of your use of the Bolt app (including the journeys you obtain through your use of the Bolt app)."
Bolt.docx,19,Autor,acc_del0,Bolt may immediately end your use of the Bolt app if you breach these General Terms and Conditions or we consider it necessary to protect the integrity of Bolt or the safety of drivers.
Bolt.docx,20,Autor,sugg1,We ask to fill out a feedback form in the Bolt app. This enables us to offer suggestionsto the drivers for improving the quality of their service.
Bolt.docx,21,Autor,acc_del0,"Bolt retains the right to close your account if you have violated the terms set out in this General Terms and Conditions or if your activities are malicious, i.e. withholding payment for the provision of the transport service, fraud, being disrespectful towards the drivers, etc. In these cases, your Bolt app account may be revoked without prior notice"
Bolt.docx,22,Autor,contr_chg-1,"If any substantial amendments are made to the General Terms and Conditions, then you will be notified by e-mail or Bolt app notifications. If you continue using Bolt app, you will be deemed to accept the amendments."
Bolt.docx,23,Autor,c_law-1,The General Terms and Conditions will be governed by and construed and enforced in accordance with the laws of Republic of Estonia.
Bolt.docx,24,Autor,c_forum-1,"If the respective dispute resulting from General Terms or Agreement could not be settled by the negotiations, then the dispute will be finally solved in Harju County Court in Tallinn, Estonia"
Bolt.docx,25,Autor,sever0,"If any provision of the General Terms is held to be unenforceable, the parties will substitute for the affected provision an enforceable provision that approximates the intent and economic effect of the affected provision."
Wolt.docx,0,Autor,docu,Wolt Corporate Terms & Conditions 
Wolt.docx,1,Autor,what,"Wolt provides a platform on which the User can purchase food and other products or services from the Partner of their choice as well as possible delivery services either from the Partner or Wolt, as applicable. In certain countries Partners charge Users a delivery fee and service fee for the delivery services as defined in more detail in the Wolt Service where relevant."
Wolt.docx,2,Autor,uncle,in accordance with the statutory provisions of the country where you are located
Wolt.docx,3,Autor,acc_del0cnt_modr0,". If the customer support cannot reach the User within 24 hours of the no-show, Wolt will take appropriate measures which may include disabling the cash option from the User or even disabling the User's account in the Wolt Service for further Orders."
Wolt.docx,4,Autor,IP-1Sugg0,"User grants to Wolt a worldwide, royalty-free, sublicensable, and transferable right to use, modify, reproduce, distribute, display and publish any content provided by User in connection with the Wolt Service. Such content may include photographs, data, information, feedback, suggestions, text, and other materials that are uploaded, posted or otherwise transmitted relating to the Wolt Service."
Wolt.docx,5,Autor,serv_chg-1,"Wolt is constantly developing the Wolt Service and Wolt may change or remove different parts of the Wolt Service, including features, the products and Partners available in the Wolt Service in part or in whole."
Wolt.docx,6,Autor,docu,Wolt Privacy Statement
Wolt.docx,7,Autor,as_is-1,"Wolt does not promise or guarantee you anything regarding the reliability, functionality, timeliness, quality or suitability of the Wolt Service, its features or any service offered by Wolt. Wolt does not promise or guarantee anything that is not expressly mentioned in these Terms of Service."
Wolt.docx,8,Autor,uncle,To the extent that any maintenance or support is required by applicable law
Wolt.docx,9,Autor,uncle,To the extent any warranty exists under law that cannot be disclaimed
Wolt.docx,10,Autor,uncle,", please note that you cannot be deprived of the rights granted to you by the mandatory consumer protection laws of your country of domicile"
Wolt.docx,11,Autor,contr_chg-1,These User Terms of Service are subject to amendments.
Wolt.docx,12,Autor,tran-1,Wolt shall be entitled to assign all or any of its rights or obligations hereunder in whole or part to an affiliate or successor or to a purchaser or acquirer of its business assets relating to Wolt Service without the User’s prior consent.
Ubisoft.docx,0,Autor,what,"Ubisoft teams create authentic and memorable experiences for our players to have fun, share and blossom through games, applications, web sites and online services (what we call our « Services »)."
Ubisoft.docx,1,Autor,what2,"The Ubisoft Services (“Services”) include the games, downloadable contents, season passes, and other game software (contained on disc or other physical medium or downloaded or streamed), and other software products and online and mobile services, including their online functions and other features, together with any of their update and upgrade, the related websites, the Uplay platform and any other Ubisoft platform, the Uplay+ subscription service, the live events hosted, the servers, software and the framework through which they are provided to you, currently or in the future, by UBISOFT ENTERTAINMENT S.A., or any one of its subsidiaries or affiliated companies, including UBISOFT EMEA SAS and UBISOFT LTD"
Ubisoft.docx,2,Autor,docu1docu2docu3,"Additional terms may be applicable to a specific Service, including for example the Terms of Sale of the Ubisoft Store, the End User License Agreement and code(s) of conduct (“Code of Conduct”). In addition, our "
Ubisoft.docx,3,Autor,docu4,Privacy Policy 
Ubisoft.docx,4,Autor,acc_del0,"You must not create multiple accounts, except if we specifically allow it. In such case, you acknowledge that you will close your additional Account upon our request, or that we may terminate your additional Account."
Ubisoft.docx,5,Autor,virtu,"Credits, virtual currency. We may license to you access or use of online or off-line elements of Services, including without limitation virtual points, coins or currencies (collectively ""Ubisoft Virtual Currency""). When you obtain Ubisoft Virtual Currency from us or our authorized partners, you receive a personal, limited, non-assignable, non-exclusive, revocable license to access and select the Ubisoft Virtual Currency that we expressly make available to you.Ubisoft Virtual Currency has no monetary value and has no value outside of our Services. Ubisoft Virtual Currency cannot be sold, traded, transferred, or exchanged for cash; it only may be redeemed for Content available on the Services. Ubisoft Virtual Currency is non-refundable, and you are not entitled to a refund for any unused Ubisoft Virtual Currency, except if required by law. Once you redeem Ubisoft Virtual Currency for Content, that Content is not returnable, exchangeable, or refundable."
Ubisoft.docx,6,Autor,price_chg0,". We reserve the right to modify the prices of the Services, including from a paid Service to a free-to-play one and vice versa. The new price applies only to orders placed after it has come into effect."
Ubisoft.docx,7,Autor,serv_chg-1,"We may modify the Content for any reason, at any time, in particular for technical reasons such as updates, maintenance operations or resets to improve or optimize the Services."
Ubisoft.docx,8,Autor,acc_sus0acc_del0,"Suspension or closing of your Account and/or your ability to use one or more Services, or part of the Services, as further described in Article 8.2."
Ubisoft.docx,9,Autor,cnt_del0cnt_mod0,We notably reserve the right to delete and/or deactivate the Content reported and to ask you and other users to cease using such Content.
Ubisoft.docx,10,Autor,acc_sus-1acc_del-1disc-1,"We may suspend or close your Account and your ability to use one or more Services or part of the Services, at any time, automatically and at our sole discretion where:we have formally requested that you provide us with proof of your identity or to cease an action, behaviour, or breach of these Terms;we have reasonable grounds to believe that you have violated these Terms (including the Rules of Conduct) or any specific terms and conditions relating to any Service;for any other reason in relation to your actions in or outside of the Services;upon notification, where your Account has been inactive for more than six months.Should you have more than one Account, we reserve the right to suspend or close all of your Accounts once one has been suspended or closed by us under this process."
Ubisoft.docx,11,Autor,sugg0,"You may submit reviews, comments, suggestions, proposals, materials or other feedback (“Submissions”) on or outside the Services. We appreciate your enthusiasm but you acknowledge that we have no obligation concerning unsolicited Submissions, including but not limited to, no obligation to accept, consider, review or return any materials or acknowledge receipt of any Submissions. You agree that products, services or features developed or published by us might appear to be similar or identical to such unsolicited Submissions."
Ubisoft.docx,12,Autor,shad_ip1,This section will continue to apply after any termination of your Account and/or termination or suspension of a Service.
Ubisoft.docx,13,Autor,shad_ip2,"We are the sole owner of all Intellectual Property Rights relating to Derived UGC.You hereby irrevocably assign to us, with full title guarantee, free of charge, all Intellectual Property Rights and rights of use you may have over Derived UGC, on a worldwide basis and for the period of protection of each right.We may file or register any application for Intellectual Property Rights relating to Derived UGC in our name, in all countries in the world.In this respect, you must:sign and supply any document in particular, deed of transfer, requested by us for all registration purposes ; and provide all necessary assistance to us, at our expense, in any related action or procedure."
Ubisoft.docx,14,Autor,IP-1,"In the event that a competent court rules that some or all of your rights in Derived UGC cannot be validly transferred to us, you hereby grant us a perpetual, royalty-free, exclusive, irrevocable, transferable, sublicensable to other users, worldwide licence to use, copy, host, reproduce, represent, modify, display, distribute, publicly perform, publicly display and, in general, otherwise exploit, online and offline, Derived UGC for any purpose, without you necessarily being mentioned as the source of such Derived UGC."
Ubisoft.docx,15,Autor,shad_ip3,"If your UGC reproduces your image, you acknowledge that we have a right to use your image as part of the Services throughout the world and for the whole duration of the Services. If your UGC features the image of any person other than yourself, you warrant that you have received the permission of such person for the use of his/her image by us, and you indemnify us for any losses which we may incur in the event of a complaint, action or claim by such other person concerning the use by us of his/her image, derived from your UGC."
Ubisoft.docx,16,Autor,IP-1,"You hereby grant us, and our licensees, distributors, partners, agents, representatives a perpetual, royalty-free, non-exclusive, irrevocable, transferable (in whole or part) worldwide licence to use, copy, host, reproduce, represent, modify, display, distribute, publicly perform, publicly display and, in general, otherwise exploit, online and offline, Independent UGC (including all Intellectual Property Rights therein) in whole or in part, for any purpose."
Ubisoft.docx,17,Autor,uncle,To the extent permissible under applicable law
Ubisoft.docx,18,Autor,shad_ip3,"you waive your moral rights in all your UGC and any broadly equivalent rights you may have in any territory of the world, and you vouch for the obtaining of the same agreement from any other person who might invoke moral rights over your UGC."
Ubisoft.docx,19,Autor,uncle,Subject to the applicable legal requirements
Ubisoft.docx,20,Autor,as_is-1,"You expressly acknowledge that your use of the Services and Content is at your own risk.The Services are supplied “as is”, without any guarantees, conditions, warranties or other terms as to: their suitability for a particular use;their market value;the absence of interruptions or errors, bugs, viruses or harmful elements, or that errors, bugs, viruses or harmful elements will be corrected; and/oryour satisfaction."
Ubisoft.docx,21,Autor,ltd-1,"We hereby expressly exclude:all conditions, warranties and other terms which might otherwise be implied by statute, common law or the law of equity; and any liability for loss or damage suffered in connection with your use of the Services or any related third party service.This includes all losses of any kind (direct, accidental, incidental, consequential and/or indirect), whether in tort (including for negligence or breach of statutory duty), contract and/or misrepresentation (whether innocent or negligent).Nothing above prevents claims for damage to your tangible property.Your sole remedy in the event of a dispute with us is to: if applicable, seek damages for your losses; andcease to use the Services and terminate your Account"
Ubisoft.docx,22,Autor,uncle,or limited under applicable law
Ubisoft.docx,23,Autor,as_is-1,"To the extent permitted by law, the Services are supplied ""as is"", without any conditions, warranties or other terms as to:their market value;the absence of interruptions or errors, bugs, viruses or harmful elements, or that errors, bugs, viruses or harmful elements will be corrected; and/oryour satisfaction."
Ubisoft.docx,24,Autor,ind0,"You agree to defend, indemnify and keep us and our licensors, licensees, assignees and successors in title and their respective employees, officers or directors, our respective subcontractors and Content suppliers (collectively the “Affiliates”) indemnified from and against any claim or alleged claim, all liabilities and damages and all costs, including lawyers’ fees, following and/or resulting from a violation of these Terms for which you are responsible, or related to your behaviour on the Services, including relating to your UGC."
Ubisoft.docx,25,Autor,contr_chg0,"We may revise these Terms at any time for security, legal, best practice and/or regulatory reasons. We will not use this right to make substantial changes to the Terms, affecting your rights, without giving you a chance to agree. If you do not agree to the changes made to these Terms, you shall terminate your Account as set out in Article 8.1. You should check for revisions to the Terms regularly as they are binding on you. Any use of the Services subsequent to revised Terms coming into force implies acceptance of the revised Terms."
Ubisoft.docx,26,Autor,sever0,"If any court or competent authority finds that any provision of these Terms (or part of any provision) is invalid, illegal or unenforceable, that provision or part-provision shall, to the extent required, be deemed to be deleted, and the validity and enforceability of the other provisions of these Terms shall not be affected. If any invalid, unenforceable or illegal provision of these Terms would be valid, enforceable and legal if some part of it was deleted, the provision shall apply with the minimum modification necessary to make it legal, valid and enforceable to reflect our initial intentions."
Ubisoft.docx,27,Autor,inter-1,"the provision shall apply with the minimum modification necessary to make it legal, valid and enforceable to reflect our initial intentions."
Ubisoft.docx,28,Autor,c_law-1,"These Terms, your Account and any disputes or claims arising in connection with them or their subject matter or formation (including non-contractual disputes or claims) are governed by and construed in accordance with the laws of England and Wales."
Ubisoft.docx,29,Autor,c_forum-1,You irrevocably agree that the courts of England and Wales have exclusive jurisdiction to settle any such dispute or claim.
vod.mdag.pl.docx,0,Autor,docu1,Privacy policy
vod.mdag.pl.docx,1,Autor,what1,"provides access to purchasable or free ﬁlm content (in the form of ﬁlms available on the VOD platform), or the “Service”, particularly by means of electronically providing purchasable or free tickets (“E-tickets”) and passes (“E-passes”) granting access to ﬁlms hosted on the vod.mdag.pl platform located at vod.mdag.pl (the “Platform”)."
vod.mdag.pl.docx,2,Autor,price_chg0,"The Owner reserves the right to modify the prices according to its current offer communicated on the Platform, as well as to introduce temporary promotional offerings or discounts and modify them; the above does not apply to access to ﬁlms already purchased by the Users."
vod.mdag.pl.docx,3,Autor,what2,An E-ticket allows its holder to watch a ﬁlm within 24 hours of purchasing an E-ticket or downloading a free E- ticket; the purchaser or downloader will have access to the given ﬁlm for 12 hours from the moment of conﬁrming the “Play” command in the pop-up on the Film Subpage or from the moment of clicking the “Watch” and “Play” buttons associated with the given ﬁlm on the My Account subpage.
vod.mdag.pl.docx,4,Autor,what3,"An E-pass allows the streaming of a set number of ﬁlms hosted on the Platform throughout the access period obtained in accordance with the information in §1 Art. 7 of these Terms, subject to the provisions of §4 Art. 10 of these Terms."
vod.mdag.pl.docx,5,Autor,serv_chg-1,Against Gravity reserves the right to restrict E-pass access to speciﬁc ﬁlms. Information about restricted access via an E-pass is listed on the Film Subpage.
vod.mdag.pl.docx,6,Autor,acc_del1,"Against Gravity has the right to terminate User Accounts with 14 days’ notice (by sending the cancellation notice to the User in writing or by e-mail). In the case of Customers who are also Consumers, any termination requires signiﬁcant grounds, i.e. 1) changes to universally applicable laws impacting the rights and duties resulting from the Agreement between the User and Against Gravity or differences in interpretation of the above laws due to court rulings, decisions, orders, recommendations, or guidelines of the relevant institutions or organs; 2) the discontinuance of the Service provided by Against Gravity as deﬁned in these Terms, particularly the closure of the vod.mdag.pl ﬁlm portal."
vod.mdag.pl.docx,7,Autor,acc_del0,"Any attempt to break into the Platform or use it in violation of these Terms or applicable laws will result in irreversible termination of access to the Service followed by appropriate legal action. Saving, copying, or interfering with the content and materials on the Platform is prohibited."
vod.mdag.pl.docx,8,Autor,"No acc_sus, because profit for user","Access to the Service may be restricted in case of attempting to access the Service simultaneously on several devices or in case of attempting unauthorized access to the User Account on the Platform. Information about restrictions will be provided in the form of a pop-up on the Platform. If access is restricted, the Customer should contact Against Gravity."
vod.mdag.pl.docx,10,Autor,uncle1,or applicable laws 
vod.mdag.pl.docx,9,Autor,acc_del1acc_sus1,Against Gravity reserves the right to restrict access to the Service or immediately terminate the Agreement in the event of Service or Platform usage in contravention of these Terms or applicable laws after the User had been requested to remedy the violation and did not comply within the stated period.
vod.mdag.pl.docx,11,Autor,ltd0,"Events resulting from circumstances beyond the control of Against Gravity do not constitute a failure in performance or inadequate performance on the part of Against Gravity. These include:restrictions or interruptions of Internet access, orfailures or malfunctions of the User’s devices or software, orother interruptions in the use of the Service resulting from any action or neglect on part of the User in violation of the Agreement or these Terms, orrestrictions in the operation of this Platform covered in these Terms and consented to by the User at the moment of consenting to these Terms."
vod.mdag.pl.docx,12,Autor,com_sys0,"Complaints related to Service access, Platform functioning, and the services themselves must be submitted to the following e-mail address: vod@againstgravity.pl. The complaint should include the User’s data: full name, residential address, registration e-mail, as well as a description of the cause for complaint.The Platform Owner will examine the complaint and inform the User about the decision within 14 days of the receipt of the complaint. AgainstGravity will inform the User about the outcome of the complaint process by sending an e-mail to the address indicated in the complaint by the User."
vod.mdag.pl.docx,13,Autor,c_law-1,The legal relationships resulting from the use of the Service shall be governed by the law of Poland.
vod.mdag.pl.docx,14,Autor,recom-1,will be used to deliver ads of our Trusted Partners’ products and services (as indicated in the Privacy Policy) tailored to the User’s interests.
vod.mdag.pl.docx,15,Autor,cntr_chg-1,The Platform Owner retains the right to modify these Terms within the scope of the law currently in force. Orders placed prior to the date of modiﬁcation of these Terms coming into force will be realized in accordance with the provisions in force on the day of order placement. Modiﬁcations to these Terms will be announced to the Users on the Platform website and during logging in to the Platform.
vod.mdag.pl.docx,16,Autor,C_law-1,Any matters not covered in these Terms will be governed by the provisions of the Polish law.
ZnanyLekarz.docx,0,Autor,what,"Usługodawca świadczy między innymi następujące Usługi:umożliwia Użytkownikom publikowanie informacji i opinii o Profesjonalistach skatalogowanych według województw, miast i kategorii;udostępnia wyszukiwarkę Profesjonalistów i Placówek;powiadamia o nowych informacjach i opiniach;umożliwia Użytkownikom zadawanie pytań zweryfikowanym Profesjonalistom;umożliwia zweryfikowanym Profesjonalistom podawanie i korygowanie informacji o sobie, odnoszenie się do opinii Użytkowników oraz odpowiadanie na zadane pytania;umożliwia rezerwację terminu u Profesjonalistów i w Placówkach, które udostępniły taką możliwość."
ZnanyLekarz.docx,1,Autor,what2,ZnanyLekarz świadczy usługi polegające na informowaniu Użytkowników Internetu o praktyce zawodowej Profesjonalistów poprzez umieszczanie informacji o takiej praktyce w Internecie. Na życzenie Profesjonalistów ZnanyLekarz umieszcza również informacje o praktyce zawodowej Profesjonalistów na mapach internetowych oraz tworzy konta dla Profesjonalistów do zarządzania informacjami umieszczonymi na mapach. Na mapach internetowych umieszczony zostanie odnośnik (link) do Profilu Profesjonalisty w Serwisie.
ZnanyLekarz.docx,2,Autor,recom0,"Informacje i opinie o Profesjonalistach i Placówkach publikowane są w formie rankingów, w których miejsce na liście zależy m.in. od otrzymanych opinii."
ZnanyLekarz.docx,3,Autor,recom0pato: zawarta umowa???,"Pozycja Profesjonalisty w wynikach wyszukiwania w Serwisie może zależeć w szczególności od takich czynników jak dostępność terminów w Kalendarzu Wizyt, poziom lub jakości uzupełnienia Profilu oraz zawarta z Usługodawcą odpłatna umowa."
ZnanyLekarz.docx,4,Autor,Price_chg0,Usługodawca zastrzega sobie prawo do wprowadzenia opłat od dowolnych usług świadczonych w ramach Serwisu i jednocześnie zobowiązuje się poinformować o zmianach z odpowiednim wyprzedzeniem.
ZnanyLekarz.docx,5,Autor,what3,Użytkownik może również:wystawiać opinie o Profesjonalistach;dodawać i poprawiać informacje o Placówkach;zadawać pytania zweryfikowanym Profesjonalistom;zgłaszać nadużycia.
ZnanyLekarz.docx,6,Autor,cnt_del0cnt_modr0,"Usługodawca ma prawo odmówić opublikowania opinii, komentarzy i informacji, a już opublikowane opinie, komentarze i informacje usunąć, jeżeli są sprzeczne z niniejszym Regulaminem lub przepisami prawa. W przypadku usunięcia opinii, komentarzy lub informacji Użytkownikowi w stosunku do Usługodawcy nie przysługuje jakiekolwiek roszczenie"
ZnanyLekarz.docx,7,Autor,IP0,"Zadając pytania Profesjonaliście, Użytkownik udziela Usługodawcy niewyłącznej, nieograniczonej w czasie, nieodpłatnej licencji na korzystanie z treści pytania lub jej części na terytorium całego świata, na polach eksploatacji takich jak: zwielokrotnianie techniką analogową i cyfrową, wprowadzanie do pamięci komputera, wprowadzanie do sieci komputerowej lub multimedialnej, wprowadzanie do obrotu, najem, dzierżawa, publiczne udostępnianie w miejscu i czasie wybranym przez Usługodawcę, wyświetlanie, nadawanie, reemitowanie, odtwarzanie, umieszczanie pytania w bazach danych, wykorzystania pytania w celu promocji Usługodawcy i publicznego prezentowania pytania w Serwisie. Usunięcie Konta przez Użytkownika nie ma wpływu na obowiązywanie powyższej licencji."
ZnanyLekarz.docx,8,Autor,what4,"Na Profilu zweryfikowanym Profesjonalista otrzymuje dodatkowe uprawnienia, a w szczególności może:edytować informacje o sobie;dodać swoje zdjęcie;odpowiadać na opinie wystawione przez Użytkowników w formie komentarzy;odpowiadać na zadane przez Użytkowników pytania;przeglądać statystyki Profilu,kontaktować się z Użytkownikami."
ZnanyLekarz.docx,9,Autor,IP0 (but for proffesional - does it count?),"Zamieszczając zdjęcie w Serwisie, Profesjonalista udziela Usługodawcy niewyłącznej, nieograniczonej w czasie, nieodpłatnej licencji na korzystanie ze zdjęcia na terytorium całego świata, na polach eksploatacji takich jak: zwielokrotnianie techniką analogową i cyfrową, wprowadzanie do pamięci komputera, wprowadzanie do sieci komputerowej lub multimedialnej, wprowadzanie do obrotu, najem, dzierżawa, publiczne udostępnianie w miejscu i czasie wybranym przez Usługodawcę, wyświetlanie, nadawanie, reemitowanie, odtwarzanie, umieszczanie zdjęcia w bazach danych, wykorzystania zdjęcia w celu promocji Usługodawcy i prezentacji zdjęcia w Serwisie. Usunięcie Konta przez Profesjonalistę nie ma wpływu na obowiązywanie powyższej licencji"
ZnanyLekarz.docx,10,Autor,IP0,"Zamieszczając w Serwisie odpowiedź na pytanie, Profesjonalista udziela Usługodawcy niewyłącznej, nieograniczonej w czasie, nieodpłatnej licencji na korzystanie z treści pytaniaodpowiedzi lub jegojej części na terytorium całego świata, na polach eksploatacji takich jak: zwielokrotnianie techniką analogową i cyfrową, wprowadzanie do pamięci komputera, wprowadzanie do sieci komputerowej lub multimedialnej, wprowadzanie do obrotu, najem, dzierżawa, publiczne udostępnianie w miejscu i czasie wybranym przez Usługodawcę, wyświetlanie, nadawanie, reemitowanie, odtwarzanie, umieszczanie odpowiedzi w bazach danych, wykorzystaniaodpowiedzi w celu promocji Usługodawcy i prezentacji odpowiedzi w Serwisie. Usunięcie Konta przez Profesjonalistę nie ma wpływu na obowiązywanie powyższej licencji."
ZnanyLekarz.docx,11,Autor,acc_del0,"Usługodawca zastrzega sobie prawo do rozwiązania umowy o świadczenie Usług poprzez skasowanie Konta, jeżeli działanie Użytkownika lub Profesjonalisty jest niezgodne z prawem, Regulaminem lub godzi w wizerunek Serwisu. Wypowiedzenie ma skutek natychmiastowyUst. 19 stosuje się."
ZnanyLekarz.docx,12,Autor,as_is-1,Usługodawca nie udziela żadnej gwarancji prawidłowego działania Serwisu w całości albo w części.
ZnanyLekarz.docx,13,Autor,ltd0,"W stosunku do podmiotów innych niż konsumenci, Usługodawca odpowiada wyłącznie za szkody spowodowane z wyłącznej winy umyślnej Usługodawcy. Wyłączona jest odpowiedzialność Usługodawcy za utracone korzyści."
ZnanyLekarz.docx,15,Autor,pato,"Usługodawca zastrzega sobie prawo do pozostawienia reklamacji bez rozpoznania, jeżeli wynikać ona będzie z nieznajomości niniejszego Regulaminu, jego załączników lub przepisów prawa"
ZnanyLekarz.docx,14,Autor,com_sys0,"Usługodawca dołoży wszelkich starań w celu zapewnienia prawidłowego działania Serwisu oraz udzieli pomocy w rozwiązywaniu problemów związanych z jego funkcjonowaniem.Zastrzeżenia co do rzetelności opinii zawartych w Serwisie zgłasza się bezpośrednio przy danej opinii za pomocą przycisku ""zgłoś nadużycie"". Zgłoszenie zostanie rozpatrzone przez Usługodawcę w terminie 14 dni roboczych.Pozostałe zastrzeżenia, a także uwagi, sugestie i błędy strony można zgłaszać, pisząc na adres e-mail: kontakt@znanylekarz.pl.Odpowiedzi na zgłoszenia będą udzielane na adres poczty elektronicznej Użytkownika lub Profesjonalisty.Zakłócenia w funkcjonowaniu Serwisu, problemy i uwagi związane ze świadczonymi usługami w ramach Serwisu mogą być reklamowane przez Użytkownika, Placówkę lub Profesjonalistę w terminie 21 dni od daty zdarzenia, poprzez zgłoszenie na adres: kontakt@znanylekarz.pl.Reklamacja rozpatrywana jest w terminie 21 dni od dnia jej wniesienia. Jeżeli termin ten nie będzie mógł być dotrzymany, Usługodawca powiadomi przed jego upływem o przyczynach opóźnienia i wyznaczy kolejny termin.Usługodawca zastrzega sobie prawo do pozostawienia reklamacji bez rozpoznania, jeżeli wynikać ona będzie z nieznajomości niniejszego Regulaminu, jego załączników lub przepisów prawa. Reklamacje zawierające treści wulgarne lub obraźliwe wobec Usługodawcy nie będą rozpatrywane."
ZnanyLekarz.docx,16,Autor,contr_chg0,"Usługodawca zastrzega sobie prawo do jednostronnej zmiany Regulaminu w ważnych przypadkach, w szczególności w przypadku zmiany funkcjonalności Serwisu, zmiany profilu działalności Usługodawcy lub zmiany przepisów prawa."
ZnanyLekarz.docx,17,Autor,c_law-1,Prawem właściwym dla niniejszego Regulaminu oraz dla umowy o świadczenie Usług jest prawo polskie.
ZnanyLekarz.docx,18,Autor,c_forum-1,"Właściwym do rozstrzygania sporów wynikających ze świadczenia Usług, w przypadku sporów z Użytkownikami niebędącymi konsumentami jest sąd właściwy dla siedziby Usługodawcy. Użytkownik będący konsumentem ma możliwość skorzystania z pozasądowego sposobu rozpatrywania sporów przed Stałym Polubownym Sądem Konsumenckim przy Mazowieckim Wojewódzkim Inspektorze Inspekcji Handlowej w Warszawie"
ZnanyLekarz.docx,19,Autor,cnt_retr0,"Po zakończeniu Umowy Usługobiorca ma możliwość wyeksportowania danych i informacji o pacjentach, które Usługobiorca wprowadził do Kalendarza Wizyt oraz danych i informacji o Użytkownikach, którzy za pośrednictwem Serwisu zarezerwowali termin wizyty u Usługobiorcy. Z wnioskiem o wyeksportowanie danych i informacji można zwrócić się do 3 miesięcy od dnia zakończenia Umowy."
iCloud.docx,0,Autor,what,"Apple is the provider of the Service, which permits you to utilize certain Internet services, including storing your personal content (such as contacts, calendars, photos, notes, reminders, documents, app data, and iCloud email) and making it accessible on your compatible devices and computers, and certain location based services, only under the terms and conditions set forth in this Agreement. "
iCloud.docx,1,Autor,opt paid,"Additional storage is available for purchase, as described below"
iCloud.docx,2,Autor,acc_sus0,"If your use of the Service or other behavior intentionally or unintentionally threatens Apple’s ability to provide the Service or other systems, Apple shall be entitled to take all reasonable steps to protect the Service and Apple’s systems, which may include suspension of your access to the Service"
iCloud.docx,3,Autor,acc_del0,Repeated violations of the limitations may result in termination of your Account.
iCloud.docx,4,Autor,serv_chg-1contr_chg-1 (circumstances address only when the notice is not necessary).,"Apple reserves the right at any time to modify this Agreement and to impose new or additional terms or conditions on your use of the Service, provided that Apple will give you 30 days’ advance notice of any material adverse change to the Service or applicable terms of service, unless it would not be reasonable to do so due to circumstances arising from legal, regulatory, or governmental action; to address user security, user privacy, or technical integrity concerns; to avoid service disruptions to other users; or due to a natural disaster, catastrophic event, war, or other similar occurrence outside of Apple’s reasonable control."
iCloud.docx,5,Autor,docu,Apple Media Services Terms and Conditions
iCloud.docx,6,Autor,uncle,TO THE GREATEST EXTENT PERMISSIBLE BY APPLICABLE LAW
iCloud.docx,7,Autor,patoltd-1,"APPLE DOES NOT GUARANTEE OR WARRANT THAT ANY CONTENT YOU MAY STORE OR ACCESS THROUGH THE SERVICE WILL NOT BE SUBJECT TO INADVERTENT DAMAGE, CORRUPTION, LOSS, OR REMOVAL IN ACCORDANCE WITH THE TERMS OF THIS AGREEMENT, AND APPLE SHALL NOT BE RESPONSIBLESHOULD SUCH DAMAGE, CORRUPTION, LOSS, OR REMOVAL OCCUR"
iCloud.docx,8,Autor,acc_del0cnt_del0cnt_mod0,"If Apple is unable to successfully charge your credit card or payment account for fees due, Apple reserves the right to revoke or restrict access to your stored content, delete your stored content, or terminate your Account. "
iCloud.docx,9,Autor,acc_del0,"You acknowledge and agree that if you do not provide all required account information, Apple shall have the right to terminate your account."
iCloud.docx,10,Autor,uncle,unless otherwise required by law
iCloud.docx,11,Autor,cnt_del-1cnt_mod0disc-1,". However, Apple reserves the right at all times to determine whether Content is appropriate and in compliance with this Agreement, and may screen, move, refuse, modify and/or remove Content at any time, without prior notice and in its sole discretion, if such Content is found to be in violation of this Agreement or is otherwise objectionable."
iCloud.docx,12,Autor,cnt_del-1cnt_mod0disc-1,"However, consistent with Apple's privacy policy, Apple reserves the right at all times to determine whether Content is appropriate and in compliance with this Agreement, and may prescreen, move, refuse, modify and/or remove Content at any time, without prior notice and in its sole discretion, if such Content is found to be in violation of this Agreement or is otherwise objectionable."
iCloud.docx,13,Autor,docu2,Copyright Policy
iCloud.docx,14,Autor,acc_sus0acc_del0disc-1,"Apple may, in its sole discretion, suspend and/or terminate Accounts of users that are found to be repeat infringers."
iCloud.docx,15,Autor,IP1,"However, by submitting or posting such Content on areas of the Service that are accessible by the public or other users with whom you consent to share such Content, you grant Apple a worldwide, royalty-free, non-exclusive license to use, distribute, reproduce, modify, adapt, publish, translate, publicly perform and publicly display such Content on the Service solely for the purpose for which such Content was submitted or made available, without any compensation or obligation to you"
iCloud.docx,16,Autor,no as is for beta content,The Beta Features are provided on an “AS IS” and “AS AVAILABLE” basis 
iCloud.docx,17,Autor,sugg0,", Apple will provide you with the opportunity to submit comments, suggestions, or other feedback regarding your use of the Beta Features. You agree that in the absence of a separate written agreement to the contrary, Apple will be free to use any feedback you provide for any purpose."
iCloud.docx,18,Autor,acc_del0 (but what about (e) )?,"Apple may at any time, under certain circumstances and without prior notice, immediately terminate or suspend all or a portion of your Account and/or access to the Service."
iCloud.docx,19,Autor,acc_del0,"In addition, Apple may terminate your Account upon 30 days’ prior notice via email to the address associated with your Account "
iCloud.docx,20,Autor,cnt_retr-1 (lack of guarantee),"Upon termination of your Account you may lose all access to the Service and any portions thereof, including, but not limited to, your Account, Apple ID, email account, and Content. In addition, after a period of time, Apple will delete information and data stored in or as a part of your account(s). "
iCloud.docx,21,Autor,uncle3,"SOME JURISDICTIONS DO NOT ALLOW THE EXCLUSION OF CERTAIN WARRANTIES, AS SUCH, TO THE EXTENT SUCH EXCLUSIONS ARE SPECIFICALLY PROHIBITED BY APPLICABLE LAW, SOME OF THE EXCLUSIONS SET FORTH BELOW MAY NOT APPLY TO YOU"
iCloud.docx,22,Autor,as_is-1,"APPLE DOES NOT GUARANTEE, REPRESENT, OR WARRANT THAT YOUR USE OF THE SERVICE WILL BE UNINTERRUPTED OR ERROR-FREE, AND YOU AGREE THAT FROM TIME TO TIME APPLE MAY REMOVE THE SERVICE FOR INDEFINITE PERIODS OF TIME, OR CANCEL THE SERVICE IN ACCORDANCE WITH THE TERMS OF THIS AGREEMENT."
iCloud.docx,23,Autor,as_is-1,"YOU EXPRESSLY UNDERSTAND AND AGREE THAT THE SERVICE IS PROVIDED ON AN “AS IS” AND “AS AVAILABLE” BASIS. APPLE AND ITS AFFILIATES, SUBSIDIARIES, OFFICERS, DIRECTORS, EMPLOYEES, AGENTS, PARTNERS AND LICENSORS EXPRESSLY DISCLAIM ALL WARRANTIES OF ANY KIND, WHETHER EXPRESS OR IMPLIED, INCLUDING BUT NOT LIMITED TO THE IMPLIED WARRANTIES OF MERCHANTABILITY, FITNESS FOR A PARTICULAR PURPOSE, AND NON-INFRINGEMENT. IN PARTICULAR, APPLE AND ITS AFFILIATES, SUBSIDIARIES, OFFICERS, DIRECTORS, EMPLOYEES, AGENTS, PARTNERS AND LICENSORS MAKE NO WARRANTY THAT (I) THE SERVICE WILL MEET YOUR REQUIREMENTS; (II) YOUR USE OF THE SERVICE WILL BE TIMELY, UNINTERRUPTED, SECURE OR ERROR-FREE; (III) ANY"
iCloud.docx,24,Autor,uncle4,"SOME JURISDICTIONS DO NOT ALLOW THE EXCLUSION OR LIMITATION OF LIABILITY BY SERVICE PROVIDERS. TO THE EXTENT SUCH EXCLUSIONS OR LIMITATIONS ARE SPECIFICALLY PROHIBITED BY APPLICABLE LAW, SOME OF THE EXCLUSIONS OR LIMITATIONS SET FORTH BELOW MAY NOT APPLY TO YOU."
iCloud.docx,25,Autor,ltd0,APPLE SHALL USE REASONABLE SKILL AND DUE CARE IN PROVIDING THE SERVICE. THE FOLLOWING LIMITATIONS DO NOT APPLY IN RESPECT OF LOSS RESULTING FROM (A) APPLE’S FAILURE TO USE REASONABLE SKILL AND DUE CARE; (B) 
iCloud.docx,26,Autor,ind0,"You agree to defend, indemnify and hold Apple, its affiliates, subsidiaries, directors, officers, employees, agents, partners, contractors, and licensors harmless from any claim or demand, including reasonable attorneys’ fees, made by a third party, relating to or arising from: (a) any Content you submit, post, transmit, or otherwise make available through the Service; (b) your use of the Service; (c) any violation by you of this Agreement; (d) any action taken by Apple as part of its investigation of a suspected violation of this Agreement or as a result of its finding or decision that a violation of this Agreement has occurred; or (e) your violation of any rights of another."
iCloud.docx,27,Autor,c_law-1,"Except to the extent expressly provided in the following paragraph, this Agreement and the relationship between you and Apple shall be governed by the laws of the State of California, excluding its conflicts of law provisions"
iCloud.docx,28,Autor,c_forum-1,"You and Apple agree to submit to the personal and exclusive jurisdiction of the courts located within the county of Santa Clara, California, to resolve any dispute or claim arising from this Agreement."
iCloud.docx,29,Autor,sever0inter0,"If any part of this Agreement is held invalid or unenforceable, that portion shall be construed in a manner consistent with applicable law to reflect, as nearly as possible, the original intentions of the parties, and the remaining portions shall remain in full force and effect. "
iCloud.docx,30,Autor,docu3,Privacy Policy
HBO GO.docx,0,Autor,what1,"provides (i) an on demand audiovisual media service; and (ii) the linear audiovisual media services: HBO, HBO2 and HBO3 channels, currently jointly known as “HBO GO”, to be made available at www.hbogo.pl or another website or application designated by HBO (hereinafter the ”Website”) with the linear and on-demand content as applicable (hereinafter the ”Service”)."
HBO GO.docx,1,Autor,acc_del0,", or immediately terminate an agreement with a User if the User has previously breached HBO's User Terms and Conditions"
HBO GO.docx,2,Autor,docu,Personal Data Policy 
HBO GO.docx,3,Autor,serv_chg-1disc-1,on-demand basis included by HBO at its sole discretion from time to time
HBO GO.docx,4,Autor,serv_chg-1,"The Service and its content may therefore, in the future from time to time be replaced, modified or updated."
HBO GO.docx,5,Autor,serv_chg-1,"Changes, modifications to, or updates of, the on-demand content of the Service and other changes to the appearance of the Website "
HBO GO.docx,6,Autor,uncle1,unless applicable law requires otherwise.
HBO GO.docx,7,Autor,serv_chg-1,"HBO reserves the right to change the name any of the Channels included in the Service and/or include also other channels in the Service, without any prior notice."
HBO GO.docx,8,Autor,acc_del0 ,"In case HBO suspects abuse of the Trial Period or its terms, HBO may immediately take measures to prevent such abuse, including termination of the Agreement."
HBO GO.docx,9,Autor,acc_del0,"In the event HBO has cause to believe that the Log-On Information has been disclosed or in some other manner is being misused by unauthorised persons, HBO shall be entitled to immediately terminate the Agreement in accordance with section 12.4 (c)."
HBO GO.docx,10,Autor,uncle2,To the extent permitted by the applicable law
HBO GO.docx,11,Autor,acc_sus0acc_del0,"If payment is not made on time, HBO shall also be entitled to suspend or limit the User's access to the Service immediately. HBO shall also be entitled to terminate the Agreement immediately if the delay in payment exceeds twenty (20) days"
HBO GO.docx,12,Autor,acc_del0,"Use of the Service in violation of this section 7 shall at all times be deemed to constitute a material breach of Agreement which may result in HBO terminating the Service with immediate effect (see, further, section 12)."
HBO GO.docx,13,Autor,contr_chg-1price_chg0,User hereby expressly acknowledges that HBO has a right to change the fees and other clauses of the Terms and Conditions to a reasonable extent. 
HBO GO.docx,14,Autor,serv_chg-1,User hereby expressly acknowledges that HBO has a right to make significant changes to the content covered by the Service to reasonable extent
HBO GO.docx,15,Autor,acc_del-1,"Subject to what is prescribed above, HBO shall be entitled to terminate the Agreement with immediate effect and at the same time make the Service immediately unavailable to the User in the event that:"
HBO GO.docx,16,Autor,acc_del0,". Breaches of this provision shall at all times be deemed to constitute a material breach of the Agreement which, among others, may result in termination of the Agreement with immediate effect (see, further, section 12)."
HBO GO.docx,17,Autor,period-1,"The User shall notify HBO on any disruptions, outages and other faults as soon as possible, and not later than seven days following their occurrence, to be entitled to any compensation in accordance with Section "
HBO GO.docx,18,Autor,ltd_cap-1,User may terminate the subscription agreement with retroactive effect as of the last payment (billing) date (the “Termination Date”) and request the refund of the monthly subscription fee paid for the month after the Termination Date
HBO GO.docx,19,Autor,ind0,"The User consents to compensate and hold HBO, its subsidiaries, employees, board members and licensors harmless for any losses, expenses or demands arising as a result of, or in conjunction with, the User's breach of the Agreement, the User's violation of applicable laws or the User's violations of third-party rights."
HBO GO.docx,20,Autor,trans1,"HBO shall be entitled, with the prior consent of the User, to assign its rights, claims and obligations pursuant to the Agreement to another company within the same group or to a third party who may be reasonably expected to fulfil its obligations pursuant to the Agreement in a satisfactory manner."
HBO GO.docx,21,Autor,c_law-1,"The Agreement is governed by the Czech Law, unless otherwise provided herein"
HBO GO.docx,22,Autor,uncle3,You may also be entitled to certain consumer protection rights and other mandatory provisions 
KAYAK.docx,0,Autor,docu,Privacy Policy
KAYAK.docx,1,Autor,there is no arbitration clause!,THESE TERMS INCLUDE AN ARBITRATION 
KAYAK.docx,2,Autor,contr_chg-1,We may modify these Terms for any reason—at any time—by posting a new version on Our Website
KAYAK.docx,3,Autor,pato,"Since KAYAK has no control over the Travel Products and does not verifythe content uploaded by the Travel Providers, it is not possible for us to guarantee the prices displayed on Our Website. "
KAYAK.docx,4,Autor,acc_sus-1acc_del-1,"We may, at our sole discretion, at any time and without advance notice or liability, suspend, terminate or restrict your access to any or all component(s) of Our Website. "
KAYAK.docx,6,Autor,shad_ip1,"You may remove your Trips information from Trips at any time, but the licence that you have granted will remain in eﬀect."
KAYAK.docx,5,Autor,IP-1,"By providing us Trips information, you represent and warrant that you have the right to give us an irrevocable, perpetual, non-exclusive, transferable, fully-paid, worldwide licence (with the right to freely sublicense) to use, copy, modify, reformat, translate, syndicate and distribute that Trips information that we receive from you for any purpose, including business, commercial, marketing, advertising, or otherwise, and to prepare derivative works of (or incorporate into other works) that Trips information. You may remove your Trips information from Trips at any time, but the licence that you have granted will remain in eﬀect. You understand that we do not control nor arewe responsible for reviewing Trips information. However, we reserve the right to review, edit, or delete any Trips information or your account at any time."
KAYAK.docx,7,Autor,Cnt_del-1Cnt_modr0,"However, we reserve the right to review, edit, or delete any Trips information or your account at any time."
KAYAK.docx,8,Autor,as_is-1,"Our Website, all content and services provided on Our Website and all itineraries that you obtain through Trips are provided on an 'as-is' and 'as available' basis. Our content is largely generated in an automated fashion; errors can and do happen. We usually have many search results, but we are not comprehensive and do not display all available providers and oﬀers. Accordingly, we do not always display the lowest available price."
KAYAK.docx,9,Autor,uncle,to the extent permitted by law
KAYAK.docx,10,Autor,ltd-1,"hereby expressly exclude any responsibility and liability for (a) any loss or damages to, or viruses that may infect, your computer equipment or other property as the result of your access to Our Website, your downloading of any content from Our Website or your use of Trips or (b) any injury; death; loss; claim; act of god; accident; delay; or any direct, special, exemplary, punitive, indirect, incidental or consequential damages of any kind (including—without limitation— lost proﬁts or lost savings), whether based in contract, tort, strict liability or otherwise, that arise out of or is in any way connected with: (i) any use of Our Website, Trips or our content; (ii) any failure or delay (including—without limitation—the use of or inability to use any component of this Website for reservations or booking); or (iii) the performance ornon-performance by us or any Travel Provider, even if we have been advised of the possibility of damages to such parties or any other party. "
KAYAK.docx,11,Autor,uncle,"Some states or countries do not allow this limitation of liability, so the limitations above may not apply or apply only partially to you."
KAYAK.docx,12,Autor,ind0,"Subject to these Terms, you will defend, indemnify and hold us and each of our oﬃcers, directors, employees and agents harmless from and against any claim, cause of action, liability, expense, loss or demand, including—without limitation—reasonable legal and accounting fees, arising out of, or in any way connected with your breach of these Termsor the agreements made part of these Terms by reference, your breach of any applicable law, and your use of or access to Our Website, Trips or the Intellectual Property"
KAYAK.docx,13,Autor,serv_chg-1contr_chg-1,"We may change the site and these Terms at any time, in our sole discretion and without notice to you. "
KAYAK.docx,14,Autor,trans-1,"We may assign our rights and duties under these Terms without such assignment being considered a change to the Terms and without notice to you, provided your rights under these Terms are not prejudiced"
KAYAK.docx,15,Autor,sever0,"If a court ﬁnds any of these Terms to be unenforceable or invalid, that Term will be enforced to the fullest extent permitted by applicable law and the other Terms will remain valid and enforceable"
KAYAK.docx,16,Autor,uncle,To the extent permitted by law
KAYAK.docx,17,Autor,c_law-1,"the laws of Switzerland, without regard to its conﬂict of laws rules, will govern these Terms, as well as your and our observance of them and any dispute or claim arising out of or in connection with them or their subject matter "
KAYAK.docx,18,Autor,c_forum-1,"you agree to ﬁle such action only in the courts of Zurich, Switzerland"
KAYAK.docx,19,Autor,uncle,"the law may allow you to bring proceedings also in the courts for the place where you are domiciled, as well as to have recourse to rights provided by the consumer protection laws of such place"
KAYAK.docx,20,Autor,uncle,to the extent permitted by law 
KAYAK.docx,21,Autor,uncle,To the extent permitted by law
KAYAK.docx,22,Autor,class-1,"you agree that any disputes, claims and causes of action arising out of or connected with Our Website and/or these Terms, will be resolved individually, without resort to any form of class action."
KAYAK.docx,23,Autor,sugg0,"perpetual, non-exclusive, transferable, fully-paid, worldwide license (with the right to freely sublicense) to use, copy, modify, publicly perform, publicly display, reformat, translate, syndicate, republish, excerpt (in whole or in part) and distribute Feedback we receive from you for any purpose, including business, commercial, marketing, advertising, or otherwise."
PayPal.docx,0,Autor,Docu1-6,Fees pagePayPal's Buyer Protection programPayPal's Seller Protection programAcceptable Use PolicyAlternative Payment Methods AgreementAll future changes notified in the Policy Update already published on the “Legal Agreements” page.
PayPal.docx,1,Autor,Contr_chg-1,"We may revise this user agreement and any of the documents listed above from time to time. The revised version will be effective at the time we post it, unless otherwise noted. If our changes reduce your rights or increase your responsibilities we will post a notice on the Policy Updates page of our website and provide notice to you of at least two months. By continuing to use our services after any changes to this user agreement take effect, you agree to be bound by those changes. If you do not agree with any changes, you may close your account before the changes take effect."
PayPal.docx,2,Autor,what,PayPal’s main business is the issuance of electronic money and the provision of payment services using that electronic money.
PayPal.docx,3,Autor,docu7,Key Payment and Service Information.
PayPal.docx,4,Autor,what,With a personal account you can send and request money from friends and family and pay online for purchases.
PayPal.docx,5,Autor,what,Business accounts are for people and organizations (whether incorporated or not) that primarily use PayPal to receive online payments for sales or donations.
PayPal.docx,6,Autor,docu8,Commercial Entity Agreements 
PayPal.docx,7,Autor,acc_del0 (x2),We may close your account at our convenience by providing you with 2 months’ prior notice. We may also close your account at any time if:You are in breach of this user agreement and/or we are otherwise entitled to close your account under this user agreement;You do not access your account for 3 years; orWe suspect that your account has been accessed without your authorization.
PayPal.docx,8,Autor,uncle,for the purpose of fulfilling our legal obligation
PayPal.docx,9,Autor,serv_chg-1,"In the event that we decide to discontinue any of our services or any portion or feature of our services for any reason, we will give you at least two months prior notice before discontinuing the service or feature, unless we determine in good faith that:"
PayPal.docx,13,Autor,pato: why PayPal may not allow moving my funds?,"If you have a PayPal balance, you may withdraw any amount by transferring it to your nominated funding source linked to your PayPal account, as we may allow from time to time."
PayPal.docx,17,Autor,Serv_chg-1,"We may, at our discretion, impose limits on the amount and value of payments you can make, including money you send for purchases. You can view any sending limit by logging into your PayPal account. To lift your sending limit, you must follow the steps that we will notify to you or publish from time to time (which we may set out in your account overview)."
PayPal.docx,21,Autor,pato,"PayPal determines, in its sole discretion, whether your claim is eligible for PayPal’s Buyer Protection program. PayPal’s original determination is considered final, but you may be able to file an appeal of the decision with PayPal if you have new or compelling information not available at the time of the original determination or you believe there was an error in the decision-making process."
PayPal.docx,22,Autor,serv_chg-1,"We may, at our discretion, impose limits on the amount and value of payments you can receive, including money you receive for purchases. To lift your receiving limit, you must follow the steps that we will notify to you or publish from time to time (which we may set out in your account overview)."
PayPal.docx,23,Autor,uncle,in compliance with any law applicable to you 
PayPal.docx,24,Autor,docu9,PayPal Payouts Agreement 
PayPal.docx,29,Autor,docu10,the Chargeback fee table 
PayPal.docx,30,Autor,acc_sus0,Place a hold on your PayPal account until sufficient funds become available in your PayPal account to cover the amount; or
PayPal.docx,34,Autor,acc_sus0acc_del0,"Terminate this user agreement, limit your account, and/or close or suspend your account, immediately and without penalty to us;"
PayPal.docx,35,Autor,uncle,and to the extent that laws applicable 
PayPal.docx,36,Autor,acc_sus0,"Block your PayPal account and/or hold any funds in the reserve account (including, without limitation, for more than 180 days if so required by PayPal, where PayPal’s rights arise from your engagement in the restricted activity);"
PayPal.docx,37,Autor,pato: assuming minimal liability,"You acknowledge and agree that USD 2,500.00 (or the prevailing equivalent in the currency of the country in which you reside) per violation of the Acceptable Use Policy is:A reasonable minimum estimate of PayPal's actual damages including but not limited to, internal administrative costs incurred by PayPal to monitor and track violations, damage to PayPal’s brand and reputation, and penalties imposed upon PayPal by its business partners resulting from a user’s violation considering all currently existing circumstances, including the relationship of the sum to the range of harm to PayPal that reasonably could be anticipated;Reasonable and proportionate in its application to the provision of the services to you; andNecessary, but no more than sufficient, to protect PayPal’s legitimate interest in your compliance with the Acceptable Use Policy; andPayPal may deduct such damages directly from any existing balance in any PayPal account you control."
PayPal.docx,40,Autor,acc_sus0,"In our discretion, immediately upon such execution restrict the payer’s account;"
PayPal.docx,41,Autor,uncle,in order to comply with applicable law
PayPal.docx,46,Autor,pato,"If your PayPal account is inactive for at least 12 consecutive months, we may charge an annual inactivity fee. Inactive means that you have not logged into your PayPal account or otherwise used your PayPal account to send, receive or withdraw money."
PayPal.docx,48,Autor,ind0,You must indemnify PayPal for actions related to your PayPal account and your use of the PayPal services.
PayPal.docx,49,Autor,ltd-1,"Direct or indirect lost profits; orAny special, incidental or consequential damages (including without limitation damages for loss of data or loss of business),arising out of or in connection with our websites, software, systems (including any networks and servers used to provide any of the PayPal services) operated by us or on our behalf, any of the PayPal services, or this user agreement (however arising, including negligence), "
PayPal.docx,50,Autor,uncle,unless and to the extent prohibited by law.
PayPal.docx,51,Autor,ltd_cap-1,in any circumstance is limited to the actual amount of direct damages 
PayPal.docx,52,Autor,uncle,unless and to the extent prohibited by law
PayPal.docx,53,Autor,uncle,to the extent permitted by applicable law
PayPal.docx,54,Autor,as_is-1,"The PayPal services are provided “as-is” and without any representation or warranty, whether express, implied or statutory. PayPal specifically disclaims any implied "
PayPal.docx,55,Autor,uncle,"Some countries do not allow the disclaimer of implied warranties, so the foregoing disclaimers may not apply to you."
PayPal.docx,56,Autor,uncle,regulations of your specific jurisdiction that may be applicable 
PayPal.docx,58,Autor,IP0,". Subject to the next paragraph, when you provide content to the PayPal companies or post content using PayPal services, you grant PayPal (and parties that we work with) a non-exclusive, irrevocable, royalty-free, transferable, and worldwide license to use your content and associated intellectual property and publicity rights to help us improve, operate and promote our current services and develop new ones. PayPal will not compensate you for any of your content. You acknowledge that PayPal’s use of yourcontent will not infringe any intellectual property or publicity rights. Further, you acknowledge and warrant that you own or otherwise control all of the rights of the content you provide, and you agree to waive your moral rights and promise not to assert such rights against PayPal."
PayPal.docx,60,Autor,Tran-1,. PayPal may transfer or assign this user agreement or any right or obligation under this user agreement at any time.
PayPal.docx,61,Autor,C_law-1,This user agreement and the relationship between us is governed by the laws of England and Wales. 
PayPal.docx,62,Autor,uncle,and applicable law shall apply
PayPal.docx,63,Autor,uncle,the applicable data protection laws
DoorDash.docx,0,Autor,what,"DoorDash, including its wholly-owned subsidiary Caviar, provides an online marketplace connection, using web-based technology that connects you and other consumers, restaurants and/or other businesses and independent delivery contractors (“Contractors”). DoorDash’s software permits consumers to place orders for food and/or other goods from various restaurants and businesses, either for delivery or pickup (the “Software”). Once a delivery order is made, the Software notiﬁes Contractors that a delivery opportunity is available and the Software facilitates completion of the delivery to the consumer. Once a pickup order is made, the Software communicates with the customer regarding the availability of the order for pickup. DoorDash is not a restaurant, delivery service, or food preparation business."
DoorDash.docx,1,Autor,contr_chg-1,"DoorDash reserves the right to modify the terms and conditions of this Agreement or its policies relating to the Software or Services at any time, effective upon posting of an updated version of this Agreement through the Services"
DoorDash.docx,2,Autor,docu,"collection, use, and disclosure of your personal information in accordance with DoorDash’s Privacy Policy, which is incorporated in this Agreement by reference. You also agree to abide by any "
DoorDash.docx,3,Autor,acc_sus0acc_del0disc-1,"In the event that we believe or determine that you have breached any of the aforementioned, we reserve the right to suspend and/or permanently deactivate your account at our sole discretion."
DoorDash.docx,4,Autor,what2,"DoorDash provides a technology platform facilitating the transmission of orders by Users to Merchants for pickup or delivery by Contractors. DoorDash will not assess or guarantee the suitability, legality or ability of any Contractor or Mercha"
DoorDash.docx,5,Autor,acc_sus0acc_del0disc-1,"If you provide any information that is untrue, inaccurate, not current, or incomplete, or DoorDash has reasonable grounds to suspect that such information is untrue, inaccurate, not current, or incomplete, DoorDash has the right to suspend or terminate your account and refuse any and all current or future use of the Services (or any portion thereof)."
DoorDash.docx,6,Autor,IP-1,"You hereby grant DoorDash a perpetual, irrevocable, transferable, fully paid, royalty-free, non-exclusive, worldwide, fully sublicenseable right and license to use, copy, display, publish, modify, remove, publicly perform, translate, create derivative works, distribute and/or otherwise use the User Content in connection with DoorDash’s business and in all forms now known or hereafter invented (“Uses”), without notiﬁcation to and/or approval by you. You further grant DoorDash a license to use your username, ﬁrst name and last initial, and/or other User proﬁle information, including without limitation, your ratings history, to attribute User Content to you in connection with such Uses, without notiﬁcation or approval by you. "
DoorDash.docx,7,Autor,shad_IP,"In the interest of clarity, the license granted to DoorDash herein shall survive termination of the Services or your account"
DoorDash.docx,8,Autor,cnt_del-1cnt_mod0acc_sus-1acc_del-1disc-1,"DoorDash reserves the right in its sole discretion to remove or disable access to any User Content from the Services, suspend or terminate your account at any time, or pursue any other remedy or relief available under equity or law if you post any User Content that violates this Agreement or any community or content guidelines we may publish or that we consider to be objectionable for any reason."
DoorDash.docx,9,Autor,cnt_del-1cnt_mod0,You agree that DoorDash may monitor and/or delete your User Content (but does not assume the obligation) for any reason in DoorDash’s sole discretion
DoorDash.docx,10,Autor,sugg0,"You represent and warrant that you have all rights necessary to submit the Feedback and you hereby grant to DoorDash a perpetual, irrevocable, transferable, fully paid, royalty-free, non- exclusive, worldwide, fully sublicenseable right and license to use, copy, display, publish, modify, remove, publicly perform, translate, create derivative works, distribute and/or otherwise use such Feedback."
DoorDash.docx,11,Autor,cnt_del0cnt_mod0disc-1,"If we determine, in our sole discretion, that any Rating or Review could diminish the integrity of the Ratings and Reviews or otherwise violates this Agreement, we may remove such User Content without notice."
DoorDash.docx,12,Autor,price_chg0,"DoorDash reserves the right to change such prices at any time, at its discretion. "
DoorDash.docx,13,Autor,price_chg0,"DoorDash may change the fees for our Services as we deem necessary or appropriate for our business, including but not limited to Delivery Fees, Service Fees, Small Order Fees, and Surge Fees. DoorDash may also charge merchants fees on orders that you place through the Services, including commissions and other fees, and may change those merchant fees as we deem necessary or appropriate for our business or to comply with applicable law."
DoorDash.docx,14,Autor,docu2,Referral Program Terms and Conditions 
DoorDash.docx,15,Autor,pato,"DoorDash reserves the right to accept, refuse, suspend, or cancel your DashPass subscription at any time in its sole discretion"
DoorDash.docx,16,Autor,arb0 (? Terms just for US),"You agree that any dispute or claim relating in any way to your access or use of the Services as a User of the Services, to any advertising or marketing communications regarding DoorDash or the Services, to any products or services sold or distributed through the Services that you received as a User of our Services, or to any aspect of your relationship or transactions with DoorDash as a User of our Services will be resolved by binding arbitration, rather than in court, except that (1) you may assert claims in small claims court if your claims qualify, so long as the matter remains in such court and advances only on an individual (non-class, non-representative) basis; and (2) you or DoorDash may seek equitable relief in court for infringement or other misuse of intellectual property rights (such as trademarks, trade dress, domain names, trade secrets, copyrights, and patents). This Arbitration Agreement shall apply, without limitation, to all claims that arose or were asserted before the Effective Date of this Agreement."
DoorDash.docx,17,Autor,class0 (? - terms just for the US),"CASES HAVE BEEN FILED AGAINST DOORDASH—AND OTHERS MAY BE FILED IN THE FUTURE—THAT ATTEMPT TO ASSERT CLASS ACTION CLAIMS, AND BY ACCEPTING THIS ARBITRATION AGREEMENT YOU ELECT NOT TO PARTICIPATE IN SUCH CASES.IF YOU AGREE TO ARBITRATION WITH DOORDASH, YOU ARE AGREEING IN ADVANCE THAT YOU WILL NOT PARTICIPATE IN OR SEEK TO RECOVER MONETARY OR OTHER RELIEF IN ANY SUCH CLASS, COLLECTIVE, AND/OR REPRESENTATIVE LAWSUIT. INSTEAD, BY AGREEING TO ARBITRATION, YOU MAY BRING YOUR CLAIMS AGAINST DOORDASH IN AN INDIVIDUAL ARBITRATION PROCEEDING. IF SUCCESSFUL ON SUCH CLAIMS, YOU COULD BE AWARDED MONEY OR OTHER RELIEF BY AN ARBITRATOR."
DoorDash.docx,18,Autor,pato,"Waiver of Jury Trial. YOU AND DOORDASH WAIVE ANY CONSTITUTIONAL AND STATUTORY RIGHTS TO SUE IN COURT AND RECEIVE A JUDGE OR JURY TRIAL. You and DoorDash are instead electing to have claims and disputes resolved by arbitration, except as speciﬁed in Section 12(a) above. There is no judge or jury in arbitration, and court review of an arbitration award is limited."
DoorDash.docx,19,Autor,arb0class0(? - terms just for the US),"EXCEPT AS EXPRESSLY AGREED TO IN SECTION 12(G) OF THIS AGREEMENT, YOU AND DOORDASH AGREE TO WAIVE ANY RIGHT TO RESOLVE CLAIMS WITHIN THE SCOPE OF THIS ARBITRATION AGREEMENT ON A CLASS, COLLECTIVE, OR REPRESENTATIVE BASIS. ALL CLAIMS AND DISPUTES WITHIN THE SCOPE OF THIS ARBITRATION AGREEMENT MUST BE ARBITRATED ON AN INDIVIDUAL BASIS AND NOT ON A CLASS OR COLLECTIVE BASIS EXCEPT AS SET FORTH IN SECTION 12(G). CLAIMS OF MORE THAN ONE CUSTOMER OR USER CANNOT BE ARBITRATED OR LITIGATED JOINTLY OR CONSOLIDATED WITH THOSE OF ANY OTHER CUSTOMER OR USER EXCEPT AS SET FORTH IN SECTION 12(G). If, however, this waiver of class or consolidated actions is deemed invalid or unenforceable with respect to a particular claim or dispute, neither you nor DoorDash is entitled to arbitration of such claim or dispute. Instead, all such claims and disputes will then be resolved in a court as set forth in Section 20. This provision does not prevent you or DoorDash from participating in a class-wide settlement of claims."
DoorDash.docx,20,Autor,docu3,Social Media Community Guidelines.
DoorDash.docx,21,Autor,ind0,"You agree to indemnify and hold harmless DoorDash and its ofﬁcers, directors, employees, agents and afﬁliates (each, an “Indemniﬁed Party”), from and against any losses, claims, actions, costs, damages, penalties, ﬁnes and expenses, including without limitation, attorneys’ fees and expenses, that may be incurred by an Indemniﬁed Party arising out of, relating to or resulting from (a) your User Content; (b) your misuse of the Software or Services; (c) your breach of this Agreement or any representation, warranty or covenant in this Agreement; or (d) your violation of any applicable laws, rules or regulations through or related to the use of the Software or Services. In the event of any claim, allegation, suit or proceeding alleging any matter potentially covered by the agreements in this Section, you agree to pay for the defense of the Indemniﬁed Party, including reasonable costs and attorneys’ fees incurred by the Indemniﬁed Party. DoorDash reserves the right, at its own cost, to assume the exclusive defense and control of any matter otherwise subject to indemniﬁcation by you, in which event you will fully cooperate with DoorDash in asserting any available defenses. This provision does not require you to indemnify any Indemniﬁed Party for any unconscionable commercial practice by such party, or for such party’s negligence, fraud, deception, false promise, misrepresentation or concealment, suppression oromission of any material fact in connection with the Software or Services. You agree that the provisions in this section will survive any termination of your account, this Agreement, or your access to the Software and/or Services."
DoorDash.docx,22,Autor,as_is-1,"YOU EXPRESSLY UNDERSTAND AND AGREE THAT TO THE FULLEST EXTENT OF LAW, YOUR USE OF THE SOFTWARE AND SERVICES IS ENTIRELY AT YOUR OWN RISK. CHANGES ARE PERIODICALLY MADE TO THE SOFTWARE AND SERVICES AND MAY BE MADE AT ANY TIME WITHOUT NOTICE TO YOU. THE SOFTWARE AND SERVICES ARE PROVIDED ON AN “AS IS” BASIS WITHOUT WARRANTIES OF ANY KIND, EITHER EXPRESS OR IMPLIED, INCLUDING, BUT NOT LIMITED TO, WARRANTIES OF MERCHANTABILITY, FITNESS FOR A PARTICULAR PURPOSE AND NON-INFRINGEMENT. DOORDASH MAKES NO WARRANTIES OR REPRESENTATIONS ABOUT THE ACCURACY, RELIABILITY, COMPLETENESS OR TIMELINESS OF THE CONTENT MADE AVAILABLE THROUGH THE SOFTWARE OR SERVICES, OR THE SERVICES, SOFTWARE, TEXT, GRAPHICS OR LINKS."
DoorDash.docx,23,Autor,uncle,TO THE FULLEST EXTENT PERMITTED BY LAW
DoorDash.docx,24,Autor,ltd_cap-1,DOORDASH’S AGGREGATE LIABILITY SHALL NOT EXCEED THE GREATER OF AMOUNTS ACTUALLY PAID BY AND/OR DUE FROM YOU TO DOORDASH IN THE SIX (6) MONTH PERIOD IMMEDIATELY PRECEDING THE EVENT GIVING RISE TO SUCH CLAIM. THIS CAP ON LIABILITY SHALL APPLY FULLY TO RESIDENTS OF NEW JERSEY.
DoorDash.docx,25,Autor,ltd-1,"TO THE FULLEST EXTENT OF LAW, DOORDASH SHALL NOT BE LIABLE TO YOU OR ANYONE ELSE FOR ANY INDIRECT, PUNITIVE, SPECIAL, EXEMPLARY, INCIDENTAL, CONSEQUENTIAL OR OTHER DAMAGES OF ANY TYPE OR KIND (INCLUDING PERSONAL INJURY, LOST PROFITS, PAIN AND SUFFERING, EMOTIONAL DISTRESS, AND LOSS OF DATA, REVENUE, USE AND ECONOMIC ADVANTAGE). THE FOREGOING DISCLAIMER OF PUNITIVE AND EXEMPLARY DAMAGES, AND THE ENTIRE DISCLAIMER OF DAMAGES FOR PERSONAL INJURY OR PROPERTY DAMAGE, OR FOR ANY INJURY CAUSED BY DOORDASH’S FRAUD OR FRAUDULENT MISREPRESENTATION, SHALL NOT APPLY TO USERS WHO RESIDE IN THE STATE OF NEW JERSEY."
DoorDash.docx,26,Autor,c_forum-1,"To the extent the parties are permitted under this Agreement to initiate litigation in a court, both you and DoorDash agree that all claims and disputes arising out of or relating to the Agreement will be litigated exclusively in the state or federal courts located in San Francisco County if you are a California citizen or resident, and in the United States District Court for the District in which you reside if you are not a California citizen or resident."
DoorDash.docx,27,Autor,serv_chg-1acc_sus-1acc_del-1disc-1,"In addition, at its sole discretion, DoorDash may modify or discontinue the Software or Service, or may modify, suspend or terminate your access to the Software or the Services, for any reason, with or without notice to you and without liability to you or any third party."
DoorDash.docx,28,Autor,c_law-1,"This Agreement is governed by the laws of the State of Delaware consistent with the Federal Arbitration Act, without giving effect to any principles that provide for the application of the law of any other jurisdiction."
DoorDash.docx,29,Autor,sever0,"Except as otherwise provided in this Agreement, if any provision of this Agreement is found to be invalid, the invalidity of such provision shall not affect the validity of the remaining provisions of this Agreement, which shall remain in full force and effect."
DoorDash.docx,30,Autor,tran-1,"This Agreement, and any rights and licenses granted hereunder, may not be transferred or assigned by you, but may be assigned by DoorDash without restriction. Any attempted transfer or assignment in violation hereof shall be null and void. This Agreement binds and inures to the beneﬁt of each party and the party’s successors and permitted assigns."
PayPay.docx,0,Autor,serv_chg-1,"Further, Our Company may, without giving any prior notice to the users, change contents or speciﬁcations of services"
PayPay.docx,1,Autor,ind0,"In the event that Our Company has borne any cost or paid any compensation in connection with the complaint caused by a userʼs act, such user shall bear the cost, compensation, etc. which Our Company has paid (including attorney fees which Our Company has paid)."
PayPay.docx,2,Autor,IP-1,"A user is deemed to grant Our Company a non-compensatory and non-exclusive right of utilisation (including duplicating, screening, publicly transmitting, exhibiting, distributing, transferring, lending, translating, adapting and publishing) of the contents which such user has made posting etc., inside or outside of Japan with no time limit (including right to sublicense).Further, such users shall not exercise a moral right of author."
PayPay.docx,3,Autor,shad_ip1,"Further, such users shall not exercise a moral right of author."
PayPay.docx,4,Autor,cnt_del0cnt_mod0,deleting any data or contents
PayPay.docx,5,Autor,acc_sus0,denying utilisation of all or part of Our Companyʼs services
PayPay.docx,6,Autor,acc_del0,deleting any userʼs Account
PayPay.docx,7,Autor,disc-1,which Our Company reasonably determines it is necessary and appropriate
PayPay.docx,8,Autor,pato1,"Further, if any userʼs Account is deleted, PayPay Balance, usage history and any and all other rights and information of such user recorded in such Account will be erased."
PayPay.docx,9,Autor,as_is-1,"Our Company disclaims any warranty on the following items. A user must, when it utilises Our Companyʼs services, evaluate by itself a usefulness etc. of the information or services provided via Our Companyʼs services, and utilise it on its own responsibility."
PayPay.docx,10,Autor,ltd-1 (0),"Our Company shall never assumes any and all liability for any and all damage caused from a userʼs utilisation of Our Companyʼs services (including, but not limited to, provision of information by Our Company or any third party, etc. relating to these) or unavailability of utilisation (including, but not limited to, any damage stipulated in each item of this paragraph and any and all disadvantage including any damage, emotional distress or other monetary loss which users or third parties suﬀered in accordance with preceding paragraph), except for Our Companyʼs willful misconduct or gross negligence."
PayPay.docx,11,Autor,uncle1,"In the event that the contracts for utilisation of Our Companyʼs services subject to these Terms of Use with users fall into the consumer contract stipulated in the Consumer Contract Act, the disclaimer in above"
PayPay.docx,12,Autor,ltd_cap-1,"from it and up to the amount of the Charge in the case of paid services (or, in the case of continuing services, equivalent to the amount for one (1) month)"
PayPay.docx,13,Autor,disc-1,pursuant to these Terms of Use at Our Companyʼs discretion 
PayPay.docx,14,Autor,contr_chg-1,"Our Company may, if it determines that it is necessary, revise these Terms of Use at any time without giving any prior notice to users; provided, that if it materially aﬀects the active users, Our Company will take a reasonable prior notice period in advance."
PayPay.docx,15,Autor,c_law-1,"These Terms of Use are governed by the laws of Japan with respect to its execution, validity and construction."
PayPay.docx,16,Autor,c_forum-1,The Tokyo District Court has exclusive jurisdiction for the ﬁrst-instance over any dispute that arises between Our Company and users caused by or in connection with Our Companyʼs services (including posted contents and advertisements) or software.
PayPay.docx,17,Autor,sever0,"In the event that any provision in these Terms of Use goes against the related laws and regulations which apply to contracts with users based on these Terms of Use, such provision will not apply to such contract with users only to such extent; provided, in such a case, it will not aﬀect the validity of other provisions in these Terms of Use"
Discord.docx,0,Autor,docu1,Privacy Policy 
Discord.docx,1,Autor,contr_chg-1,"The Company reserves the right to update these Terms, which we may do for reasons that include, but are not limited to, complying with changes to the law or reflecting enhancements to Discord"
Discord.docx,2,Autor,what,The Service provides a chat and social platform
Discord.docx,3,Autor,serv_chg-1,"The Company reserves the right to modify or discontinue, temporarily or permanently, the Service (or any part thereof) with or without notice."
Discord.docx,4,Autor,acc_sus0acc_del0,"If you violate these Terms, the Company reserves the right to issue you a warning regarding the violation or immediately terminate or suspend any or all Accounts you have created using the Service. You agree that the Company need not provide you notice before terminating or suspending your Account(s), but it may do so."
Discord.docx,5,Autor,IP0,"By uploading, distributing, transmitting or otherwise using Your Content with the Service, you grant to us a perpetual, nonexclusive, transferable, royalty-free, sublicensable, and worldwide license to use, host, reproduce, modify, adapt, publish,translate, create derivative works from, distribute, perform, and display Your Content in connection with operating and providing the Service. "
Discord.docx,6,Autor,Cnt_del-1Cnt_mod0,The Company reserves the right to remove and permanently delete Your Content from the Service with or without notice for any reason or no reason. 
Discord.docx,7,Autor,acc_del0disc-1docu2,"These rules of use are not meant to be exhaustive, and we reserve the right to determine what conduct we consider to be a violation of the Terms, Community Guidelines or improper use of the Service and to take action including termination of your Account and exclusion from further participation in the Service."
Discord.docx,8,Autor,sugg0,"By sending us any Feedback, you further (i) agree that we are under no obligation of confidentiality, express or implied, with respect to the Feedback, (ii) acknowledge that we may have something similar to the Feedback already under consideration or in development, (iii) grant us anirrevocable, non-exclusive, royalty-free, perpetual, worldwide license to use, modify, prepare derivative works from, publish, distribute and sublicense the Feedback, and (iv) irrevocably waive, and cause to be waived, against Discord and its users any claims and assertions of any moral rights contained in such Feedback. "
Discord.docx,9,Autor,ltd-1,The Company hereby disclaims any and all liability to you or any third party relating to your use of the Service. 
Discord.docx,10,Autor,uncle,In accordance with the DMCA and other applicable law
Discord.docx,11,Autor,acc_sus0acc_del0disc-1,"policy of terminating, in appropriate circumstances and at the Company's sole discretion, users who are deemed to be repeat infringers. The Company may also at its sole discretion limit access to the Service and/or terminate the memberships of any users who infringe any intellectual property rights of others, whether or not there is any repeat infringement."
Discord.docx,12,Autor,acc_del-1,"The Company may terminate your Account and your access to the Service (or, at the Company's sole option, applicable portions of the Service) at any time and for any reason. "
Discord.docx,13,Autor,as_is-1,"THE SERVICES AND THE SERVICE MATERIALS ARE PROVIDED ""AS IS"" AND “AS AVAILABLE” WITHOUT WARRANTIES OF ANY KIND, EITHER EXPRESS OR IMPLIED, INCLUDING, BUT NOT LIMITED TO, IMPLIED WARRANTIES OF MERCHANTABILITY, FITNESS FOR A PARTICULAR PURPOSE, TITLE, AND NON-INFRINGEMENT. YOUR USE OF THE SERVICES IS AT YOUR SOLE RISK. IN ADDITION, WHILE THE COMPANY ATTEMPTS TO PROVIDE A GOOD USER EXPERIENCE, WE CANNOT AND DO NOT REPRESENT OR WARRANT THAT THE SERVICES WILL ALWAYS BE SECURE OR ERROR-FREE OR THAT THE SERVICES WILL ALWAYS FUNCTION WITHOUT DELAYS, DISRUPTIONS, OR IMPERFECTIONS. "
Discord.docx,14,Autor,uncle,THE FOREGOING DISCLAIMERS SHALL APPLY TO THE EXTENT PERMITTED BY APPLICABLE LAW
Discord.docx,15,Autor,uncle,TO THE MAXIMUM EXTENT PERMITTED BY LAW
Discord.docx,16,Autor,ltd-1,"IN NO EVENT WILL THE COMPANY, BE LIABLE TO YOU OR TO ANY THIRD PERSON FOR ANY CONSEQUENTIAL, INCIDENTAL, SPECIAL, PUNITIVE OR OTHER INDIRECT DAMAGES, INCLUDING ANY LOST PROFITS OR LOST DATA, ARISING FROM YOUR USE OF THE SERVICE OR OTHER MATERIALS ON, ACCESSED THROUGH OR DOWNLOADED FROM THE SERVICE, WHETHER BASED ON WARRANTY, CONTRACT, TORT, OR ANY OTHER LEGAL THEORY"
Discord.docx,17,Autor,ltd_cap-1,AND WHETHER OR NOT THE COMPANY HAS BEEN ADVISED OF THE POSSIBILITY OF THESE DAMAGES.THE COMPANY SHALL NOT BE LIABLE TO YOU FOR MORE THAN THE GREATER OF (A) THE AMOUNT YOU HAVE PAID TO US IN ACCORDANCE WITH THESE TERMS IN THE THREE (3) MONTHS IMMEDIATELY PRECEDING THE DATE ON WHICH YOU FIRST ASSERT A CLAIM OR (B) $100. 
Discord.docx,18,Autor,uncle,THE LIMITATIONS AND DISCLAIMERS IN THESE TERMS DO NOT PURPORT TO LIMIT LIABILITY OR ALTER RIGHTS THAT CANNOT BE EXCLUDED UNDER APPLICABLE LAW
Discord.docx,19,Autor,ind0,"You agree to indemnify and hold the Company, harmless from and against any loss, liability, claim, demand, damages, costs and expenses, including reasonable attorney's fees, arising out of or in connection with (i) your use of and access to the Service; (ii) your violation of any term of these Terms; (iii) your violation of any third party right, including without limitation any copyright, property, or privacy right or any third party agreement; or (iv) any of Your Content or information in your Account or any other information you post or share on or through the Service. As used in this section, ""you"" shall include anyone accessing the Service using your password"
Discord.docx,20,Autor,virtu,"The Service may include an opportunity to obtain virtual currency (""Virtual Currency"") or virtual goods (""Virtual Goods"") that may require you to pay a fee using legal tender (that is, ""real money"") to obtain the Virtual Currency or Virtual Goods. Your purchase of Virtual Currency is final and is not refundable, exchangeable, transferable, except in the Company’s or the platform provider’s sole discretion. You may not purchase, sell, or exchange Virtual Currency outside the Service."
Discord.docx,21,Autor,serv_chg-1,"The Company retains the right to modify, manage, control and/or eliminate Virtual Currency and/or Virtual Goods at its sole discretion."
Discord.docx,22,Autor,prc_chg0,Prices and availability of Virtual Goods are subject to change without notice. 
Discord.docx,23,Autor,pato: trying to avoid effects of a binding offer,"Though we try to honor all purchase requests, availability cannot always be guaranteed. When an item is not available and cannot be replenished — for example, if we offer a limited promotion — we will attempt to remove the item from the Service in a timely manner but make no guarantees in this regard. We may occasionally make errors in the stated prices on the Service. If a product’s correct price is higher than the listed price, we will either confirm that we’ll provide the item at the price listed or cancel your order and notify you of such cancellation."
Discord.docx,24,Autor,pato2,"We may, in our sole discretion, cancel your payment at any time by providing notice to you through your contact information or by a notice when you attempt to make a payment. We may cancel a payment or prevent you from initiating future payments for any reason, including, without limitation"
Discord.docx,25,Autor,docu3,refund policy here: https://support.discord.com/hc/en-us/articles/360012668071
Discord.docx,26,Autor,prc_chg0,". Discord may change the price for Nitro subscriptions from time to time, and will communicate any price changes to you in advance and, if applicable, how to accept those changes. Price changes for Nitro subscriptions will take effect at the start of the next subscription period following the date of the price change. "
Discord.docx,27,Autor,uncle,"As permitted by local law, you accept the new price by continuing to use Nitro after the price change takes effect."
Discord.docx,28,Autor,arb0,You and Discord agree that these Terms affect interstate commerce and that the Federal Arbitration Act governs the interpretation and enforcement of these arbitration provisions.
Discord.docx,29,Autor,arb0,"Binding Arbitration. Except as provided herein, if we cannot resolve a dispute informally, any dispute will be resolved only by binding arbitration to be held in the U.S. state in which you reside."
Discord.docx,30,Autor,pato3,ARBITRATION MEANS THAT YOU WAIVE YOUR RIGHT TO A JURY TRIAL. 
Discord.docx,31,Autor,uncle,fees under applicable law
Discord.docx,32,Autor,sever0,"If any clause within this Arbitration Section is found to be illegal or unenforceable, that specific clause will be severed from this section, and the remainder of its provisions will be given full force and effect."
Discord.docx,33,Autor,class0,"Discord and you agree to resolve any dispute in an individual capacity, and not on behalf of, or as part of, any purported class, consolidated, or representative proceeding."
Discord.docx,34,Autor,c_law-1,"By visiting or using the Service, you agree that the laws of the United States and the State of California, without regard to principles of conflict of laws and regardless of your location, will govern these Terms and any dispute of any sort that might arise between you and the Company."
Discord.docx,35,Autor,c_forum-1,"Any claim or dispute between you and the Company that arises out of or is related to the Service and is not subject to arbitration shall be decided exclusively by a court of competent jurisdiction located in San Francisco County, California, and you hereby consent to, and waive all defenses of lack of personal jurisdiction and forum non conveniens with respect to venue and jurisdiction in the state and federal courts of San Francisco County, California."
Discord.docx,36,Autor,sever0,"If any provision of these Terms is found by a court of competent jurisdiction to be invalid, the parties nevertheless agree that the court should endeavor to give effect to the parties' intentions as reflected in the provision, and the other provisions of these Terms shall remain in full force and effect."
Discord.docx,37,Autor,trans-1,"These Terms may not be assigned by you without the Company's prior written consent, but are freely assignable by the Company. Subject to the foregoing restriction, these Terms will be binding on, inure to, and enforceable against the parties and their respective successors and assigns"
Discord.docx,38,Autor,inter-1,You agree that these Terms will not be construed against the Company by virtue of having drafted them.
Amazon.docx,0,Autor,docu2,Informacji o prywatności 
Amazon.docx,1,Autor,docu3,Informacji o plikach cookie i reklamie internetowej
Amazon.docx,2,Autor,acc_del0,"Zastrzegamy sobie prawo do odmowy świadczenia usługi lub zamknięcia konta w przypadku naruszenia przez Ciebie obowiązujących przepisów prawa, obowiązujących postanowień umownych, naszych wytycznych lub zasad, których treść dostępna jest na naszej stronie internetowej"
Amazon.docx,3,Autor,cnt_del0cnt_mod0,"Zastrzegamy sobie prawo usunięcia lub edycji tego rodzaju treści (przy czym, o ile nie otrzymamy Formularza zgłoszenia, nie jesteśmy do tego zobowiązani)."
Amazon.docx,4,Autor,IP-1,"(a) Amazon niewyłącznego, nieodpłatnego i w pełni przenoszalnego prawa (wraz z pełnym prawem do udzielania sublicencji) do korzystania, zwielokrotniania, modyfikowania, adaptacji, publikacji, tłumaczenia, dystrybucji i wyświetlania oraz tworzenia opracowań takich treści lub materiałów na całym świecie oraz na dowolnych nośnikach, a także (b) Amazon, sublicencjobiorcom i nabywcom praw Amazon - prawa do wykorzystywania, zgodnie z wyborem ww. podmiotów, nazwy bądź imienia i nazwiska podanego przez Ciebie w związku z zamieszczeniem danej treści"
Amazon.docx,5,Autor,shad_ip-1,"Dokonane powyżej udzielenie praw ma charakter nieodwołalny przez cały okres ochrony praw własności intelektualnej przysługujących Ci wobec danej treści lub materiałów, na co niniejszym wyrażasz zgodę. W zakresie dozwolonym przepisami prawa, zobowiązujesz się nie wykonywać przysługującego Ci prawa do wskazywania Cię jako autora takich treści oraz prawa zgłaszania sprzeciwu wobec działań naruszających ich integralność. Wyrażasz zgodę na dokonanie wszelkich dalszych czynności koniecznych do nadania skuteczności powyższym prawom udzielonym przez Ciebie Amazon, w tym podpisanie, na wniosek Amazon, dodatkowych dokumentów."
Amazon.docx,6,Autor,docu5,pod tym linkiem
Amazon.docx,7,Autor,what1,"Amazon umożliwia zewnętrznym sprzedawcom wystawianie i sprzedaż produktów na stronie Amazon.pl. W takim przypadku stosowna informacja jest każdorazowo zamieszczana na odpowiedniej stronie szczegółowej produktu. Jakkolwiek Amazon ułatwia zawieranie transakcji poprzez platformę Amazon Marketplace, nie występuje jako sprzedawca ani nabywca w odniesieniu do produktów oferowanych przez sprzedawcę. Amazon udostępnia platformę umożliwiającą sprzedawcom i nabywcom negocjowanie i realizację transakcji. W związku z powyższym, stronami umowy zawieranej w związku ze sprzedażą produktów osób trzecich są wyłącznie sprzedawca i nabywca. Amazon nie jest stroną takiej umowy oraz nie przyjmuje na siebie odpowiedzialności z jej tytułu lub w związku z nią, ani też nie występuje w roli agenta ani pośrednika sprzedawcy. Podmiotem odpowiedzialnym za sprzedaż produktów, obsługę ewentualnych roszczeń nabywcy oraz inne kwestie wynikające z umowy zawartej pomiędzy sprzedawcą i nabywcą lub powstałe w związku z nią pozostaje sprzedawca."
Amazon.docx,8,Autor,docu6,. Gwarancji od a do z
Amazon.docx,9,Autor,ltd0,"W zakresie relacji z profesjonalistami (przedsiębiorcami), Amazon nie ponosi odpowiedzialności za (i) straty, które nie zostały spowodowane jakimkolwiek naruszeniem ze strony Amazon, oraz (ii) jakiekolwiek straty gospodarcze (w tym utratę zysków, przychodów, zamówień, spodziewanych oszczędności, danych lub wartości firmy oraz zmarnowane nakłady), oraz (iii) jakiekolwiek straty pośrednie lub następcze, których żadna ze stron nie mogła przewidzieć w chwili przystąpienia przez Ciebie do korzystania z Usług Amazon."
Amazon.docx,10,Autor,uncle1,Przepisy prawa obowiązujące w niektórych krajach nie zezwalają na zastosowanie wszystkich lub niektórych z powyższych ograniczeń.
Amazon.docx,11,Autor,c_law-1,"Niniejsze warunki podlegają prawu Wielkiego Księstwa Luksemburga i zgodnie z nim winny być interpretowane, a zastosowanie przepisów Konwencji Narodów Zjednoczonych o umowach międzynarodowej sprzedaży towarów zostaje niniejszym jednoznacznie wyłączone"
Amazon.docx,12,Autor,c_forum1,"Obie strony poddają się niewyłącznej jurysdykcji sądów okręgu Miasta Luksemburga, co oznacza, że w celu dochodzenia praw przysługujących Ci na podstawie przepisów o ochronie konsumentów w związku niniejszymi Warunkami Użytkowania możesz wystąpić z powództwem do sądu w Luksemburgu lub w państwie UE, w którym zamieszkujesz"
Amazon.docx,13,Autor,pato1,"Ze względu na to, że preferujemy rozstrzyganie zgłoszeń w bezpośrednim kontakcie z naszymi użytkownikami, nie uczestniczymy w procedurach alternatywnego rozstrzygania sporów konsumenckich. "
Amazon.docx,14,Autor,"contr_chg0: ""postęp technologiczny""","możemy dokonać zmiany zasad polityki oraz warunków korzystania z Usług Amazon, w tym niniejszych Warunków Użytkowania i Warunków świadczenia Usługi, bądź ich dowolnej części, w dowolnym czasie z następujących przyczyn: z przyczyn natury prawnej lub regulacyjnej; ze względów bezpieczeństwa; w celu udoskonalenia istniejących funkcji lub uzupełnienia naszych Usług o dodatkowe funkcje; w celu wprowadzenia zmian wynikających z postępu technologicznego; wprowadzenia uzasadnionych korekt technicznych do naszych Usług; jak również w celu zapewnienia ciągłej dyspozycyjności naszych Usług. "
Amazon.docx,15,Autor,sever0,"Jeżeli jakakolwiek zmiana zostanie z jakiejkolwiek przyczyny uznana za nieważną lub nieskuteczną, wówczas taka zmiana rozpatrywana będzie odrębnie i nie będzie miała wpływu na ważność i skuteczność jakichkolwiek pozostałych zmian lub warunków. "
Amazon.docx,16,Autor,serv_chg0,"Z zastrzeżeniem tych samych warunków, zastrzegamy sobie prawo wprowadzania zmian do dowolnych Usług Amazon w dowolnym czasie."
Amazon.docx,17,Autor,docu5,warunkach dotyczących zwrotu
Amazon.docx,18,Autor,"pato2: ""znacznie wyższa""","Jeżeli okaże się, że po naszej stronie wystąpił błąd, a prawidłowa cena produktu jest znacznie wyższa od ceny podanej na stronie internetowej, a różnica w cenie jest oczywistym błędem cenowym (błędem, który mógł być łatwo przez Ciebie zauważony), zwrócimy się do Ciebie przed dokonaniem wysyłki z pytaniem, czy wyrażasz wolę zakupu produktu za prawidłową cenę, lub aby poinformować Cię o anulowaniu Twojego zamówienia."
Amazon.docx,19,Autor,pato3,"Jeżeli nie będziemy mogli dostarczyć towaru do Ciebie, ponieważ towar nie mieści się w Twoich drzwiach wejściowych, drzwiach frontowych lub na klatce schodowej budynku"
Amazon.docx,20,Autor,c_law-1,"Niniejsze warunki podlegają prawu Wielkiego Księstwa Luksemburga i zgodnie z nim winny być interpretowane, a zastosowanie przepisów Konwencji Narodów Zjednoczonych o umowach międzynarodowej sprzedaży towarów zostaje niniejszym jednoznacznie wyłączone."
Amazon.docx,21,Autor,c_forum1,"Obie strony poddają się niewyłącznej jurysdykcji sądów Okręgu Miasta Luksemburga, co oznacza, że w celu dochodzenia praw przysługujących Ci na podstawie przepisów o ochronie konsumentów w związku niniejszymi Warunkami sprzedaży możesz wystąpić z powództwem do sądu w Luksemburgu lub w państwie UE, w którym zamieszkujesz"
Amazon.docx,22,Autor,sever0,"Jeżeli którekolwiek z postanowień niniejszych Warunkach sprzedaży zostanie uznane za nieważne, nieskuteczne lub niewykonalne z jakiejkolwiek przyczyny, będzie ono uznane za rozdzielne względem pozostałych postanowień i nie będzie wywierało wpływu na ważność ani wykonalność któregokolwiek z pozostałych postanowień."
Maya.docx,0,Autor,docu1,Privacy Policy
Maya.docx,1,Autor,contr_chg-1,When You use the Application You will be subject to these Terms of Use. We may update these Terms of Use from time to time and will notify You as and when We do so. 
Maya.docx,2,Autor,acc_sus0acc_del0disc-1,"If You provide any information that is untrue, inaccurate, not current or incomplete, or We have reasonable grounds to suspect that such information is untrue, inaccurate, not current or incomplete, We reserve the right to suspend or terminate Your account"
Maya.docx,3,Autor,what1,"The Company offers You a technology platform via the Application which facilitates You to update Your information to help You track Your period cycles (“Cycles”), flow duration and also help predict Your next Cycle contingent to the information update by You."
Maya.docx,4,Autor,serv_chg-1,"Further, any services provided by the Company may be subject to change at the discretion of the Company, and the Company does not require Your permission for the same."
Maya.docx,5,Autor,disc-1price_chg0,"The Company may at its discretion revise the amount payable in respect of premium services, and any services that may be applicable to premium Users"
Maya.docx,6,Autor,ltd-1,"You expressly waive and release any claim that You may have against the Company or its directors, employees, agents, contractors, affiliates and representatives at any time for any health concerns issues of any kind that You may experience as a result of Your use of the Application."
Maya.docx,7,Autor,as_is-1,"The Company does not recommend or endorse any specific tests, physicians, products, procedures, opinions, or other information that may be mentioned on the Application. Reliance on any information provided by the Company, employees, others appearing on the Application is solely at your own risk. The Application and any content on it is provided on an “AS IS” basis."
Maya.docx,8,Autor,acc_del-1acc_sus-1ltd-1,"You agree that the Company may at any time and for any reason, terminate Your access to the Application, or restrict or suspend Your access to all or any part of the Application at any time, for any or no reason, with or without prior notice, and without liability."
Maya.docx,9,Autor,pato1,"You acknowledge, consent and agree that the Company may access, preserve and disclose Your account information if required to do so by law or in a good faith belief that such access, preservation or disclosure is reasonably necessary to:"
Maya.docx,10,Autor,acC_sus0acc_del0disc-1,"The Company reserves the right to terminate the services or the Application without prior notice. Your account or Your access to the Application maybe terminated immediately, with or without notice to You, and without liability to You, if the Company believes that You have breached any of these Terms, the Privacy Policy, or any false or misleading information, or interfered with use of the Application by others."
Maya.docx,11,Autor,acC_sus0acc_del0disc-1,"The Company reserves the right to cancel delete or deactivate Your Account, if it believes the same has been compromised, or is being used fraudulently, at its own discretion."
Maya.docx,12,Autor,as_is-1,"All Material on this Application, (including but not limited to software) and services, included on or otherwise made available to You through this Application are provided on “AS IS” and “AS AVAILABLE” basis withoutany representation or warranties, express or implied except otherwise specified in writing. Without prejudice to the forgoing paragraph, the Company does not warrant that:"
Maya.docx,13,Autor,uncle,SUBJECT TO APPLICABLE LAWS
Maya.docx,14,Autor,ltd_cap-1,"AGGREGATE LIABILITY ARISING FROM OR RELATED TO THE AFORESAID SERVICES SHALL EXCEED THE PAYMENTS ACTUALLY RECEIVED AND RETAINED BY THE COMPANY FROM YOU, FOR ANY AND ALL CAUSES OF ACTION BROUGHT BY YOU OR YOUR AGENTS."
Maya.docx,15,Autor,uncle,"Those who access or use the Application from other jurisdictions do so at their own volition and are responsible for compliance with the local law. Some jurisdictions do not allow the exclusion of certain warranties or the limitation or exclusion of liability for incidental or consequential damages. Accordingly, in certain jurisdictions, some of the above limitations of liability may not apply to You; all other provisions of these Terms remain in full force and effect."
Maya.docx,16,Autor,ind0,"You agree to defend, indemnify and hold harmless the Company, its subsidiaries, affiliates, subcontractors, officers, directors, employees, consultants, representatives and agents, from and against any and all claims, damages, obligations, losses, liabilities, costs or expenses (including but not limited to attorneys’ fees and costs) arising from:"
Maya.docx,17,Autor,serv_chg-1ltd-1,"We reserve the right at any time to modify, edit, delete, suspend or discontinue, temporarily or permanently the service or any of the Application (or any portion thereof) with or without notice. You agree that we will not be liable to You or to any third party for any such modification, editing, deletion, suspension or discontinuance of the Application"
Maya.docx,18,Autor,trans-1,", but may be assigned by the Company without restriction."
Maya.docx,19,Autor,inter0sever0,"If any provision of these Terms is found by a court of competent jurisdiction to be invalid, the Parties nevertheless agree that the court should endeavour to give effect to the Parties’ intentions as reflected in the provision, and the other provisions of this Agreement remain in full force and effect."
Maya.docx,20,Autor,c_law-1,These Terms are governed by the laws of India
Maya.docx,21,Autor,c_forum-1,Any matters arising under these terms shall be subject to the exclusive jurisdiction of courts located in Bangalore.
TikTok.docx,0,Autor,what,TikTok is a leading platform for creating and sharing short-form videos (the “Platform”). 
TikTok.docx,1,Autor,docu,Virtual Items Policy 
TikTok.docx,2,Autor,recom-1,The Service provides you with a customised “For You” page in which the Service selects videos to show you based on what the Service determines could be interesting for you. 
TikTok.docx,3,Autor,docu,the Privacy Policy
TikTok.docx,4,Autor,docu,"Your access to and use of our Services is also subject to our Community Guidelines and our Virtual Items Policy, the terms of which can be found directly on the Platform, or where the Platform is made available "
TikTok.docx,5,Autor,serv_chg-1,"We are constantly innovating, changing and improving the Services."
TikTok.docx,6,Autor,contr_chg-1,"We may also amend these Terms from time to time, for instance when we update the functionality of the Services, or when there are regulatory changes that impact these Terms or the Services."
TikTok.docx,7,Autor,acc_sus-1acc_del-1Can termination be temporary? Very unclear provisions,We reserve the right to temporarily or permanently suspend or terminate your user account or impose limits on or restrict your access to parts or all of the Services with or without notice at any time for any or no reason including
TikTok.docx,8,Autor,acc_sus0acc_del0,"If we permanently suspend or terminate your user account, we will notify you in advance"
TikTok.docx,9,Autor,cnt_retr1,in order to allow you time to access and save your information and content 
TikTok.docx,10,Autor,uncle,Subject to any statutory rights you might have
TikTok.docx,11,Autor,cnt_retr-1,"if your account is temporarily or permanently suspended or terminated, access to your username, password, and any related information or content associated with youraccount may be suspended or terminated. As we do not guarantee the permanent availability of your content, you should make backups of any content you value."
TikTok.docx,12,Autor,cnt_del0cnt_mod0disc-1,"We reserve the right, at any time and without prior notice, to permanently or temporarily remove or suspend access to content if in our sole opinion the content violates or potentially violates these Terms or our Community Guidelines, third party rights (including intellectual property rights), applicable laws or regulations or is otherwise harmful to the Services, our users or third-parties."
TikTok.docx,13,Autor,IP-1,"grant (i) to us and our afﬁliates, agents, services providers, partners and other connected third parties an unconditional irrevocable, non- exclusive, royalty-free, fully transferable (including sub-licensable), perpetual worldwide licence to use, modify, adapt, reproduce, make derivative works of, publish and/or transmit, and/or distribute and to authorise others users of the Services and other third-parties to view, access, use, download, modify, adapt, reproduce, make derivative works of, publish and/or transmit your User Content in any format and on any platform, either now known or hereinafter invented; (ii) to other users of the Services an unconditional irrevocable, non-exclusive, royalty-free, perpetual worldwide licence to use, modify, adapt, reproduce, make derivative works of, download, publishand/or transmit, and/or distribute some or all of your User Content in any format and on any platform, either now known or hereinafter invented for the purpose of generating other User Content or viewing your User Content for entertainment or other private, non-commercial purposes."
TikTok.docx,15,Autor,uncle,to the extent permitted by applicable law
TikTok.docx,16,Autor,uncle,to the extent permitted by applicable law
TikTok.docx,14,Autor,pato,"Waiver of Rights to User Content. By posting User Content to or through the Services, you waive any rights to prior inspection or approval of any marketing or promotional materials related to such User Content. You also waive (to the extent permitted by applicable law) any and all rights of privacy, publicity, or any other rights of a similar nature in connection with your User Content, or any portion thereof. You hereby waive (to the extent permitted by applicable law) and agree never to assert any and all moral rights you may have in or with respect of any of the User Content you upload or otherwise make available through the Services, or to support, maintain or permit any action based on any such moral rights.You acknowledge and agree that in certain circumstances, we also have the right to disclose your identity to any third party who is claiming that any User Content posted or uploaded by you to our Services constitutes a violation of their intellectual property rights, or of their right to privacy."
TikTok.docx,17,Autor,cnt_del0cnt_mod0disc-1,", we have the right – but not the obligation – in our sole discretion to remove, disallow, block or delete any User Content (i) that we consider to violate these Terms, or (ii) in response to complaints from other users or third parties, with or without notice and without any liability to you"
TikTok.docx,18,Autor,sugg0,"we have no obligation to review, consider, or implement your Feedback, or to return to you all or part of any Feedback for any reason;Feedback is provided on a non-conﬁdential basis, and we are not under any obligation to keep any Feedback you send conﬁdential or to refrain from using or disclosing it in any way; andyou irrevocably grant us an unconditional, non-exclusive, royalty free, fully transferable (including sub-licensable), perpetual worldwide and unlimited license to adapt, reproduce, distribute, create derivative works of, modify, publicly perform (including on a through-to-the- audience basis), communicate to the public, make available, publicly display, and otherwise useand exploit the Feedback and derivatives thereof for any purpose and without restriction, free of charge and without attribution of any kind, including by making, using, selling, offering for sale, importing, and promoting commercial products and services that incorporate or embody Feedback, whether in whole or in part, and whether as provided or as modiﬁed."
TikTok.docx,19,Autor,ind0,"You agree to defend, indemnify, and hold harmless TikTok, its parents, subsidiaries, and afﬁliates, and each of their respective ofﬁcers, directors, employees, agents and advisors from any and all claims, liabilities, costs, damages, losses and expenses (including, but not limited to, attorneys’ fees and expenses) arising out of or in connection with any breach by you (or any user of your account for any of the Services) of these Terms, including but not limited to a breach of your obligations, representation and warranties."
TikTok.docx,20,Autor,uncle,NOTHING IN THESE TERMS SHALL AFFECT ANY STATUTORY RIGHTS THAT YOU: (I) CANNOT CONTRACTUALLY AGREE TO ALTER OR WAIVE; AND (II) ARE LEGALLY ALWAYS ENTITLED TO AS A CONSUMER.
TikTok.docx,22,Autor,uncle,"TO THE EXTENT ALLOWED UNDER APPLICABLE LAW,"
TikTok.docx,21,Autor,as_is-1serv_chg-1,"THE SERVICES ARE PROVIDED “AS IS” AND WE MAKE NO WARRANTY OR REPRESENTATION TO YOU WITH RESPECT TO THEM. IN PARTICULAR WE DO NOT REPRESENT OR WARRANT TO YOU THAT:YOUR USE OF THE SERVICES WILL MEET YOUR REQUIREMENTS;YOUR USE OF THE SERVICES WILL BE UNINTERRUPTED, TIMELY, SECURE OR FREE FROM ERROR;ANY INFORMATION OBTAINED BY YOU AS A RESULT OF YOUR USE OF THE SERVICES WILL BE ACCURATE OR RELIABLE OR FREE FROM ERROR; ANDDEFECTS IN THE OPERATION OR FUNCTIONALITY OF ANY SOFTWARE PROVIDED TO YOU AS PART OF THE SERVICES WILL BE CORRECTED.TO THE EXTENT ALLOWED UNDER APPLICABLE LAW, NO CONDITIONS, REPRESENTATIONS, WARRANTIES, STATEMENTS OR OTHER TERMS (INCLUDING ANY IMPLIED TERMS AS TO SATISFACTORY QUALITY, FITNESS FOR PURPOSE OR CONFORMANCE WITH DESCRIPTION) APPLY TO THE SERVICES EXCEPT TO THE EXTENT THAT THEY ARE EXPRESSLY SET OUT IN THE TERMS. WE MAY CHANGE, SUSPEND, WITHDRAW OR RESTRICT THE AVAILABILITY OF ALL OR ANY PART OF OUR PLATFORM FOR BUSINESS AND OPERATIONAL REASONS AT ANY TIME WITHOUT NOTICE"
TikTok.docx,23,Autor,uncle,NOTHING IN THESE TERMS SHALL EXCLUDE OR LIMIT OUR LIABILITY FOR LOSSES WHICH MAY NOT BE LAWFULLY EXCLUDED OR LIMITED BY APPLICABLE LAW
TikTok.docx,24,Autor,ltd-1,"SUBJECT TO THE PARAGRAPH ABOVE, WE SHALL NOT BE LIABLE TO YOU WHETHER IN CONTRACT, IN TORT (INCLUDING NEGLIGENCE), UNDER ANY STATUTE OR OTHERWISE UNDER OR IN CONNECTION WITH THESE TERMS OR THE PROVISION OR RECEIPT OF THE SERVICES FOR : (I) ANY LOSS OF PROFIT (II) ANY LOSS OF GOODWILL; (III) ANY LOSS OF OPPORTUNITY; (IV) ANY LOSS OF DATA; (V) ANY LOSS OF BUSINESS; (VI) ANY BUSINESS INTERRUPTION; (VII) ANY LOSS OF BUSINESS REPUTATION; OR (VIII) ANY INDIRECT OR CONSEQUENTIAL LOSSES OF WHATEVER NATURE."
TikTok.docx,25,Autor,ltd_cap-1,"SUBJECT TO THE FIRST PARAGRAPH OF THIS SECTION 12, OUR TOTAL AGGREGATE LIABILITY WHETHER IN CONTRACT, IN TORT (INCLUDING NEGLIGENCE), UNDER ANY STATUTE OR OTHERWISE UNDER OR IN CONNECTION WITH THESE TERMS AND THE PROVISION AND RECEIPT OF THE SERVICES WILL BE LIMITED TO THE HIGHER OF: (I) THE AMOUNT PAID BY YOU TO TIKTOK WITHIN THE 12 MONTH PERIOD IMMEDIATELY PRECEDING YOUR CLAIM AGAINST TIKTOK; OR (II) € 100.00"
TikTok.docx,26,Autor,c_law-1uncle,"arising out of or in connection with their subject matter, are governed by the laws of Ireland subject only to any applicable mandatory law in the country in which you reside. The United Nations Convention on Contracts for the International Sale of Goods as well as any other similar law, regulation or statute in effect in any other jurisdiction shall not apply"
TikTok.docx,27,Autor,uncle,You and TikTok agree that the Irish courts shall have non- exclusive jurisdiction to settle any dispute or claim (including non-contractual disputes or claims) arising out of or in connection with the Terms or their subject matter or formation subject only to any applicable mandatory law in the country in which you reside or choice of jurisdiction provisions that cannot be varied by contract
TikTok.docx,28,Autor,docu,"software is subject to its own applicable license terms, which can be found in our Open Source Policy."
TikTok.docx,29,Autor,sever0,"If any court of law, having jurisdiction to decide on this matter, rules that any provision of these Terms is invalid, illegal or unenforceable then that provision shall be removed from the Terms without affecting the rest of the Terms, and the remaining provisions of the Terms will continue to be valid and enforceable"
TikTok.docx,30,Autor,uncle,To the extent permitted by applicable law
TikTok.docx,31,Autor,uncle,To the maximumextent permitted by applicable law
Lyft.docx,0,Autor,docu,"Community Guidelines,"
Lyft.docx,1,Autor,what,"The Lyft Platform provides a marketplace where, among other things, persons who seek transportation to certain destinations (“Riders”) can be matched with transportation options to such destinations. One option for Riders is to request a ride from rideshare drivers who are driving to or through those destinations (“Drivers”)."
Lyft.docx,2,Autor,what2,"In certain markets, Riders may have the option to rent bikes or scooters through the Lyft Platform to ride to their destination. In some markets these bikes and scooters are owned by Lyft. In other markets Lyft operates a bike-share or scooter-share program on behalf of third parties. "
Lyft.docx,3,Autor,contr_chg-1,"Lyft reserves the right to modify the terms and conditions of this Agreement, and such modiﬁcations shall be binding on you only upon your acceptance of the modiﬁed Agreement. Lyft reserves the right to modify any information on pages referenced in the hyperlinks from this Agreement from time to time, and such modiﬁcations shall become effective upon posting."
Lyft.docx,4,Autor,price_chg0,Lyft has the authority and reserves the right to determine and modify pricing by posting applicable pricing terms toyour market’s Lyft Cities page or quoting you a price for a speciﬁc ride at the time you make a request
Lyft.docx,5,Autor,docu,Driver Addendum
Lyft.docx,6,Autor,docu,participation in the Referral Program is subject to this Agreement and the additional Referral Program rules.
Lyft.docx,7,Autor,docu,You will not discriminate against Riders with disabilities and agree to review Lyft’s Anti- Discrimination Policies. You will make reasonable accommodation as required by law
Lyft.docx,8,Autor,,Service Animal Policy 
Lyft.docx,9,Autor,docu,Service Animal Policy 
Lyft.docx,10,Autor,docu,Wheelchair Policy 
Lyft.docx,11,Autor,sugg0,"You acknowledge and agree that any questions, comments, suggestions, ideas, feedback or other information (“Submissions”) provided by you to us are non-conﬁdential and shall become the sole property of Lyft"
Lyft.docx,12,Autor,acc_del0disc-1,"Violation of any provision of this License may result in immediate termination of the License, in Lyft’s sole discretion, a takedown request sent to the appropriate ISP, or social media platform"
Lyft.docx,13,Autor,docu,view our Copyright Policy 
Lyft.docx,14,Autor,as_is-1,"The Lyft Platform is provided on an “as is” basis and without any warranty or condition, express, implied or statutory. We do not guarantee and do not promise any speciﬁc results from use of the Lyft Platform and/or the Rideshare Services, including the ability to provide or receive Rideshare Services at any given location or time. Lyft reserves the right, for example, to limit or eliminate access to the Lyft Platform for Rideshare Services in speciﬁc geographic areas and/or at speciﬁc times based on commercial viability, public health concerns, or changes in law"
Lyft.docx,15,Autor,uncle,To the fullest extent permitted by law
Lyft.docx,16,Autor,docu,"beneﬁciary thereof. This Agreement incorporates by reference Apple’s Licensed Application End User License Agreement, for purposes of which, you are “the end-user.” In the event of "
Lyft.docx,17,Autor,uncle,Certain jurisdictions require additional disclosures to you. 
Lyft.docx,18,Autor,ind0,"You will defend, indemnify, and hold Lyft including our afﬁliates, subsidiaries, parents, successors and assigns, and each of our respective ofﬁcers, directors, employees, agents, or shareholders harmless from any claims, actions, suits, losses, costs, liabilities and expenses (including reasonable attorneys’ fees) relating to or arising out of your use of the Lyft Platform and participation in the Rideshare Services, including: (1) your breach of this Agreement or the documents it incorporates by reference; (2) your violation of any law or the rights of a third party, including, Drivers, Riders, other motorists, and pedestrians, as a result of your own interaction with such third party; (3) any allegation that any materials that you submit to us or transmit through the Lyft Platform or to us infringe or otherwise violate the copyright, trademark, trade secret or other intellectual property or other rights of any third party; (4) your ownership, use or operation of a motor vehicle or passenger vehicle, including your provision of Rideshare Services as a Driver; and/or (5) any other activities in connection with the Rideshare Services. This indemnity shall be applicable without regard to the negligence of any party, including any indemniﬁed person."
Lyft.docx,19,Autor,ltd-1,"IN NO EVENT WILL LYFT, INCLUDING OUR AFFILIATES, SUBSIDIARIES, PARENTS, SUCCESSORS AND ASSIGNS, AND EACH OF OUR RESPECTIVE OFFICERS, DIRECTORS, EMPLOYEES, AGENTS, OR SHAREHOLDERS (COLLECTIVELY “LYFT” FOR PURPOSES OF THIS SECTION), BE LIABLE TO YOU FOR ANY INCIDENTAL, SPECIAL, EXEMPLARY, PUNITIVE, CONSEQUENTIAL, OR INDIRECT DAMAGES (INCLUDING DAMAGES FOR DELETION, CORRUPTION, LOSS OF DATA, LOSS OF PROGRAMS, FAILURE TO STORE ANY INFORMATION OR OTHER CONTENT MAINTAINED OR TRANSMITTED BY THE LYFT PLATFORM, SERVICE INTERRUPTIONS, OR FOR THE COST OF PROCUREMENT OF SUBSTITUTE SERVICES) ARISING OUT OF OR IN CONNECTION WITH THE LYFT PLATFORM, RIDESHARE SERVICES, OR THIS AGREEMENT, HOWEVER ARISING INCLUDING NEGLIGENCE, EVEN IF WE OR OUR AGENTS OR REPRESENTATIVES KNOW OR HAVE BEEN ADVISED OF THE POSSIBILITY OF SUCH DAMAGES. THE LYFT PLATFORM MAY BE USED BY YOU TO REQUEST AND SCHEDULE TRANSPORTATION, GOODS, OR OTHER SERVICES WITH THIRD-PARTY PROVIDERS, BUT YOU AGREE THAT LYFT HAS NO RESPONSIBILITY OR LIABILITY TO YOU RELATED TO ANY TRANSPORTATION, GOODS OR OTHER SERVICES PROVIDED TO YOU BY THIRD PARTY PROVIDERS OTHER THAN AS EXPRESSLY SET FORTH IN IN THIS AGREEMENT. "
Lyft.docx,20,Autor,uncle,"CERTAIN JURISDICTIONS MAY NOT ALLOW THE EXCLUSION OR LIMITATION OF CERTAIN DAMAGES. IF THESE LAWS APPLY TO YOU, SOME OR ALL OF THE ABOVE DISCLAIMERS, EXCLUSIONS OR LIMITATIONS MAY NOT APPLY TO YOU, AND YOU MAY HAVE ADDITIONAL RIGHTS."
Lyft.docx,21,Autor,acc_del0,"b) by either Party immediately, without notice, upon the other Party’s material breach of this Agreement, including but not limited to any breach of Section 9 or breach of Section 10(a) through (i) of this Agreement."
Lyft.docx,22,Autor,acc_sus1acc_del1disc-1,"Lyft may terminate this Agreement or deactivate your User account immediately in the event: (1) you no longer qualify to provide Rideshare Services or to operate the approved vehicle under applicable law, rule, permit, ordinance or regulation; (2) you fall below Lyft’s star rating or cancellation threshold; (3) Lyft has the good faith belief that such action is necessary to protect the safety of the Lyft community or third parties, provided that in the event of a deactivation pursuant to (1)-(3) above, you will be given notice of the potential or actual deactivation and an opportunity to attempt to cure the issue to Lyft’s reasonable satisfaction prior to Lyft permanently terminating the Agreement. For all other breaches of this Agreement, you will be provided notice and an opportunity to cure the breach. If the breach is cured in a timely manner and to Lyft’s satisfaction, this Agreement will not be permanently terminated. Sections 2, 6, 7 (with respect to the license), 11-12, 14-19, and 21 shall survive any termination or expiration of this Agreemen"
Lyft.docx,23,Autor,arb-1,YOU AND LYFT MUTUALLY AGREE TO WAIVE OUR RESPECTIVE RIGHTS TO RESOLUTION OF DISPUTES IN A COURT OF LAW BY A JUDGE OR JURY AND AGREETO RESOLVE ANY DISPUTE BY ARBITRATION
Lyft.docx,24,Autor,class-1,"YOU UNDERSTAND AND AGREE THAT YOU AND LYFT MAY EACH BRING CLAIMS IN ARBITRATION AGAINST THE OTHER ONLY IN AN INDIVIDUAL CAPACITY AND NOT ON A CLASS, COLLECTIVE ACTION, OR REPRESENTATIVE BASIS (“CLASS ACTION WAIVER”). YOU UNDERSTAND AND AGREE THAT YOU AND LYFT BOTH ARE WAIVING THE RIGHT TO PURSUE OR HAVE A DISPUTE RESOLVED AS A PLAINTIFF OR CLASS MEMBER IN ANY PURPORTED CLASS, COLLECTIVE OR REPRESENTATIVE PROCEEDING. NOTWITHSTANDING THE FOREGOING, THIS SUBSECTION (B) SHALL NOT APPLY TO REPRESENTATIVE PRIVATE ATTORNEYS GENERAL ACT CLAIMS BROUGHT AGAINST LYFT, WHICH ARE ADDRESSED SEPARATELY IN SECTION 17(C)."
Lyft.docx,25,Autor,uncle,", to the fullest extent permitted by law"
Lyft.docx,26,Autor,uncle,to the extent required by applicable law
Lyft.docx,27,Autor,uncle,to the extent authorized by applicable law.
Lyft.docx,28,Autor,sever0,"Except as otherwise provided in the severability provisions in subsections (b) and (c) above, in the event that any portion of this Arbitration Agreement is deemed illegal or unenforceable under applicable law not preempted by the FAA, such provision shall be severed and the remainder of the Arbitration Agreement shall be given full force and effect."
Lyft.docx,29,Autor,docu,ADT Mobile Security Monitoring Terms
Lyft.docx,30,Autor,c_law-1,this Agreement shall be governed by the laws of the State of California without regard to choice of law principles
Lyft.docx,31,Autor,pato,"This choice of law provision is only intended to specify the use of California law to interpret this Agreement and is not intended to create any other substantive right to non- Californians to assert claims under California law whether by statute, common law, or otherwise"
Lyft.docx,32,Autor,tran-1,"You agree that this Agreement and all incorporated agreements may be automatically assigned by Lyft, in our sole discretion by providing notice to you. "
Sleep Cycle.docx,0,Autor,docu1,Privacy Policy
Sleep Cycle.docx,1,Autor,as_is-1,The Application and all of its content is provided on an ”As Is” and ”As available” basis and We do not provide any assurances of the availability or usability by you of the Application.
Sleep Cycle.docx,2,Autor,ltd-1,"We shall not be liable for any errors in any content or for any actions taken in reliance thereon. Furthermore, we shall not be liable to you for any interception of online communications, software or hardware problems (including, without limitation, viruses, loss of data or compatibility conflicts)."
Sleep Cycle.docx,3,Autor,contr_chg-1,We reserve the right to change the subscription fees from time to time.
Sleep Cycle.docx,4,Autor,contr_chg-1,"We reserve the right to, from time to time, in our sole discretion amend these Terms of Use"
Sleep Cycle.docx,5,Autor,pato1,It is your responsibility to review these Terms of Use from time to time to understand the extent of changes.
Crypto.com.docx,0,Autor,Contr_chg-1,This document and other terms that apply to your activities may change from time to time. You should check our website for the latest terms and additional information before you enter into any new transaction.
Crypto.com.docx,4,Autor,docu,The Exchange FAQs.
Crypto.com.docx,5,Autor,docu,Any Addendum with respect to the suite of services (other than your use of the Exchange and/or the Account) offered through the Exchange.
Crypto.com.docx,6,Autor,disc-1uncle,"in each case, as determined by Crypto.com in its sole discretion, having regard to Applicable Law, Crypto.com’s internal policies and any other relevant considerations."
Crypto.com.docx,7,Autor,disc-1,in each case as determined by us in our sole discretion
Crypto.com.docx,8,Autor,virtu,"Virtual Asset means any asset that is:expressed as a unit;capable of being transferred, stored and traded on a peer-to-peer basis, with or without conditions or limitations; andapproved by Crypto.com from time to time for use in connection with the Exchange.Virtual Assets do not include Fiat Currencies.For the avoidance of doubt, any Virtual Asset that:is transferred on any additional layer on top of a blockchain relating to another Virtual Asset or any side chain; oris a derivative of another Virtual Asset, has enhanced features or functionality that supplements or interacts with another Virtual Asset,is to be treated as a distinct Virtual Asset from such other Virtual Asset and its use in connection with the Services will be subject to approval by Crypto.com."
Crypto.com.docx,15,Autor,uncle,Subject to the application of any mandatory provisions of any Applicable Law
Crypto.com.docx,20,Autor,contr_chg-1,The Exchange FAQs may be amended or varied by us from time to time through an Agreed Communication Method. The updated Exchange FAQs will apply from when they are published. Please ensure you always check the latest published version
Crypto.com.docx,27,Autor,uncle,"If you are a resident of a particular Available Jurisdiction, or have a relevant connection to a particular jurisdiction, additional terms and conditions may apply as notified by us at any time."
Crypto.com.docx,29,Autor,acc_sus-1acc_del-1,"We have the sole discretion as to the opening, operation and closure of an Account or any wallet that forms part of your Account.  Without limiting the terms of the Agreement, we may, at any time, without liability:vary, suspend or close an Account or wallet;specify or vary the scope and extent of an Account or wallet and the Exchange;prescribe the specific Exchange (including any specific Virtual Assets) supported in respect of an Account;set or vary any limit regarding an Account or wallet; orrestrict or impose conditions or limits on an Account or wallet."
Crypto.com.docx,33,Autor,uncle,"Without limiting our other rights or obligations under the Agreement, and subject to Applicable Law"
Crypto.com.docx,34,Autor,disc-1,"Only Eligible Virtual Assets are permitted for use in connection with your Account and Exchange. We retain sole discretion to determine when and if a Virtual Asset is an Eligible Virtual Asset, and you acknowledge and understand that such determination may take significant time, and that we are under no obligation to provide you with any reasons in respect of any determination. If you transfer any Virtual Assets that are not Eligible Virtual Assets, such Virtual Assets may be permanently lost."
Crypto.com.docx,39,Autor,uncle,"otherwise in accordance with your Instructions, subject to Applicable Law."
Crypto.com.docx,44,Autor,uncle,To the extent applicable
Crypto.com.docx,48,Autor,patodisc-1,"We reserve the right at all times to refuse, cancel or reverse your Instructions, without giving any reason or explanation or prior notice. For example, we may, in addition to any other rights we may have:"
Crypto.com.docx,49,Autor,uncle,the Instruction could result in a breach of any Applicable Law
Crypto.com.docx,50,Autor,uncle,", any Applicable Law or the requirement of any contract;"
Crypto.com.docx,51,Autor,uncle,taken under that clause or any Applicable Law.
Crypto.com.docx,59,Autor,uncle,or similar right or requirement to which we are at any time otherwise entitled or subject whether under the Agreement or by operation of Applicable Law.
Crypto.com.docx,62,Autor,uncle,If a jurisdiction restricts the availability or transfer of any Virtual Asset
Crypto.com.docx,63,Autor,disc-1,"We may make the payment in any Virtual Asset we reasonably consider appropriate, using a rate that we reasonably consider appropriate."
Crypto.com.docx,65,Autor,ind0,"If a judgment, order or proof of debt for or the recovery of an amount in connection with the Agreement is expressed in a Virtual Asset other than that in which the amount is due under the Agreement, then you agree to indemnify us on demand against:any difference arising from converting the Virtual Asset, if the rate of exchange we would otherwise use under the Agreement when wereceive a payment in the Virtual Asset is less favourable to us than the rate of exchange used for the purpose of the judgment, order or acceptance of proof of debt; andthe Costs of conversion."
Crypto.com.docx,68,Autor,uncle,such actions will not cause us to be in breach of any Applicable Law or our internal policies.
Crypto.com.docx,70,Autor,uncle,"We may, at our discretion, upon the passage of an applicable time period determined by us or as otherwise required by Applicable Law or our internal policy"
Crypto.com.docx,71,Autor,uncle,"Subject to Applicable Law and our internal policy, we will return the Virtual Assets received to such address"
Crypto.com.docx,72,Autor,uncle,To the extent permissible under Applicable 
Crypto.com.docx,76,Autor,patouncle,"If, in our opinion, any event or circumstance, including any Network Event or Force Majeure Event, occurs that adversely affects our ability in determining the amount payable to or by you in respect of any Order and such circumstances continue for a period of not less than five Business Days, we may make such adjustments to the method used or to be used to determine the amount payable to or by you in respect of any Executed Order in accordance with our customary practices or market practice of which we aware (if any)."
Crypto.com.docx,81,Autor,uncle,right of retention or withholding or similar right or requirement to which us is at any time otherwise entitled or subject whether under the Agreement or by operation of Applicable Law
Crypto.com.docx,94,Autor,uncle,unless the deduction or withholding is required by Applicable Law
Crypto.com.docx,95,Autor,uncle,we are compelled to do so by any Applicable Law;
Crypto.com.docx,101,Autor,uncle,imposed on your trading activities by you or by Applicable Law.
Crypto.com.docx,102,Autor,uncle,To ensure compliance with Applicable Law or any limits set by us under clause 11
Crypto.com.docx,103,Autor,ind0,You indemnify us against any Loss as a result of your breach of any limits or controls imposed by us under this clause 11.3(a) provided that such limits or controls are notified to you at the time that they are imposed.
Crypto.com.docx,106,Autor,as_is-1,"You acknowledge that the Exchange, your Account, the Website and the App have not been developed for your individual needs.You acknowledge that you use the Exchange and your Account (including the Website and the App) on an “as is” basis at your own risk.We are not responsible for any consequence or Loss arising from your choice to use the Exchange or your Account, including via the Website or the App."
Crypto.com.docx,109,Autor,uncledisc-1acc_sus0acc_del0,"In addition to any other rights under the Agreement, we may suspend, terminate and/or replace an Account at any time and without notice to you if we believe this is necessary or desirable to enable us to comply with Applicable Law."
Crypto.com.docx,111,Autor,disc-1,at our sole discretion.
Crypto.com.docx,112,Autor,uncle,not comply with Applicable Law;
Crypto.com.docx,113,Autor,uncle,be being used to circumvent any Applicable Law
Crypto.com.docx,126,Autor,contr_chg-1,"Crypto.com will provide 14 Business Days’ notice prior to revising any material terms of the Agreement:subject to clause 3.2(e) and any other applicable terms that may permit revisions to take immediate effect, or a shorter notice period; andunless otherwise specified in the relevant notice."
Crypto.com.docx,128,Autor,uncle,any Applicable Law or internal policy requires us to do so; or
Crypto.com.docx,130,Autor,uncle,any Applicable Law or internal policy requires Crypto.com to do so
Crypto.com.docx,133,Autor,uncle,subject to Applicable Law
Crypto.com.docx,134,Autor,uncle,", subject to Applicable Law"
Crypto.com.docx,138,Autor,uncle,Unless otherwise required by Applicable Law
Crypto.com.docx,141,Autor,uncle,Subject to Applicable Law
Crypto.com.docx,142,Autor,uncle,Unless required by Applicable Law
Crypto.com.docx,156,Autor,ind0,"You indemnify us and each other Crypto.com Group Member and each of theforementioned’s respective directors, officers, employees and agents (each, an “indemnified party”) against, and must pay the indemnified party on demand for, any Loss the indemnified party reasonably incur in connection with the Agreement, your breach of any of the terms of the Agreement, your use of the Exchange and/or App, and any Order by you, including:the provision of the Exchange or entry into an Order in circumstances where we are not in breach of the Agreement;an Event of Default occurs in relation to you;searches and enquiries made in connection with you (including checking for Insolvency);Instructions given to us by you or an Authorised Person, or a person purporting to be you or an Authorised Person provided that we act in good faith when effecting the Instructions, save where we have actual knowledge of any fraud or forgery;us acting on, delaying or refusing to act on Instructions from you or an Authorised Person or taking action against you or an Authorised Person;the settlement or attempted settlement of any Executed Order or any failure to settle any such Executed Order, in circumstances where we are not in breach of the Agreement;any service provided by a third party nominated by you;any Tax payable by the indemnified party on, or calculated by reference to, any Order or any amount paid or payable by or to you under the Agreement (excluding any Tax payable by the indemnified party by reference to its net income);any action taken by a third party to gain control of any Virtual Asset contemplated by the Agreement;any person exercising, or not exercising, rights under the Agreement (including enforcement action and debt collection Costs, such as valuation fees and auctioneer’s charges); orthe costs of the indemnified party in defending itself successfully against any claims of fraud, negligence or wilful default,in each case except to the extent the Loss is a direct result of the indemnified party’s own gross negligence, fraud or wilful misconduct."
Crypto.com.docx,162,Autor,uncle,Unless any Applicable Law prohibits us from excluding or limiting our liability 
Crypto.com.docx,163,Autor,uncle,TO THE MAXIMUM EXTENT PERMITTED BY APPLICABLE LAW 
Crypto.com.docx,164,Autor,ltd-1,"IN NO EVENT SHALL CRYPTO.COM AND CRYPTO.COM GROUP MEMBER, THEIR RESPECTIVE SHAREHOLDERS, MEMBERS, DIRECTORS, OFFICERS, EMPLOYEES, ATTORNEYS, AGENTS, REPRESENTATIVES, SUPPLIERS OR CONTRACTORS BE LIABLE FOR ANY INCIDENTAL, INDIRECT, SPECIAL, PUNITIVE, CONSEQUENTIAL OR SIMILAR DAMAGES OR LIABILITIES WHATSOEVER (INCLUDING, WITHOUT LIMITATION, DAMAGES FOR LOSS OF DATA, INFORMATION, REVENUE, PROFITS OR OTHER BUSINESS OR FINANCIAL BENEFIT) ARISING OUT OF OR IN CONNECTION WITH THE SERVICES PROVIDED HEREUNDER, ANY PERFORMANCE OR NON- PERFORMANCE OF THE SERVICES PROVIDED HEREUNDER, OR ANY OTHER PRODUCT, SERVICE OR OTHER ITEM PROVIDED BY OR ON BEHALF OF CRYPTO.COM OR CRYPTO.COM GROUP MEMBER, WHETHER UNDER CONTRACT, STATUTE, STRICT LIABILITY OR OTHER THEORY EVEN IF CRYPTO.COM HAS BEEN ADVISED OF THE POSSIBILITY OF SUCH DAMAGES EXCEPT TO THE EXTENT OF A FINAL JUDICIAL DETERMINATION THAT SUCH DAMAGES WERE A RESULT OFCRYPTO.COM OR CRYPTO.COM GROUP MEMBER’S, GROSS NEGLIGENCE, FRAUD OR WILLFUL MISCONDUCT."
Crypto.com.docx,165,Autor,ltd_cap-1,"IN NO EVENT SHALL THE LIABILITY OF CRYPTO.COM OR CRYPTO.COM GROUP MEMBER, AFFILIATES AND THEIR RESPECTIVE SHAREHOLDERS, MEMBERS, DIRECTORS, OFFICERS, EMPLOYEES, ATTORNEYS, AGENTS, REPRESENTATIVES, SUPPLIERS OR CONTRACTORS ARISING OUT OF OR IN CONNECTION THE SERVICES PROVIDED HEREUNDER, ANY PERFORMANCE OR NON-PERFORMANCE OF THE SERVICES, OR ANY OTHER PRODUCT, SERVICE OR OTHER ITEM PROVIDED BY OR ON BEHALF OF CRYPTO.COM, CRYPTO.COM GROUP MEMBER, WHETHER UNDER CONTRACT, STATUTE, STRICT LIABILITY OR OTHER THEORY,EXCEED THE AMOUNT OF THE FEES PAID BY YOU TO CRYPTO.COM UNDER THE AGREEMENT IN THE TWELVE-MONTH PERIOD IMMEDIATELY PRECEDING THE EVENT GIVING RISE TO THE CLAIM FOR LIABILITY."
Crypto.com.docx,171,Autor,disc-1,", in our sole discretion"
Crypto.com.docx,175,Autor,disc-1,"On each occasion of a Network Event, we in our sole and absolute discretion may determine:"
Crypto.com.docx,185,Autor,acc_del0,"Either you or we may terminate any part of the Agreement, or the Agreement as a whole, by giving the other party at least seven days’ notice in writing."
Crypto.com.docx,187,Autor,acc_del-,"In addition to our rights in clause 23.1, we may terminate any (or all) of the Agreement immediately by notice to you, if:you provide incorrect, incomplete or misleading information or make a representation or warranty that is incorrect or misleading;you breach any payment or delivery obligation or other term of the Agreement, any other agreement with us, or any term of any arrangement you have with another financial institution, or another financial institution has suspended or terminated your use of any financial services;you become Insolvent or any of your assets are subject to Insolvency proceedings;you act fraudulently or dishonestly;you disaffirm, disclaim, repudiate or reject, in whole or in part, the Agreement, any Confirmation or any Executed Order (or such action is taken by an Authorised Person on your behalf);any Authorised Person or other person asserts any interest in, or right to control, your Account by virtue of you having provided access to your Account or otherwise;performance of any obligation by either you or we under the Agreement breaches, or is likely to breach, any Applicable Law (including AML/CTF Requirements, Financial Crime Regulations or market abuse requirements) or is otherwise contrary to any policy we apply as a result of an order or sanction issued by any Government Agency;anything occurs which, in our opinion, is likely to have a material adverse effect on your ability or willingness to comply with your obligations under the Agreement;performance of any obligation by either you or we under the Agreement breaches, or is likely to breach, any Applicable Law or is otherwise contrary to any policy we apply as a result of an order or sanction issued by any Government Agency;we are required by Applicable Law to do so;any of your Virtual Assets are subject to enforcement of a judgment or are expropriated, compulsorily acquired or resumed on any basis;you are convicted of a Tax or other crime in any jurisdiction;we, in our discretion, consider that your Account is being operated or the Exchange are otherwise being used in an irregular or improper manner;you fail to provide any information requested under the Agreement, or where required to do so in compliance with any Applicable Law or the requirement of any contract;any other event of default (however described) under any other agreement between you and any Crypto.com Group Member occurs; oryour Account has been inactive for three years."
Crypto.com.docx,194,Autor,acc_sus-1,"We may suspend our engagement in any or all of the activities contemplated by the Agreement at any time, including the Exchange generally, for any reason (even if no Event of Default has occurred and is continuing), with effect from such time and for such duration as we may determine"
Crypto.com.docx,195,Autor,uncle,". If we do so, we will notify you as soon as practicable, to the extent permitted by Applicable Law."
Crypto.com.docx,201,Autor,uncle,subject to Applicable Law.
Crypto.com.docx,208,Autor,uncle,", but subject to Applicable Law"
Crypto.com.docx,210,Autor,tran-1,"We may assign, transfer or otherwise deal with our rights and obligations as we see fit and need not obtain your prior written consent, nor notify you."
Crypto.com.docx,211,Autor,uncle,"To the extent that any consent is required under Applicable Law to effect a relevant dealing, you agree that this clause 24.10(b) is deemed to serve that purpose."
Crypto.com.docx,213,Autor,uncle,Nothing in the Agreement requires us to do or not do anything if it would or might in our reasonable opinion constitute a breach of our policy or any Applicable Law or requirement of any Government Agency.
Crypto.com.docx,215,Autor,uncle,To the extent permitted by Applicable Law
Crypto.com.docx,216,Autor,sever0,"However, if and to the extent that an Applicable Law is inconsistent with the Agreement in a way that would otherwise have the effect of making a provision of the Agreement illegal, void or unenforceable, or contravene a requirement of Applicable Law or impose an obligation or liability which is prohibited by that law, then the Applicable Law overrides the Agreement to the extent of the inconsistency, and the Agreement is to be read as if that provision were varied to the extent necessary to comply with that Applicable Law and avoid that effect (or, if necessary, omitted)."
Crypto.com.docx,224,Autor,com_sys0,"If you have any feedback, questions or complaints, please contact us via email at contact@crypto.com. Whilst we strive to respond to you as soon as possible, for more complicated issues, it may take us up to 45 days to resolve and get back to you. You accept and agree that we shall not be responsible for any loss and damage incurred during such period."
Crypto.com.docx,236,Autor,uncle,Subject to any Applicable Law
Crypto.com.docx,239,Autor,c_law-1,"Unless otherwise specified, the Agreement is governed by the law in force in Hong Kong."
Crypto.com.docx,240,Autor,c_law-1,"Notwithstanding, if you are a Canadian resident, the Agreement is governed by the laws of Canada."
Crypto.com.docx,241,Autor,uncle,To the extent permitted by Applicable Law
Crypto.com.docx,243,Autor,arb-1,"Unless otherwise specified, any dispute, controversy, difference or claim arising out of or relating to the Agreement, including the existence, validity, interpretation, performance, breach or termination thereof or any dispute regarding non-contractual obligations arising out of or relating to the Agreement will be referred to and finally resolved by arbitration administered by HKIAC under the HKIAC Administered Arbitration Rules in force when the Notice of Arbitration is submitted."
Crypto.com.docx,246,Autor,uncle,Subject to the application of any mandatory provisions of any Applicable Law
Crypto.com.docx,247,Autor,uncle,Unless required by Applicable La
Crypto.com.docx,248,Autor,acc_sus-1acc_del-1disc-1,"We have the sole discretion as to the opening, operation and closure of a Sub-Account or wallet(s) that forms part of your Sub-Account. Without limiting the terms of the Agreement, we may, at any time, without liability:vary, suspend or close a Sub-Account;specify or vary the scope and extent of a Sub-Account and the Exchange;prescribe the specific products, services and/or Virtual Assets supported in respect of a Sub-Account;set or vary any limit regarding a Sub-Account; orrestrict or impose conditions or limits on a Sub-Account."
Crypto.com.docx,249,Autor,uncle,and subject to Applicable Law
Crypto.com.docx,250,Autor,disc-1,"if a deficit or liability arises on one or more Sub-Accounts, Crypto.com reserves the right in its sole discretion"
Crypto.com.docx,251,Autor,acc_del0,"Either you or we may terminate a Sub-Account, by giving the other party at least seven days’ notice."
Crypto.com.docx,252,Autor,acc_del0,"Without prejudice to the generality of Exchange Terms and Conditions, Crypto.com may close all or any of the Sub-Accounts immediately without notice to the Customer if:there is any change of Applicable Law which prohibits or renders illegal the maintenance or operation of such Sub-Accounts; orCrypto.com’s records show a zero balance on any of such Sub-Accounts for a period of three continuous years or for such shorter period as Crypto.com may reasonably prescribe in writing."
Crypto.com.docx,253,Autor,ind0,"In addition to our general rights of indemnity under the Agreement, you agree to indemnify us and each other Crypto.com Group Member, and indemnified party (as defined in the Exchange Terms and Conditions) against, and must pay the indemnified party on demand for, any Loss the indemnified party may sustain or incur in relation to, in connect with or arising from, any Sub-Account, including without limitation:any claim that you are not are not the principal or sole owner of the Master Account and Sub-Account; oryou were not responsible for the actions carried in respect of any Sub- Account."
Quora.docx,0,Autor,what1,Our mission is to share and grow the world’s knowledge. The Quora platform offers a place to ask questions and connect with people who contribute unique insights and quality answers. This empowers people to learn from each other and to better understand the world.
Quora.docx,1,Autor,as_is-1,"Our content and materials are provided to you “as is,” without any guarantees. You are solely responsible for your own use of the Quora platform. Posts from lawyers, doctors, and other professionals should not be treated as a substitute for professional advice for your specific situation."
Quora.docx,2,Autor,docu1,Privacy Policy
Quora.docx,3,Autor,docu2,Acceptable Use Policy
Quora.docx,4,Autor,docu3,Copyright Policy
Quora.docx,5,Autor,docu4,Trademark Policy.
Quora.docx,6,Autor,what2,"Welcome to Quora! Quora is a platform to gain and share knowledge, empowering people to learn from others and better understand the world."
Quora.docx,7,Autor,what3,The Quora Platform is a place to ask questions and connect with people who contribute unique insights and quality answers. This empowers people to learn from each other and to better understand the world
Quora.docx,8,Autor,serv_chg-1,We are always trying to improve your experience on the Quora Platform. We may need to add or change features and may do so without notice to you.
Quora.docx,9,Autor,sugg0,"By submitting feedback, you agree to grant us the right, at our discretion, to use, disclose and otherwise exploit the feedback, in whole or part, freely and without compensation to you."
Quora.docx,10,Autor,IP-1,"companies a nonexclusive, worldwide, royalty free, fully paid up, transferable, sublicensable (through multiple tiers), license to use, copy, reproduce, process, adapt, modify, create derivative works from, publish, transmit, store, display and distribute, translate, communicate and make available to the public, and otherwise use Your Content in connection with the operation or use of the Quora Platform or the promotion, advertising or marketing of the Quora Platform or our business partners, in any and all media or distribution methods (now known or later developed), including via means of automated distribution, such as through an application programming interface (also known as an “API”). You agree that this license includes the right for Quora to make Your Content available to other companies, organizations, business partners, or individuals who collaborate with Quora for the syndication, broadcast, communication and making available to the public, distribution or publication of Your Content on the Quora Platform or through other media or distribution methods. This license also includes the right for other users of the Quora Platform to use, copy, reproduce, adapt, modify, create derivative works from, publish, transmit, display, and distribute, translate, communicate and make available to the public Your Content, subject to our Terms of Service. Except as expressly provided in these Terms of Service, this license will not confer the right for you to use automated technology to copy or post questions and answers or to aggregate questions and answers for the purpose of making derivative works. If you do not wish to allow your answers to be translated by other users, you can globally opt out of translation in your profile settings or you can designate certain answers not for translation."
Quora.docx,11,Autor,cnt_del0cnt_mod0shad_IP1,"Quora may remove suspected spam from your answers. Once you post a question, it may be edited or deleted by other users or by Quora at any time. Any edits and changes made by you may be visible to other users. The right for Quora to copy, display, transmit, publish, perform, distribute, store, modify, and otherwise use any question you post, and sublicense those rights to others, is perpetual and irrevocable, to the maximum extent permitted by law, except as otherwise specified in this Agreement."
Quora.docx,12,Autor,cnt_del-1,"We also may remove or refuse to publish Your Content, in whole or part, at any time."
Quora.docx,13,Autor,pato1,We may terminate our license to you at any time for any reason.
Quora.docx,14,Autor,cnt_del-1,We have the right but not the obligation to refuse to distribute any content on the Quora Platform or to remove content. 
Quora.docx,15,Autor,uncle1,EACH PROVISION BELOW APPLIES TO THE MAXIMUM EXTENT PERMITTED UNDER APPLICABLE LAW.
Quora.docx,16,Autor,as_is-1,"WE ARE PROVIDING YOU THE QUORA PLATFORM, ALONG WITH OUR CONTENT AND MATERIALS AND THE OPPORTUNITY TO CONNECT WITH OTHERS, ON AN “AS IS” AND “AS AVAILABLE” BASIS, WITHOUT WARRANTY OF ANY KIND, EXPRESS OR IMPLIED. WITHOUT LIMITING THE FOREGOING, QUORA ENTITIES EXPRESSLY DISCLAIM ANY AND ALL WARRANTIES AND CONDITIONS OF MERCHANTABILITY, TITLE, ACCURACY AND COMPLETENESS, UNINTERRUPTED OR ERROR-FREE SERVICE, FITNESS FOR A PARTICULAR PURPOSE, QUIET ENJOYMENT, NON-INFRINGEMENT, AND ANY WARRANTIES ARISING OUT OF COURSE OF DEALING OR TRADE USAGE."
Quora.docx,17,Autor,ltd-1,"YOU AGREE THAT TO THE MAXIMUM EXTENT PERMITTED BY LAW, QUORA ENTITIES WILL NOT BE LIABLE TO YOU UNDER ANY THEORY OF LIABILITY. WITHOUT LIMITING THE FOREGOING, YOU AGREE THAT, TO THE MAXIMUM EXTENT PERMITTED BY LAW, QUORA ENTITIES SPECIFICALLY WILL NOT BE LIABLE FOR ANY INDIRECT, INCIDENTAL, CONSEQUENTIAL, SPECIAL, OR EXEMPLARY DAMAGES, LOSS OF PROFITS, BUSINESS INTERRUPTION, REPUTATIONAL HARM, OR LOSS OF DATA (EVEN IF WE HAVE BEEN ADVISED OF THE POSSIBILITY OF SUCH DAMAGES OR SUCH DAMAGES ARE FORESEEABLE) ARISING OUT OF OR IN ANY WAY CONNECTED WITH YOUR USE OF, OR INABILITY TO USE, THE QUORA PLATFORM."
Quora.docx,18,Autor,ltd_cap-1,"WITHOUT LIMITING THE FOREGOING, QUORA’S MAXIMUM AGGREGATE LIABILITY TO YOU FOR LOSSES OR DAMAGES THAT YOU SUFFER IN CONNECTION WITH THE QUORA PLATFORM OR THIS AGREEMENT IS LIMITED TO THE AMOUNT PAID TO QUORA IN CONNECTION WITH THE QUORA PLATFORM IN THE TWELVE (12) MONTHS PRIOR TO THE ACTION GIVING RISE TO LIABILITY."
Quora.docx,19,Autor,uncle2,"SOME JURISDICTIONS DO NOT ALLOW LIMITATIONS ON IMPLIED WARRANTIES OR EXCLUSION OF LIABILITY FOR CERTAIN TYPES OF DAMAGES. AS A RESULT, THE ABOVE LIMITATIONS OR EXCLUSIONS MAY NOT APPLY TO YOU IN WHOLE OR IN PART, AND THE FOREGOING SECTIONS 8(c), 8(d), AND 8(e) WILL NOT APPLY TO A RESIDENT OF NEW JERSEY, TO THE EXTENT DAMAGES TO SUCH NEW JERSEY RESIDENT ARE THE RESULT OF QUORA’S NEGLIGENT, FRAUDULENT, RECKLESS, OR INTENTIONAL MISCONDUCT."
Quora.docx,20,Autor,ind0,"You agree to release, indemnify, and defend Quora Entities from all third-party claims and costs (including reasonable attorneys’ fees) arising out of or related to: i) your use of the Quora Platform, ii) Your Content, iii) your conduct or interactions with other users of the Quora Platform, or iv) your breach of any part of this Agreement"
Quora.docx,21,Autor,c_law-1,This Agreement and any action arising out of your use of the Quora Platform will be governed by the laws of the State of California without regard to or application of its conflict of law provisions or your state or country of residence
Quora.docx,22,Autor,c_forum-1,"Unless submitted to arbitration as set forth in the following paragraph, all claims, legal proceedings or litigation arising in connection with your use of the Quora Platform will be brought solely in Santa Clara County, California, and you consent to the jurisdiction of and venue in such courts and waive any objection as to inconvenient forum."
Quora.docx,23,Autor,contr_chg-1,"We may amend this Agreement (including any policies, such as the Privacy Policy, Acceptable Use Policy, Copyright Policy, and Trademark Policy that are incorporated into this Agreement) at any time, in our sole discretion. If we amend material terms to this Agreement, such amendment will be effective after we send you notice of the amended agreement. Such notice will be in our sole discretion, and the manner of notification could include, for example, via email, posted notice on the Quora Platform, or other manner. "
Quora.docx,24,Autor,c_law-1c_forum-1,"For any claims for which arbitration is inapplicable, you agree that such claims will be brought in federal or state court in Santa Clara County, California and governed by laws of the state of California and federal law, without regard to any conflict of law provisions."
Quora.docx,25,Autor,pato2uncle3,Quora expressly disclaims any representation or warranty that the Quora Platform complies with all applicable laws and regulations outside of the United States
Quora.docx,26,Autor,pato3,"If you use the Quora Platform outside of the United States, you expressly understand and agree that you are responsible for determining compliance with different laws, regulations, or customs that may apply in connection with your use of the Quora Platform"
Quora.docx,27,Autor,trans-1,"We may freely assign or transfer this Agreement. This Agreement inures to the benefit of and is binding upon the parties and their respective legal representatives, successors, and assigns."
Quora.docx,28,Autor,sever0,"If any provision in this Agreement is found to be unenforceable, then that provision will not affect the enforceability of the remaining provisions of the Agreement, which will remain in full force and effect."
Quora.docx,29,Autor,inter0,) no presumption is to operate in either party’s favor as a result of its counsel’s role in drafting this Agreement.
iTaxi.docx,0,Autor,what,"iTaxi udostępnia Pasażerowi nieodpłatnie Aplikację iTaxi (kosztami może być objęte mobilne połączenie transmisji danych zgodne z taryﬁkatorem dostawcy Internetu), przeznaczoną do działania w Urządzeniach mobilnych. Zgodnie z poniższym regulaminem korzystający z Aplikacji iTaxi, Pasażer zamawia Usługę przewozu osób wypełniając formularz i klikając w przycisk „ZAMÓW”, a tym samym wyraża wolę zawarcia umowy dotyczącej przewozu osób z Kierowcą (licencjonowanym taksówkarzem). Informacje, w tym dane Pasażera wyświetlane są po stronie zalogowanego Kierowcy, który potwierdza wolę wykonania usługi poprzez wciśnięcie przycisku „PRZYJMIJ ZLECENIE”. Pasażer otrzymuje komunikat zwrotny od razu po zaakceptowaniu zlecenia przez Kierowcę wraz z informacjami dotyczącymi aktualnej pozycji Kierowcy i danymi pozwalającymi na jego identyﬁkację (Imię i Nazwisko, Samochód jakim porusza się Kierowca). Pasażer ma również możliwość w każdej chwili połączyć się z bezpośrednio z Kierowcą, który przyjął zlecenie, poprzez wciśnięcie w przycisk „ZADZWOŃ”. Kierowca, który przyjął zamówioną usługę, w celu zawarcia umowy jest zobowiązany stawić się w lokalizacji wskazanej przez Pasażera. Umowa przewozu osób zostaje zawarta poprzez złożenie oświadczeń woli: Pasażera po wciśnięciu przycisku „ZAMÓW”, którym potwierdza zamówienie usługi akceptując jednocześnie wszystkie warunki przewozu, a następnie przez Kierowcę po wciśnięciu przycisku „PRZYJMIJ ZLECENIE”, którym potwierdza przyjęcie informacji od Pasażera i wyraża zgodę na wykonanie usługi."
iTaxi.docx,1,Autor,docu,Aktualny cennik usług dodatkowych dostępny jest nastronie www.itaxi.pl.
iTaxi.docx,2,Autor,acc_sus0,"Po trzykrotnym przerwaniu zlecenia Usługi przewozu osób, o którym mowa w niniejszym paragraﬁe lub w przypadku nieuiszczenia opłaty za złożenie i przerwanie zlecenia Usługi przewozu osób, o której mowa w niniejszym paragraﬁe, niezależnie od naliczonych opłat za złożenie i przerwanie zlecenia iTaxi ma prawo do częściowego lub całkowitego ograniczenia funkcji Aplikacji iTaxi Pasażera, w tym w szczególności ograniczenia czasowego możliwości zamawiania przejazdów, ograniczenia dostępnych form płatności lub zablokowania konta Pasażera."
iTaxi.docx,3,Autor,acc_sus0,"Jeśli zajdzie podejrzenie o nieuprawnionym użyciu Kodu Promocyjnego lub naruszeniu warunków niniejszego regulaminu, iTaxi ma prawo zablokować proﬁl Pasażera i odmówić Pasażerowi dostępu do usług możliwych za pośrednictwem Aplikacji iTaxi. W przypadku zaistnienia takiej sytuacji Pasażerowi nie przysługują żadne roszczenia względem iTaxi dotyczące wartości niewykorzystanych Kodów Promocyjnych."
iTaxi.docx,4,Autor,core1,W ramach ogólnych warunków korzystania z Aplikacji iTaxi będzie dbać o zapewnienie najwyższej dostępności Aplikacji iTaxi jak również o jak najszybsze usuwanie wszelkich awarii spowodowanych błędnym działaniem Aplikacji iTaxi.
iTaxi.docx,5,Autor,serv_chg-1,iTaxi zastrzega sobie prawo do zmian i dalszego rozwoju Aplikacji iTaxi oraz rozszerzania proﬁlu świadczonych za pomocą Aplikacji iTaxi usług. Zmiany takie mogą być wprowadzane do Aplikacji iTaxi w dowolnej chwili bez konieczności uprzedniego poinformowania Pasażerów i Kierowców.
iTaxi.docx,6,Autor,uncle,Z zastrzeżeniem bezwzględnie obowiązujących przepisów prawa
iTaxi.docx,7,Autor,ltd-1,"iTaxi nie ponosi odpowiedzialności za autentyczność, poprawność i kompletność danych jakie są przekazywane za pośrednictwem Aplikacji iTaxi pomiędzy Pasażerem a Kierowcą. iTaxi nie ponosi również odpowiedzialności za to, iż dane zostaną otrzymane we właściwym czasie (zarówno przez Pasażera jak i przez Kierowcę)."
iTaxi.docx,8,Autor,cnt_del0cnt_mod0,"iTaxi zastrzega sobie prawo do bezzwłocznego usunięcia publikacji, które w jakikolwiek sposób są sprzeczne z prawem, naruszają ogólnie przyjęte normy i zasady współżycia społecznego jak również normy moralne i obyczajowe."
iTaxi.docx,9,Autor,com_sys0,"iTaxi stosuje następującą procedurę reklamacyjną:reklamacje należy składać za pośrednictwem formularza dostępnego na stronie https://itaxi.pl/reklamacja/ lub mailowo na adres bok@itaxi.pl,składana reklamacja powinna zawierać: dane Pasażera, w tym adres e-mail na który zostanie przesłana odpowiedź, dane ﬁrmy (ﬁrma, NIP/REGON) jeśli przejazd realizowany jest w ramach przejazdów biznesowych, dokładne informacje dotyczące kursu będącego przedmiotem reklamacji (data, godzina, trasa przejazdu), opis przyczyny reklamacji,iTaxi udziela odpowiedzi na reklamację w terminie 14 dni roboczych od jej złożenia. Odpowiedź jest udzielana na adres e-mail zgłaszającego, podany w zgłoszeniu reklamacyjnym, z tym zastrzeżeniem, że w przypadku reklamacji dotyczącej kursu biznesowego odpowiedź na reklamację udzielana jest osobie reprezentującej podmiot (ﬁrmę), w zakresie zawarcia i wykonania umowy dotyczącej przejazdów biznesowych zawarta z iTaxi.pl (którą może być w szczególności administrator konta biznesowego),dla właściwego rozpatrzenia reklamacji iTaxi może zwrócić się z prośbą do zgłaszającego reklamację o złożenie dodatkowych pisemnych informacji lub dostarczenie dodatkowych dokumentów, jeżeli ich uzyskanie będzie niezbędne do właściwego rozpatrzenia reklamacji."
iTaxi.docx,10,Autor,docu,Polityce prywatności
iTaxi.docx,11,Autor,sever0,"Jeśli którekolwiek z postanowień niniejszego regulaminu (lub część któregokolwiek z postanowień) zostanie uznane przez sąd lub inny uprawniony organ jako nieważne, niewykonalne lub niezgodne z prawem, pozostałe postanowienia pozostaną w mocy i w będą uznawane za obowiązujące i wiążące"
iTaxi.docx,12,Autor,contr_chg-1,"iTaxi zastrzega sobie prawo do zmiany treści regulaminu. O zmianie treści regulaminu iTaxi informuje Pasażerów na stronie internetowej www.itaxi.pl oraz w Aplikacji iTaxi. Nowy regulamin obowiązuje od dnia umieszczenia nowej jegowersji na stronie internetowej www.itaxi.pl oraz w Aplikacji iTaxi, chyba, że komunikat zawierający informację o zmianie treści Regulaminu podaje inny termin obowiązywania zmiany Regulaminu. "
iTaxi.docx,13,Autor,c_law,"Prawem właściwym dla niniejszego regulaminu będzie prawo polskie, przy "
iTaxi.docx,14,Autor,uncle,"postanowienia niniejszego punktu nie prowadzą do pozbawienia konsumenta ochrony przyznanej mu na podstawie przepisów, których nie można wyłączyć w drodze umowy, na mocy prawa, jakie zgodnie z właściwymi przepisami prawa byłoby właściwe w braku wyboru prawa"
Steam.docx,0,Autor,docu,Subscription Terms
Steam.docx,1,Autor,docu,Rules of Use
Steam.docx,2,Autor,docu,Steam Online Conduct Rules 
Steam.docx,3,Autor,docu,Valve Privacy Policy 
Steam.docx,4,Autor,serv_chg-1,"For reasons that include, without limitation, system security, stability, and multiplayer interoperability, Steam may need to automatically update, pre-load, create new versions of or otherwise enhance the Content and Services and accordingly, the system requirements to use the Content and Services may change over time"
Steam.docx,5,Autor,uncle,under applicable law notwithstanding these restrictions
Steam.docx,6,Autor,acc_del0,"If you do this, Valve may terminate your access to your Account."
Steam.docx,7,Autor,virtu,"Steam may include one or more features or sites that allow Subscribers to trade, sell or purchase certain types of Subscriptions (for example, license rights to virtual items) with, to or from other Subscribers (""Subscription Marketplaces""). An example of a Subscription Marketplace is the Steam Community Market. By using or participating in Subscription Marketplaces, you authorize Valve, on its own behalf or as an agent or licensee of any third-party creator or publisher of the applicable Subscriptions in your Account, to transfer those Subscriptions from your Account in order to give effect to any trade or sale you make."
Steam.docx,8,Autor,price_chg0,"You understand and acknowledge that Valve may decide to cease operation of any Subscription Marketplace, change the fees that it charges or change the terms or features of the Steam Subscription Marketplace. Valve shall have no liability to you because of any inability to trade Subscriptions in the Steam Trading Marketplace, including because of discontinuation or changes in the terms, features or eligibility requirements of any Subscription Marketplace."
Steam.docx,9,Autor,price_chg0,"You understand and acknowledge that Valve may decide to cease operation of any Subscription Marketplace, change the fees that it charges or change the terms or features of the Steam Subscription Marketplace. Valve shall have no liability to you because of any inability to trade Subscriptions in the Steam Trading Marketplace, including because of discontinuation or changes in the terms, features or eligibility requirements of any Subscription Marketplace."
Steam.docx,10,Autor,docu,Valve’s Refund Policy 
Steam.docx,11,Autor,acc_del0,"Valve may terminate your Account or a particular Subscription for any conduct or activity that is illegal, constitutes a Cheat, or otherwise negatively affects the enjoyment of Steam by other Subscribers. You acknowledge that Valve is not required to provide you notice before terminating your Subscription(s) and/or Account."
Steam.docx,12,Autor,IP0,"When you upload your content to Steam to make it available to other users and/or to Valve, you grant Valve and its affiliates the worldwide, non-exclusive right to use, reproduce, modify, create derivative works from, distribute, transmit, transcode, translate, broadcast, and otherwise communicate, and publicly display and publicly perform, your User Generated Content, and derivative works of your User Generated Content, for the purpose of the operation, distribution, incorporation as part of and promotion of the Steam service, Steam games or other Steam offerings, including Subscriptions. This license is granted to Valve as the content is uploaded on Steam for the entire duration of the intellectual property rights. It may be terminated if Valve is in breach of the license and has not cured such breach within fourteen (14) days from receiving notice from you sent to the attention of the Valve Legal Department at the applicable Valve address noted on this Privacy Policy page. The termination of said license does not affect the rights of any sub- licensees pursuant to any sub-license granted by Valve prior to termination of the license. Valve is the sole owner of the derivative works created by Valve from your User Generated Content, and is therefore entitled to grant licenses on these derivative works. If you use Valve cloud storage, you grant us a license to store your information as part of that service. Valve may place limits on the amount of storage you may use."
Steam.docx,13,Autor,sugg0,"If you provide Valve with any feedback or suggestions about Steam, the Content and Services, or any Valve products, Hardware or services, Valve is free to use the feedback or suggestions however it chooses, without any obligation to account to you."
Steam.docx,14,Autor,uncle,TO THE MAXIMUM EXTENT PERMITTED BY APPLICABLE LAW
Steam.docx,15,Autor,as_is-1,"VALVE AND ITS AFFILIATES AND SERVICE PROVIDERS EXPRESSLY DISCLAIM (I) ANY WARRANTY FOR STEAM, THE CONTENT AND SERVICES, AND THE SUBSCRIPTIONS, AND (II) ANY COMMON LAW DUTIES WITH REGARD TO STEAM, THE CONTENT AND SERVICES, AND THE SUBSCRIPTIONS, INCLUDING DUTIES OF LACK OF NEGLIGENCE AND LACK OF WORKMANLIKE EFFORT. STEAM, THE CONTENT AND SERVICES, THE SUBSCRIPTIONS, AND ANY INFORMATION AVAILABLE IN CONNECTION THEREWITH ARE PROVIDED ON AN ""AS IS"" AND ""AS AVAILABLE"" BASIS, ""WITH ALL FAULTS"" AND WITHOUT WARRANTY OF ANY KIND, EITHER EXPRESS OR IMPLIED, INCLUDING, WITHOUT LIMITATION, THE IMPLIED WARRANTIES OF MERCHANTABILITY, FITNESS FOR A PARTICULAR PURPOSE, OR NONINFRINGEMENT. ANY WARRANTY AGAINST INFRINGEMENT THAT MAY BE PROVIDED IN SECTION 2-312 OF THE UNITED STATES UNIFORM COMMERCIAL CODE AND/OR IN ANY OTHER COMPARABLE STATE STATUTE IS EXPRESSLY DISCLAIMED. ALSO, THERE IS NO WARRANTY OF TITLE, NON-INTERFERENCE WITH YOUR ENJOYMENT, OR AUTHORITY IN CONNECTION WITH STEAM, THE CONTENT AND SERVICES, THE SUBSCRIPTIONS, OR INFORMATION AVAILABLE IN CONNECTION THEREWITH."
Steam.docx,16,Autor,uncle,TO THE MAXIMUM EXTENT PERMITTED BY APPLICABLE LAW
Steam.docx,17,Autor,ltd-1,"NEITHER VALVE, ITS LICENSORS, NOR THEIR AFFILIATES, NOR ANY OF VALVE’S SERVICE PROVIDERS, SHALL BE LIABLE IN ANY WAY FOR LOSS OR DAMAGE OF ANY KIND RESULTING FROM THE USE OR INABILITY TO USE STEAM, YOUR ACCOUNT, YOUR SUBSCRIPTIONS AND THE CONTENT AND SERVICES INCLUDING, BUT NOT LIMITED TO, LOSS OF GOODWILL, WORK STOPPAGE, COMPUTER FAILURE OR MALFUNCTION, OR ANY AND ALL OTHER COMMERCIAL DAMAGES OR LOSSES. IN NO EVENT WILL VALVE BE LIABLE FOR ANY INDIRECT, INCIDENTAL, CONSEQUENTIAL, SPECIAL, PUNITIVE OR EXEMPLARY DAMAGES, OR ANY OTHER DAMAGES ARISING OUT OF OR IN ANY WAY CONNECTED WITH STEAM, THE CONTENT AND SERVICES, THE SUBSCRIPTIONS, AND ANY INFORMATION AVAILABLE IN CONNECTION THEREWITH, OR THE DELAY OR INABILITY TO USE THE CONTENT AND SERVICES, SUBSCRIPTIONS OR ANY INFORMATION, EVEN IN THE EVENT OF VALVE’S OR ITS AFFILIATES’ FAULT, TORT (INCLUDING NEGLIGENCE), STRICT LIABILITY, OR BREACH OF VALVE’S WARRANTY AND EVEN IF IT HAS BEEN ADVISED OFTHE POSSIBILITY OF SUCH DAMAGES. THESE LIMITATIONS AND LIABILITY EXCLUSIONS APPLY EVEN IF ANY REMEDY FAILS TO PROVIDE ADEQUATE RECOMPENSE."
Steam.docx,18,Autor,uncle,"BECAUSE SOME STATES OR JURISDICTIONS DO NOT ALLOW THE EXCLUSION OR THE LIMITATION OF LIABILITY FOR CONSEQUENTIAL OR INCIDENTAL DAMAGES, IN SUCH STATES OR JURISDICTIONS, EACH OF VALVE, ITS LICENSORS, AND ITS AFFILIATES’ LIABILITY SHALL BE LIMITED TO THE FULL EXTENT PERMITTED BY LAW."
Steam.docx,19,Autor,contr_chg-1,"Furthermore, Valve may amend this Agreement (including any Subscription Terms or Rules of Use) unilaterally at any time in its sole discretion. In this case, you will be notified by e-mail of any amendment to this Agreement made by Valve at least 30 (30) days before the effective date of the amendment. You can view the Agreement at any time at http://www.steampowered.com/. "
Steam.docx,20,Autor,acc_del0,"Valve may cancel your Account or any particular Subscription(s) at any time in the event that (a) Valve ceases providing such Subscriptions to similarly situated Subscribers generally, or (b) you breach any terms of this Agreement (including any Subscription Terms or Rules of Use). "
Steam.docx,21,Autor,c_forum-1,"You and Valve agree that this Agreement shall be deemed to have been made and executed in the State of Washington, U.S.A"
Steam.docx,22,Autor,c_law-1,Washington law
Steam.docx,23,Autor,uncle,This Section 11 shall apply to the maximum extent permitted by applicable law. 
Steam.docx,24,Autor,arb-1,"YOU AND VALVE AGREE TO RESOLVE ALL DISPUTES AND CLAIMS BETWEEN US IN INDIVIDUAL BINDING ARBITRATION. THAT INCLUDES, BUT IS NOT LIMITED TO, ANY CLAIMS ARISING OUT OF OR RELATING TO: (i) ANY ASPECT OF THE RELATIONSHIP BETWEEN US; (ii) THIS AGREEMENT; OR (iii) YOUR USE OF STEAM, YOUR ACCOUNT, HARDWARE OR THE CONTENT AND SERVICES. IT APPLIES REGARDLESS OF WHETHER SUCH CLAIMS ARE BASED IN CONTRACT, TORT, STATUTE, FRAUD, UNFAIR COMPETITION, MISREPRESENTATION OR ANY OTHER LEGAL THEORY, AND INCLUDES ALL CLAIMS BROUGHT ON BEHALF OF ANOTHER PARTY."
Steam.docx,25,Autor,class-1,"YOU AND VALVE AGREE NOT TO BRING OR PARTICIPATE IN A CLASS OR REPRESENTATIVE ACTION, PRIVATE ATTORNEY GENERAL ACTION, WHISTLE BLOWER ACTION, OR CLASS, COLLECTIVE, OR REPRESENTATIVE ARBITRATION, EVEN IF AAA’s RULES WOULD OTHERWISE ALLOW ONE. THE ARBITRATOR MAY AWARD RELIEF ONLY IN FAVOR OF THE INDIVIDUAL PARTY SEEKING RELIEF AND ONLY TO THE EXTENT OF THAT PARTY’S INDIVIDUAL CLAIM. You and Valve also agree not toseek to combine any action or arbitration with any other action or arbitration without the consent of all parties to this Agreement and all other actions or arbitrations."
Steam.docx,26,Autor,sever0,"Except as otherwise expressly set forth in this Agreement, in the event that any provision of this Agreement shall be held by an arbitrator, court, or other tribunal of competent jurisdiction to be illegal or unenforceable, such provision will be enforced to the maximum extent permissible and the remaining portions of this Agreement shall remain in full force and effect"
Steam.docx,27,Autor,docu,Valve Hardware Limited Warranty Policy
Keep.docx,0,Autor,arb-1,"THESE TERMS REQUIRE THE USE OF ARBITRATION TO RESOLVE DISPUTES, RATHER THAN JURY TRIALS."
Keep.docx,1,Autor,docu1,Privacy Policy
Keep.docx,2,Autor,docu2,Additional terms and conditions 
Keep.docx,3,Autor,contr_chg-1disc-1,Keep has the right to revise this Agreement (including but not limited to any new terms and amendments to existing provisions) at any time in its sole discretion and to announce the changes in the form of an online bulletin without providing a notice to you separately. 
Keep.docx,4,Autor,what1,"Keep oﬀers a wide range of Internet products and services, including but not limited to training courses and products and services related to running, walking, cycling, and other activities. You may use and purchase the products and services and Keep has the right to charge a fee for your use."
Keep.docx,5,Autor,partially paid,Some of our products and services are paid services. You will need to submit a payment before you can use or continue to use those products and services.
Keep.docx,6,Autor,sugg0,"In order to enhance your experience and improve the service content, Keep has the right to develop new products and services based on your feedback and the information collected through your use."
Keep.docx,7,Autor,disc-1serv_chg-1,"Keep may from time to time in its sole discretion develop and provide updates to our products and services, which may include upgrades, bug ﬁxes, patches, other error corrections, and/or new features (collectively, including related documentation, ""Updates""). Updates may also modify or delete in their entirety certain features and functionality. You agree that Keep has no obligation to provide any Updates or to continue to provide or enable any particular features or functionality."
Keep.docx,8,Autor,acc_sus1acc_del1,and Keep shall have the right to cancel or permanently freeze your account and retain the right to claim damages from you or your guardian
Keep.docx,9,Autor,uncle1,Except as otherwise required by law
Keep.docx,10,Autor,ind0,"If you violate the foregoing undertakings and any other terms of this Agreement, you shall be solely responsible for all consequences, and shall indemnify and hold harmless Keep from and against any claims, liabilities, damages, judgments, awards, losses, costs, expenses, or fees (including reasonable attorneys' fees) arising out of or relating to your violation of these Terms"
Keep.docx,11,Autor,uncle2,Keep may be exempted for such damages caused according to local laws.
Keep.docx,12,Autor,uncle3,Within the scope of law
Keep.docx,13,Autor,as_is-1,"OUR PRODUCTS AND SERVICES ARE PROVIDED TO END USER ""AS IS"" AND WITH ALL FAULTS AND DEFECTS WITHOUT WARRANTY OF ANY KIND. TO THE MAXIMUM EXTENT PERMITTED UNDER APPLICABLE LAW, KEEP, ON ITS OWN BEHALF AND ITS LICENSORS AND SERVICE PROVIDERS, EXPRESSLY DISCLAIMS ALL WARRANTIES, WHETHER EXPRESS, IMPLIED, STATUTORY, OR OTHERWISE, WITH RESPECT TO THE PRODUCTS AND SERVICES, INCLUDING ALL IMPLIED WARRANTIES OF MERCHANTABILITY, FITNESS FOR A PARTICULAR PURPOSE, TITLE, AND NON-INFRINGEMENT, AND WARRANTIES THAT MAY ARISE OUT OF COURSE OF DEALING, COURSE OF PERFORMANCE, USAGE, OR TRADE PRACTICE. WITHOUT LIMITATION TO THE FOREGOING, KEEP PROVIDES NO WARRANTY OR UNDERTAKING, AND MAKES NO REPRESENTATION OF ANY KIND THAT THE PRODUCTS AND SERVICES WILL MEET YOUR REQUIREMENTS, ACHIEVE ANY INTENDED RESULTS, BE COMPATIBLE, OR WORK WITH ANY OTHER SOFTWARE, APPLICATIONS, SYSTEMS, OR SERVICES, OPERATE WITHOUT INTERRUPTION, MEET ANY PERFORMANCE OR RELIABILITY STANDARDS, OR BE ERROR- FREE, OR THAT ANY ERRORS OR DEFECTS CAN OR WILL BE CORRECTED"
Keep.docx,14,Autor,uncle4,"SOME JURISDICTIONS DO NOT ALLOW THE EXCLUSION OF OR LIMITATIONS ON IMPLIED WARRANTIES OR THE LIMITATIONS ON THE APPLICABLE STATUTORY RIGHTS OF A CONSUMER, SO SOME OR ALL OF THE ABOVE EXCLUSIONS AND LIMITATIONS MAY NOT APPLY TO YOU."
Keep.docx,15,Autor,ltd-1,"TO THE FULLEST EXTENT PERMITTED BY APPLICABLE LAW, IN NO EVENT WILL KEEP OR ANY OF ITS LICENSORS OR SERVICE PROVIDERS, HAVE ANY LIABILITY ARISING FROM OR RELATED TO YOUR USE OF OR INABILITY TO USE THE PRODUCTS OR SERVICES FOR:"
Keep.docx,16,Autor,ltd_cap-1,DIRECT DAMAGES IN AMOUNTS THAT IN THE AGGREGATE EXCEED THE AMOUNT ACTUALLY PAID BY YOU FOR THE PRODUCTS AND SERVICES.
Keep.docx,17,Autor,uncle5,SOME JURISDICTIONS DO NOT ALLOW CERTAIN LIMITATIONS OF LIABILITY SO SOME OR ALL OF THE ABOVE LIMITATIONS OF LIABILITY MAY NOT APPLY TO YOU.
Keep.docx,18,Autor,acc_sus0,"Suspend or restrict your right to use our products and services, including but not limited to restricting your ability to use certain features or functionality of our products and services;"
Keep.docx,19,Autor,acc_del0,Terminate your right to use our products and services
Keep.docx,20,Autor,serv_chg-1,"Keep has the right to suspend, alter, terminate its products or part of its functions in accordance with its development plan, and to decide whether or not to provide certain products and services. Keep does not have an obligation to notify you about the foregoing information."
Keep.docx,21,Autor,uncle6,Unless stipulated by the local law
Keep.docx,22,Autor,price_chg0,"We reserve the right, at our sole discretion, to modify or adjust current and future pricing models for the use of our service, at any time."
Keep.docx,23,Autor,pato,"This Agreement is signed in Chaoyang, Beijing, People’s Republic of China."
Keep.docx,24,Autor,c_law-1notice: 'PRC mainland region',"The laws of the PRC mainland region (excluding conﬂict of laws) shall govern the formation, performance, and interpretation of this Agreement and any dispute arising out of or in connection with this Agreement."
Keep.docx,25,Autor,arb-1,"If any dispute or dispute arises between you and Keep, you may choose to negotiate with us, or to submit the dispute to the Beijing Arbitration Commission located in Beijing. The arbitration shall be ﬁnal and binding on both parties."
Keep.docx,26,Autor,sever0,"If any terms in this Agreement are invalid or not enforceable for any reason, it shall not aﬀect the binding force of the remaining provisions."
Pyszne.pl.docx,0,Autor,acc_del1,"Spółka ma prawo do natychmiastowego usunięcia Konta danego Konsumenta, w sytuacji rażącego naruszania przez niego postanowień niniejszych OWU, w tym w szczególności: umyślnego wystawiania niezgodnych z prawdą ocen poszczególnych Restauracji, dostarczania treści o charakterze bezprawnym, o których mowa w ust. 9 czy też podania nieprawdziwych/fałszywych danych podczas procesu rejestracyjnego - jeżeli nie zaprzestaje on przedmiotowego działania pomimo wyznaczonego przez Spółkę w tym zakresie terminu - nie krótszego niż 7 dni."
Pyszne.pl.docx,1,Autor,c_law-1,"Do wykonywania Usług świadczonych przez Spółkę na rzecz Konsumentów, stosuje się powszechnie obowiązujące przepisy prawa polskiego, w szczególności przepisy Kodeksu cywilnego oraz ustawy z dnia 30 maja 2014 r o prawach konsumenta (Dz.U. 2014 poz. 827),"
Pyszne.pl.docx,2,Autor,c_forum1,"Wszelkie spory pomiędzy Spółką, a Konsumentem odnoszące się do realizacji Usług przez Spółkę będą rozpoznawane przez Sąd właściwy miejscowo według przepisów prawa polskiego."
Pyszne.pl.docx,3,Autor,docu1,Polityce Prywatności.
MyFitnessPal.docx,0,Autor,docu,P RIVACY POLICY
MyFitnessPal.docx,1,Autor,serv_chg-1,"The Services change frequently, and their form and functionality may change without prior notice to you."
MyFitnessPal.docx,2,Autor,serv_chg-1,"We may provide updates (including automatic updates) for certain Services as and when we see ﬁt. This may include upgrades, modiﬁcations, bug ﬁxes, patches and other error corrections and/or new features (collectively, “Updates”)"
MyFitnessPal.docx,3,Autor,acc_sus0acc_del0disc-1,"We may also deactivate, terminate or suspend your account or access to certain Services at any time: (1) if we, in our sole discretion, determine you are or have been in violation of these Terms or the spirit thereof (as highlighted in our Community Guidelines), (2) if we, in our sole discretion, determine you have created risk or possible legal exposure for MyFitnessPal, the general public, any third party, or any user of our Services, (3) in response to requests by law enforcement or other government agencies, (4) upon discontinuation or material modiﬁcation of any Services, or(5) due to unexpected technical issues or problems. We will endeavor to notify you by email or the next time you attempt to access your account after any such deactivation, termination or suspension."
MyFitnessPal.docx,4,Autor,uncle,Except as expressly permitted by applicable law 
MyFitnessPal.docx,5,Autor,IP0,"When you provide User-Generated Content to MyFitnessPal through the Services, you grant us and our users a non-exclusive, irrevocable, royalty-free, freely transferable, sublicensable, worldwide right and license to use, host, store, cache, reproduce, publish, display (publicly or otherwise), perform (publicly or otherwise), distribute, transmit, modify, adapt (including, without limitation, in order to conform to the requirements of any networks, devices, services, or media through which the Services are available), commercialize, create derivative works of, and otherwise exploit such User-Generated Content in connection with any and all Services. You acknowledge and agree that: (a) we have the right to arrange the posting of User-Generated Content in any way we desire; (b) we have no obligation to provide you with any credit when using your User-Generated Content, but if we choose to provide you with credit, the size and placement of the credit is at our sole discretion; and (c) you are not entitled to any compensation or other payment from us in connection with the use of your User-Generated Content."
MyFitnessPal.docx,6,Autor,Cnt_del-1Cnt_mod0Disc-1,"We reserve the right to monitor, remove or modify User-Generated Content for any reason and at any time, including User-Generated Content we believe violates these Terms, the Community Guidelines, and/or our policies."
MyFitnessPal.docx,7,Autor,Ind0,You represent and warrant you have all the necessary rights to grant MyFitnessPal the foregoing license for all User-Generated Content you submit in connection with the Services and will indemnify us for any breach of this representation and warranty.
MyFitnessPal.docx,8,Autor,Ind0,. You represent and warrant that you are authorized to provide any third-party contact information that you provide to us for referrals and will indemnify us for any breach of this representation and warranty.
MyFitnessPal.docx,9,Autor,uncle,or as otherwise required or permitted by law
MyFitnessPal.docx,10,Autor,acc_del0,"If you violate the Community Guidelines, we reserve the right to terminate your access to the Services."
MyFitnessPal.docx,11,Autor,cnt_del0cnt_mod0,"Accordingly, please do not contribute the following types of Content, which may be removed without warning:Content intended to promote potentially unsafe or controversial weight loss products or procedures, including non-medically prescribed supplements.Proﬁles, groups, messages, posts, or wall comments that encourage anorexia, bulimia, or very low calorie diets. This includes positive references to ana/mia, purging, or self- starving.Photos intended to glamorize extreme thinness."
MyFitnessPal.docx,12,Autor,"disc-1pato: How should I know what MyFitnessPal treats as objectionable, other than things listed above?","Don’t post any Content that contains anything that, we in our sole determination, may determine is objectionable or inhibits any other person from using or enjoying the Services, or that may expose MyFitnessPal or our users to any harm or liability of any kind. Don’t post content that may damage or dilute the goodwill associated with MyFitnessPal or our, logos and marks."
MyFitnessPal.docx,13,Autor,Acc_del0Cnt_del0Cnt_mod0Dosc-1,"If we determine you are violating the Community Guidelines or otherwise have breached the Terms, we may take actions to address the issue, including, but not limited to, terminating your right to use the Services, removing your User-Generated Content, taking legal action against you (in which case you agree that we may recover reasonable costs and attorneys’ fees) or disclosing information to law enforcement authorities"
MyFitnessPal.docx,14,Autor,Pato: manipulationuncle,"You also agree to waive your 14-day right of withdrawal at the moment you subscribe to the Premium Services to the maximum extent permitted by applicable law, so that you are able to immediately access them."
MyFitnessPal.docx,15,Autor,uncle,To the maximum extent permitted by applicable laws
MyFitnessPal.docx,16,Autor,price_chg0,"we may change our prices for Premium Services at any time. We will give you reasonable notice of any such pricing changes by posting the new prices on or through the applicable Premium Service and/or by sending you an email notiﬁcation. If you do not wish to pay the new prices, you can cancel the applicable Premium Service prior to the change going into effect"
MyFitnessPal.docx,17,Autor,uncle,and to the maximum extent permitted by applicable la
MyFitnessPal.docx,18,Autor,ltd-1,"we are not responsible or liable, either directly or indirectly, for any injury, illness, or damages sustained from your use of, or inability to use, any Services or features of the Services, including any Content or activities you access or learn about through our Services even if caused in whole or part by the action, inaction or negligence of MyFitnessPal or others."
MyFitnessPal.docx,19,Autor,uncle,To the extent permitted by applicable law
MyFitnessPal.docx,20,Autor,unc;e,To the extentpermitted by applicable la
MyFitnessPal.docx,21,Autor,uncle,To the extent permitted by applicable law
MyFitnessPal.docx,22,Autor,uncle,Notwithstanding anything herein to the contrary
MyFitnessPal.docx,23,Autor,contr_chg-1,"We reserve the right to modify these Terms by (i) posting revised Terms on and/or through the Services, and/or (ii) providing advance notice to you of material changes to the Terms, generally via email where practicable, and otherwise through the Services (such as through a notiﬁcation on the home page of the MyFitnessPal website or in -app). Modiﬁcations will not apply retroactively unless required by law."
MyFitnessPal.docx,24,Autor,uncle,EXCEPT WHERE PROHIBITED BY LAW
MyFitnessPal.docx,25,Autor,as_is-1,"MYFITNESSPAL EXPRESSLY DISCLAIMS ALL WARRANTIES, REPRESENTATIONS AND GUARANTEES OF ANY KIND, WHETHER ORAL OR WRITTEN, EXPRESS, IMPLIED, STATUTORY OR OTHERWISE, INCLUDING, BUT NOT LIMITED TO THE IMPLIED WARRANTIES OF MERCHANTABILITY, FITNESS FOR A PARTICULAR PURPOSE AND NON-INFRINGEMENT TO THE FULLEST EXTENT PERMISSIBLE UNDER THE LAW. THE SERVICES AND ALL CONTENT ARE PROVIDED ON AN“AS IS” AND “AS AVAILABLE” WITH ALL FAULTS BASIS. "
MyFitnessPal.docx,26,Autor,uncle,to the maximum extent permitted by applicable law
MyFitnessPal.docx,27,Autor,uncle,To the maximum extent permitted by applicable law
MyFitnessPal.docx,28,Autor,uncle,To the maximum extent permitted by applicable law
MyFitnessPal.docx,29,Autor,uncle,To the maximum extent permitted by applicable law
MyFitnessPal.docx,30,Autor,ltd-1,"under no circumstances (including, without limitation, negligence) shall MyFitnessPal, its subsidiaries, partners or any wireless carriers be liable to you or any third party for (a) any indirect, incidental, special, reliance, exemplary, punitive, or consequential damages of any kind whatsoever; (b) loss of proﬁts, revenue, data, use, goodwill, or other intangible losses; (c) damages relating to your access to, use of, or inability to access or use the Services; (d) damages relating to any conduct or Content of any third party or user of the Services, including without limitation, defamatory, offensive or illegal conduct or content; and/or (e) damages in any manner relating to any Third-Party Content or Third-party Products accessed or used via the Services. To the maximum extent permitted by applicable law, this limitation applies to all claims, whether based on warranty, contract, tort, or any other legal theory, whether or not MyFitnessPal has been informed of the possibility of such damage, and further where a remedy set forth herein is found to have failed its essential purpose"
MyFitnessPal.docx,31,Autor,uncle,To the maximum extent permitted by applicable law
MyFitnessPal.docx,32,Autor,ltd_cap-1,"the total liability of MyFitnessPal, for any claim under these Terms, including for any implied warranties, is limited to the greater of ﬁve hundred dollars (us $500.00) or the amount you paid us to use the applicable Service(s) in the past twelve months."
MyFitnessPal.docx,33,Autor,uncle,To the extent permitted by applicable law
MyFitnessPal.docx,34,Autor,uncle,To the maximum extent permitted by applicable law
MyFitnessPal.docx,35,Autor,ind0,"you agree to indemnify and hold MyFitnessPal, its afﬁliates and partners harmless from any claim or demand, including reasonable accounting and attorneys’ fees, made by any third party due to or arising out of (a) the User-Generated Content you access or share through the Services; (b) your use of the Services, (c) your activities in connection with the Services, (d) your connection to the Services, (e) your violation of these Terms,(f) your use or misuse of any user’s Personal Data, (g) any violation of the rights of any other person or entity by you, or (h) your employment of the Services to meet another user in person. We reserve the right, at your expense, to assume the exclusive defense and control of any matter for which you are required to indemnify us under the Terms, and you agree to cooperate with our defense of these claims."
MyFitnessPal.docx,36,Autor,ind0,"Notwithstanding the previous paragraph, you agree to indemnify and hold MyFitnessPal, its afﬁliates and partners harmless from any claim or demand as result of your negligent or intentional behavior, including reasonable accounting and attorneys’ fees, made by any third party due to or arising out of (a) the Content (including User-Generated Content) you access through the Services; (b) your violation of these Terms, (c) your use or misuse of any user’s Personal Data, (d) any violation of the rights of any other person or entity by you, or(e) your employment of the Services to meet another user in person. We reserve the right, at your expense, to assume the exclusive defense and control of any matter for which you are required to indemnify us under the Terms, and you agree to cooperate with our defense of these claims."
MyFitnessPal.docx,37,Autor,c_law-1,"These Terms shall be governed by and construed in accordance with the laws of the New York and controllingU.S. federal law as applicable, without regard to its conﬂict of law principles."
MyFitnessPal.docx,38,Autor,c_law-1,"These Terms shall be governed by and construed in accordance with the laws of the Netherlands, without regard to its conﬂict of law principles."
MyFitnessPal.docx,39,Autor,arb0,YOU AND MYFITNESSPAL AGREE TO SUBMIT ANY AND ALL DISPUTES ARISING OUT OF OR RELATED TO YOUR USE OF THE SERVICE (A “DISPUTE”) TO BINDING ARBITRATION.
MyFitnessPal.docx,40,Autor,uncle,Tothe maximum extent permitted by applicable law
MyFitnessPal.docx,41,Autor,period-1,You must ﬁle any claim within one (1) year after such claim arose or it is forever barred.
MyFitnessPal.docx,42,Autor,class0,"(1) you and MyFitnessPal waive any right to a jury trial; (2) the Dispute will proceed solely on an individual, non-class, non-representative basis; and (3) neither you nor MyFitnessPal may be a class representative or class member or otherwise participate in any class, representative, consolidated, or private attorney general proceeding."
MyFitnessPal.docx,43,Autor,pato -what does it change at all? ,"If you are a resident of Germany, France, Austria or Finland: Notwithstanding anything in these Terms to the contrary, the qualiﬁer “to the maximum extent permitted by law” and other qualiﬁers of similar effect shall be deemed to be deleted from the Terms everywhere it appears and shall have no force and effect."
MyFitnessPal.docx,44,Autor,Inter0Sever0,"If any provision of the Terms is found by a court of competent jurisdiction to be invalid, the parties nevertheless agree that the court should endeavor to give effect to the parties’ intentions as reﬂected in the provision, and the other provisions of the Terms remain in full force and effect."
MyFitnessPal.docx,45,Autor,Tran-1,"We have the right, in our sole discretion, to transfer or assign all or any part of our rights under these Terms and will have the right to delegate or use third-party contractors to fulﬁll our duties and obligations under these Terms and in connection with the Services."
Zenly.docx,0,Autor,what,"In case you’re not familiar, Zenly is an app that makes it fun and easy to know what your friends and family are up to and keep memories of your real life interactions. Want to see how much you really know about your hometown? Show off how much of the world you’ve explored? Lost your friends at a festival, on the beach, or on the slopes? We’ve got you covered! With Zenly, you can keep up with the people you care about the most, both near and far, create a personal diary of where you’ve been, or publicly showcase the places you’ve visited"
Zenly.docx,1,Autor,docu1,Privacy Policy
Zenly.docx,2,Autor,pato,"Because Zenly is a social network, we believe that most features and products work best when they are on by default."
Zenly.docx,3,Autor,serv_chg-1,"We’re relentlessly improving our Services and creating new ones all the time. This means that we may add or remove features, products, or functionalities, and we may also suspend or stop the Services altogether. We may take any of these actions at any time, and when we do, we will try to notify you beforehand—but this won’t always be possible"
Zenly.docx,4,Autor,acc_del0acc_sus0,"Zenly may also terminate these Terms with you if you fail to comply with these Terms, the law, or for any reason outside of our control. And while we’ll try to give you advance notice, we can’t guarantee it. Our right to terminate these Terms means that we may stop providing you with any Services, or impose new or additional limits on your ability to use the Services. For example, we may deactivate your account due to prolonged inactivity (12 months)."
Zenly.docx,5,Autor,pato,"For example, we may deactivate your account due to prolonged inactivity (12 months)."
Zenly.docx,6,Autor,ind0,"You agree, to the extent permitted by law, to indemnify, defend and hold harmless Zenly and our afﬁliates, directors, ofﬁcers, stockholders, employees, licensors, suppliers, and agents from and against any complaints, charges, claims, damages, losses, costs, liabilities and expenses (including attorneys’ fees) due to, arising out of, or relating in any way to: (a) your access to or use of the Services; (b) your content; and (c) your breach of these Terms."
Zenly.docx,7,Autor,as_is-1,"The Services are provided “as is” and “as available” and to the extent permitted by law without warranties of any kind, either express or implied, including, in particular implied warranties, conditions, or other terms relating to (i) merchantability, satisfactory quality, ﬁtness for a particular purpose, title, quiet enjoyment, non-infringement, or (ii) arising from a course of dealing. In addition, while Zenly attempts to provide a good user experience, we do not represent or warrant that: (a) the Services will always be secure, error-free or timely; (b) the Services will always function without delays, disruption or imperfections; or (c) that any content or information you obtain through the Services will be timely or accurate."
Zenly.docx,8,Autor,uncle,"IF THE LAW OF THE COUNTRY WHERE YOU LIVE DOES NOT ALLOW THE EXCLUSIONS OF LIABILITY PROVIDED FOR IN THIS CLAUSE, THOSE EXCLUSIONS SHALL NOT APPLY."
Zenly.docx,9,Autor,ltd-1ltd_cap-1,"Zenly and our afﬁliates, directors, ofﬁcers, stockholders, employees, licensors, suppliers, and agents will not be liable for any indirect, incidental, special, consequential, punitive, or multiple damages, or any loss of proﬁts or revenues, whether incurred directly or indirectly, or any loss of data, use, goodwill or other intangible losses, resulting from: (a) your use of the Services or inability to use the Services; (b) your access to or inability to access the Services;(c) the conduct or content of other users or third parties on or through the Services; or (d) unauthorised access, use or alteration of your content. In no event will Zenly or their afﬁliates’ aggregate liability for all claims relating to the Services exceed the greater of €100 EUR."
Zenly.docx,10,Autor,uncle2,"IF THE LAW OF THE COUNTRY WHERE YOU LIVE DOES NOT ALLOW ANY LIMITATION OF LIABILITY PROVIDED FOR IN THIS CLAUSE, THAT LIMITATION WILL NOT APPLY."
Zenly.docx,11,Autor,pato2,"If you have a concern, let’s talk. We totally encourage you contact us ﬁrst at love@zen.ly and we’ll do our best to resolve the issue."
Zenly.docx,12,Autor,uncle3,To the extent the parties are permitted under these Terms to initiate litigation in a court
Zenly.docx,13,Autor,c_forum-1,all claims and disputes (whether contractual or otherwise) arising out of or relating to the Terms or the use of the Services will be litigated exclusively in the courts of France
Zenly.docx,14,Autor,uncle4c_forum-1,"The laws of France govern these Terms and any claims and disputes (whether contractual or otherwise) arising out of or relating to these Terms or their subject matter. The courts in some countries may not apply the laws of France to some disputes related to these Terms. If you reside in one of those countries, the laws of your home country may apply to those disputes."
Zenly.docx,15,Autor,sever0,"If any provision of these Terms is found unenforceable, then that provision will be severed from these Terms and not affect the validity and enforceability of any remaining provisions."
Zenly.docx,16,Autor,sugg0,. If you do happen to volunteer feedback or suggestions just know that we can use your ideas without compensating you
Cisco.docx,0,Autor,price_chg0,"Your Approved Source will notify You reasonably in advance of any Renewal Term if there are fee changes. The new fees will apply for the upcoming Renewal Term unless You or Your Cisco Partner promptly notify Cisco in writing, before the renewal date, that You do not accept the fee changes"
Cisco.docx,1,Autor,docu,"(except as permitted under Cisco’s Software License Portability Policy); (c) remove, modify, or conceal any"
Cisco.docx,2,Autor,serv_chg-1,"enhance or refine a Cloud Service, although in doing so, Cisco will not materially reduce the core functionality of that Cloud Service, except as contemplated in this Section"
Cisco.docx,3,Autor,docu,www.cisco.com/go/opensource
Cisco.docx,4,Autor,uncle,To the extent permitted by law
Cisco.docx,5,Autor,sugg0,Cisco may use anyfeedbackYouprovideinconnectionwithYouruseof the Cisco Technology as part of its business operations.
Cisco.docx,6,Autor,strange ind,"Cisco will defend any third-party claim against You that Your valid use of Cisco Technology under Your Entitlement infringes a third party's patent, copyright or registered trademark (the “IP Claim”). Cisco will indemnify You against the final judgment entered by a court of competent jurisdiction or any settlements arising out of an IP Claim, provided that You: (a) promptly notify Cisco in writing of the IP Claim; (b) fully cooperate with Cisco in the defense of the IP Claim; and (c) grant Cisco the right to exclusively control the defense and settlement of the IP Claim, and any subsequent appeal. Cisco will have no obligation to reimburse You for attorney fees and costs incurred prior to Cisco's receipt of notification of the IP Claim. You, at Your own expense, may retain Your own legal representation."
Cisco.docx,8,Autor,docu,www.cisco.com/go/warranty
Cisco.docx,7,Autor,core1,"Performance. Cisco warrants that: (a) for a period of 90 days from the Delivery Date or longer as stated in Documentation, or on www.cisco.com/go/warranty, the Software substantially complies with the Documentation; and (b) during the Usage Term, it provides the Cloud Services with commercially reasonable skill and care in accordance with the Documentation and Product Specific Terms."
Cisco.docx,9,Autor,core2,Malicious Code. Cisco will use commercially reasonable efforts to deliver the Cisco Technology free of Malicious Code.
Cisco.docx,10,Autor,uncle,to the extent allowed by applicable law
Cisco.docx,11,Autor,as_is-1,"Cisco expressly disclaims all warranties and conditions of anykind, express or implied, including without limitation any warranty, condition or other implied term as to merchantability, fitness for a particular purpose or non- infringement, or that the Cisco Technology will be secure, uninterrupted or error free. If You are a consumer"
Cisco.docx,12,Autor,uncle,"You may have legal rights in Your country of residence that prohibit the limitations set out in this Section from applying to You, and, where prohibited, they will not apply"
Cisco.docx,13,Autor,ltd-1,"Neither party will be liable for indirect, incidental, exemplary, special or consequential damages; loss or corruption of data or interruption or loss of business; or loss of revenues, profits, goodwill or anticipated sales or savings"
Cisco.docx,14,Autor,ltd_cap-1,"The maximum aggregate liability of each party under this EULA is limited to (a) for claims solely arising from Software licensed on a perpetual basis, the fees received by Cisco for that Software; or (b) for all other claims, the fees received by Cisco for the applicable Cisco Technology and attributable to the 12 month period immediately preceding the first event giving rise to such liability"
Cisco.docx,15,Autor,uncle,Nothing in this EULA limits or excludes any liability that cannot be limited or excluded under applicable law.
Cisco.docx,16,Autor,acc_sus0,"Cisco may immediately suspend Your Usage Rights if You breach Sections 2.1 (License and Right to Use), 3.1 (Cisco Technology Generally), 3.2 (Cloud Services) or 12.8 (Export)."
Cisco.docx,17,Autor,acc_del1,"If a party materially breaches this EULA and does not cure that breach within 30 days after receipt of written notice of the breach, the non- breaching party may terminate this EULA for cause. "
Cisco.docx,18,Autor,acc_sus0,"Cisco may immediately terminate this EULA if You breach Sections 2.1 (License and Right to Use), 3.1 (Cisco Technology Generally), 3.2 (Cloud Services) or12.8 (Export). "
Cisco.docx,19,Autor,pato,"During the Usage Term and for a period of 12 months after its expiry or termination, You will take reasonable steps to maintain complete and accurate records of Your use of the Cisco Technology sufficient to verify compliance with this EULA (“Verification Records”). Upon reasonable advance notice, and no more than once per 12 month period, You will, within 30 days from Cisco’s notice, allow Cisco and its auditors access to the Verification Records and any applicable books, systems (including Cisco product(s) or other equipment), and accounts during Your normal business hours. If the verification process discloses underpayment of fees: (a) You will pay such fees; and (b) You will also pay the reasonable cost of the audit if the fees owed to Cisco as a result exceed the amounts You paid for Your Usage Rights by more than 5%."
Cisco.docx,20,Autor,tran1,"Except as set out below, neither party may assign or novate this EULA in whole or in part without the other party’s express written consent. Cisco may (a) by written notice to You, assign or novate this EULA in whole or in part to an Affiliate of Cisco, or otherwise as part of a sale or transfer of any part of its business; or (b) subcontract any performance associated with the Cisco Technology to third parties, provided that such subcontract does not relieve Cisco of any of its obligations under this EULA."
Cisco.docx,21,Autor,contr_chg-1,Cisco may change this EULA or any of its components by updating this EULA on Cisco.com. Changes to the EULA apply to any Entitlements acquired or renewed after the date of modification.
Cisco.docx,22,Autor,uncle,to comply with applicable laws and regulations.
Cisco.docx,23,Autor,c_law0 (businesses only?),"This EULA, and any disputes arising from it, will be governed exclusively by the applicable governing law below, based on Your primary place of business and without regard to conflicts of laws rules or the United Nations Convention on the International Sale of Goods. "
Cisco.docx,24,Autor,c_forum0 (businesses only?),"The courts located in the applicable venue below will have exclusive jurisdiction to adjudicate any dispute arising out of or relating to the EULA or its formation, interpretation or enforcement. "
Cisco.docx,25,Autor,sever0,"If any portion of this EULA is not enforceable, it will not affect any other terms."
Cisco.docx,26,Autor,what1,“Cloud Service” means the Cisco hosted software-as-a- service offering or other Cisco cloud-enabled feature described in the applicable Product Specific Terms. Cloud Service includes applicable Documentation and may also include Software.
Cisco.docx,27,Autor,docu,Product Specific Terms
Apple.docx,0,Autor,uncle,In accordance with local law
Apple.docx,1,Autor,price_chg0,Content prices may change at any time. 
Apple.docx,2,Autor,docu,https://www.apple.com/legal/internet-services/itunes/giftcards/
Apple.docx,3,Autor,docu,Privacy Policy
Apple.docx,4,Autor,docu,TV Content Usage Rules 
Apple.docx,5,Autor,uncle,except if required by law
Apple.docx,6,Autor,cnt_del0contr_chg-1cnt_modr0,"Your use of such features must comply with the Submissions Guidelines below, which may be updated from time to time, and if we become aware of materials that violate our Submission Guidelines we will remove them. "
Apple.docx,7,Autor,uncle,Except to the extent prohibited by law
Apple.docx,8,Autor,"IP-1 (very imprecise IP, and it is not just for providing the service, but also marketing)","you hereby grant Apple a worldwide, royalty-free, perpetual, nonexclusive license to use the materials you submit within the Services and related marketing, and Apple internal purposes"
Apple.docx,9,Autor,Recom0,"The Services may recommend Content to you based on your downloads, purchases and other activities. You may opt out from receiving such personalized recommendations for some Services in your account settings."
Apple.docx,10,Autor,uncle,or as required under applicable law
Apple.docx,11,Autor,core,WARRANTY: Licensor will use reasonable care and skill with respect to the provision of the Licensed Application and any External Services performed or provided by the Licensed Application to you
Apple.docx,12,Autor,ltd-1 (I think point i.5. may limit the liability too broadly),"Except as set out in section (ii) hereunder, in no case shall Licensor, its directors, officers, employees, affiliates, agents, contractors, principals or licensors be liable for any loss or damage caused by Licensor, its employees or agents where:there is no breach of a legal duty of care owed to you by Licensor or by any of its employees or agents;it is not a reasonably foreseeable result of any such breach;any increase in loss or damage results from breach by you of any term of this End User Licence Agreement (""Agreement"");it results from a decision by Licensor to warn you, to suspend or terminate your access to the External Services, or to take any other action during the investigation of a suspected violation or as a result of Licensor’s conclusion that a violation of this Agreement has occurred;it relates to loss of income, business or profits, or any loss or corruption of data in connection with your use of the Licensed Application.Nothing in this Agreement removes or limits Licensor’s liability for fraud, gross negligence, wilful misconduct, or for death or personal injury caused by its negligence."
Apple.docx,13,Autor,c_law-1,"this Agreement and the relationship between you and Apple shall be governed by the laws of the State of California, excluding its conflicts of law provisions. "
Apple.docx,14,Autor,c_forum-1,"You and Apple agree to submit to the personal and exclusive jurisdiction of the courts located within the county of Santa Clara, California, to resolve any dispute or claim arising from this Agreement"
Apple.docx,15,Autor,as_is-1,". iCloud Music Library is provided on an “AS IS” basis and could contain errors or inaccuracies. You should back up your data and information prior to using iCloud Music Library. If you are not an Apple Music member, you may purchase an iTunes Match subscription, which uses iCloud Music Library. When your Apple Music membership ends, you will lose access to your iCloud Music Library, including iCloud Music Library Content that is uploaded to iCloud Music Library servers."
Apple.docx,16,Autor,contr_chg-1,Apple reserves the right at any time to modify this Agreement and to add new or additional terms or conditions on your use of the Services
Apple.docx,17,Autor,acc_del0acc_sus0,"If you fail, or Apple suspects that you have failed, to comply with any of the provisions of this Agreement, Apple may, without notice to you: (i) terminate this Agreement and/or your Apple ID, and you will remain liable for all amounts due under your Apple ID up to and including the date of termination; and/or (ii) terminate your license to the software; and/or (iii) preclude your access to the Services."
Apple.docx,18,Autor,serv_chg-1,"Apple further reserves the right to modify, suspend, or discontinue the Services (or any part or Content thereof) at any time with or without notice to you, and Apple will not be liable to you or to any third party should it exercise such rights. "
Apple.docx,19,Autor,cnt_del-1cnt_mod0,"Apple further reserves the right to modify, suspend, or discontinue the Services (or any part or Content thereof) at any time with or without notice to you, and Apple will not be liable to you or to any third party should it exercise such rights. To the extent possible, Apple will warn you in advance of any modification, suspension or discontinuance of the Service. Termination of the Service will not affect the Content that you have already acquired. However, you may be unable to authorise additional computers to use the Content."
Apple.docx,20,Autor,uncle,UNLESS REQUIRED BY APPLICABLE LAW
Apple.docx,21,Autor,ltd-1,"Except as set out in (e) below, or in the event that you are exercising any applicable statutory right to refund or compensation, in no case shall Apple, its directors, officers, employees, affiliates, agents, contractors, or licensors be liable for any loss or damage caused by Apple, its employees or agents where:there is no breach of a legal duty of care owed to you by Apple or by any of our employees or agents;it is not a reasonably foreseeable result of any such breach;any increase in loss or damage results from breach by you of any term of this Agreement;it results from a decision by Apple to remove or refuse to process any information or content, to warn you, to suspend or terminate your access to the Service, or to take any other action during the investigation of a suspected violation or as a result of Apple’s conclusion that a violation of this Agreement has occurred; orit relates to loss of income, business or profits, or any loss of data or corruption of data in connection with your use of the Services."
Apple.docx,22,Autor,uncle,"applicable local, national, state or federal law"
Apple.docx,23,Autor,c_law-1,", this Agreement and the relationship between you and Apple, and all Transactions on the Services shall be governed by the laws of the State of California, excluding its conflicts of law provisions."
Apple.docx,24,Autor,c_forum-1,"You and Apple agree to submit to the personal and exclusive jurisdiction of the courts located within the county of Santa Clara, California, to resolve any dispute or claim arising from this Agreement"
Apple.docx,25,Autor,sever0inter0,"If any part of this Agreement is held invalid or unenforceable, that portion shall be construed in a manner consistent with applicable law to reflect, as nearly as possible, the original intentions of the parties, and the remaining portions shall remain in full force and effect."
Apple.docx,26,Autor,disc-1,"You hereby grant Apple the right to take steps Apple believes are reasonably necessary or appropriate to enforce and/or verify compliance with any part of this Agreement. You agree that Apple has the right, without liability to you, to disclose any data and/or information to law enforcement authorities, government officials, and/or a third party, as Apple believes is reasonably necessary or appropriate to enforce and/or verify compliance with any part of this Agreement (including but not limited to Apple's right to cooperate with any legal process relating to your use of the Services and/or Content, and/or a third-party claim that your use of the Services and/or Content is unlawful and/or infringes such third party's rights)."
Match.com.docx,0,Autor,docu1,Safety Tips
Match.com.docx,1,Autor,docu2,) Community Guidelines
Match.com.docx,2,Autor,docu3,Privacy Policy
Match.com.docx,3,Autor,docu4,Cookie Policy
Match.com.docx,4,Autor,acc_sus0acc_del0,"We reserve the right to decline, suspend or terminate your access or membership at any time if you do not meet any of these conditions."
Match.com.docx,5,Autor,ltd-1,"When you disclose and disseminate information, data, text, content, videos and images about you, you waive your right to make any claim against us, in particular on the basis of the possible infringement of your image or personality rights, honour, reputation or right to private life that may result from the distribution or dissemination of such information."
Match.com.docx,6,Autor,cnt_modr0,"you acknowledge and accept that the data you provide, as well as your behaviour or comments may be subject to acts of moderation and/or control by us in accordance with our moderation policies."
Match.com.docx,7,Autor,contr_chg-1,as updated from time to time
Match.com.docx,9,Autor,disc-1,that we regard as inappropriate or unlawful
Match.com.docx,8,Autor,acc_sus0acc_del0,"We reserve the right to suspend or terminate your account without notice and without any refund if you have violated these obligations, misused the Services or behaved in a way that we regard as inappropriate or unlawful, including by reference to any action or communication that occurred on or off the Services"
Match.com.docx,10,Autor,pato1,"To make the Group’s services safer, banned users’ information may be shared within the Group to allow us and any of the Group’s platforms to take the necessary actions against unsafe users, including terminating their account and/or preventing them from creating an account."
Match.com.docx,11,Autor,what1,"Free features and functionalities notably include the creation of your account profile, certain search functionalities, browsing other user’s profiles and access to some events and activities. Communicating with other users generally requires a subscription."
Match.com.docx,12,Autor,uncle1,Pursuant to applicable law
Match.com.docx,13,Autor,pato2,"However, all Subscription instalments will remain due and payable for the remaining period of their current term."
Match.com.docx,14,Autor,IP0,"By having an account and using the Services, and for so long as you have an account with us, you grant us a worldwide licence to use the intellectual property rights arising from the content provided by you (information, images, descriptions, search criteria, recordings, etc.) in connection with your use of the Services, including without limitation your profile and interactions with other users. This licence specifically includes the right for us to reproduce, represent, broadcast, modify, adapt (in order to comply with the graphic charter of the Services and/or to make it compatible with its technical functionalities or the formats supported by the relevant media), translate, digitise, use for the purposes of the Services and/or sub-license the content provided by you on all or parts of the Services, in our emails and notifications to other users or any other communications related to the Services, subject to applicable law."
Match.com.docx,15,Autor,shad_ip1,"and/or sub-license the content provided by you on all or parts of the Services, in our emails and notifications to other users or any other communications related to the Services, subject to applicable law."
Match.com.docx,16,Autor,ltd-1,"We expressly exclude all liability in connection with events of any nature, which could take place between you and other users during online interactions or during ‘real life’, in person interactions."
Match.com.docx,17,Autor,ltd-1,"Similarly, we are not liable for any content disseminated by you or another user that may potentially infringe your rights or the rights of one or more of the other users or any other third party."
Match.com.docx,18,Autor,as_is-1,Our Services are provided to you ‘as is’.
Match.com.docx,19,Autor,serv_chg0,Some functionalities may also be disabled permanently if required for security or other pressing reasons.
Match.com.docx,20,Autor,uncle2,"Subject to applicable law, "
Match.com.docx,22,Autor,uncle3,and applicable laws and regulations
Match.com.docx,21,Autor,ltd-1,we are only responsible for direct damage caused by us if we fail to provide the Services in compliance with these Terms of Use and applicable laws and regulations. We may not be held liable for any damages incurred by a user in the event those are caused solely by the latter or if we are not in breach of these Terms of Use and/or our statutory obligations. We do not exclude or limit in any way our liability to users where it would be unlawful to do so.
Match.com.docx,23,Autor,uncle4,We do not exclude or limit in any way our liability to users where it would be unlawful to do so.
Match.com.docx,24,Autor,ind0,"In the event we or the Group are held liable on the basis of your breach of any of your legal or contractual obligations under these Terms of Use, you will indemnify and hold us and/or the Group harmless against any damages, expenses or orders issued against it resulting from or arising in connection with such breach"
Match.com.docx,25,Autor,serv_chg-1contr_chg-1,"We may update and modify at any time the content and/or features of any of the Services, and these Terms of Use."
Match.com.docx,26,Autor,disc-1,"If the changes include material changes to your rights or obligations, we will endeavour to notify you in advance of the changes to our Terms of Use by reasonable means."
Match.com.docx,27,Autor,ltd0,"You acknowledge and agree that we will have no liability associated with or arising from your failure to maintain accurate contact or other information, including, but not limited to, your failure to receive critical information and notifications."
Match.com.docx,29,Autor,uncle5,under applicable laws or regulations
Match.com.docx,30,Autor,uncle6,"to the extent permitted by law, regulation or applicable court decisions"
Match.com.docx,28,Autor,sever0,"If one or more provisions in the Terms of Use are held to be unenforceable under applicable laws or regulations or as a result of a final decision by a competent court or authority, the other provisions will remain in full force and effect, to the extent permitted by law, regulation or applicable court decisions."
Match.com.docx,31,Autor,trans-1,"All of our rights and obligations under these Terms of Use are freely assignable by us in connection with a merger, acquisition, business sale or transfer of assets, or by operation of law or otherwise; provided however that we will endeavour to ensure your rights and obligations remain unaffected by such operation."
Match.com.docx,32,Autor,c_law,"These Terms of Use are governed, interpreted and applied in accordance with the laws of England"
Match.com.docx,33,Autor,unce7,subject to mandatory consumer laws in force in your country of residence.
Match.com.docx,34,Autor,c_forum1pato3,"the competent authorities will be the courts of your country of residence located in one of the member States of the European Economic Area, the United Kingdom or Switzerland"
Adobe.docx,0,Autor,Docu1,the Subscription and Cancellation Terms
Adobe.docx,1,Autor,Docu2,K-12 (Primary and Secondary) and Higher Education Additional Terms for Student Data.
Adobe.docx,2,Autor,c_law-1,"Choice of Law and Contracting Entity. If you reside in North America (inclusive of United States, Canada, Mexico, United States territories and possessions and United States military bases wherever located), your relationship is with Adobe Inc., a United States company and the Terms are governed by the law of California, U.S.A., unless preempted by U.S. federal law, without regard to conflict of law rules. If you reside outside of North America, your relationship is with Adobe Systems Software Ireland Limited and the Terms are governed by the law of Ireland. "
Adobe.docx,3,Autor,uncle1,You may have additional rights under your local law. We do not seek to limit those rights where it is prohibited to do so by law.
Adobe.docx,4,Autor,docu3-23,Adobe Stock ContributorCreative Cloud ExpressLightroom
Adobe.docx,5,Autor,contr_chg-1,"We may make changes to the Terms from time to time and if we do, we will notify you by revising the date at the top of the Terms and, in some cases, we may provide you with additional notice. You should look at the Terms regularly. "
Adobe.docx,6,Autor,docu24,Privacy Policy
Adobe.docx,7,Autor,uncle2,Where permitted by law
Adobe.docx,8,Autor,docu25,Adobe Data Processing Agreement 
Adobe.docx,9,Autor,uncle3,Subject to your compliance with the Terms and applicable law
Adobe.docx,10,Autor,serv_chg-1,"We may create reasonable technical limits on file size, storage space, processing capacity and other technical limits. "
Adobe.docx,11,Autor,acc_sus0,We may suspend the Services until you are within the storage space limit associated with your account.
Adobe.docx,12,Autor,cnt_retr1,". At the end of your licence term, we will use commercially reasonable efforts to allow you to transition your Content out of the Services. The transition must be completed within 30 days from the date of the termination or expiration of your licence term. At the end of this 30-day transition period, we reserve the right to delete your Content. You should download any Content that you have stored in the Services before your licence ends."
Adobe.docx,13,Autor,cnt_mod0cnt_del0,"We reserve the right to remove Content or restrict access to Content, Services and Software if any of your Content is found to be in violation of these Terms."
Adobe.docx,14,Autor,IP1,"Solely for the purposes of operating or improving the Services and Software, when you upload Content to the Services or Software, you grant us a nonexclusive, worldwide, royalty-free, sublicensable and transferrable licence to use, reproduce, publicly display, distribute, modify (so as to better showcase your Content, for example), publicly perform and translate the Content. "
Adobe.docx,15,Autor,sugg0,"If you submit Feedback to us however, then you grant us a non-exclusive, irrevocable, perpetual, worldwide, royalty-free, sublicensable and transferable licence to make, use, sell, have made, offer to sell, import, export, reproduce, publicly display, distribute, modify and publicly perform the Feedback."
Adobe.docx,16,Autor,acc_del1,"If you don't sign into your account periodically, we reserve the right to assume your account is inactive and you agree that we may close it for you"
Adobe.docx,17,Autor,cnt_del-1 (?),You understand that you will lose access to any Content stored in your account upon closure.
Adobe.docx,18,Autor,ind0,"You will indemnify us and our subsidiaries, affiliates, officers, agents, employees, partners and licensors from any claim, demand, loss or damage, including reasonable solicitors’ fees, arising out of or related to your Content, Creative Cloud Customer Fonts, your use of the Services or Software (as applicable) or your violation of the Terms. We have the right to control the defence of any claim, action or matter subject to indemnification by you with counsel of our own choosing. You will fully cooperate with us in the defence of any such claim, action or matter."
Adobe.docx,19,Autor,as_is-1,"Unless stated in the Additional Terms, the Services and Software are provided “AS-IS.” "
Adobe.docx,20,Autor,uncle4,.” To the maximum extent permitted by law
Adobe.docx,21,Autor,ltd-1,We specifically disclaim all liability for any actions resulting from your use of any Services or Software. You may use and access the Services or Software at your own discretion and risk and you are solely responsible for any damage to your computer system or loss of data that results from the use of and access to any Service or Software.
Adobe.docx,22,Autor,ltd-1,"Unless stated in the Additional Terms, we are not liable to you or anyone else for any special, incidental, indirect, consequential, moral, exemplary or punitive damages whatsoever, regardless of cause, including losses and damages (A) resulting from loss of use, data, reputation, revenue or profits; (B) based on any theory of liability, including breach of contract or warranty, negligence or other tortious action; or (C) arising out of or in connection with your use of or access to the Services or Software. Nothing in the Terms limits or excludes our liability for gross negligence, intentional misconduct of Adobe or its employees, death or personal injury."
Adobe.docx,23,Autor,ltd_cap-1,Our total liability in any matter arising out of or related to the Terms is limited to the greater of (A) US $100; or (B) the aggregate amount that you paid for access to the Services and Software during the three-month period preceding the event giving rise to the liability. 
Adobe.docx,24,Autor,uncle5,apply to the maximum extent permitted by la
Adobe.docx,25,Autor,cnt_retr1,least 30 days prior to termination via the email address you provide to us with instructions on how to retrieve your Content
Adobe.docx,26,Autor,acc_sus0acc_del0,"Unless stated in any Additional Terms, we may, at any time, terminate or suspend your right to use and access the Services or Software if:"
Adobe.docx,27,Autor,uncle6,"The Services and Software and your use of them, are subject to laws, restrictions and regulations of the United States and other jurisdictions that (A) govern the import, export and use of the Services and Software; and (B) may prohibit us from providing the Services and Software to you without notice. By using the Services and Software, you agree to comply with all such laws, restrictions and regulations and you warrant that you are not prohibited from receiving the Services and Software by the laws of any jurisdiction. "
Adobe.docx,28,Autor,uncle7,"Nothing in the Terms is intended to exclude, restrict or modify any consumer rights under the Competition and Consumer Act 2010 (Cth) (CCA) or any other legislation which may not be excluded, restricted or modified by agreement. "
Adobe.docx,29,Autor,arb-1,"If a dispute is not resolved within 30 days of receipt by us, any resulting legal actions must be resolved through final and binding arbitration, including any question of whether arbitration is required, except that you may assert claims in small claims court if your claims qualify"
Adobe.docx,30,Autor,period-1,"Claims related to the Terms, Services or Software are permanently barred if not brought within one year of the event resulting in the claim. "
Adobe.docx,31,Autor,class-1,"3 No Class Actions. You may only resolve disputes with us on an individual basis and you may not bring a claim as a plaintiff or a class member in a class, consolidated or representative action."
Adobe.docx,32,Autor,pato1,". Notwithstanding the foregoing, in the event of your or others’ unauthorised access to or use of the Services or Software in violation of the Terms, you agree that we are entitled to apply for injunctive remedies (or an equivalent type of urgent legal relief) in any jurisdiction."
Adobe.docx,33,Autor,serv_chg-1,"We may modify, update or discontinue the Services or Software (including any portions or features) at any time, without liability to you or anyone else."
Adobe.docx,34,Autor,tran-1,We may transfer our rights under the Terms to a third party.
Adobe.docx,35,Autor,sever0,". If any provision of the Terms is held invalid or unenforceable for any reason, the remainder of the Terms will continue in full force and effect."
Niantic.docx,0,Autor,docu1,Privacy Policy
Niantic.docx,1,Autor,what,"We publish real-world augmented reality mobile experiences, including mobile game applications (""Apps""), and operate a real-world augmented reality platform (“Platform”). "
Niantic.docx,2,Autor,docu2,Guidelines”
Niantic.docx,3,Autor,uncle,Some exceptions to the Terms may apply based on your country of residence 
Niantic.docx,4,Autor,contr_chg-1,"Niantic may modify these Terms at any time, and if we do, we will notify you by posting the modified Terms on the Site or in the App. It’s important that you review any modified Terms before you continue using the Services"
Niantic.docx,5,Autor,uncle,or any other country that does not allow such arbitration agreement
Niantic.docx,6,Autor,acc_del0,"If you breach these Terms we may take action against you, including but not limited to terminating your account."
Niantic.docx,7,Autor,ind0,"you release Niantic (and our officers, directors, agents, subsidiaries, joint ventures, and employees) from all claims, demands, and damages (actual and consequential) of every kind and nature, known and unknown, suspected and unsuspected, disclosed and undisclosed, arising out of or in any way connected with such disputes."
Niantic.docx,8,Autor,acc_sus-1acc_del-1,"We may suspend or terminate your access to and use of the Services, at our sole discretion, at any time and without notice to you, including if (a) you fail to comply with these Terms; (b) we suspect fraud, cheating, or misuse by you of Content or Services; or (c) we suspect any other unlawful activity associated with your Account. If your Account is inactive (i.e., not used or logged-into) for a period of time, we will notify you via the Services or in the App prior to termination of your Account."
Niantic.docx,9,Autor,ltd-1,"TO THE EXTENT PERMITTED UNDER APPLICABLE LAW, NIANTIC DECLINES ANY RESPONSIBILITY REGARDING ANY ACTIVITIES CONDUCTED BY A CHILD WITH OR WITHOUT THE PERMISSION OF A PARENT. IF YOU ARE A PARENT AND YOU GIVE YOUR PERMISSION FOR YOUR CHILD TO REGISTER FOR ONE OF THE SERVICES, YOU THEREBY AGREE TO THE TERMS RELATING TO USE OF THE SERVICES BY YOUR CHILD."
Niantic.docx,10,Autor,IP-1,"By making any User Content available through the Services you grant to Niantic a nonexclusive, transferable, sublicenseable, worldwide, royalty-free, perpetual license (or, if not permitted under applicable law, a license for the whole duration, including for any extension thereof, of all relevant rights under any applicable law)"
Niantic.docx,11,Autor,shad_ip1,"The right to reproduce User Content by any means and in any form.The right to publicly or privately broadcast or make available the User Content (or any product incorporating the User Content), in return for payment or free of charge in all places by any means or process known or unknown at the present time, and in particular via Internet, pay per view, pay per play, theatrical or television broadcasting, DVD, and print.The right to use the User Content for demonstration, promotion and advertising for all Niantic Services.The right to produce or order the production of any new product or service from the User Content or from any product incorporating or exploiting the User Content, either reproduced as it stands or modified by Niantic or by any outside party of its choice."
Niantic.docx,12,Autor,virtu1,"Certain Apps permit Account holders to capture and trade virtual items, including but not limited characters or other items (""Trading Items""), during gameplay. Unlike Virtual Money and Virtual Goods, Trading Items are obtained at no additional charge during gameplay. Trading Items are a category of Content, and you acknowledge that you do not acquire any ownership rights in or to Trading Items and that Trading Items do not have monetary value. Trading Items may be traded with other Account holders for other Trading Items, but Trading Items can never be sold, transferred, or exchanged for Virtual Money, Virtual Goods, “real” goods, “real” money, or “real” services, or any other consideration from us or anyone else.You agree that you will only obtain Trading Items from other Account holders and through means provided by Niantic, and not through any third-party platform, broker, or other mechanism, unless expressly authorized. Any such sale, transfer, or exchange (or attempt to do so) is prohibited and may result in the termination of your Account or cancellation of such Trading Items. All Trading Items and other Content are provided ""as is,"" without any warranty, except where prohibited under applicable law."
Niantic.docx,14,Autor,acc_del0,"Any such sale, transfer, or exchange (or attempt to do so) is prohibited, is a violation of these Terms and may result in cancellation of such Virtual Money or Virtual Goods or the termination of your Account."
Niantic.docx,13,Autor,virtu2,"Certain Apps permit the purchase of virtual currency (""Virtual Money""), specific to each App, and use of that Virtual Money to purchase virtual items or services expressly available for use in the respective Apps (“Virtual Goods”). Virtual Money is a category of Content. You may access and purchase Virtual Goods for your personal, non-commercial use of the Services. You acknowledge that you do not acquire any ownership rights in or to the Virtual Money or Virtual Goods. Any balance of Virtual Goods or Virtual Money does not reflect any stored value and you agree that Virtual Money and Virtual Goods have no monetary value and do not constitute currency or property of any type. Virtual Money may be redeemed only for Virtual Goods and can never be sold, transferred, or exchanged for “real” money, “real” goods, or “real” services from us or anyone else. You agree that you will only obtain Virtual Money and/or Virtual Goods from us and through means provided by us, and not from any third party unless expressly authorized. Once you acquire a license to Virtual Money or Virtual Goods, you may not transfer them to another individual or account. Any such sale, transfer, or exchange (or attempt to do so) is prohibited, is a violation of these Terms and may result in cancellation of such Virtual Money or Virtual Goods or the termination of your Account.During the term of your license to your Virtual Money, you may redeem your Virtual Money for selected Virtual Goods. As set forth below, all Virtual Money, Virtual Goods, and other Content is provided ""as is,"" without any warranty. You agree that all sales by us to you of Virtual Money and Virtual Goods are final and that we will not permit exchanges or refunds for any unused Virtual Money or Virtual Goods once the transaction has been made.Generally, we have the right to offer, modify, eliminate, and/or terminate Virtual Money, Virtual Goods, the Content, and/or the Services, or any portion thereof, at any time, without notice or liability to you. If we discontinue the use of Virtual Money or Virtual Goods, we will provide at least 60 days advance notice to you by posting a notice through the Services or through other communications."
Niantic.docx,15,Autor,serv_Chg-1,"Generally, we have the right to offer, modify, eliminate, and/or terminate Virtual Money, Virtual Goods, the Content, and/or the Services, or any portion thereof, at any time, without notice or liability to you. If we discontinue the use of Virtual Money or Virtual Goods, we will provide at least 60 days advance notice to you by posting a notice through the Services or through other communications."
Niantic.docx,16,Autor,sugg0 (due to the licence for use of User Content),Feedback is a form of User Content.
Niantic.docx,17,Autor,docu3,Copyright Policy
Niantic.docx,18,Autor,uncle,unless applicable law mandates that you be given the right to do so
Niantic.docx,19,Autor,cnt_del-1cng_mod0,"We reserve the right to remove or disable access to any Content, at any time and without notice"
Niantic.docx,20,Autor,disc-1,Niantic may remove any Content we consider to be objectionable or in violation of these Terms
Niantic.docx,21,Autor,ltd-1pato,"Unless prohibited by applicable law, you agree that by purchasing tickets to, participating in or attending an Event, you willingly, knowingly and voluntarily assume any and all risks occurring before, during or after the Event, including injury by any cause and damage, loss, or theft of property. You acknowledge that Events, and certain activities at Events, have inherent and unforeseen risks, including but not limited to (a) contact or collision with persons or objects, (b) obstacles (e.g., natural and man-made water, road and surface hazards), (c) equipment related hazards (e.g., broken, defective or inadequate equipment, unexpected equipment failure), (d) weather related hazards, (e) inadequate first aid and/or emergency measures, (f) judgment and/or behavior related problems (e.g., erratic or inappropriate participant, co-participant, or spectator behavior or errors in judgment by personnel at the Event), and (g) natural hazards (e.g., uneven or difficult terrain, wildlife and insects, contact with plants). You agree to take reasonable precautions before attending or participating in an Event and its activities, for example consulting with a personal physician and ensuring you are in good physical health, wearing appropriate attire, and bringing necessary or recommended supplies. You further understand and acknowledge it is your responsibility to inspect the Event grounds, facilities, equipment and areas to be used, and that by participating in the Event, you acknowledge the Event grounds, facilities, equipment, and areas to be used are safe, adequate, and acceptable for participation. If you believe or become aware of any unsafe conditions or unreasonable risks, you agree to immediately notify appropriate personnel and cease participation in the Event."
Niantic.docx,22,Autor,uncle,To the extent permitted under applicable law
Niantic.docx,23,Autor,ltd-1,"you hereby waive and release Niantic and any other party involved in creating or delivering the Event from any and all claims, demands, causes of action, damages, losses, expenses or liability which may arise out of, result from, or relate in any way to your attendance or participation in an Event, including for negligence, inherent and unforeseen risks, injury or damage to persons or property and the actions of third parties or Event participants and spectators."
Niantic.docx,24,Autor,uncle,Subject to applicable law
Niantic.docx,25,Autor,shad_ip2,"You consent to and approve of Niantic’s recording of your image, likeness, name, dialogue, biographic information, personal characteristics, and voice at Events and the royalty free use of this information subject to the same ""Rights Granted by You"" above. Niantic may publish the results of any competitions (including rankings and any winners), gameplay statistics, and pictures of participants in promotional and marketing materials and on social media in accordance with these Terms"
Niantic.docx,26,Autor,docu4,Promotional Terms
Niantic.docx,27,Autor,as_is-1,"TO THE EXTENT PERMITTED UNDER APPLICABLE LAW, THE SERVICES AND CONTENT ARE PROVIDED ""AS IS,"" WITHOUT WARRANTY OF ANY KIND. WITHOUT LIMITING THE FOREGOING, WE EXPLICITLY DISCLAIM ANY WARRANTIES OF MERCHANTABILITY, FITNESS FOR A PARTICULAR PURPOSE, QUIET ENJOYMENT, OR NONINFRINGEMENT, AND ANY WARRANTIES ARISING OUT OF COURSE OF DEALING OR USAGE OF TRADE. WE MAKE NO WARRANTY THAT THE SERVICES WILL MEET YOUR REQUIREMENTS OR BE AVAILABLE ON AN UNINTERRUPTED, SECURE, OR ERROR-FREE BASIS. WE MAKE NO WARRANTY REGARDING THE QUALITY, ACCURACY, TIMELINESS, TRUTHFULNESS, COMPLETENESS OR RELIABILITY OF ANY CONTENT."
Niantic.docx,28,Autor,uncle,TO THE EXTENT PERMITTED UNDER APPLICABLE LAW
Niantic.docx,29,Autor,ltd-1,"NEITHER NIANTIC NOR ANY OTHER PARTY INVOLVED IN CREATING, PRODUCING, OR DELIVERING THE SERVICES OR CONTENT WILL BE LIABLE TO YOU FOR ANY INDIRECT, INCIDENTAL, SPECIAL, PUNITIVE, EXEMPLARY, OR CONSEQUENTIAL DAMAGES, INCLUDING LOST PROFITS, LOSS OF DATA OR GOODWILL, SERVICE INTERRUPTION, COMPUTER DAMAGE OR SYSTEM FAILURE OR THE COST OF SUBSTITUTE SERVICES, ARISING OUT OF OR IN CONNECTION WITH THESE TERMS, OR FROM THE USE OF OR INABILITY TO USE THE SERVICES OR CONTENT, OR FROM ANY COMMUNICATIONS, INTERACTIONS, OR MEETINGS WITH OTHER USERS OF THE SERVICES OR PERSONS WITH WHOM YOU COMMUNICATE OR INTERACT AS A RESULT OF YOUR USE OF THE SERVICES, WHETHER BASED ON WARRANTY, CONTRACT, TORT (INCLUDING NEGLIGENCE), PRODUCT LIABILITY, OR ANY OTHER LEGAL THEORY, AND WHETHER OR NOT NIANTIC HAS BEEN ADVISED OF THE POSSIBILITY OF SUCH DAMAGES, EVEN IF A LIMITED REMEDY SET FORTH HEREIN IS FOUND TO HAVE FAILED OF ITS ESSENTIAL PURPOSE. SOME JURISDICTIONS DO NOT ALLOW THE EXCLUSION OR LIMITATION OF LIABILITY FOR CONSEQUENTIAL OR INCIDENTAL DAMAGES"
Niantic.docx,30,Autor,uncle,SO THE FOREGOING LIMITATION OF LIABILITY SHALL APPLY TO THE FULLEST EXTENT PERMITTED BY LAW IN THE APPLICABLE JURISDICTION.
Niantic.docx,31,Autor,uncle,TO THE EXTENT PERMITTED UNDER APPLICABLE LAW
Niantic.docx,32,Autor,ltd_cap-1,"IN NO EVENT WILL NIANTIC’S TOTAL LIABILITY ARISING OUT OF OR IN CONNECTION WITH THESE TERMS, AN EVENT, OR FROM THE USE OF OR INABILITY TO USE THE SERVICES OR CONTENT EXCEED ONE THOUSAND DOLLARS ($1000), OR, IF CONTRACTING WITH NIANTIC INTERNATIONAL LIMITED, ONE THOUSAND POUNDS (£1000). THE EXCLUSIONS AND LIMITATIONS OF DAMAGES SET FORTH ABOVE ARE FUNDAMENTAL ELEMENTS OF THE BASIS OF THE BARGAIN BETWEEN NIANTIC AND YOU."
Niantic.docx,34,Autor,uncle,ANY JURISDICTION WHICH DOES NOT ALLOW THIS ARBITRATION AGREEMENT
Niantic.docx,33,Autor,arb-1class-1,"YOU AGREE THAT DISPUTES BETWEEN YOU AND NIANTIC WILL BE RESOLVED BY BINDING, INDIVIDUAL ARBITRATION, AND YOU ARE WAIVING YOUR RIGHT TO A TRIAL BY JURY OR TO PARTICIPATE AS A PLAINTIFF OR CLASS MEMBER IN ANY PURPORTED CLASS ACTION OR REPRESENTATIVE PROCEEDING. THIS NOTICE DOES NOT APPLY: (1) IF YOU ARE A RESIDENT OF THE EEA, OR ANY JURISDICTION WHICH DOES NOT ALLOW THIS ARBITRATION AGREEMENT, (2) IF YOU OPT OUT OF ARBITRATION AS DESCRIBED IN THE ""ARBITRATION"" SECTION BELOW, OR (3) TO CERTAIN TYPES OF DISPUTES DESCRIBED IN SECTION 13.1, “ARBITRATION,” BELOW."
Niantic.docx,35,Autor,uncle,or another jurisdiction which allows you to agree to arbitration
Niantic.docx,36,Autor,c_forum-1,"To the extent that these Terms allow you or Niantic to initiate litigation in a court, other than for small claims court actions, both you and Niantic agree to the exclusive jurisdiction of and venue in the state and federal courts located in the Northern District of California"
Niantic.docx,37,Autor,c_law-1,"These Terms and your use of the Services are governed by the laws of the State of California, excluding its conflicts-of-law rules"
Niantic.docx,38,Autor,sever0,"If any provision of these Terms is held invalid or unenforceable, that provision will be enforced to the maximum extent permissible and the other provisions of these Terms will remain in full force and effect."
Niantic.docx,39,Autor,tran-1,"Niantic may freely assign or transfer these Terms without restriction, and the transferor or assignor shall not remain jointly and severally liable. Subject to the foregoing, these Terms will bind and inure to the benefit of the parties, their successors and permitted assigns."
ZipRecruiter.docx,0,Autor,docu,Privacy Policy 
ZipRecruiter.docx,1,Autor,contr_chg-1,"We reserve the right to amend this Agreement (including the Privacy Policy and any Specific Terms of Service) at any time by notifying you as provided in this Agreement. Your continued use of the Services after any such change constitutes your acceptance of the revised Terms of Use. If you do not agree to any of these terms of this Agreement, you are not permitted to use or access (or continue to access), the Services."
ZipRecruiter.docx,2,Autor,uncle,to the extent permitted by the laws of the jurisdiction where you reside
ZipRecruiter.docx,3,Autor,acc_sus-1acc_del-1,"We reserve the right at any time and from time to time, to disable or terminate your account, any username, password, or other identifier, whether chosen by you or provided by us, in our sole discretion for any or no reason, including any violation of any provision of these Terms of Use."
ZipRecruiter.docx,4,Autor,acc_sus-1acc_del-1ltd-1,"ZipRecruiter may suspend or terminate your account and/or your access to the Services, or any portion of the Services at any time without notice to you, for any reason, including if in our sole discretion we determine that you have violated the terms of this Agreement (including in accordance with Section 1E and/or 6F below). Upon any such termination, all the provisions of this Agreement shall continue to survive except for any provisions that grant you access to any of the Services. You agree that we will have no liability to you for any termination or suspension of your access to the Services or your account, or the deletion of information contained within such account."
ZipRecruiter.docx,5,Autor,serv_chg-1,"We may, without prior notice, change any aspect of the Services; stop providing the Services or features of the Services; or create usage limits for the Services (for paid products and services). If any such change, cessation or limitation of the Services materially and adversely affects you, then you may terminate the Services on written notice to us. In the event of such termination, you will receive a pro-rata refund of any pre-paid fees pertaining to Services paid for, but not provided, for the balance of the applicable term of your then-current subscription plan. We may permanently or temporarily limit, condition, terminate or suspend your access to the Services or any features thereof, including if in our sole determination (acting reasonably) you breach or violate any provision of this Agreement, commit fraud or other abuse using the Services."
ZipRecruiter.docx,6,Autor,as_is-1,"(I) SALARY DATA AND SALARY DATA DISPLAYS ARE PROVIDED ON AN “AS IS,” “AS AVAILABLE” BASIS; (II) ANY USE OR RELIANCE UPON ANY PORTION OF THE SALARY DATA AND SALARY DATA DISPLAYS SHALL BE AT YOUR OWN RISK. TO THE MAXIMUM EXTENT PERMITTED BY LAW, WE AND ANY THIRD PARTY PROVIDERS OF SALARY DATA HEREBY EXPRESSLY DISCLAIM ALL WARRANTIES, EXPRESS OR IMPLIED, WITH RESPECT TO THE SALARY DATA OR SALARY DATA DISPLAYS, INCLUDING WITHOUT LIMITATION, ANY IMPLIED WARRANTIES OF ACCURACY, COMPLETENESS, CORRECTNESS, QUALITY, OR FITNESS FOR A PARTICULAR PURPOSE, AND (III) NEITHER WE NOR ANY THIRD PARTY PROVIDER OF SALARY DATA SHALL BE LIABLE FOR ANY LOSS, COST OR DAMAGE SUFFERED OR INCURRED BY USE BY YOU OF THE SALARY DATA AND SALARY DATA DISPLAYS"
ZipRecruiter.docx,7,Autor,cnt_del0cnt_mod0,"ZipRecruiter reserves the right to reject and/or remove such User Content, and suspend and/or terminate any User Account associated with such User Content"
ZipRecruiter.docx,8,Autor,pato,"For the avoidance of doubt, you agree that we have the right to disclose your identity to a third party who is claiming that any User Content you posted, provided or uploaded is fraudulent, false, or misleading or constitutes a violation of the law, or a violation of their intellectual property or ownership rights, or of their right to privacy."
ZipRecruiter.docx,9,Autor,IP-1,"you expressly grant, and represent that you have a right to grant, to ZipRecruiter, a royalty-free, sublicensable (through multiple layers of sublicensees), perpetual, transferable, non-exclusive, worldwide license to use, sell, reproduce, adapt, translate, sublicense, publicly perform, publicly display, and make derivative works from and otherwise exploit, all such User Content in whole or in part, and in any form, media or technology, whether now known or hereafter developed, for the purposes of posting such User Content on the ZipRecruiter websites, distributing such User Content through the ZipRecruiter distribution and publishing network and in job alerts to job seekers, and to promote ZipRecruiter and the Services."
ZipRecruiter.docx,10,Autor,sugg0,"Such Feedback will be deemed to include a royalty-free, perpetual, irrevocable, transferable, sublicensable, and non- exclusive right and license for ZipRecruiter to adopt, publish, reproduce, disseminate, transmit, distribute, copy, use, create derivative works of, and display (in whole or in part) worldwide, or act on any such Feedback without additional approval or consideration in any form, media, or technology now known or later developed for the full term of any rights that may exist in such content, and you hereby waive any claim to the contrary. To the extent permitted by applicable law, you waive any moral rights and irrevocably consent to any acts that would otherwise infringe your moral rights, in your Feedback. You agree not to provide any Feedback that is false or misleading or that breaches any agreement you have with a third party."
ZipRecruiter.docx,11,Autor,price_chg0,"ZipRecruiter may (1) add new services and products for additional fees and charges, at any time in its sole discretion, or (2) amend fees andcharges for existing services, at any time in its sole discretion upon notice. Cancellation requests should be made in accordance with Section 6(E)(iv) below."
ZipRecruiter.docx,12,Autor,acc_sus0acc_del0,"ZipRecruiter may suspend or terminate your access to the Services and/or this Agreement in the following instances: (I) if you breach this Agreement and cannot correct the breach within that period required by ZipRecruiter if the breach is capable of  cure; (II) immediately, if you fail to pay any monies owed to ZipRecruiter for paid services; (III) immediately if you become the subject of a bankruptcy, insolvency, receivership, liquidation, assignment for the benefit of creditors or similar proceeding; (IV) immediately in the event of violations of this Agreement; (V) for any abuse, inappropriate behavior, or other conduct (including posting inaccurate, false, misleading, or dishonest Job Advertisements), which in our sole discretion adversely affects or has the potential to affect us, our employees or users of our Services; (VI) immediately if you send excessive, disruptive, deceptive, dishonest, or abusive communications to another User by mail, email, text, phone, or other mode of communication (as may be determined in ZipRecruiterʼs sole discretion), regardless if such communication takes place on or off the Services; (VII) immediately if you in any way disclose, transfer, or sell any Data from the Resume Database (both terms as defined below) or within a Userʼs resume/CV or profile to a third party, except as expressly permitted by this Agreement; and/or (VIII) immediately, if you charge, or attempt to charge, a Job Seeker any money to review or otherwise proceed with the hiring process after such Job Seeker submits a Job Application on the Services."
ZipRecruiter.docx,13,Autor,recom0,"If you have a ZipRecruiter account, provide your resume/CV to ZipRecruiter, and/or sign up for Job Alerts, you agree that we may (A) use the information you provide to send you information about Job Advertisements that may be of interest to you; and (B) display or provide your resume/CV and profile information (to the extent that you have not designated it as private) to an employer or recruiter who may be interested in candidates like you."
ZipRecruiter.docx,14,Autor,recom0,"Consenting to ZipRecruiter matching words, skills, or certifications that are present or implied in your resume or other application materials to words, skills, or certifications present or implied in a Job Advertisement or an employerʼs or recruiterʼs search of terms, and if there are any matches, to present matching resumes/CVs to the applicable employer or recruiter and to send information to you about Job Advertisements that may be of interest to you."
ZipRecruiter.docx,15,Autor,ind0,"You agree to indemnify and hold ZipRecruiter and its subsidiaries, and their respective officers, directors, employees, and agents harmless from and against any and all claims, costs, damages, losses, liabilities and expenses (including attorneys' fees and costs) arising out of or in connection with Job Advertisements provided by you or any other content provided by you, or your breach of this Agreement."
ZipRecruiter.docx,16,Autor,acc_sus0acc_del0,"ZipRecruiter may suspend, limit, condition, or terminate an Authorized User's access to the Services or any features thereof, in the event that ZipRecruiter reasonably determines that such Authorized User has violated this Agreement or appears likely to do so."
ZipRecruiter.docx,17,Autor,cnt_del-1cnt_mod0,"We also have the right to:Remove or refuse to post any User Content for any or no reason in our sole discretion.Take any action with respect to any User Content that we deem necessary or appropriate in our sole discretion, including if we believe that such User Content violates the Terms of Use, including the Content Rules, infringes any intellectual property right or other right of any person or entity, threatens the personal safety of users of the Website or the public, or could create liability for us."
ZipRecruiter.docx,18,Autor,uncle,and other applicable law
ZipRecruiter.docx,19,Autor,uncle,To the maximum extent permitted by applicable law
ZipRecruiter.docx,20,Autor,ind0,"you agree to defend, indemnify and hold harmless ZipRecruiter and its subsidiaries, and their respective directors, officers, board members, employees, agents, successors and assigns, from and against any and all claims, damages, obligations, losses, liabilities, costs or debt, and expenses (including but not limited to all legal fees and expenses) arising from: (i) your use of and access to the Services, including any data or content transmitted or received by you; (ii) your violation of any term of this Agreement and any other agreement that you have with ZipRecruiter, including without limitation your breach of any of the representations and warranties herein; (iii) your violation of any third-party rights, including without limitation any right of privacy or Intellectual Property Rights; (iv) your violation of any applicable law, rule or regulation, including, without limitation, your violation of the U.S. Fair Credit Reporting Act, or pursuant to applicable credit reporting laws, and any applicable data protection, email marketing, or telemarketing laws (including any email, phone call or text message you send or make to another User); (v) any claims or damages that arise as a result of your User Content; (vi) any other party's access and use of the Services with your account or log-in information; and/or (vii) your intentional or willful misconduct, or negligence."
ZipRecruiter.docx,21,Autor,uncle,"NOTHING IN THIS AGREEMENT SEEKS TO EXCLUDE ANY CONDITION, WARRANT OR GUARANTEE THAT CANNOT BE EXCLUDED UNDER APPLICABLE LAW."
ZipRecruiter.docx,22,Autor,uncle,AGREEMENT AND TO THE MAXIMUM EXTENT PERMITTED BY APPLICABLE LAW
ZipRecruiter.docx,23,Autor,as_is-1,"ZIPRECRUITER DOES NOT GUARANTEE ANY RESULTS FROM USING THE SERVICES. THE SERVICES ARE PROVIDED ON AN ""AS IS"" AND ""AS AVAILABLE"" BASIS. USE OF THE SERVICES ARE AT YOUR OWN OPTION AND RISK. TO THE MAXIMUM EXTENT PERMITTED BY APPLICABLE LAW, THE SERVICES ARE PROVIDED WITHOUT WARRANTIES, GUARANTEES, CONDITIONS OR TERMS OF ANY KIND, WHETHER EXPRESS OR IMPLIED, INCLUDING, BUT NOT LIMITED TO, IMPLIED WARRANTIES OF MERCHANTABILITY, SATISFACTORY QUALITY, FITNESS FOR A PURPOSE OR A PARTICULAR PURPOSE, NON-INFRINGEMENT, OR ANY OTHER IMPLIED WARRANTY UNDER THE UNIFORM COMPUTER INFORMATION TRANSACTIONS ACT AS ENACTED BY ANY STATE. NO ADVICE OR INFORMATION, WHETHER ORAL OR WRITTEN, OBTAINED BY YOU FROM ZIPRECRUITER, ITS EMPLOYEES, OR AGENTS, OR THROUGH THE SERVICES, WILL CREATE ANY WARRANTY, GUARANTEE, TERM OR CONDITION NOT EXPRESSLY STATED HEREIN. WITHOUT LIMITING THE FOREGOING, WE DO NOT WARRANT THAT (I) ANY CONTENT PROVIDED ON OR THROUGH THE SERVICES IS ACCURATE, LEGALLY COMPLIANT, UP-TO-DATE, RELIABLE OR CORRECT; (II) THE SERVICES WILL MEET YOUR REQUIREMENTS; (III) THE SERVICES WILL BE AVAILABLE AT ANY PARTICULAR TIME OR LOCATION, OR WILL BE UNINTERRUPTED OR SECURE;ANY DEFECTS OR ERRORS WILL BE CORRECTED; OR (V) THAT THE SERVICES ARE FREE OF VIRUSES OR OTHER HARMFUL COMPONENTS. ANY CONTENT DOWNLOADED OR OTHERWISE OBTAINED THROUGH THE USE OF THE SERVICES IS DOWNLOADED OR AVAILABLE AT YOUR OWN OPTION AND RISK AND YOU WILL BE SOLELY RESPONSIBLE FOR ANY DAMAGE TO YOUR COMPUTER SYSTEM OR LOSS OF DATA OR ANY OTHER TYPE OF LOSS THAT RESULTS FROM SUCH CONTENT OR YOUR USE OF THE SERVICES."
ZipRecruiter.docx,24,Autor,uncle,"IF ANY SUCH WARRANTY OR GUARANTEE CANNOT BE EXCLUDED UNDER APPLICABLE LAW, THEN TO THE EXTENT PERMITTED BY APPLICABLE LAW"
ZipRecruiter.docx,25,Autor,uncle,TO THE MAXIMUM EXTENT PERMITTED BY APPLICABLE LAW 
ZipRecruiter.docx,26,Autor,ltd-1,"THIS AGREEMENT, IN NO EVENT SHALL ZIPRECRUITER, ITS SUBSIDIARIES, AND THEIR RESPECTIVE BOARD MEMBERS, DIRECTORS, OFFICERS, EMPLOYEES, AGENTS, SUCCESSOR AND ASSIGNS, BE LIABLE TO YOU, WHETHER IN CONTRACT, TORT (INCLUDING NEGLIGENCE), FOR BREACH OF STATUTORY DUTY, OR OTHERWISE FOR ANY (I) INDIRECT, PUNITIVE, INCIDENTAL, SPECIAL, CONSEQUENTIAL, EXEMPLARY DAMAGES OR LOSSES, OR ANY OTHER LOSS OR DAMAGE THAT DOES NOT ARISE NATURALLY AND ACCORDING TO THE USUAL COURSE OF THINGS FROM THE BREACH, ACT OR OMISSION RELATING TO THIS AGREEMENT AND GIVING RISE TO THAT LOSS, WHETHER OT NOT SUCH LOSS MAY REASONABLY BE SUPPOSED TO HAVE BEEN IN THE CONTEMPLATION OF THE PARTIES AT THE TIME THEY ENTERED INTO THIS AGREEMENT AS A PROBABLY RESULT OF THE BREACH, ACT OR OMISSION; OR (II) LOSS OF PROFITS, GOODWILL, USE, DATA THAT RESULT FROM THE USE OF, OR INABILITY TO USE, THE SERVICES. UNDER NO CIRCUMSTANCES WILL ZIPRECRUITER BE RESPONSIBLE FOR ANY DAMAGE, LOSS OR INJURY RESULTING FROM HACKING, TAMPERING OR OTHER UNAUTHORIZED ACCESS OR USE OF THE SERVICES OR YOUR ACCOUNT OR THE INFORMATION CONTAINED THEREIN."
ZipRecruiter.docx,27,Autor,uncle,TO THE MAXIMUM EXTENT PERMITTED BY APPLICABLE LAW
ZipRecruiter.docx,28,Autor,ltd-1,"ZIPRECRUITER ASSUMES NO LIABILITY OR RESPONSIBILITY FOR ANY (I) ERRORS, MISTAKES, OR INACCURACIES OF CONTENT; (II) PERSONAL INJURY OR PROPERTY DAMAGE, OF ANY NATURE WHATSOEVER, RESULTING FROM YOUR ACCESS TO OR USE OF THE SERVICES; (III) UNAUTHORIZED ACCESS TO OR USE OF OUR SYSTEMS OR SERVERS AND/OR ANY PERSONAL INFORMATION STORED THEREIN; (IV) INTERRUPTION OR CESSATION OF TRANSMISSION TO OR FROM THE SERVICES;BUGS, VIRUSES, TROJAN HORSES, OR THE LIKE THAT MAY BE TRANSMITTED TO OR THROUGH THE SERVICES BY ANY THIRD PARTY; (VI) ERRORS OR OMISSIONS IN ANY CONTENT OR FOR ANY LOSS OR DAMAGE INCURRED AS A RESULT OF THE USE OF ANY CONTENT POSTED, EMAILED, TRANSMITTED, OR OTHERWISE MADE AVAILABLE THROUGH THE SERVICES; (VII) USER CONTENT OR (VIII) THE DEFAMATORY, OFFENSIVE, OR ILLEGAL CONDUCT OF ANY USER OR THIRD PARTY."
ZipRecruiter.docx,29,Autor,ltd_cap-1,"IN NO EVENT SHALL ZIPRECRUITER, ITS SUBSIDIARIES, AND THEIR RESPECTIVE OFFICERS, DIRECTORS, EMPLOYEES AND AGENTS, SUCCESSORS AND ASSIGNS BE LIABLE TO YOU FOR ANY CLAIMS, PROCEEDINGS, LIABILITIES, OBLIGATIONS, DAMAGES, LOSSES OR COSTS IN AN AMOUNT EXCEEDING THE AMOUNT YOU PAID TO ZIPRECRUITER IN THE 3 MONTH PERIOD IMMEDIATELY PRECEDING THE EVENT THAT GAVE RISE TO THE CLAIM OR USD $10, WHICHEVER IS LESSER."
ZipRecruiter.docx,30,Autor,arb-1class-1,"This Agreement contains an Arbitration provision, which will, with limited exception, require you to submit disputes you have against ZipRecruiter to binding and final arbitration to the extent that the laws of the jurisdiction where you reside permit the inclusion of Arbitration provision in these Terms of Use. You will only be permitted to pursue claims against ZipRecruiter on an individual basis, not as a plaintiff or class member in any class or representative action or proceeding, and you will only be permitted to seek relief (including monetary, injunctive, and declaratory relief) on an individual basis."
ZipRecruiter.docx,31,Autor,uncle,To the full extent permitted by law
ZipRecruiter.docx,32,Autor,c_law-1,"Those who choose to access the Services from other locations do so on their own initiative and are responsible for compliance with all United States of America, Canadian, Australian, New Zealand, and/or Indian laws (as applicable and in accordance with the Applicable Website) as well as local laws, if and to the extent local laws are applicable."
ZipRecruiter.docx,33,Autor,c_law-1,"Unless otherwise required by a mandatory law, this Agreement and any Disputes shall be governed by the internal substantive laws of the State of California, without respect to its conflict of laws principles"
ZipRecruiter.docx,34,Autor,uncle,to the extent required by applicable law
ZipRecruiter.docx,35,Autor,c_forum-1,"Except as otherwise expressly provided in this Agreement, all arbitration and other litigation in a court of competent jurisdiction of any dispute between you and ZipRecruiter related to this Agreement shall be located in Los Angeles County, California."
ZipRecruiter.docx,36,Autor,tran-1,"This Agreement shall be personal to you and you may not assign, transfer, sublet, lease or delegate all or any of your rights and obligations, without the prior written consent of the General Counsel of ZipRecruiter or his/her designee. ZipRecruiter can assign this Agreement or delegate its obligations without restriction other than as required under applicable law."
ZipRecruiter.docx,37,Autor,uncle,than as required under applicable law.
ZipRecruiter.docx,38,Autor,docu,"""Quote"" "
ZipRecruiter.docx,39,Autor,sever0,"If any provision of this Agreement is held invalid or unenforceable by a court of competent jurisdiction, such invalidity shall not affect the validity or operation of any other provision and such invalid provision shall be deemed to be severed from this Agreement."
ZipRecruiter.docx,40,Autor,uncle,to the extent permitted by the laws of the jurisdiction where you reside
ZipRecruiter.docx,41,Autor,uncle,including any notices required by law
ZipRecruiter.docx,42,Autor,acc_sus-1acc_del-1dsic-1,"We reserve the right at any time and from time to time, to disable or terminate your account, any username, password, or other identifier, whether chosen by you or provided by us, in our sole discretion for any or no reason, including any violation of any provision of these Terms of Use."
ZipRecruiter.docx,43,Autor,serv_chg-1acc_sus-1acc_del-1,"We may, without prior notice, change any aspect of the Services; stop providing the Services or features of the Services; or create usage limits for the Services (for paid products and services). We may permanently or temporarily limit, condition, terminate or suspend your access to the Services or any features thereof, without notice and liability for any reason, including if in our sole determination you breach or violate any provision of this Agreement, commit fraud or other abuse using the Services, or for no reason. Upon termination for any reason or no reason, you continue to be bound by this Agreement."
ZipRecruiter.docx,44,Autor,uncle,"under the laws of any state, country, territory or other jurisdiction"
ZipRecruiter.docx,45,Autor,cnt_del-1cnt_mod-1,"to the extent that ZipRecruiter becomes or is made aware of, User Content that may or does (i) violate the terms of this Agreement or any other Agreement you have with ZipRecruiter, or (ii) violate any law or regulation, or (iii) violate the rights of third parties, or (iv) create liability for ZipRecruiter or otherwise negatively impact ZipRecruiter, ZipRecruiter reserves the right to reject and/or remove such User Content, and suspend and/or terminate any User Account associated with such User Content."
ZipRecruiter.docx,46,Autor,uncle,To the fullest extent permitted by applicable law
ZipRecruiter.docx,47,Autor,IP0,"By posting, submitting, providing and/or otherwise making available any User Content, you expressly grant, and represent that you have a right to grant, to ZipRecruiter, a royalty-free, sublicensable (through multiple layers of sublicensees), perpetual, transferable, non-exclusive, worldwide license to use, sell, reproduce, adapt, translate, sublicense, publicly perform, publicly display, and make derivative works from and otherwise exploit, all such User Content in whole or in part, and in any form, media or technology, whether now known or hereafter developed, for the purposes of posting such User Content on the ZipRecruiter websites, distributing such User Content through the ZipRecruiter distribution and publishing network and in job alerts to job seekers, and to promote ZipRecruiter and the Services. This license continues even if you stop using the Services."
ZipRecruiter.docx,48,Autor,Sugg0,". Accordingly, you understand and accept that ZipRecruiter will be free to use, disclose, reproduce, license or otherwise distribute, commercialize and exploit the Feedback as it sees fit, entirely without obligation or restriction of any kind and without compensation to you. To the extent applicable, you hereby waive any moral rights in your Feedback. You agree not to provide any Feedback that is false or misleading or that breaches any agreement you have with a third party."
ZipRecruiter.docx,49,Autor,Price_chg0,"Certain aspects of the Services may be provided for a fee. If you are a Client and elect to use a paid feature of the Services, you agree to the pricing and payment terms for the applicable Services, as we may update them from time to time. ZipRecruiter may (1) add new services and products for additional fees and charges, at any time in its sole discretion, or (2) amend fees and charges for existing services, at any time in its sole discretion upon notice."
ZipRecruiter.docx,50,Autor,Period-1,All disputes must be submitted to ZipRecruiter in writing within thirty (30) days from the date of the invoice with respect to which you have a dispute. You waive the right to dispute any charges not disputed within such thirty (30) day period.
ZipRecruiter.docx,51,Autor,uncle,to the fullest extent available under applicable law
ZipRecruiter.docx,52,Autor,acc_sus0acc_del0,"ZipRecruiter may suspend or terminate your access to the Services and/or this Agreement in the following instances: (I) if you breach this Agreement and cannot correct the breach within that period required by ZipRecruiter if the breach is capable of cure; (II) immediately, if you fail to pay any monies owed to ZipRecruiter for paid services; (III) immediately if you become the subject of a bankruptcy, insolvency, receivership, liquidation, assignment for the benefit of creditors or similar proceeding; (IV) immediately in the event of violations of this Agreement; (V) for any abuse, inappropriate behavior, or other conduct, which in our sole discretion adversely affects or has the potential to affect us, our employees or users of our Services; (VI) immediately if you send excessive, disruptive, deceptive, or abusive communications to another User by mail, email, text, phone, or other mode of communication (as may be determined in ZipRecruiterʼs sole discretion), regardless if such communication takes place on or off the Services; (VII) immediately if you in any way disclose, transfer, or sell any Data (defined below) within a Userʼs resume/CV or profile to a third party, except as expressly permitted by this Agreement; and/or (VIII) immediately, if you charge, or attempt to charge, a Job Seeker any money to review or otherwise proceed with the hiring process after such Job Seeker submits a Job Application on the Services"
ZipRecruiter.docx,53,Autor,recom0,"If you have signed up for Job Alerts, you agree that we may use the information you provide to send you information about Job Advertisements that may be of interest to you."
ZipRecruiter.docx,54,Autor,acc_sus0acc_del0,"ZipRecruiter may suspend, limit, condition, or terminate an Authorized User's access to the Services or any features thereof, in the event that ZipRecruiter reasonably determines that such Authorized User has violated this Agreement or appears likely to do so."
ZipRecruiter.docx,55,Autor,cnt_del-1cnt_mod0,"We also have the right to:Remove or refuse to post any User Content for any or no reason in our sole discretion.Take any action with respect to any User Content that we deem necessary or appropriate in our sole discretion, including if we believe that such User Content violates the Terms of Use, including the Content Rules, infringes any intellectual property right or other right of any person or entity, threatens the personal safety of users of the Website or the public, or could create liability for us"
ZipRecruiter.docx,56,Autor,acc_sus0acc_del0,. ZipRecruiter reserves the right to suspend or terminate your access to the Services or terminate this Agreement in the event of any non-compliance with this Agreement or any other agreement you have with ZipRecruiter. 
ZipRecruiter.docx,57,Autor,uncle,To the maximum extent permitted by law
ZipRecruiter.docx,58,Autor,as_is-1,"ZIPRECRUITER DOES NOT WARRANT, ENDORSE, GUARANTEE, OR ASSUME RESPONSIBILITY FOR ANY PRODUCT OR SERVICE ADVERTISED OR OFFERED BY A USER OR THIRD PARTY TO YOU, AND ZIPRECRUITER WILL NOT BE A PARTY TO OR IN ANY WAY MONITOR ANY TRANSACTION BETWEEN YOU AND A USER OR THIRD-PARTY PROVIDERS OF PRODUCTS OR SERVICES.ZIPRECRUITER DOES NOT WARRANT THAT YOUR USE OF THE SERVICES WILL SATISFY OR ENSURE COMPLIANCE WITH ANY LEGAL OBLIGATIONS OR LAWS OR REGULATIONS."
ZipRecruiter.docx,59,Autor,ltd0,"If you are a Job Seeker, acting as a consumer and resident in the European Union or United Kingdom, and ZipRecruiter negligently breaches this Agreement, ZipRecruiter is responsible for loss or damage you suffer that is a foreseeable result of a breach by ZipRecruiter of this Agreement or as a result of the negligent breach of ZipRecruiter. ZipRecruiter is not responsible for any loss or damage that is not foreseeable."
ZipRecruiter.docx,60,Autor,uncle,To the extent permitted by applicable law
ZipRecruiter.docx,61,Autor,uncle,"If such clauses are prohibited pursuant to mandatory consumer laws of your country of residence,"
ZipRecruiter.docx,62,Autor,ltd0uncle,"If you are a Job Seeker, acting as a consumer and resident in the European Union, ZipRecruiter does not exclude or limit in any way its liability for:death or personal injury caused by the negligence of ZipRecruiter fraud or fraudulent misrepresentation by ZipRecruiter;your rights as a consumer under applicable law of the country in which you reside; andany other liability that cannot be excluded or limited by applicable law"
ZipRecruiter.docx,63,Autor,arb-1,"This Agreement contains an Arbitration provision, which will, with limited exception, require you to submit disputes you have against ZipRecruiter to binding and final arbitration "
ZipRecruiter.docx,64,Autor,uncle,to the extent that the laws of the jurisdiction where you reside permit the inclusion of Arbitration provision in these Terms of Use
ZipRecruiter.docx,65,Autor,class-1,"You will only be permitted to pursue claims against ZipRecruiter on an individual basis, not as a plaintiff or class member in any class or representative action or proceeding, and you will only be permitted to seek relief (including monetary, injunctive, and declaratory relief) on an individual basis."
ZipRecruiter.docx,66,Autor,arb-1,"This Section 14 is referred to in this Agreement as the ""Agreement to Arbitrate"". Unless you opt-out pursuant to the opt-out procedures set forth below, you agree that any and all disputes or claims that have arisen or may arise between you and ZipRecruiter or its affiliates, whether relating to the Services, this Agreement (including any alleged breach thereof), or otherwise (each a ""Dispute""), shall be resolved exclusively through final and binding arbitration, rather than a court in accordance with the terms of this Agreement to Arbitrate. Your rights will be determined by a neutral arbitrator, not a judge or jury. YOU UNDERSTAND THAT ABSENT THIS AGREEMENT TO ARBITRATE, YOU WOULD HAVE THE RIGHT TO SUE IN COURT AND HAVE A JURY TRIAL."
ZipRecruiter.docx,67,Autor,uncle,", if and to the extent local laws are applicable"
ZipRecruiter.docx,68,Autor,uncle,"Unless otherwise required by a mandatory law of a member state of the European Union, United Kingdom, or Switzerland or any other jurisdiction"
ZipRecruiter.docx,69,Autor,c_law-1,"shall be governed by the internal substantive laws of the State of California, without respect to its conflict of laws principles. "
ZipRecruiter.docx,70,Autor,c_forum-1,"Except as otherwise expressly provided in this Agreement, all arbitration and other litigation in a court of competent jurisdiction of any dispute between you and ZipRecruiter related to this Agreement shall be located in Los Angeles County, California."
ZipRecruiter.docx,71,Autor,tran-1,ZipRecruiter can assign this Agreement or delegate its obligations without restriction.
ZipRecruiter.docx,72,Autor,sever0,"If any provision of this Agreement is held invalid or unenforceable by a court of competent jurisdiction, such invalidity shall not affect the validity or operation of any other provision and such invalid provision shall be deemed to be severed from this Agreement."
Nike.docx,0,Autor,uncle,"Some jurisdictions do not permit unilateral updates or changes to consumer terms, so this paragraph may not apply to you."
Nike.docx,1,Autor,Contr_chg-1,"We may update these Terms from time to time. If a material change is made, we will post a notice on the Platform or send you a notiﬁcation. Read through any changes, and if you don’t agree to them, please stop using the Platform. If you continue to use our Platform after we notify you of changes, you will be deemed to have accepted the updated Terms, except to the extent prohibited by applicable law."
Nike.docx,2,Autor,docu,Terms of Sale
Nike.docx,3,Autor,docu,Privacy Policy 
Nike.docx,4,Autor,uncle,TO THE MAXIMUM EXTENT ALLOWED BY APPLICABLE LAW
Nike.docx,5,Autor,IP-1,"You represent that you have the right to post your User Content, and you grant NIKE a non- exclusive, perpetual, transferable, sub-licensable, royalty-free, worldwide license to use any of the User Content that you post on or in connection with the Platform, including the likeness of any person that appears in the User Content, or any of the concepts or ideas contained in the User Content, for any purpose, including commercial use, which includes the right to translate, display, reproduce, modify, create derivative works, sublicense, distribute and assign these rights. "
Nike.docx,6,Autor,Cnt_del-1Cnt_mod0,"NIKEmay, in its sole discretion, remove any User Content at any time. "
Nike.docx,7,Autor,Sugg0,"You understand that any comments, feedback, or ideas you send us are provided on a non-conﬁdential basis and you grant to NIKE a perpetual, worldwide license to use all comments, feedback and ideas you may share with us, without notice, compensation or acknowledgement to you, for any purposes whatsoever, including, but not limited to, developing, manufacturing and marketing products and services and creating, modifying or improving products and services"
Nike.docx,8,Autor,uncle,depending on applicable law
Nike.docx,9,Autor,uncle,TO THE MAXIMUM EXTENT ALLOWED BY APPLICABLE LAW
Nike.docx,10,Autor,ltd-1,"NIKE IS NOT RESPONSIBLE OR LIABLE FOR ANY INJURIES OR DAMAGES YOU MAY SUSTAIN THAT RESULT FROM YOUR USE OF, OR INABILITY TO USE, THE FEATURES ON THE PLATFORM."
Nike.docx,11,Autor,uncle,To the extent allowed by applicable law
Nike.docx,12,Autor,uncle,"Some jurisdictions do not permit certain limitations or exclusions on liabilities, legal warranties and remedies, so these exclusions and limitations may not apply to you"
Nike.docx,13,Autor,as_is-1,"The Platform, Content, and the materials and products on this Platform are provided ""AS IS.” We aren’t making any promises of any kind, including about the Platform’s accuracy, adequacy, usefulness, reliability or otherwise"
Nike.docx,14,Autor,uncle,TO THE MAXIMUM EXTENT ALLOWED BY APPLICABLELAW
Nike.docx,15,Autor,serv_chg-1,"NIKE may terminate or modify any Nike Platform, member program, product or service at any time without notice."
Nike.docx,16,Autor,acc_sus-1acc_del-1cnt_del-1,"NIKE may terminate or suspend your account, delete your proﬁle or any of your User Content, and restrict your use of all or any part of the Platform at any time and for any reason, without any liability to Nike"
Nike.docx,17,Autor,uncle,subject to applicable law
Nike.docx,18,Autor,uncle,"Indemniﬁcation and RELEASE. Some jurisdictions do not permit certain limitations or exclusions on liabilities, legal warranties and remedies, so these exclusions limitations may not apply to you"
Nike.docx,19,Autor,ind0,"You agree to indemnify, defend, and hold harmless NIKE Inc., its afﬁliates, ofﬁcers, directors, employees, agents, licensors and suppliers (the “NIKE Parties”) from and against all claims, losses, liabilities, expenses, damages and costs, including, without limitation, attorneys' fees, arising from or relating in any way to your User Content, your use of Content, your use of the Platform, your conduct in connection with the Platform or with other Platform users, or any violation of these Terms of Use, any law or the rights of any third party. You, for yourself and on behalf of your heirs, estate, insurers, successors and assigns, hereby fully and forever release and discharge the NIKE Parties from any and all claims or causes of action you may have for damages relating in any way to your use of the Platform."
Nike.docx,20,Autor,uncle,"Some jurisdictions do not permit certain limitations or exclusions on liabilities, legal warranties and remedies, so these exclusions/limitations may not apply to you. "
Nike.docx,21,Autor,ltd-1,"NONE OF THE NIKE PARTIES WILL BE LIABLE FOR ANY DIRECT, SPECIAL, INCIDENTAL, INDIRECT OR CONSEQUENTIAL DAMAGES, INCLUDING WITHOUT LIMITATION FOR ANY LOST PROFITS OR LOST DATA, THAT RESULT FROM THE USE OF, OR THE INABILITY TO USE, THE PLATFORM OR THE PERFORMANCE OF THE PRODUCTS PURCHASED THROUGH THE PLATFORM OR THE CONDUCT OF OTHER PLATFORM USERS (WHETHER ONLINE OR OFFLINE), OR ATTENDANCE AT A NIKE EVENT OR NIKE PARTNER EVENTS, OR ANY USER CONTENT OR ANY OTHER ACTIVITY IN CONNECTION WITH THE USE OF THE PLATFORM, EVEN IF NIKE HAS BEEN ADVISED OF THE POSSIBILITY OF SUCH DAMAGES. YOU ASSUME TOTAL RESPONSIBILITY FOR YOUR USE OF THE PLATFORM.YOUR ONLY REMEDY AGAINST NIKE IN CONNECTION WITH ANY DAMAGES ARISING FROM YOUR USE OF THE PLATFORM OR ANY CONTENT IS TO STOP USING THE PLATFORM."
Nike.docx,22,Autor,ltd_cap-1,"IF NIKE IS FOUND TO BE LIABLE TO YOU FOR ANY DAMAGE OR LOSS WHICH IS IN ANY WAY CONNECTED WITH YOUR USE OF THE PLATFORM OR ANY CONTENT, NIKE'S LIABILITY SHALL NOT EXCEED US$100.00 OR EURO 100.00 IF YOU LIVE IN EUROPE."
Nike.docx,23,Autor,uncle,"If you live in any of the following countries/regions, different “Choice of Law/Jurisdiction” terms may apply to you: Argentina, Austria, Brazil, Canada, China (for the purpose of these Terms, excluding Hong Kong, Macao and Taiwan), France, Germany, HongKong, Italy, Philippines, Poland, Switzerland and all other European countries."
Nike.docx,24,Autor,c_law-1,"You agree that the Platform, Terms, Privacy Policy and any dispute between you and NIKE shall be governed in all respects by Oregon law, without regard to choice of law provisions, and not by the 1980 U.N. Convention on Contracts for the International Sale of Goods."
Nike.docx,25,Autor,uncle,Except where prohibited by applicable law
Nike.docx,26,Autor,c_forum-1class-1,"claims and legal proceedings directly or indirectly arising out of or relating to the Platform (including but not limited to the purchase of NIKE products) shall be resolved individually, without resort to any form of class action, and exclusively in the state or federal courts located in Multnomah County, Oregon, USA."
Nike.docx,27,Autor,period-1,All claims shall be brought within one (1) year after the claim arises
Nike.docx,28,Autor,uncle,except to the extent a longer period is required by applicable law.
Nike.docx,29,Autor,uncle,subject to applicable law.
Nike.docx,30,Autor,tran-1,"NIKE may assign its rights and duties under these Terms to any party at any time without notice to you, unless notice to you is required by applicable law, but this will not affect your rights or our obligations under these Terms."
Nike.docx,31,Autor,sever0,"any provision in these Terms is held invalid or unenforceable, the remainder of these Terms shall continue to be enforceable."
OVH.docx,0,Autor,docu,Specific Terms of Service
OVH.docx,1,Autor,acc_del0,"OVHcloud reserves the right not to activate, or to deactivate, the Client Account in the event that any of the information provided by the Client is incomplete, inaccurate, or fraudulent."
OVH.docx,2,Autor,docu1,Data Processing Agreement
OVH.docx,3,Autor,docu2,Specific Terms of Services 
OVH.docx,4,Autor,docu3,Third Party Product Terms of Use 
OVH.docx,5,Autor,docu4,OVHcloud Deontological Charter
OVH.docx,6,Autor,uncle1,The Terms of Service may vary depending on the country where the Services are located
OVH.docx,7,Autor,core1,"OVHcloud undertakes to exercise reasonable care and skill in providing Services in accordance with the characteristics, terms and levels of Service stated in the Contract. In particular, OVHcloud agrees to exercise reasonable skill and care in keeping in place a competent team responsible for assisting the Client and handling Incidents (“OVHcloud Support”) and ensuring the availability and security of Services in accordance with the applicable terms and performance levels."
OVH.docx,8,Autor,contr_chg-1,The terms and characteristics of the Services shall be updated regularly
OVH.docx,9,Autor,acc_sus0acc_del0disc-1,"and can lead to, at the sole discretion of OVHcloud, the immediate suspension of all or part of the Services provided under the Contract, the deactivation of the Client Account and/or the termination of the Contract by OVHcloud"
OVH.docx,10,Autor,uncle2,at law
OVH.docx,11,Autor,acc_sus0,"OVHcloud reserves the right to suspend all or part of the Services in the event of (a) a known risk to the stability and/or security of the OVHcloud systems or environment by the Services and/or Client Content, (b) scheduled maintenance, or (c) a request issued by a legal authority or competent judicial authority (d) non-compliance of the Client with all or part of the Terms of Services"
OVH.docx,12,Autor,uncle3,and without prejudice to OVHcloud's other rights and remedies at law
OVH.docx,13,Autor,docu5,service level agreement provided in the Agreement
OVH.docx,14,Autor,serv_chg-1,". OVHcloud may modify the Services at any time, and may add, modify or remove ranges, options or features, as well as upgrade their performance. The Services are described online on the OVHcloud Website."
OVH.docx,15,Autor,uncle4pato1,"If the Client uses the Services, or authorizes third parties to use the Services, from a geographical zone located outside the country where the Datacenters are located, the Client is responsible to verify that this use is not subject to any restrictions arising from applicable legislation or regulations"
OVH.docx,16,Autor,cnt_retr-1,"the termination of Services for any reason whatsoever (in particular, the termination or non-renewal of the Contract, failure to comply with the Terms of Service, etc.), as well as certain operations to update or reinstall the Services, shall automatically result in the irreversible deletion of all Content (including information, data, files, systems, applications, websites, and other items) that is reproduced, stored, hosted, collected, transmitted, distributed, published and more generally used and/or operated by the Client within the scope of the Services, including any potential backup"
OVH.docx,17,Autor,docu,financial terms available 
OVH.docx,18,Autor,acc_del0,"OVHcloud reserves the right to no longer reply to the Client’s requests and to immediately terminate the Contract in case of abusive, outrageous, or degrading behaviour. "
OVH.docx,19,Autor,ltd_cap-1,"In the absence of an applicable commitment to a given level of service under no circumstances shall the total aggregate liability of OVHcloud to the Client (however arising) under or in relation to this Contract, including (but not limited to) liability for breach of contract, misrepresentation (whether tortious or statutory), tort (including but not limited to negligence), breach of statutory duty, or otherwise, exceed the total amount of sums paid by the Client to OVHcloud for the impacted Services over the course of the six (6) months prior to the Client’s claim for compensation"
OVH.docx,20,Autor,uncle5,To the extent permitted by applicable law
OVH.docx,21,Autor,ltd-1 (p. C and H) (?),under no circumstances shall OVHcloud be liable under or in connection with this Contract for any:
OVH.docx,22,Autor,ind0,"The Client undertakes to take appropriate action in the event of any action, claim or complaint by a third party relative to the Content and/or the Terms of Service, including those by legal or judicial authorities, and to indemnify and hold harmless OVHcloud against any damages, losses and expenses which may result therefrom (including legal judgements, reasonable legal defence costs, etc.)."
OVH.docx,23,Autor,acc_del0,"If, despite the efforts of the Affected Party in breach, the period of delay or non- performance continues for more than thirty (30) consecutive days, the Party not affected may terminate without liability whatsoever all or part of the Services affected by the Force Majeure Event with immediate effect by giving notice to the Affected Party"
OVH.docx,24,Autor,uncle6,without affecting any other right or remedy available to it
OVH.docx,25,Autor,acc_del0,either Party may terminate this Contract with immediate effect by giving written notice to the other Party if the other Party commits a breach of any term of this Contract which breach is irremediable or (if such breach is remediable) fails to remedy that breach within a period of seven 7 calendar days after being notified by registered letter with acknowledgement ofreceipt to do so
OVH.docx,27,Autor,uncle7,"provided that, if the Client is a consumer, nothing in this article 7.3 shall affect the Client's rights under applicable consumer protection law)"
OVH.docx,26,Autor,acc_del0,". Notwithstanding the foregoing, in case of malicious, illegal or fraudulent use of the Services, or use made in violation of the rights of a third party, OVHcloud shall be entitled to terminate the relevant Services or the Contract in its entirety with immediate effect by email and without prior formal notice (provided that, if the Client is a consumer, nothing in this article 7.3 shall affect the Client's rights under applicable consumer protection law)."
OVH.docx,28,Autor,sever0,"If any provision or part-provision of this Contract is or becomes invalid, illegal or unenforceable, it shall be deemed modified to the minimum extent necessary to make it valid, legal and enforceable. If such modification is not possible, the relevant provision or part-provision shall be deemed deleted. Any modification to or deletion of a provision or part-provision under this article 10.1 shall not affect the validity and enforceability of the rest of this Contract. If any provision or part-provision of this Contract is invalid, illegal or unenforceable, the Parties shall negotiate in good faith to amend such provision so that, as amended, it is legal, valid and enforceable, and, to the greatest extent possible, achieves the intended commercial result of the original provision."
OVH.docx,29,Autor,contr_chg-1,". OVHcloud may, at any time and by right, amend the Terms of Service in effect"
OVH.docx,30,Autor,c_forum0,Each Party irrevocably agrees that the courts of Ireland shall have exclusive jurisdiction to settle any dispute or claim arising out of or in connection with this Contract or its subject matter or formation (including any disputes or claims relating to non-contractual obligations
OVH.docx,31,Autor,c_law-1,. his Contract and any dispute or claim arising out of or in connection with it or its subject matter or formation (including disputes or claims relating to non-contractual obligations) shall be governed by and construed in accordance with the laws of Ireland
OVH.docx,32,Autor,uncle8,"if the Client is a consumer, the Client will benefit from any mandatory provisions of the law of the country in which the Client is resident. Nothing in the Contract, including this article 11.2, affects the Client's rights as a consumer to rely on such mandatory provisions of local law."
OVH.docx,33,Autor,com_sys0,"or in the event the Client is notsatisfied with the response provided by the Customer Service, it may write to: OVH - National Consumers Service. - ENTERPRISE HOUSE O'BRIEN ROAD CARLOW R93Y0Y3 The complaint of the Client shall be reviewed within thirty (30) calendar days from the date of its receipt by the OVHcloud National Consumers Service."
OVH.docx,34,Autor,uncle9,The Client may have statutory rights granted by law
OVH.docx,35,Autor,serv_chg-1,"OVHcloud may modify the Services at any time, and may add, modify or remove ranges, options or features, as well as upgrade their performance"
OVH.docx,36,Autor,price_chg0,OVHcloud reserves the right to change its prices at any time
OVH.docx,37,Autor,c_forum1,"In case of dispute with the Client, the Court of the place of residence of the defendant shall have express jurisdiction, or, at the choice of the Client, the Court of the place to which the goods were delivered or the place where the services were provided."
Signal.docx,0,Autor,what1,"Signal Messenger LLC. (“Signal”) utilizes state-of-the-art security and end-to-end encryption to provide private messaging, Internet calling, and other services to users worldwide."
Signal.docx,1,Autor,uncle1,may be higher in your home country
Signal.docx,2,Autor,docu1,Privacy Policy
Signal.docx,3,Autor,serv_chg-1: dependent on later provisions,"In order to enable new features and enhanced functionality,you consent to downloading and installing updates to our Services."
Signal.docx,4,Autor,as_is-1,"WE PROVIDE OUR SERVICES ON AN “AS IS” BASIS WITHOUT ANY EXPRESS OR IMPLIED WARRANTIES, INCLUDING, BUT NOT LIMITED TO, WARRANTIES OF MERCHANTABILITY, FITNESS FOR A PARTICULAR PURPOSE, TITLE, NONINFRINGEMENT, AND FREEDOM FROM COMPUTER VIRUS OR OTHER HARMFUL CODE. SIGNAL DOES NOT WARRANT THAT ANY INFORMATION PROVIDED BY US IS ACCURATE, COMPLETE, OR USEFUL, THAT OUR SERVICES WILL BE OPERATIONAL, ERRORFREE, SECURE, OR SAFE, OR THAT OUR SERVICES WILL FUNCTION WITHOUT DISRUPTIONS, DELAYS, OR IMPERFECTIONS. WE DO NOT CONTROL, AND ARE NOT RESPONSIBLE FOR, CONTROLLING HOW OR WHEN OUR USERS USE OUR SERVICES."
Signal.docx,5,Autor,ind0,"WE ARE NOT RESPONSIBLE FOR THE ACTIONS OR INFORMATION INCLUDING CONTENT OF OUR USERS OR OTHER THIRD PARTIES. YOU RELEASE US, AFFILIATES, DIRECTORS, OFFICERS, EMPLOYEES, PARTNERS, AND AGENTS TOGETHER, “SIGNAL PARTIES” FROM ANY CLAIM, COMPLAINT, CAUSE OF ACTION, CONTROVERSY, OR DISPUTE TOGETHER, “CLAIM” AND DAMAGES, KNOWN AND UNKNOWN, RELATING TO, ARISING OUT OF, OR IN ANY WAY CONNECTED WITH ANY SUCH CLAIM YOU HAVE AGAINST ANY THIRD PARTIES."
Signal.docx,6,Autor,ltd-1,"THE SIGNAL PARTIES WILL NOT BE LIABLE TO YOU FOR ANY LOST PROFITS OR CONSEQUENTIAL, SPECIAL, PUNITIVE, INDIRECT, OR INCIDENTAL DAMAGES RELATING TO, ARISING OUT OF, OR IN ANY WAY IN CONNECTION WITH OUR TERMS, US, OR OUR SERVICES, EVEN IF THE SIGNAL PARTIES HAVE BEEN ADVISED OF THE POSSIBILITY OF SUCH DAMAGES."
Signal.docx,7,Autor,ltd_cap-1,"OUR AGGREGATE LIABILITY RELATING TO, ARISING OUT OF, OR IN ANY WAY IN CONNECTION WITH OUR TERMS, US, OR OUR SERVICES WILL NOT EXCEED ONE HUNDRED"
Signal.docx,8,Autor,uncle2,DOLLARS $100. THE FOREGOING DISCLAIMER OF CERTAIN DAMAGESAND LIMITATION OF LIABILITY WILL APPLY TO THE MAXIMUM EXTENTPERMITTED BY APPLICABLE LAW
Signal.docx,9,Autor,uncle3,"NOTWITHSTANDING ANYTHING TO THE CONTRARY IN OUR TERMS, IN SUCH CASES, THE LIABILITY OF THE SIGNAL PARTIES WILL BE LIMITED TO THE FULLEST EXTENT PERMITTED BY APPLICABLE LAW."
Signal.docx,10,Autor,serv_chg-1,"We may discontinue some or all of our Services, including certain features and the support for certain devices and platforms, at any time."
Signal.docx,11,Autor,c_forum-1,"You agree to resolve any Claim you have with us relating to or arising out of our Terms, us, or our Services exclusively in the United States District Court for the Northern District of California or a state court in San Mateo County, California"
Signal.docx,12,Autor,c_law-1,"The laws of the State of California govern our Terms, as well as any disputes, whether in court or arbitration, which might arise between Signal and you, without regard to conflict of law provisions"
Signal.docx,13,Autor,acc_sus-1acc_del-1,"We may modify, suspend, or terminate your access to or use of our Services anytime for any reason, such as if you violate the letter or spirit of our Terms or create harm, risk, or possible legal exposure for Signal."
Signal.docx,14,Autor,contr_chg-1,Signal may update the Terms from time to time.
Signal.docx,15,Autor,uncle4,You will comply with all applicable export control and trade sanctions laws.
Signal.docx,16,Autor,sever0,", that provision shall be deemed severable from our Terms and shall not affect the enforceability of the remaining provisions."
SHEIN.docx,0,Autor,docu,Privacy Policy 
SHEIN.docx,1,Autor,uncle,Subject to the conditions of applicable law
SHEIN.docx,2,Autor,contr_chg-1 (is it also OK with minor changes?),"Minor changes not affecting your rights and constituting an unfair disadvantage to you, may occur at any time, with or without notice to you, and are effective upon posting."
SHEIN.docx,3,Autor,contr_chg0,"Material changes may be made in particular in the event of changes in the law, changes in case law or changes in economic circumstances. If you have a user account on the Site, we will notify you (i) by email to the email address provided in your user account at least four weeks before the effective date of the changes of any intended material changes and inform you in this email of your right to object, form and time requirements for objection and the consequences if you do not object to the changes, and (ii) by posting the amended terms on the Site and App. Additional notification may, in our sole discretion, include notice via any other manner. You are responsible for keeping the email address you supply to us up to date. We are not responsible for any outdated or incorrect information provided by you."
SHEIN.docx,4,Autor,ltd0,"We will not be liable for any non-compliance or delay in compliance with any of the obligations we assume under the EU Terms of Use or other contracts when caused by events that are beyond our reasonable control ( ""Force Majeure"" ). Force Majeure shall include any act, event, failure to exercise, omission or accident that is beyond our reasonable control, including, among others, the following:"
SHEIN.docx,5,Autor,ltd-1,"Your claims for damages are excluded, except for such claims for damages arising from injury to life, body, health or from the breach of essential contractual obligations (cardinal obligations) and except for liability for other damages based on an intentional or grossly negligent breach of duty by the Company, its legal representatives, employees or vicarious agents. Material contractual obligations are those whose fulfillment is necessary to achieve the goal of the contract.In the event of a breach of material contractual obligations, the Company shall only be liable for the foreseeable damage typical for the type of contract if such damage was caused by simple negligence, unless the damage claims are based on injury to life, body or health.The limitations of liability shall also apply in favor of the legal representatives, employees and vicarious agents of the Company if claims are asserted directly against them."
SHEIN.docx,6,Autor,uncle,Any applicable mandatory statutory provisions remain unaffected.
SHEIN.docx,7,Autor,tran-1,"We may freely assign or transfer the Agreement. The Agreement inures to the benefit of and is binding upon the parties and their respective legal representatives, successors, and assigns."
SHEIN.docx,8,Autor,sever0,"If any provision of the EU Terms of Use is found to be unenforceable, then that provision shall not affect the validity of the remaining provisions of the EU Terms of Use, which shall remain in full force and effect."
SHEIN.docx,9,Autor,ind0,"You agree to release, indemnify, and defend the Company and any subsidiaries, affiliates, related companies, suppliers, licensors and partners, and the officers, directors, employees, agents and representatives of each from all third-party claims and costs (including reasonable attorneys’ fees) arising out of or related to: (1) your use of the Services; (2) your conduct or interactions with other users of the Services; (3) your breach of these EU Terms of Use; (4) any materials you submit, post, upload to or transmit through the Site or App. We will notify you promptly of any such claim and will provide you (at your expense) with reasonable assistance in defending the claim. We reserve the right, at our own expense, to assume the exclusive defense of any matter otherwise subject to indemnification by you. In that event, you will have no further obligation to defend us in that matter, and if required, you will allow us to participate in the defense and will not settle any such claim without our prior written consent."
SHEIN.docx,10,Autor,c_law-1,These EU Terms of Use are governed by and construed in accordance with the laws of Ireland. 
SHEIN.docx,11,Autor,uncle,"If you are a consumer and have your habitual residence in another European Country, you additionally enjoy the protection afforded to you by mandatory provisions of the law of your country of residence"
SHEIN.docx,12,Autor,acc_del0disc-1,"We reserve the right to refuse service, terminate accounts, and/or cancel orders in our discretion, including, without limitation, if we believe that your or other customer’s conduct violates applicable law or is harmful to our interests."
SHEIN.docx,13,Autor,acc_del0disc-1,"We reserve the right to refuse any of our Services or terminate your user account if, in our sole discretion, your behavior gives just cause to do so. This is particularly the case if you are in breach of applicable laws, applicable contractual provisions, our guidelines or our policies."
SHEIN.docx,14,Autor,price_chg0,"cause to do so. This is particularly the case if you are in breach of applicable laws, applicable contractual provisions, our guidelines or our policies."
SHEIN.docx,16,Autor,docu,Bonus Points 
SHEIN.docx,15,Autor,virtu,"Promotional Points: Promotional points can be earned and stored under “My Assets” by using our Services offered on your local site, app or social media accounts and purchasing goods in accordance with the specific provisions available under Bonus Points . Promotional Points are granted in the Company’s sole discretion; they are subject to expiration and cancellation by the Company. Promotional points can only be redeemed on the site through which they were granted (for example, if promotional points were granted on the fr.shein.com site, then they can only be redeemed on that site).Coupons: Coupons can be purchased from the Company from time to time or may be granted by the Company in its sole discretion. Coupons may be stored under “My Assets.” Coupons are subject to expiration and cancellation by the Company. SHEIN coupons that were purchased can only be redeemed on the site on which they were purchased (for example, if coupons were purchased on the fr.shein.com site, then they can only be redeemed on that site). The redemption of SHEIN coupons granted by the Company free of charge is subject to limitations imposed in the Company’s sole discretion from time to time.Wallet Credit: Wallet credit can be stored in your Wallet by returning goods and choosing a wallet credit as your refund option (see Terms of Purchase). Wallet credits can only be redeemed on the site through which the wallet credit was granted (for example, if you ordered and subsequently returned a product on the fr.shein.com site and elected to receive a credit, that wallet credit can only be redeemed on the fr.shein.com site). A Wallet credit linked to a returned item can be withdrawn in cash to the original method of payment used when you placed the order. A wallet credit granted by the Company that is not linked to a returned item cannot be redeemed in cash.Gift Cards: Gift cards can be redeemed and stored under “My Assets” by entering the gift card code through your User Account. In the European Union, gift cards expire after 10 years, or as otherwise determined by the Company. For SHEIN gift cards that are purchased from the Company prior to March 8, 2021 and can be used on any SHEIN site, once any portion of such gift cards are redeemed on a particular SHEIN site, any balances on those cards can only be redeemed on that particular site. Gift cards purchased after March 8, 2021 can only be redeemed on the site on which they were purchased (for example, if a gift card was purchased after March 8, 2021 on fr.shein.com, then that gift card can only be redeemed on that site). The redemption of gift cards granted by the Company free of charge is subject to limitations imposed in the Company’s sole discretion from time to time.You can use wallet credits, gift cards, paid or free coupons and promotional points that are stored under “My Assets” as an additional payment option or discount to be used on the Site, subject to the applicable terms above and the provisions available under Bonus Points . While wallet credits received from an order return can be redeemed for cash, wallet credits granted by the Company, promotional points, coupons and gift cards cannot be redeemed for cash.The Wallet is provided as part of the user account and is subject to the same provisions as set forth in paragraph 5 and 6 of Section B. 3. USER ACCOUNT . If your Wallet holds assets at the time of termination or cancellation of your account, you will lose those assets."
SHEIN.docx,17,Autor,serv_chg-1,"From time to time, we may restrict access to some or all parts of the Services, including the ability to upload documents, make payments, or send messages."
SHEIN.docx,18,Autor,acc_del-1disc-1,"We may terminate your access to the Services at any time, in our sole discretion, without cause or notice, or if we believe you have breached these Terms."
SHEIN.docx,20,Autor,sugg0,"Apps or us, including, without limitation, pictures, videos, ideas, know-how, techniques, questions, reviews, feedback, comments, reactions, and suggestions(collectively, “Submission(s)” ) is and will be treated as non-confidential and non-proprietary"
SHEIN.docx,19,Autor,pato,"Except as otherwise provided elsewhere in this Agreement or on the Services, anything that you submit or post to the Services and/or provide to the Site or Apps or us, including, without limitation, pictures, videos, ideas, know-how, techniques, questions, reviews, feedback, comments, reactions, and suggestions(collectively, “Submission(s)” ) is and will be treated as non-confidential and non-proprietary."
SHEIN.docx,21,Autor,IP-1shad_IP,"By providing, submitting or posting a Submission, you agree to irrevocably license the Submission and all IP rights related thereto to the Company without charge and we shall have the royalty-free, worldwide, perpetual, irrevocable, transferable and sub-licensable right to use, reproduce, distribute, display, publish, present, recite, show, perform, sell, lease, transfer, transform, adapt, edit, shorten, delete, translate, arrange or otherwise change the Submission in its entirety or in part, and to use and exploit the newly created products in the same way as the original Submission, and to make available to the public in any media such Submission, without being obliged to do so. All Submissions shall automatically become the sole and exclusive property of us and shall not be returned to you and you agree not to raise any dispute in connection with any use of the Submission by us in the future."
SHEIN.docx,22,Autor,shad_IP2,"You waive any of your possible author’s personal or moral rights existing with regard to the Submissions as far as they may affect the undisturbed use of the Submissions by the Company, and you undertake not to exercise such rights, neither vis-á-vis Company nor vis-á-vis any of Company’s assignees, transferees, successors, (sub-)licensees or any other third party legally exploiting the Submissions. In particular, you consent to modifications of your Submissions within a scope customary in the industry. Your right to prohibit distortions, other impairments or uses which are capable of endangering your legitimate intellectual and personal interests intrinsic to the Submissions, remain unaffected."
SHEIN.docx,23,Autor,cnt_del-1cnt_modr0,"You shall not use a false e-mail address, pretend to be someone other than yourself, or otherwise mislead us or third parties as to the origin of any Submissions. We may but shall not be obligated to delete, remove or edit any Submissions (including comments or reviews) for any reason."
SHEIN.docx,24,Autor,uncle,"Subject to the conditions of applicable law, "
SHEIN.docx,25,Autor,contr_chg-1,we reserve the right to modify the EU Terms of Purchase
SHEIN.docx,26,Autor,ltd0,"We will not be liable for any non-compliance or delay in compliance with any of the obligations we assume under the EU Terms of Purchase or other contracts when caused by events that are beyond our reasonable control( ""Force Majeure"" ). Force Majeure shall include any act, event, failure to exercise, omission or accident that is beyond our reasonable control, including, among others, the following:"
SHEIN.docx,27,Autor,ltd0,"Your claims for damages are excluded, except for such claims for damages arising from injury to life, body, health or from the breach of essential contractual obligations (cardinal obligations) and except for liability for other damages based on an intentional or grossly negligent breach of duty by the Company, its legal representatives, employees or vicarious agents. Material contractual obligations are those whose fulfillment is necessary to achieve the goal of the contract."
SHEIN.docx,28,Autor,tran-1,We may freely assign or transfer the Agreement. 
SHEIN.docx,29,Autor,sever0,"If any provision of the EU Terms of Purchase is found to be unenforceable, then that provision shall not affect the validity of the remaining provisions of the EU Terms of Purchase, which shall remain in full force and effect."
SHEIN.docx,30,Autor,ind0,"You agree to release, indemnify, and defend the Company and any subsidiaries, affiliates, related companies, suppliers, licensors and partners, and the officers, directors, employees, agents and representatives of each from all third-party claims and costs (including reasonable attorneys’ fees) arising out of or related to your breach of these EU Terms of Purchase. We will notify you promptly of any such claim and will provide you (at your expense) with reasonable assistance in defending the claim. We reserve the right, at our own expense, to assume the exclusive defense of any matter otherwise subject to indemnification by you. In that event, and if required, you will allow us to participate in the defense and will not settle any such claim without our prior written consent, and you will have no further obligation to defend us in that matter."
SHEIN.docx,31,Autor,c_law-1,"These EU Terms of Purchase are governed by and construed in accordance with the laws of Ireland, and the application of the United Nations Convention of Contracts for the International Sale of Goods is expressly excluded. "
SHEIN.docx,32,Autor,uncle,"If you are a consumer and have your habitual residence in another European Country, you additionally enjoy the protection afforded to you by mandatory provisions of the law of your country of residence."
SHEIN.docx,33,Autor,pato,"While we strive to provide accurate product and pricing information, pricing or typographical errors may occur. We cannot confirm the price of an item until after you order. In the event that an item is listed at an incorrect price or with incorrect information due to an error in pricing or product information, we shall have the right, at our sole discretion, to refuse or cancel any orders placed for that item. In the event that an item is mis-priced, we may, at our discretion, either contact you for instructions or cancel your order and notify you of such cancellation."
Line.docx,1,Autor,disc-1,when LINE deems it to be necessary
Line.docx,0,Autor,contr_chg-1,"LINE may modify these Terms and Conditions when LINE deems it to be necessary, within the scope of the purposes of the Services. In"
Line.docx,2,Autor,docu1,LINE Privacy Policy.
Line.docx,3,Autor,disc-1,"LINE reserves the right to limit access to all or part of the Services by Users depending upon conditions that LINE considers necessary, such as the age and identification of User, current registration status, and the like."
Line.docx,4,Autor,serv_chg-1disc-1,"6.3.LINE reserves the right to modify, at LINE's discretion, all or part of the Services as LINE determines necessary anytime without any prior notice to Users."
Line.docx,5,Autor,IP-1disc-1,"provided, however, that, among the Submitted Contents, for those made available to other Users generally (i.e., not just to the User's “friends”), the User who posted such Submitted Contents shall be deemed to have granted LINE a worldwide, perpetual, royalty-free license (including the right to amend (such as abbreviating) such Contents to the extent LINE deems necessary and appropriate, and the right to sublicense such usage rights to other third parties working together with LINE), to use such Contents for services and/or promotional purposes."
Line.docx,6,Autor,shad_ip1,10.7.Users shall not exercise their rights such as author’s moral rights with respect to the Submitted Contents in relation to the use by LINE or a third party under Articles 10.5 and 10.6 above.
Line.docx,7,Autor,uncle1,to the extent permissible under laws and regulations
Line.docx,8,Autor,patouncle2cnt_del0cnt_modr0,"then LINE reserves the right to preclude such User's use of the Services in certain manners, such as deleting the Submitted Contents without providing prior notice to the User."
Line.docx,9,Autor,virtu1,"Coins will be provided to Users by the means specified by LINE, such as purchases in the Services, special offers and the like. The purchase unit, method of payment, and any other terms and conditions for granting the Coins will be determined by LINE and indicated in the Services or on LINE’s website.11.2.Coins may not be exchanged or used for cash, property or other economic gain other than the services and Contents designated by LINE. The number of Coins required for receiving the services or Contents, as well as other terms for the exchange of Coins, will be determined by LINE and indicated in the Services or on LINE’s website.11.3.Coins may only be used by the account that obtained the same. Furthermore, Coins provided by terminal devices of different operating systems may not be carried over or combined, even if they are under the same name, since the types of Coins are different.11.4.Coins will not be refunded for any reason whatsoever; provided, however, that this shall not apply if necessary under applicable laws and regulations. In such case, LINE shall determine the process for refunds in accordance with the relevant laws and regulations, and such information will be made available on LINE's website, etc."
Line.docx,10,Autor,ltd-1,".Users shall use the Services at their own risk, and shall bear any and all responsibilities for actions carried out under and the results from the use of the Services."
Line.docx,11,Autor,acc_sus-1acc_del-1disc-1,"LINE may suspend the use of all or part of the Services, suspend or delete accounts, cancel any agreement between a User and LINE with respect to the Services (including, without limitation, any agreement based on these Terms and Conditions, hereinafter the same) or take any other measure LINE reasonably determines to be necessary and appropriate without prior notice to such User in the case that such User falls under or there is a possibility that such User falls under any of the following items:"
Line.docx,12,Autor,as_is-1,"LINE SHALL PROVIDE NO WARRANTY, EITHER EXPRESSLY OR IMPLIEDLY, WITH RESPECT TO THE SERVICES (INCLUDING THE SUBJECT CONTENTS), THAT THERE ARE NO DEFECTS (INCLUDING, WITHOUT LIMITATION, FAULTS WITH RESPECT TO SECURITY, ETC., ERRORS OR BUGS, OR VIOLATIONS OF RIGHTS) OR AS TO THE SAFETY, RELIABILITY, ACCURACY, COMPLETENESS, EFFECTIVENESS AND FITNESS FOR A PARTICULAR PURPOSE. LINE WILL IN NO WAY BE RESPONSIBLE FOR PROVIDING USERS WITH THE SERVICES AFTER DELETING SUCH DEFECTS. "
Line.docx,13,Autor,ltd-1,"LINE WILL NOT BE LIABLE FOR ANY DAMAGE INCURRED BY USERS FROM THE USE OF THE SERVICES, UNLESS SUCH DAMAGE IS ATTRIBUTABLE TO THE INTENTIONAL OR GROSSLY NEGLIGENT ACTS OF LINE; PROVIDED, "
Line.docx,14,Autor,ltd_cap-1,"INCURRED BUT ONLY WITHIN THE RANGE OF (A) THE DAMAGE WHICH IS NORMALLY INCURRED (I.E., EXCLUSIVE OF LOST PROFITS AND OTHER DAMAGES ARISING UNDER SPECIAL CIRCUMSTANCES), AND (B) THE AMOUNT OF USAGE FEES FOR THE SERVICES RECEIVED FROM SUCH USER FOR FEE-BASED SERVICES FOR THE MONTH IN WHICH SUCH DAMAGE HAS BEEN INCURRED"
Line.docx,15,Autor,uncle3,"AT MAXIMUM; PROVIDED, HOWEVER, THAT THE FOREGOING SHALL NOT APPLY IF THE AGREEMENT BETWEEN SUCH USER AND LINE FALLS UNDER THE DEFINITION OF A CONSUMER CONTRACT."
Line.docx,16,Autor,sever0,"If the terms of these Terms and Conditions violate any laws and regulations applicable to an agreement between Users and LINE with respect to the Services (including, without limitation, the Consumer Contract Act of Japan), such terms, to the extent of such violation, shall not apply to the agreement with the Users; provided, however, that the remaining terms of these Terms and Conditions shall not be affected."
Line.docx,17,Autor,uncle4,"Where LINE has provided Users with a translation of the Japanese language version of these Terms and Conditions (the “Japanese Version”), the Japanese Version will govern the relationship between Users and LINE"
Line.docx,18,Autor,c_law-1,These Terms and Conditions will be governed by the laws of Japan
Line.docx,19,Autor,c_forum-1,. Any conflicts between Users and LINE that arise from or in connection with the Service shall be resolved under the exclusive jurisdiction of the Tokyo District Court as the court of first instance.
Meta.docx,0,Autor,docu,Data Policy 
Meta.docx,1,Autor,docu,Cookies Policy 
Meta.docx,2,Autor,what,"Meta builds technologies and services that enable people to connect with each other, build communities and grow businesses. "
Meta.docx,3,Autor,recom0,"By using our Products, you agree that we can show you ads that we think will be relevant to you and your interests. We use your personal data to help determine which ads to show you."
Meta.docx,4,Autor,recom0,"Instead, advertisers can tell us things such as the kind ofaudience that they want to see their ads, and we show those ads to people who may be interested. We provide advertisers with reports about the performance of their ads that help them understand how people are interacting with their content. See Section 2 below to learn more."
Meta.docx,5,Autor,what2,"Provide a personalised experience for you:Your experience on Facebook is unlike anyone else's: from the posts, stories, events, ads and other content that you see in News Feed or our video platform to the Facebook Pages that you follow and other features you might use, such as Trending, Facebook Marketplace and search.We use the data that we have – for example, about the connections you make, the choices and settings you select, and what you share and do on and off our Products – to personalise your experience."
Meta.docx,6,Autor,XD,Facebook
Meta.docx,7,Autor,docu2docu3,"That breaches these Terms, our CommunityStandards and other terms and policies that apply to your use of our Products."
Meta.docx,8,Autor,cnt_del0cnt_mod0,We can remove or block content that is in breach of these provisions.
Meta.docx,9,Autor,acc_sus0acc_del0cnt_del0disc-1,"We also can remove or restrict access to your content, services or information if we determine that doing so is reasonably necessary to avoid or mitigate adverse legal or regulatory impacts to Facebook."
Meta.docx,10,Autor,IP0,"Speciﬁcally, when you share, post or upload content that is covered by intellectual property rights on or in connection with our Products, you grant us a non-exclusive, transferable, sub- licensable, royalty-free and worldwide licence to host, use, distribute, modify, run, copy, publicly perform or display, translate and create derivative works of your content (consistent withyour privacy and application settings). This means, for example, that if you share a photo on Facebook, you give us permission to store, copy and share it with others (again, consistent with your settings) such as service providers that support our service or other Meta Products you use. This licence will end when your content is deleted from our systems."
Meta.docx,11,Autor,docu,Brand Usage Guidelines 
Meta.docx,12,Autor,contr_chg0,"We work constantly to improve our services and develop new features to make our Products better for you and our community. As a result, we may need to update these Terms from time to time to accurately reﬂect our services and practices. We will only make changes if the provisions are no longer appropriate or if they are incomplete, and only if the changes are reasonable and take due account of your interests."
Meta.docx,13,Autor,acc_sus0acc_del0,"If we determine that you have clearly, seriously or repeatedly breached our Terms or Policies, including in particular our Community Standards, we may suspend or permanently disable access to your account. We may also suspend or disable your account if you repeatedly infringe other people's intellectual property rights or where we are required to do so for legal reasons."
Meta.docx,14,Autor,uncle,or to affect your statutory rights
Meta.docx,15,Autor,ltd0,"We will exercise professional diligence in providing our Products and services to you and in keeping a safe, secure and error-free environment. Provided that we have acted with professional diligence, we do not accept responsibility for losses not caused by our breach of these Terms or otherwise by our acts; losses that are not reasonably foreseeable by you and us at the time of entering into these Terms; and events beyond our reasonable control."
Meta.docx,16,Autor,pato: manipulation and creating an impression of helping the consumer,"If a dispute does arise, however, it's useful to know upfront where it can be resolved and what laws will apply."
Meta.docx,17,Autor,c_law-1c_forum-1,"In all other cases, you agree that the claim must be resolved in a competent court in the Republic of Ireland and that Irish law will govern these Terms and any claim, without regard to conﬂict of law provisions."
Meta.docx,18,Autor,docu,"share content containing music, you must comply with our Music Guidelines. To the extent that any supplemental Terms conﬂict"
Meta.docx,19,Autor,sever0,"any portion of these Terms is found to be unenforceable, the remaining portion will remain in full force and effect. "
Meta.docx,20,Autor,tran-1,"These Terms do not confer any third-party beneﬁciary rights. All of our rights and obligations under these Terms are freely assignable by us in connection with a merger, acquisition or sale of assets, or by operation of law or otherwise."
Meta.docx,21,Autor,sugg0,"We always appreciate your feedback and other suggestions about our products and services. But you should know that we may use them without any restriction or obligation to compensate you, and we are under no obligation to keep them conﬁdential."
Meta.docx,22,Autor,docu,Commercial Terms
Meta.docx,23,Autor,docu,Advertising Policies
Meta.docx,24,Autor,docu,Self-serve Ad Terms
Meta.docx,25,Autor,docu,"Facebook Pages, Groups and Events Policy"
Meta.docx,26,Autor,docu,Meta Platform Terms
Meta.docx,27,Autor,docu,Developer Payment Terms
Meta.docx,28,Autor,docu,Community Payment Terms
Meta.docx,29,Autor,docu,Commerce Policies
Meta.docx,30,Autor,docu,Meta brand resources
Meta.docx,31,Autor,docu,Live Policies
TripAdvisor.docx,0,Autor,what,"The Services are provided solely to:Assist customers in gathering travel information, posting Content and searching for and booking travel services and reservations; andAssist travel, tourism and hospitality businesses in engaging with customers and potential customers, by way of free and/or paid-for services offered by or through the Tripadvisor Companies."
TripAdvisor.docx,1,Autor,contr_chg-1,"We may change or otherwise modify this Agreement in the future in accordance with the terms and conditions herein, and you understand and agree that your continued access or use of the Services after such change signiﬁes your acceptance of the updated or modiﬁed Agreement"
TripAdvisor.docx,2,Autor,uncle,"in some jurisdictions, local laws may have an older age requirement"
TripAdvisor.docx,3,Autor,"acc_del0: denying after violation of the agreement implies that it was binding earlier. Thus, ‘deny’ may occur also after entering the contract by the consumer","We retain the right at our sole discretion to deny anyone access to the Services, at any time and for any reason, including, but not limited to, for violation of this Agreement."
TripAdvisor.docx,4,Autor,contr_chg-1,"The Tripadvisor Companies may, from time to time, decide to change, update or discontinue certain products and features of the Services. "
TripAdvisor.docx,5,Autor,cnt_del-1 (but it’s not moderation),You agree and understand that the Tripadvisor Companies have no obligation to store or maintain your Content or other information you provide
TripAdvisor.docx,6,Autor,uncle,except to the extent required by applicable law
TripAdvisor.docx,7,Autor,docu,Privacy Policy
TripAdvisor.docx,8,Autor,IP-1sugg0,"We appreciate hearing from you. Please be aware that by providing your Content to or through the Services, be it via email, posting via any Tripadvisor synchronisation product, via the services and applications of others, or otherwise, including any of your Content that is transmitted to your Tripadvisor account by virtue of any Tripadvisor Companies product or service, reviews, questions, photographs or videos, comments, suggestions, ideas or the like contained inany of your Content, you grant the Tripadvisor Companies a nonexclusive, royalty-free, perpetual, transferable, irrevocable and fully sublicensable right to (a) host, use, reproduce, modify, run, adapt, translate, distribute, publish, create derivative works from and publicly display and perform such Content of yours throughout the world in any media, now known or hereafter devised; (b) make your Content available to the rest of the world and to let others do the same; (c) to provide, promote, and improve the Services and to make your Content shared on the Services available to other companies, organisations or individuals for the syndication, broadcast, distribution, promotion or publication of such Content of yours on other media and services, subject to our Privacy Policy and this Agreement; and (d) use the name and/or trademark that you submit in connection with such Content of yours. You acknowledge that Tripadvisor may choose to provide attribution of your Content at our discretion. You further grant the Tripadvisor Companies the right to pursue at law any person or entity that violates your or the Tripadvisor Companies’ rights in your Content by a breach of this Agreement. You acknowledge and agree that your Content is non-conﬁdential and non-proprietary. You afﬁrm, represent and warrant that you own or have the necessary licences, rights (including copyright and other proprietary rights), consents and permissions to publish and otherwise use (and for the Tripadvisor Companies to publish and otherwise use) your Content as authorised under this Agreement."
TripAdvisor.docx,10,Autor,uncle,permitted by applicable law
TripAdvisor.docx,9,Autor,pato,"If it is determined that you retain moral rights (including rights of attribution or integrity) in your Content, you hereby declare that, to the extent permitted by applicable law, (a) you do not require that any personally identifying information be used in connection with the Content, or any derivative works of or upgrades or updates thereto; (b) you have no objection to the publication, use, modiﬁcation, deletion and exploitation of your Content by the Tripadvisor Companies or their licensees, successors and assigns; (c) you forever waive and agree not to claim or assert any entitlement to any and all moral rights of an author in any of your Content; and (d) you forever release the Tripadvisor Companies and their licensees, successors and assigns, from any claims that you could otherwise assert against the Tripadvisor Companies by virtue of any such moral rights."
TripAdvisor.docx,11,Autor,sugg0,Note that any feedback and other suggestions you provide may be used at any time and we are under no obligation to keep them conﬁdential.
TripAdvisor.docx,12,Autor,cnt_del0cnt_mod0,"In particular, Tripadvisor does not edit or control users’ Content that appears on the websites. The Tripadvisor Companies nevertheless reserve the right to remove without notice any such messaging or other Content from the Services, where they believe in good faith that such Content breaches this Agreement or otherwise believe the removal is reasonably necessary to safeguard the rights of the Tripadvisor Companies and/or other users of the Services"
TripAdvisor.docx,13,Autor,docu,Tripadvisor’s published guidelines
TripAdvisor.docx,14,Autor,cnt_del-1cnt_mod0pato: “performed by third parties on their behalf”,"Although Tripadvisor has no obligation to screen, edit or monitor any of the Content posted to or distributed through any Interactive Area, Tripadvisor reserves the right, and has absolute discretion, to remove, screen, translate or edit without notice any Content posted or stored on the Services at any time and for any reason, or to have such actions performed by third parties on their behalf, and you are solely responsible for creating backup copies of and replacing any Content you post or otherwise submit to us or store on the Services at your sole cost and expense."
TripAdvisor.docx,15,Autor,acc_sus0acc_del0,"Any use of the Interactive Areas or other aspects of the Services in violation of the foregoing violates the terms of this Agreement and may result in, among other things, termination or suspension of your rights to use the Interactive Areas and/or the Services more generally."
TripAdvisor.docx,16,Autor,IP1,"Restricting Tripadvisor’s Licence Rights.You may elect on a going forward basis to limit the Tripadvisor Companies’ use of your Content under this Agreement (as described above) by opting to provide the Tripadvisor Companies with a more limited licence as described further below (such limited licence to be referred to herein as a “Restricted Licence”). You may make this election by selecting such Restricted Licence grant here (note that to do so you shall need to be logged into your account). If you make this election, the rights you grant the Tripadvisor Companies to your Content pursuant to the licence terms set forth above (referred to as the “Standard Licence”) shall be limited in some important ways described in paragraphs 1 through 6 directly below, such that the Tripadvisor Companies shall not hold a Standard Licence to any of your Content other than the text-based reviews and associated bubble ratings you post (as to which the Tripadvisor Companies shall continue to be granted a Standard Licence), but shall be granted a “Restricted Licence” as to the balance of your Content as deﬁned below:When you post your Content to the Services, the licence you grant the Tripadvisor Companies in Your Content shall be limited to a nonexclusive, royalty-free, transferable, sublicensable and worldwide licence to host, use, distribute, modify, run, reproduce, publicly display or perform, translate and create derivative works of your Content for purposes of displaying such on the Services, as well as using your name and/or trademark in connection with that Content. Subject to Paragraph 6 below, the Restricted Licence applies to any of your Content (again, other than text-based reviews and associated bubble ratings) you or another on your behalf (e.g. a third party that contributes to or otherwise manages your account) make available on or in connection with the Services.As to any individual item of your Content that is subject to the Restricted Licence, you can terminate the Tripadvisor Companies’ licence rights hereunder to such by deleting such post from the Services. Correspondingly, you may terminate the Tripadvisor Companies’ licence rights in all of your Content that is subject to the Restricted Licence by terminating your account (a description of how to do so is available here). Notwithstanding anything to the contrary, your Content (a) shall remain on the Services to the extent you shared it with others and they copied it or stored it prior to you deleting it or terminating your account, (b) may continue to be displayed upon the Services for a reasonable amount of time after you delete it or terminate your account as we seek to remove it, and/or (c) may be retained (but not publicly displayed) for technical, fraud moderation, regulatory or legal reasons in backup copy form for a period of time.The Tripadvisor Companies will not use your Content in advertisements for the products and services of third parties to others without your separate consent (including sponsored Content), although you agree and understand that the Tripadvisor Companies may place advertising and promotions on the Services alongside, near, adjacent, or otherwise in close proximity to your Content (including, for video or other dynamic content, before, during or after its presentation), as well as the Content of others. In all instances in which your Content is displayed on the Services, we shall provide attribution by using the name and/or trademark that you submit in connection with your Content.The Tripadvisor Companies will not give third parties the right to publish your Content beyond the Services. However, sharing your Content on the Services (save for our “Trips” feature, which can be made private) shall result in your Content being made ""public"" and we will enable a feature that allows other users to share (by way of embedding that public post or otherwise) such Content of yours (save, as noted, Trips you conﬁgure to be private) onto third-party services, and we will enable search engines to make that public Content of yours ﬁndable through their services.Except as modiﬁed by paragraphs 1 through 6 of this section of this Agreement, your and our rights and obligations shall remain subject to the balance of the terms of this Agreement. The licence you grant the Tripadvisor Companies as modiﬁed by these paragraphs 1-6 shall be referred to as a “Restricted Licence”.For the sake of clarity, the Content you submit to the Services in connection with other Tripadvisor Companies services or programmes is not subject to the Restricted Licence, but shall instead be governed by the terms and conditions associated with that speciﬁc Tripadvisor service or programme."
TripAdvisor.docx,17,Autor,Acc_del0,"Any false or fraudulent reservation is prohibited, and any user who attempts such a reservation may have his or her account terminated."
TripAdvisor.docx,18,Autor,DocuDocuDocu,"and the like, please consult our afﬁliates’ terms and conditions (for Experiences visit Viator; for Restaurants visit The Fork; for holiday rentals, visit "
TripAdvisor.docx,19,Autor,as_is-1,"THE INFORMATION, SOFTWARE, PRODUCTS AND SERVICES PUBLISHED ON OR OTHERWISE PROVIDED VIA THE SERVICES MAY INCLUDE INACCURACIES OR ERRORS, INCLUDING RESERVATION AVAILABILITY AND PRICING ERRORS. THE Tripadvisor COMPANIES DO NOT GUARANTEE THE ACCURACY OF, AND DISCLAIMS ALL LIABILITY FOR, ANY ERRORS OR OTHER INACCURACIES RELATING TO THE INFORMATION AND DESCRIPTION OF THE ACCOMODATION, EXPERIENCES, AIR, CRUISE, RESTAURANT OR ANY OTHER TRAVEL PRODUCTS DISPLAYED ON THE SERVICES (INCLUDING, WITHOUT LIMITATION, THE PRICING, AVAILABILITY, PHOTOGRAPHS, LIST OF ACCOMODATION, EXPERIENCE, AIR, CRUISE, RESTAURANT OR OTHER TRAVEL PRODUCT AMENITIES, GENERAL PRODUCT DESCRIPTIONS, REVIEWS AND RATINGS, ETC.). IN ADDITION, THE Tripadvisor COMPANIES EXPRESSLY RESERVE THE RIGHT TO CORRECT ANY AVAILABILITY AND PRICING ERRORS ON THE SERVICES AND/OR ON PENDING RESERVATIONS MADE UNDER AN INCORRECT PRICE."
TripAdvisor.docx,20,Autor,as_is-1,"Tripadvisor MAKES NO REPRESENTATIONS OF ANY KIND ABOUT THE SUITABILITY OF THE SERVICES, INCLUDING THE INFORMATION CONTAINED ON ITS WEBSITES OR ANY PORTION THEREOF, FOR ANY PURPOSE, AND THE INCLUSION OR OFFERING OF ANY PRODUCTS OR SERVICE OFFERINGS ON ITS WEBSITES OR OTHERWISE THROUGH THE SERVICES DOES NOT CONSTITUTE ANY ENDORSEMENT OR RECOMMENDATION OF SUCH PRODUCTS OR SERVICE OFFERINGS BY Tripadvisor, NOTWITHSTANDING ANY AWARDS DISTRIBUTED BASED ON USER REVIEWS. ALL SUCH INFORMATION, SOFTWARE, PRODUCTS AND SERVICE OFFERINGS MADE AVAILABLE BY OR THROUGH THE SERVICES ARE PROVIDED ""AS IS"" WITHOUT WARRANTY OF ANY KIND. Tripadvisor DISCLAIMS ALL WARRANTIES, CONDITIONS OR OTHER TERMS OF ANY KIND THAT THE SERVICES, ITS SERVERS OR ANY DATA (INCLUDING EMAIL) SENT FROM Tripadvisor, ARE FREE OF VIRUSES OR OTHER HARMFUL COMPONENTS. TO THE MAXIMUM EXTENT PERMITTED UNDER APPLICABLE LAW, Tripadvisor HEREBY DISCLAIMS ALL WARRANTIES AND CONDITIONS WITH REGARD TO THIS INFORMATION, SOFTWARE, PRODUCTS AND THE SERVICES, INCLUDING ALL IMPLIED WARRANTIES AND CONDITIONS OR TERMS OF ANY KIND AS TO OF MERCHANTABILITY, FITNESS FOR A PARTICULAR PURPOSE, TITLE, QUIET POSSESSION AND NONINFRINGEMENT."
TripAdvisor.docx,21,Autor,ltd-1,"SUBJECT TO THE FOREGOING, YOU USE THE SERVICES AT YOUR OWN RISK AND IN NO EVENT SHALL THE Tripadvisor COMPANIES (OR THEIR OFFICERS, DIRECTORS AND/OR EMPLOYEES) BE LIABLE FOR ANY DIRECT, INDIRECT, PUNITIVE, INCIDENTAL, SPECIAL, OR CONSEQUENTIAL LOSSES OR DAMAGES OR ANY LOSS OF INCOME, PROFITS, GOODWILL, DATA, CONTRACTS, USE OF MONEY, OR LOSS OR DAMAGES ARISING FROM OR CONNECTED IN ANY WAY TO BUSINESS INTERRUPTION OF ANY TYPE ARISING OUT OF, OR IN ANY WAY CONNECTED WITH, YOUR ACCESS TO, DISPLAY OF OR USE OF THE SERVICES OR WITH THE DELAY OR INABILITY TO ACCESS, DISPLAY OR USE THE SERVICES (INCLUDING, BUT NOT LIMITED TO, YOUR RELIANCE UPON REVIEWS AND OPINIONS APPEARING ON OR THROUGH THE SERVICES; ANY VIRUSES, BUGS, TROJAN HORSES, INFORMATION, SOFTWARE, LINKED SITES, PRODUCTS AND SERVICES OBTAINED THROUGH THE SERVICES (INCLUDING, BUT NOT LIMITED TO ANY Tripadvisor COMPANIES’ SYNCRONISATION PRODUCT); PERSONAL INJURY OR PROPERTY DAMAGE, OF ANY NATURE WHATSOEVER, RESULTING FROM YOUR USE OF THE SERVICES’ SERVERS AND/OR ANY AND ALL PERSONAL INFORMATION AND/OR FINANCIAL INFORMATION STORED THEREIN; ANY ERRORS OR OMISSIONS IN ANY CONTENT OR FOR ANY LOSS OR DAMAGE OF ANY KIND INCURRED AS A RESULT OF THE USE OF ANY CONTENT; OR OTHERWISE ARISING OUT OF THE ACCESS TO, DISPLAY OF OR USE OF THE SERVICES) WHETHER BASED ON A THEORY OF NEGLIGENCE, CONTRACT, TORT, STRICT LIABILITY OR OTHERWISE, AND EVEN IF Tripadvisor OR ITS CORPORATE AFFILIATES HAS BEEN ADVISED OF THE POSSIBILITY OF SUCH DAMAGES."
TripAdvisor.docx,22,Autor,ltd_cap-1,"If the Tripadvisor Companies are found liable for any loss or damage that arises out of or is in any way connected with your use of the Services, then the Tripadvisor Companies’ liability will in no event exceed, in the aggregate, thegreater of (a) the transaction fees paid to the Tripadvisor Companies for the transaction(s) on or through the Services giving rise to the claim, or (b) One-Hundred Dollars (US $100.00)."
TripAdvisor.docx,23,Autor,uncle,"THESE TERMS AND CONDITIONS AND FOREGOING LIABLITY DISCLAIMER DO NOT AFFECT MANDATORY LEGAL RIGHTS THAT CANNOT BE EXCLUDED UNDER APPLICABLE LAW, FOR EXAMPLE UNDER CONSUMER PROTECTION LAWS IN PLACE IN CERTAIN COUNTRIES."
TripAdvisor.docx,24,Autor,uncle,"IF THE LAW OF THE COUNTRY WHERE YOU LIVE DOES NOT ALLOW ANY PARTICULAR LIMITATION OR EXCLUSION OF LIABILITY PROVIDED FOR IN THIS CLAUSE, THAT LIMITATION WILL NOT APPLY. THE LIABILITY DISCLAIMER WILL OTHERWISE APPLY TO THE MAXIMUM EXTENT ALLOWED BY YOUR LOCAL LAW."
TripAdvisor.docx,25,Autor,ind0,"You agree to defend and indemnify the Tripadvisor Companies and any of their ofﬁcers, directors, employees and agents from and against any claims, causes of action, demands, recoveries, losses, damages, ﬁnes, penalties or other costs or expenses of any kind or nature including but not limited to reasonable legal and accounting fees, brought by third parties as a result of:your breach of this Agreement or the documents referenced herein;your violation of any law or the rights of a third party; oryour use of the Services, including the Tripadvisor Companies’ websites."
TripAdvisor.docx,26,Autor,docu,"copyright that you hold, please contact us immediately by following our notice and takedown procedure. Click here to view the Copyright Policy and procedure. Once this procedure has been followed, Tripadvisor will respond to"
TripAdvisor.docx,27,Autor,contr_chg0disc-1,"Tripadvisor may change, add or delete these terms and conditions of this Agreement or any portion thereof from time to time in its sole discretion where we deem it necessary for legal, general regulatory and technical purposes, or due to changes in the Services provided or nature or layout of Services. Thereafter, you expressly agree to be bound by the terms and conditions of this Agreement as amended."
TripAdvisor.docx,28,Autor,serv_chg-1acc_sus0,"The Tripadvisor Companies may change, suspend or discontinue any aspect of the Services at any time, including availability of any of the Services’ features, databases or Content. The Tripadvisor Companies may also impose limits or otherwise restrict your access to all or parts of the Services without notice or liability for technical or security reasons, to prevent against unauthorised access, loss of, or destruction of data or where Tripadvisor and/or its corporate afﬁliates consider(s) in its/their sole discretion that you are in breach of any provision of this Agreement or of any law or regulation and where Tripadvisor and/or its corporate afﬁliates decide to discontinue providing any aspect of the Services."
TripAdvisor.docx,29,Autor,acc_del0,"Tripadvisor may terminate this Agreement with you at any time, without advanced notice, where it believes in good faith that you have breached this Agreement or otherwise believes that termination is reasonably necessary to safeguard the rights of the Tripadvisor Companies and/or others users of the Services. That means that we may stop providing you with Services."
TripAdvisor.docx,30,Autor,c_law-1,"This website is owned and controlled by TripAdvisor LLC, a U.S. limited liability company. This Agreement and any dispute or claim (including non-contractual disputes or claims) arising out of or in connection with it or its subject matter or formation shall be governed by and construed in accordance with the law of the Commonwealth of Massachusetts, USA."
TripAdvisor.docx,31,Autor,"c_forum0Law and forum0 due to the uncle below, where it expressly states that it does not apply to consumers","You hereby consent to the exclusive jurisdiction and venue of courts in Massachusetts, USA and stipulate to the fairness and convenience of proceedings in such courts for all disputes, both contractual and non-contractual, arising out of or relating to the use of the Services by you or any third party. You agree that all claimsyou may have against TripAdvisor LLC arising from or relating to the Services must be heard and resolved in a court of competent subject matter jurisdiction located in the Commonwealth of Massachusetts. U"
TripAdvisor.docx,32,Autor,uncle,"The foregoing shall not apply to the extent that applicable law in your country of residence requires application of another law and/or jurisdiction – in particular, if you are using the Services as a consumer – and this cannot be excluded by contract and will not be governed by the United Nations Conventions on Contracts for the International Sale of Goods, if otherwise applicable"
TripAdvisor.docx,33,Autor,pato,"We reserve the right to reclaim any username, account name, nickname, handle or any other user identiﬁer for any reason without liability to you."
TripAdvisor.docx,34,Autor,uncle,To the extent allowed by applicable law
TripAdvisor.docx,35,Autor,period-1,you agree that you will bring any claim or cause of action arising from or relating to your access or use of the Services within two (2) years from the date on which such claim or action arose or accrued or such claim or cause of action will be irrevocably waived
TripAdvisor.docx,36,Autor,uncle,pursuant to applicable law 
TripAdvisor.docx,37,Autor,sever0,"then the invalid or unenforceable provision will be deemed superseded by a valid, enforceable provision that most closely matches the intent of the original provision and the remaining provisions in this Agreement shall continue in effect."
Strava.docx,0,Autor,docu1,Privacy Policy
Strava.docx,1,Autor,arb0,"These Terms contain provisions that govern how disputes between you and Strava are resolved, including an agreement to arbitrate, which will, unless you reside in the European Union, with limited exception, require you to submit claims you have against us to binding and ﬁnal arbitration and limit you to claims against Strava on an individual basis, unless you opt-out in accordance with the instructions below."
Strava.docx,2,Autor,uncle1,"If you are under the legal age to form a binding contract in your jurisdiction, you represent that your parent or legal guardian has reviewed and agreed to these Terms on your behalf."
Strava.docx,3,Autor,acc_sus0acc_del0pato1,"If you provide any Athlete Data that is inaccurate or not current, or Strava has reasonable grounds to suspect that such Athlete Data is inaccurate or not current, Strava has the right to suspend or terminate your account and refuse current or future use of the Services."
Strava.docx,4,Autor,ltd0,"You are solely responsible for maintaining the conﬁdentiality of the password associated with your account and for restricting access to your password, your computer and mobile device while logged into the Services. You accept responsibility for all activities that occur under your account or from your computer and mobile devices."
Strava.docx,5,Autor,docu3docu4,"By virtue of certain of the Services connecting to the Google Maps API, you hereby agree to be bound by the Google Maps/Google Earth Additional Terms of Service (including the Google Privacy Policy"
Strava.docx,6,Autor,price_chg0,"Strava reserves the right to increase subscription fees, any associated taxes, or to institute new fees at any time upon reasonable advance notice."
Strava.docx,8,Autor,shad_ip1pato2,in all media formats and channels now known or later developed
Strava.docx,7,Autor,IP0,". You grant us a non-exclusive, transferable, sub-licensable, royalty-free, worldwide license to use, reproduce, modify, adapt, publish, translate, create derivative works from, distribute, publicly perform and display any Content and any name, username or likeness that you post on or in connection with the Services in all media formats and channels now known or later developed without compensation to you. This license ends when you delete your Content or your account."
Strava.docx,9,Autor,cnt_modr0cnt_del-1disc-1,"Strava may, in its sole discretion, screen, monitor, hide, refuse or remove any Content, or remove any Content that violates the Terms or is otherwise objectionable"
Strava.docx,10,Autor,ltd-1,"Under no circumstances will Strava be liable in any way for any Content, including, but not limited to, any errors oromissions in any Content, or any loss or damage of any kind incurred as a result of the use of any Content made available on the Services. You agree to bear all risks associated with the use of any Content available in connection with the Services, including any reliance on the accuracy, completeness, or usefulness of such Content."
Strava.docx,11,Autor,docu2,the Strava Community Standards
Strava.docx,12,Autor,disc-1,at our sole discretion
Strava.docx,13,Autor,ind0,"you agree to pay for all royalties, fees, and any other monies owed by reason of Content you post on or through the Services."
Strava.docx,14,Autor,what1,"The Services function as a venue to connect athletes in a virtual information place. As a neutral facilitator, Strava is not directly involved in the actual interactions between athletes using the Services. As a result, Strava has no control over the truth, accuracy, quality, legality, or safety of postings made by athletes using the Services. "
Strava.docx,15,Autor,ltd-1,"Strava shall have no responsibility to conﬁrm the identity of athletes. Strava shall also have no responsibility to conﬁrm or verify the qualiﬁcations, background, or abilities of athletes using the Services."
Strava.docx,16,Autor,pato3,You shall at all time exercise common sense and good judgment when dealing with any athlete using the Services
Strava.docx,17,Autor,srv_chg-1 (?),"We reserve the right to remove your veriﬁed status and badge, as well as cease your free subscription, at any time."
Strava.docx,18,Autor,srv_chg-1 (?),"We reserve the right to revoke or transfer ownership of clubs, remove content, remove a club’s veriﬁed status and badge, and remove a club at any time."
Strava.docx,19,Autor,ind0 (?),"Club administrators hereby agree to indemnify and hold Strava harmless from any and all claims arising out of your club, including but not limited to claims of intellectual property infringement."
Strava.docx,20,Autor,uncle2,Except as expressly permitted by applicable law or authorized by Strava or applicable third party service providers or advertisers
Strava.docx,21,Autor,sugg0,"If you provide Feedback, you hereby grant to Strava a worldwide, non-exclusive, transferable, assignable, sub- licensable, perpetual, irrevocable, royalty-free license to copy, distribute, create derivative works of, publicly display and perform and otherwise exploit such Feedback and to use, make, have made, sell, offer for sale, import and export products and services based on such Feedback."
Strava.docx,22,Autor,as_is,"THE INFORMATION, SOFTWARE, PRODUCTS, SERVICES AND CONTENT AVAILABLE THROUGH THE SERVICES ARE PROVIDED TO YOU “AS IS” AND WITHOUT WARRANTY."
Strava.docx,23,Autor,ltd-1,"YOU VOLUNTARILY ASSUME ALL KNOWN AND UNKNOWN RISKS ASSOCIATED WITH THESE ACTIVITIES EVEN IF CAUSED IN WHOLE OR PART BY THE ACTION, INACTION OR NEGLIGENCE OF STRAVA OR BY THE ACTION, INACTION OR NEGLIGENCE OF OTHERS."
Strava.docx,24,Autor,ltd-1,"YOU EXPRESSLY AGREE TO RELEASE STRAVA, ITS SUBSIDIARIES, AFFILIATES, OFFICERS, AGENTS, REPRESENTATIVES, EMPLOYEES, PARTNERS AND LICENSORS (THE “RELEASED PARTIES”) FROM ANY AND ALL LIABILITY IN CONNECTION WITH YOUR ATHLETIC ACTIVITIES AND/OR USE OF THE STRAVA WEBSITES, MOBILE APPLICATIONS, CONTENT, SERVICES OR PRODUCTS (INCLUDING, WITHOUT LIMITATION, ANY STRAVA TRAINING PLAN), AND PROMISE NOT TO SUE THE RELEASED PARTIES FOR ANY CLAIMS, ACTIONS, INJURIES, DAMAGES, OR LOSSES ASSOCIATED WITH SUCH USE. YOU ALSO AGREE THAT IN NO EVENT SHALL THE RELEASED PARTIES BE LIABLE TO YOU OR ANY THIRD PARTY FOR ANY DIRECT, INDIRECT, PUNITIVE, INCIDENTAL, SPECIAL OR CONSEQUENTIAL DAMAGES ARISING OUT OF OR IN ANY WAY CONNECTED WITH (a) YOUR USE OR MISUSE OF THE SERVICES, (b) YOUR USE OR MISUSE OF EQUIPMENT OR PROGRAMS CREATED OR LICENSED BY STRAVA (INCLUDING, WITHOUT LIMITATION, ANY STRAVA TRAINING PLAN) WHILE ENGAGED IN ATHLETIC ACTIVITIES, (c) YOUR DEALINGS WITH THIRD-PARTY SERVICE PROVIDERS OR ADVERTISERS AVAILABLE THROUGH THE SERVICES, (d) ANY DELAY OR INABILITY TO USE THE SERVICES EXPERIENCED BY YOU, OR (e) ANY INFORMATION, SOFTWARE, PRODUCTS, SERVICES OR CONTENT OBTAINED THROUGH THE SERVICES, WHETHER BASED ON CONTRACT, TORT, STRICT LIABILITY OR OTHERWISE, EVEN IF STRAVA HAS BEEN ADVISED OF THE POSSIBILITY OF DAMAGES."
Strava.docx,25,Autor,uncle3,"BECAUSE SOME STATES/JURISDICTIONS DO NOT ALLOW SOME OR ALL OF THE EXCLUSIONS OR LIMITATIONS OF LIABILITY ABOVE, SUCH AS EXCLUSIONS FOR CONSEQUENTIAL OR INCIDENTAL DAMAGES, SOME OF THE ABOVE LIMITATIONS OR EXCLUSIONS MAY NOTAPPLY TO YOU"
Strava.docx,26,Autor,ltd_cap-1,THE COMPANY’S MAXIMUM AGGREGATE LIABILITY TO YOU PURSUANT TO THESE TERMS SHALL NOT EXCEED THE GREATER OF EITHER (a) FIFTY DOLLARS ($50) OR (b) THE AMOUNT OF FEES PAID BY YOU TO STRAVA IN THE 12-MONTHS PRIOR TO DATE THE CLAIM
Strava.docx,27,Autor,ind0,"You agree to indemnify and hold Strava and its subsidiaries, afﬁliates, ofﬁcers, agents, representatives, employees, partners and licensors harmless from any claim or demand, including reasonable attorneys’ fees, made by any third party due to or arising out of Content you submit, post, transmit or otherwise seek to make available through the Services, your use of the Services, your athletic activities which generate the Content you post or seek to post on the Services (including, but not limited to, athletic activities in connection with any contests, races, group rides, or other events which Strava sponsors, organizes, participates in, or whose Services are used in connection with), your connection to the Services, your violation of the Terms, your violation of any data protection or privacy laws, or your violation of any rights of another person or entity."
Strava.docx,28,Autor,uncle4,"Your rights with respect to Strava are not modiﬁed by the foregoing indemniﬁcation if the laws of your country of residence, applicable as a result of your use of our Services, do not permit it."
Strava.docx,29,Autor,arb0,", all claims arising out of or relating to this Agreement and your use of the Services shall be ﬁnally settled by binding arbitration administered by JAMS in accordance with its provisions and procedures for consumer-related disputes, excluding any rules or procedures governing or permitting class actions. The arbitrator, and not any court or agency, shall have exclusive authority to resolve all disputes arising out of or relating to thisAgreement, including, but not limited to, any claim that all or any part of this Agreement is void or voidable. The arbitrator shall be empowered to grant whatever relief would be available in a court; provided, however, that the arbitrator will not have authority to award damages, remedies, or awards that conﬂict with this Agreement. The arbitrator’s award shall be binding on the parties and may be entered as a judgment in any court of competent jurisdiction. To the extent the ﬁling fee for the arbitration exceeds the cost of ﬁling a lawsuit, Strava will pay the additional cost. You and Strava hereby expressly waive trial by jury. You also agree not to participate in claims brought in a private attorney general or representative capacity, or consolidated claims involving another person’s account, if Strava is a party to the proceeding. This dispute resolution provision will be governed by the Federal Arbitration Act. This provision does not apply to users who live in the European Union."
Strava.docx,30,Autor,class-1,"The parties further agree that any arbitration shall be conducted in their individual capacities only, and not as a class action or other representative action. If any court or arbitrator determines that the class-action waiver set forth in this section is void or unenforceable for any reason, or that an arbitration can proceed on a class basis, then the arbitration provision set forth above shall be deemed null and void in its entirety and the parties shall be deemed to have not agreed to arbitrate disputes."
Strava.docx,31,Autor,period-1,You agree that any claim you may have arising out of or related to your relationship with Strava and these Terms must be ﬁled within one year after such claim arose
Strava.docx,32,Autor,c_law-1,"Any action related to the Terms, Content, the Services, and your relationship with the Strava shall be governed by, and construed and interpreted in accordance with, the laws of the State of California without regard to its conﬂict of laws principles AND WILL SPECIFICALLY NOT BE GOVERNED BY THE UNITED NATIONS CONVENTIONS ON CONTRACTS FOR THE INTERNATIONAL SALE OFGOODS, IF OTHERWISE APPLICABLE"
Strava.docx,33,Autor,c_forum-1,"Subject to the Section entitled “Dispute Resolution”, the parties irrevocably consent to bring any action to enforce this Agreement in the federal or state courts embracing San Francisco, California and you consent to the exclusive jurisdiction of the federal or state courts embracing San Francisco, California. "
Strava.docx,34,Autor,uncle5,Except to the extent prohibited by applicable law
Strava.docx,35,Autor,c_law-1c_forum-1,"If you are a user based in the European Union, then Irish law shall apply to these Terms and the Irish courts shall have exclusive jurisdiction to hear disputes arising in relation to the Terms."
Strava.docx,36,Autor,uncle6,"Despite this, your local laws in your European Union Member State may allow you to take legal action against Strava in your Member State and to invoke certain local laws against Strava."
Strava.docx,37,Autor,acc_sus0acc_del0,"You agree that Strava may, under certain serious circumstances and without prior notice, immediately suspend or terminate your account and/or access to the Services."
Strava.docx,38,Autor,disc-1ltd-1,"Further, you agree that all suspensions or terminations for cause shall be made in Strava’s sole discretion and that Strava shall not be liable to you or any third party for any suspension or termination of your account or access to the Services."
Strava.docx,39,Autor,sever0inter0,"If any provision of the Terms is found by a court of competent jurisdiction to be invalid, the parties nevertheless agree that the court should endeavor to give effect to the parties’ intentions as reﬂected in the provision, and the other provisions of the Terms remain in full force and effect."
Strava.docx,40,Autor,trans-1,"Strava has the right, in its sole discretion, to transfer or assign all or any part of its rights under these Terms and will have the right to delegate or use third party contractors to fulﬁll its duties and obligations under these Terms and in connection with the Services."
Strava.docx,41,Autor,contr_chg-1disc-1,. Strava reserves the right to update the Terms at any time and for any reason in its sole discretion
Strava.docx,42,Autor,serv_chg-1disc-1,"Strava and its third party service providers may make improvements and/or changes in the Services, products, services, mobile applications, features, programs, and prices described at any time and for any reason in its sole discretion."
Strava.docx,43,Autor,ltd-1,"You agree that Strava shall not be liable to you or to any third party for any modiﬁcation, suspension or discontinuance of the Services."
eToro.docx,1,Autor,docu,General Risk Disclosure
eToro.docx,2,Autor,docu,Conflicts of Interest 
eToro.docx,3,Autor,docu,Best Execution and Order Handling Policy
eToro.docx,4,Autor,docu,Privacy Notice
eToro.docx,6,Autor,what,"We provide a digital trading platform, which can be accessed via a mobile and/or web-based application, where you can:trade contracts for differences (""CFDs"");invest in securities;trade cryptoassets;we call the above the ""Trading Services""; andtrade CFDs, invest in securities, and/or trade cryptoassets, by copying the trades of other customers who trade on the eToro platform, or by copying trades in a portfolio which we have put together, which we call the ""Copy Trading Services""."
eToro.docx,8,Autor,uncle,", in accordance with our obligations under Applicable Law and our internal policy and procedure"
eToro.docx,10,Autor,uncle,as well as other countries as required by Applicable Law
eToro.docx,13,Autor,docu,https://www.etoro.com/customer-service/etoro-security-guidelines/.
eToro.docx,17,Autor,uncle,such arrangements are permitted by Applicable Law
eToro.docx,18,Autor,uncle,where such payments are permitted by Applicable Law
eToro.docx,21,Autor,com_sys0,"If you are unhappy with a Service or something has gone wrong, please contact us and we will try to put it right. You may contact us directly via:the ""Help"" section of our platform, where you will also find our complaints procedure; orthe customer service section of our website at https://www.etoro.com/customer-service/."
eToro.docx,24,Autor,uncle,given the highest level of protection under Applicable Law
eToro.docx,26,Autor,uncle,as required by Applicable Law
eToro.docx,27,Autor,uncle,any other information which will be required under Applicable Law
eToro.docx,28,Autor,uncle,To the extent permitted by Applicable Law
eToro.docx,31,Autor,uncle,subject to any Applicable Law 
eToro.docx,32,Autor,uncle,"subject to any Applicable Law and regulatory restrictions, including AML restrictions"
eToro.docx,33,Autor,uncle,if required under Applicable Law
eToro.docx,36,Autor,uncle,money in accordance with Applicable Law
eToro.docx,37,Autor,tran0,"If we transfer/sell our business to someone else, in accordance with the CySEC rules:we will provide you with notice prior to the transfer;they will hold your transferred money in accordance with the client money rules or, if they do not treat your money as client money, we will exercise due skill, care and diligence in assessing whether they will apply adequate measures to protect your money; andyou consent for us to transfer your money. If you do not want your money to be transferred to another person, please contact us and we can help you close your eToro account."
eToro.docx,40,Autor,uncle,in accordance with Appliable Law.
eToro.docx,46,Autor,uncle,This period may be extended by Applicable Law 
eToro.docx,48,Autor,price_chg0,"We will charge you a fee for each order we execute for you. This is called a ""spread"". A spread is the difference in the sell and the buy price. The spread is different for each type of product and Service and can be found on our website. We will estimate the total amount of spread that applies each time you place an order. We cannot provide you with an exact amount because the spread may change between the time you make an order, and the time we execute your order.The spreads which we charge can change due to market conditions. For example, there may be instances when market conditions cause spreads to widen beyond the typical spreads displayed on our website and/or platform."
eToro.docx,51,Autor,acc_sus0acc_del0uncle,"If you breach any of the above rules we will record such breach. We may also cancel your orders, freeze, block and/or terminate our Services, your eToro account, and/or our Agreement with you. We may, but are not required to, give you notice of this, subject to any Applicable Law."
eToro.docx,53,Autor,cnt_del0cnt_mod0,"We may review and monitor your activity and posts on the eToro Community. If you breach any of the above rules or the Community Guidelines, we will record such breach and we will remove the post without telling you"
eToro.docx,54,Autor,acc_del0acc_sus0,"We may also block your eToro account, or terminate our Agreement with you - we will tell you when we do this"
eToro.docx,55,Autor,uncle,We may also be required by Applicable Law to tell regulators or government authorities about a breach
eToro.docx,56,Autor,IP-1,"By posting content on the eToro Community, you specifically grant us a non-exclusive, irrevocable, transferable, sub-licensable, royalty-free, worldwide license to use, copy, duplicate store, present and/or publish all or any part of your content, and we shall be free to use such content, in any manner or media whatsoever, on an unrestricted basis and without any attribution or royalties or other compensation to you, including without limitation, our website, advertisements, in printed media, and in newspapers."
eToro.docx,58,Autor,Ltd-1 (esp. letter g),"Subject to clause 25.2 below, eToro Europe and its employees, agents, delegates or associates will not be liable for any:action or inaction we take in accordance with our rights under this Agreement, including under clause 19 – ""Entering into transactions – Modifying your order, cancelling your order, or us not accepting your order"", clause 27 - ""Right of set-off, liens, and equitable charges"", clause 28 – ""Event of Default"", and clause 29 – ""Exceptional Events"";event due to circumstances beyond our control including, any ""Exceptional Event"" occurring, as defined in clause 29 – ""Exceptional Events"";action taken by any government or regulatory body, legal authority, technical delays, technological malfunction, loss of data and records, destruction of hardware;action taken by us as a result of a breach of the Agreement by you;act or omission of any third party including for any information provided by a third party;action taken by us as a result of Applicable Law;damage, costs, loss, liability, claims for compensation, or expense incurred or suffered by you, directly or indirectly under or in connection with this Agreement;damage, costs, loss, liability, claims for compensation, or expense incurred or suffered by you, directly or indirectly, under or in connection with trading on a digital platform as set out in clauses 5.6 or 5.7 above, and 25.3 and 33.6 below; anddamage, costs, loss, liability, claims for compensation, or expense incurred or suffered by you, directly or indirectly, under or in connection with any planned or essential maintenance to our systems, which includes the eToro trading platform."
eToro.docx,60,Autor,uncle,any liability that cannot be excluded or limited under Applicable Law
eToro.docx,62,Autor,as_is-1,"The Services, our platform, and the information we provide in the eToro Community and on our platform, are provided ""as is"" and ""as available"", without any representation or warranty of any kind, including that it will be without interruption, error free, or will meet your individual requirements, or compatible with your hardware or software, except as otherwise set out in this Agreement."
eToro.docx,65,Autor,acc_sus-1acc_del-1ltd-1,"We may also freeze, block, or terminate our Services and/or your eToro account if:we decide to stop providing you with Services;"
eToro.docx,66,Autor,uncle,to do so by Applicable Law or by a regulator
eToro.docx,68,Autor,uncle,To the extent permitted under Applicable Law
eToro.docx,69,Autor,uncle,To the extent permitted under Applicable Law
eToro.docx,71,Autor,uncledisc-1,"we consider it reasonably necessary to prevent what we reasonably consider to be or might be a violation of any Applicable Law (including but not limited to, market abuse, gaming the system, or scalping);"
eToro.docx,72,Autor,uncle,unless otherwise prescribed by Applicable La
eToro.docx,73,Autor,acc_del0,"we may, in our absolute discretion, at any time and without prior notice, take one or more of the following steps:close out all or any of your open position at current market prices;exercise the lien or charge that we have on the products that we hold for you and the money in your eToro account; and/orclose your eToro account."
eToro.docx,76,Autor,acc_del0acc_sus0,"If you breach any warranty or representation made under this Agreement, we may close any orders or trades that you have made, and/or close or freeze your eToro account"
eToro.docx,77,Autor,ind0,You will also may be required to fully indemnify us due to any contraventions by you of Applicable Law.
eToro.docx,80,Autor,tran-1,"We may assign, transfer and/or novate these Terms and Conditions and/or any of our rights and/or obligations to another appropriately regulated firm. We will tell you 15 days in advance if we do this. We will use reasonable endeavours to ensure that your rights under the assignment and/or novation will be similar to your rights under the Terms and Conditions and Schedules with us. We will treat you continuing to use the Services as you agreeing to the assignment and novation, but you can cancel your eToro account with us at any time."
eToro.docx,82,Autor,contr_chg-1,"We may make changes to these Terms and Conditions from time to time. For example, we might need to add new terms, or amend existing terms to reflect changes in:our business, Services or products or how we provide them;the systems we use; and/orApplicable Law or regulation or industry recommendations.We may also make changes for reasons not set out here."
eToro.docx,84,Autor,serv_chg-1,"We may modify, suspend or discontinue, temporarily or permanently, all or any part of our Services with or without notice. We reserve the right, at any time and for any reason, to discontinue, redesign, modify, enhance, change, patch the software, the eToro platform, and/or the Services, including without limitation, the structure, specifications, 'look and feel', navigation, features and other elements of the software and/or the Services or any part thereof. You agree that we will not be liable to you or to any third party (for whom you may be acting) for any modification, suspension or discontinuance of all or any part of our Services."
eToro.docx,86,Autor,sever0,"If any court or relevant authority finds any part of these Terms and Conditions to be invalid or unenforceable, the remaining parts of the Terms and Conditions and Schedules will remain in full force and effect."
eToro.docx,88,Autor,sugg0,"Please inform us in writing if you encounter any problems with the eToro platform, or have any suggestions for modifications and improvements. We may make modifications to the eToro platform based upon your suggestions, but are not required to do so. Any modifications and improvements made to the eToro platform based on your feedback shall be our and our licensors' sole property."
eToro.docx,92,Autor,uncle,which you are required to carry out under Applicable Law
eToro.docx,96,Autor,uncle,are subject to all Applicable Law and regulation
eToro.docx,98,Autor,c_law-1,The laws of Cyprus apply to these Terms and Conditions and Schedules between you and us.
eToro.docx,99,Autor,c_forum-1,"Any claim you make against us can be heard in the courts in Limassol, Cyprus."
eToro.docx,102,Autor,what2,"What is CFD trading?A contract for difference (""CFD"") is a financial product which allows you to trade on the price movements of an underlying product for example shares, forex, indices, commodities, or cryptoassets. When you trade a CFD, you are agreeing to exchange the difference in the price of an underlying product from the point in time when your position is opened to when it is closed."
eToro.docx,104,Autor,uncle,as required under any Applicable Law
eToro.docx,105,Autor,uncle,as required under any Applicable Law
eToro.docx,121,Autor,uncle,Applicable Law 
eToro.docx,127,Autor,what,"Our securities trading serviceYou can buy and sell shares and units in exchanged traded funds (""ETFs"") on our platform, as well as other securities that we may offer from time to time."
eToro.docx,137,Autor,uncle,You agree that because of the nature of Applicable Laws or market practices in overseas jurisdictions
eToro.docx,144,Autor,what4,"Our cryptoassets trading serviceA ""cryptoasset"" is a type of decentralised digital currency or asset which is not issued by any central bank or issuer. Technological encryption techniques are used to produce units of the currency or asset and verify the transfer of units between owners of the cryptoasset."
eToro.docx,153,Autor,uncle,Appliable Law
eToro.docx,154,Autor,uncle,expenses that you suffer subject to Applicable Law
eToro.docx,155,Autor,ltd-1,"We are not liable to you where you suffer a loss, cost, or expense as a result of:any delay or change in market conditions before we execute an order or before a transaction settles;any delay or interruptions caused by any computer viruses, spyware, scareware, Trojan horses, worms or other malware that may affect your computer or other equipment, any cyber-attack or any phishing, spoofing or other attack. We advise the regular use of a reputable and readily available virus screening and prevention software. You should also be aware that SMS and email services are vulnerable to spoofing and phishing attacks and should use care in reviewing messages purporting to originate from us;any loss caused by theft, robbery, burglary or other criminal taking if a computer, computer system, computer software program, malicious code, computer virus or process or any other electronic system is used to perform such acts;any loss of any kind resulting from any communication failures, disruptions, errors, distortions or delays you may experience when trading on the eToro platform, regardless of how they are caused;any loss resulting from a network failure of a cryptoasset's cryptographic protocol;any loss caused by a custodian and/or by any third party;any lost profits or damages that are caused by or are connected to unauthorised use of the eToro platform or services, even where we or one of our representatives knew or should reasonably have known about the possibility of such damages; andany loss of any kind, from action taken in reliance on material or information, contained on eToro's trading platform or websites and/or on the blockchain systems."
eToro.docx,156,Autor,ltd_cap-1,"Neither eToro Europe, its affiliates and service providers, nor any of their respective officers, directors, agents, joint venture partners, employees or representatives, will be liable for any amount larger than the value of the cryptoassets currently deposited in your account. As a result, for example, if you claim that we failed to process a buy or a sell transaction properly, your damages are limited to no more than the value of the supported cryptoasset at issue in the transaction."
eToro.docx,157,Autor,as_is-1,"The services are provided on an ""as is"" and ""as available"" basis without any representation or warranty, whether express, implied or statutory. To the maximum extent permitted by Applicable Law, we specifically disclaim any implied warranties of title, merchantability, fitness for a particular purpose and/or non-infringement."
eToro.docx,164,Autor,uncle,not subject to Applicable Law on custody
eToro.docx,170,Autor,uncle,subject to Applicable Law
eToro.docx,171,Autor,ltd_cap-1,"eToro Germany, any affiliates and service providers, nor any of its respective officers, directors, agents, joint venture partners, employees or representatives, will be liable for any amount larger than the value of the cryptoassets currently deposited in your account."
eToro.docx,172,Autor,as_is-1,"Custody services for your cryptoassets are provided on an ""as is"" and ""as available"" basis without any representation or warranty, whether express, implied or statutory. To the maximum extent permitted by Applicable Law, eToro Germany specifically disclaims any implied warranties of title, merchantability, fitness for a particular purpose and/or non-infringement."
eToro.docx,173,Autor,sever0,"any court or relevant authority finds any part of this Appendix 2 to be invalid or unenforceable, the remaining parts of this Appendix 2, the General Terms and Conditions and Schedules will remain in full force and effect."
eToro.docx,174,Autor,c_law-1c_forum-1,The laws of Germany apply to the terms of this Appendix 2 between you and us only. Any claim you make against us in relation to a breach of any of the terms of this Appendix 2 only can be heard in the courts in Germany.
eToro.docx,177,Autor,what5,"The eToro platform provides you with the ability to interact, follow and copy other traders, strategies and/or portfolios by using the information, as well as providing you with ""social trading features"". Social trading features include detailed account information, trading histories, risk profiles, and other information in relation to eToro traders, strategies and/or portfolios that may be useful to you when deciding whether to copy such eToro trader, strategy and/or portfolio."
eToro.docx,181,Autor,uncle,asset class or specific product due to Applicable Law
eToro.docx,182,Autor,uncle,where permitted by Applicable Law and where our service enables this at our sole discretion
eToro.docx,186,Autor,uncle,as a result of Applicable Law 
eToro.docx,189,Autor,serv_chg-1,". However, we may add, remove, or change the availability and features of these functionalities, at our discretion. This may impact how you can use the copy trading service on our platform, for example whether you can copy all trades or only new trades of a trader or a portfolio."
eToro.docx,193,Autor,uncle,"to Applicable Law, "
LinkedIn.docx,0,Autor,what,"Our mission is to connect the world’s professionals to allow them to be more productive and successful. Our services are designed to promote economic opportunity for our members by enabling you and millions of other professionals to meet, exchange ideas, learn, and find opportunities or employees, work, and make decisions in a network of trusted relationships."
LinkedIn.docx,1,Autor,docu,Cookie Policy 
LinkedIn.docx,2,Autor,docu,Privacy Policy
LinkedIn.docx,3,Autor,contr_chg-1,"e may modify this Contract, our Privacy Policy and our Cookies Policy from time to time"
LinkedIn.docx,4,Autor,docu,Professional Community Policies
LinkedIn.docx,5,Autor,docu,additional terms specific to the paid Services
LinkedIn.docx,6,Autor,docu,refund policy
LinkedIn.docx,7,Autor,cnt_del-1cnt_mod0,We are not obligated to publish any information or content on our Service and can remove it with or without notice.
LinkedIn.docx,8,Autor,IP0,"A worldwide, transferable and sublicensable right to use, copy, modify, distribute, publish and process, information and content that you provide through our Services and the services of others, without any further consent, notice and/or compensation to you or others. These rights are limited in the following ways:You can end this license for specific content by deleting such content from the Services, or generally by closing your account, except (a) to the extent you shared it with others as part of the Service and they copied, re-shared it or stored it and (b) for the reasonable time it takes to remove from backup and other systems.We will not include your content in advertisements for the products and services of third parties to others without your separate consent (including sponsored content). However, we have the right, without payment to you or others, to serve ads near your content and information, and your social actions may be visible and included with ads, as noted in the Privacy Policy. If you use a Service feature, we may mention that with your name or photo to promote that feature within our Services, subject to your settings.We will get your consent if we want to give others the right to publish your content beyond the Services. However, if you choose to share your post as ""public, everyone or similar"", we will enable a feature that allows other Members to embed that public post onto third-party services, and we enable search engines to make that public content findable though their services. Learn MoreWhile we may edit and make format changes to your content (such as translating or transcribing it, modifying the size, layout or file type or removing metadata), we will not modify the meaning of your expression.Because you own your content and information and we only have non-exclusive rights to it, you may choose to make it available to others, including under the terms of a Creative Commons license."
LinkedIn.docx,9,Autor,sugg0,"By submitting suggestions or other feedback regarding our Services to LinkedIn, you agree that LinkedIn can use and share (but does not have to) such feedback for any purpose without compensation to you."
LinkedIn.docx,10,Autor,serv_chg-1,"We may change, suspend or discontinue any of our Services. "
LinkedIn.docx,11,Autor,price_chg0,We may also modify our prices effective prospectively upon reasonable notice 
LinkedIn.docx,12,Autor,uncle,to the extent allowed under the law
LinkedIn.docx,13,Autor,acc_sus0acc_del0,"LinkedIn reserves the right to restrict, suspend, or terminate your account if you breach this Contract or the law or are misusing the Services "
LinkedIn.docx,15,Autor,uncle,TO THE FULLEST EXTENT PERMITTED UNDER APPLICABLE LAW
LinkedIn.docx,14,Autor,as_is-1,"LINKEDIN AND ITS AFFILIATES MAKE NO REPRESENTATION OR WARRANTY ABOUT THE SERVICES, INCLUDING ANY REPRESENTATION THAT THE SERVICES WILL BE UNINTERRUPTED OR ERROR-FREE, AND PROVIDE THE SERVICES (INCLUDING CONTENT AND INFORMATION) ON AN “AS IS” AND “AS AVAILABLE” BASIS. TO THE FULLEST EXTENT PERMITTED UNDER APPLICABLE LAW, LINKEDIN AND ITS AFFILIATES DISCLAIM ANY IMPLIED OR STATUTORY WARRANTY, INCLUDING ANY IMPLIED WARRANTY OF TITLE, ACCURACY OF DATA, NON-INFRINGEMENT, MERCHANTABILITY OR FITNESS FOR A PARTICULAR PURPOSE."
LinkedIn.docx,16,Autor,uncle,TO THE FULLEST EXTENT PERMITTED BY LAW 
LinkedIn.docx,17,Autor,ltd0 (see below: p. 4.3),"AND UNLESS LINKEDIN HAS ENTERED INTO A SEPARATE WRITTEN AGREEMENT THAT OVERRIDES THIS CONTRACT), LINKEDIN, INCLUDING ITS AFFILIATES, WILL NOT BE LIABLE IN CONNECTION WITH THIS CONTRACT FOR LOST PROFITS OR LOST BUSINESS OPPORTUNITIES, REPUTATION (E.G., OFFENSIVE OR DEFAMATORY STATEMENTS), LOSS OF DATA (E.G., DOWN TIME OR LOSS, USE OF, OR CHANGES TO, YOUR INFORMATION OR CONTENT) OR ANY INDIRECT, INCIDENTAL, CONSEQUENTIAL, SPECIAL OR PUNITIVE DAMAGES."
LinkedIn.docx,18,Autor,ltd_cap-1,"LINKEDIN AND ITS AFFILIATES WILL NOT BE LIABLE TO YOU IN CONNECTION WITH THIS CONTRACT FOR ANY AMOUNT THAT EXCEEDS (A) THE TOTAL FEES PAID OR PAYABLE BY YOU TO LINKEDIN FOR THE SERVICES DURING THE TERM OF THIS CONTRACT, IF ANY, OR (B) US $1000."
LinkedIn.docx,19,Autor,ltd-1,"These limitations of liability do not apply to liability for death or personal injury or for fraud, gross negligence or intentional misconduct, or in cases of negligence where a material obligation has been breached, a material obligation being such which forms a prerequisite to our delivery of services and on which you may reasonably rely, but only to the extent that the damages were directly caused by the breach and were foreseeable upon conclusion of this Contract and to the extent that they are typical in the context of this Contract."
LinkedIn.docx,20,Autor,acc_del0,Both you and LinkedIn may terminate this Contract at any time with notice to the other. 
LinkedIn.docx,21,Autor,c_law-1,"If you live in the Designated Countries, the laws of Ireland govern all claims related to LinkedIn's provision of the Services"
LinkedIn.docx,22,Autor,uncle,", but this shall not deprive you of the mandatory consumer protections under the law of the country to which we direct your Services where you have habitual residence"
LinkedIn.docx,23,Autor,c_law-1,"You and LinkedIn agree that the laws of the State of California, U.S.A., excluding its conflict of laws rules, shall exclusively govern any dispute relating to this Contract and/or the Services"
LinkedIn.docx,24,Autor,c_forum-1,"You and LinkedIn both agree that all claims and disputes can be litigated only in the federal or state courts in Santa Clara County, California, USA, and you and LinkedIn each agree to personal jurisdiction in those courts"
LinkedIn.docx,25,Autor,sever0inter0,"If a court with authority over this Contract finds any part of it unenforceable, you and we agree that the court should modify the terms to make that part enforceable while still achieving its intent. If the court cannot do that, you and we agree to ask the court to remove that unenforceable part and still enforce the rest of this Contract."
LinkedIn.docx,26,Autor,tran-1,"However, you agree that LinkedIn may assign this Contract to its affiliates or a party that buys it without your consent. There are no third-party beneficiaries to this Contract."
LinkedIn.docx,27,Autor,docu,Brand Guidelines
LinkedIn.docx,28,Autor,docu,Bing Maps terms
LinkedIn.docx,29,Autor,docu,a policy and process
Pinterest.docx,0,Autor,core1,"govern your access to and use of the Pinterest website, apps, APIs and widgets "
Pinterest.docx,1,Autor,"docu1, docu2, docu3","these Terms, our Privacy Policy, our Cookies Policy and our Community Guidelines."
Pinterest.docx,2,Autor,what1,"To do that, we show you things we think will be relevant, interesting and personal to you based on your onsite and offsite activity. To provide our Service, we need to be able to identify you and your interests. Some of the things we show you are promoted by advertisers."
Pinterest.docx,3,Autor,core2,"As part of our service, we try to ensure that even promoted content is relevant and interesting to you"
Pinterest.docx,4,Autor,core3,You can identify promoted content because it will be clearly labelled.
Pinterest.docx,5,Autor,uncle1,all applicable laws
Pinterest.docx,6,Autor,"uncle2, pato1",You can’t use Pinterest if it would be prohibited by US sanctions.
Pinterest.docx,7,Autor,uncle3,under the laws of your country
Pinterest.docx,8,Autor,what2,"Pinterest allows you to post content, including photos, comments, links and other materials."
Pinterest.docx,9,Autor,IP1,"You retain all rights in, and are solely responsible for, the User Content you post to Pinterest."
Pinterest.docx,10,Autor,IP1,"You grant Pinterest and our users a non-exclusive, royalty-free, transferable, sublicensable, worldwide licence to use, store, display, reproduce, save, modify, create derivative works, perform and distribute your User Content on Pinterest solely for the purposes of operating,developing, providing and using Pinterest."
Pinterest.docx,11,Autor,uncle4,"Nothing in these Terms restricts other legal rights Pinterest may have to User Content, for example under other licences"
Pinterest.docx,12,Autor,cnt_modr0; cnt_del-1: reasons given in the 2nd clause are in an open catalogue,"We reserve the right to remove or modify User Content, or change the way it’s used in Pinterest, for any reason. This includes User Content that we believe violates these Terms, our CommunityGuidelines or any other policies."
Pinterest.docx,13,Autor,"pato2, shad_ip1","Following termination or deactivation of your account, or if you remove any User Content from Pinterest, we may keep your User Content for a reasonable period of time for backup, archive or audit purposes."
Pinterest.docx,14,Autor,IP0,"Pinterest and its users may retain and continue to use, store, display, reproduce, save, modify, create derivative works, perform and distribute any of your User Content that other users have stored or shared on Pinterest."
Pinterest.docx,15,Autor,sugg0,"If you choose to submit comments, ideas or feedback, you agree that we are free to use them without any restriction or compensation to you"
Pinterest.docx,16,Autor,docu5,Copyright Policy.
Pinterest.docx,17,Autor,ltd0,"If you access any third-party websites, services or content from Pinterest, you do so at your own risk and you agree that Pinterest has no liability arising from your use of or access to any third-party websites, services or content."
Pinterest.docx,18,Autor,"acc_sus0, acc_del0","Pinterest may terminate or suspend your right to access or use Pinterest for any reason with appropriate notice. We may terminate or suspend your access immediately and without notice if we have a good reason, including any violation of our Community Guidelines."
Pinterest.docx,19,Autor,as_is-1,"Our Service and all content on Pinterest is provided on an ""as is"" basis without warranty of any kind, whether express or implied."
Pinterest.docx,20,Autor,ltd0 (in connection with the next paragraph),"Pinterest speciﬁcally disclaims any and all warranties and conditions of merchantability, ﬁtness for a particular purpose and non-infringement, and any warranties arising out of course of dealing or usage of trade.Pinterest takes no responsibility and assumes no liability for any User Content that you or any other person or third party posts or sends using our Service. You understand and agree that you may be exposed to User Content that’s inaccurate, objectionable, inappropriate for children or otherwise unsuited to your purpose."
Pinterest.docx,21,Autor,ltd0,"If you're a consumer in the EEA, we don’t exclude or limit any liability for gross negligence, intent, or death or personal injury caused by our negligence or willful misconduct."
Pinterest.docx,22,Autor,"pato3: ambiguous - what does ""bad stuff"" mean? In the 'main' clause there are none measures indicated that would be undertaken by the provider to take care of 'bad stuff'","Unfortunately, people post bad stuff on services like Pinterest. We take that kind of thing seriously but you may still run into it before we have a chance to take it down. If you see bad stuff, please report it to us here."
Pinterest.docx,23,Autor,"ltd0, ltd_cap-1 (in connection with the next paragraph)","TO THE MAXIMUM EXTENT PERMITTED BY LAW, PINTEREST SHALL NOT BE LIABLE FOR ANY INDIRECT, INCIDENTAL, SPECIAL, CONSEQUENTIAL OR PUNITIVE DAMAGES, OR ANY LOSS OF PROFITS OR REVENUES, WHETHER INCURRED DIRECTLY OR INDIRECTLY, OR ANY LOSS OF DATA, USE, GOODWILL OR OTHER INTANGIBLE LOSSES, RESULTING FROM (A) YOUR ACCESS TO, USE OF OR INABILITY TO ACCESS OR USE THE SERVICE; (B) ANY CONDUCT OR CONTENT OF ANY THIRD PARTY ON THE SERVICE, INCLUDING WITHOUT LIMITATION, ANY DEFAMATORY, OFFENSIVE OR ILLEGAL CONDUCT OF OTHER USERS OR THIRD PARTIES; OR(C) UNAUTHORISED ACCESS, USE OR ALTERATION OF YOURTRANSMISSIONS OR CONTENT. IN NO EVENT SHALL PINTEREST'S AGGREGATE LIABILITY FOR ALL CLAIMS RELATING TO THE SERVICE EXCEED ONE HUNDRED US DOLLARS (USD 100.00)."
Pinterest.docx,25,Autor,uncle5,"This limitation of liability will not apply to any statutory liability that cannot be limited,"
Pinterest.docx,24,Autor,ltd0,"If we cause damage to you and you are a consumer in the EEA, the above does not apply. Instead, Pinterest’s liability will be limited to foreseeable damages arising due to a breach of material contractual obligations typical for this type of contract. Pinterest is not liable for damages that result from a non-material breach of any other applicable duty of care. This limitation of liability will not apply to any statutory liability that cannot be limited, to liability for death or personal injury caused by our negligence or wilful misconduct, or if and to exclude our responsibility for something we have speciﬁcally promised to you."
Pinterest.docx,26,Autor,"pato4: childish clause that ridicules any claims by the consumer, without providing any real indication as to what the liability could be applied.","We're not liable for various things. If you think we are, let's try to work it out like adults."
Pinterest.docx,28,Autor,class_0,"ALL CLAIMS MUST BE BROUGHT IN THE PARTIES' INDIVIDUAL CAPACITY, AND NOT AS A PLAINTIFF OR CLASS MEMBER IN ANY PURPORTED CLASS OR REPRESENTATIVE PROCEEDING, AND, UNLESS WE AGREE OTHERWISE, THE ARBITRATOR MAY NOT CONSOLIDATE MORE THAN ONE PERSON'S CLAIMS. YOU AGREE THAT, BY ENTERING INTO THESE TERMS, YOU AND PINTEREST ARE EACH WAIVING THE RIGHT TO A TRIAL BY JURY OR TO PARTICIPATE IN A CLASS ACTION."
Pinterest.docx,27,Autor,arb0,"For any dispute you have with Pinterest, you agree to ﬁrst contact us and try to resolve the dispute with us informally. If we need to contact you, we will do so using the email address on your Pinterest account. If Pinterest has not been able to resolve the dispute with you informally, we each agree to resolve any claim, dispute or controversy (excluding claims for injunctive or other equitable relief) arising out of or in connection with or relating to these Terms through binding arbitration or (for qualifying claims) in a small claims court.Arbitration is a more informal way to resolve our disagreements than a lawsuit in court. For instance, arbitration uses a neutral arbitrator instead of a judge or jury, involves more limited discovery and is subject to very limited review by courts. Although the process is more informal, arbitrators can award the same damages and relief that a court can award. You agree that, by agreeing to these Terms of Service, the US Federal Arbitration Act governs the interpretation and enforcement of this provision, and that you and Pinterest are each waiving the right to a trial by jury or to participate in a class action. The arbitrator has exclusive authority to resolve any dispute relating to the interpretation, applicability or enforceability of this binding arbitration agreement. This arbitration provision shall survive termination of this Agreement and the termination of your Pinterest account.Any arbitration will be administered by the American Arbitration Association (""AAA"") under the Consumer Arbitration Rules then in effect for the AAA, except as provided herein. You can ﬁnd their formsat www.adr.org. Unless you and Pinterest agree otherwise, the arbitration will be conducted in the county (or parish) where you reside. Each party will be responsible for paying any AAA ﬁling, administrative and arbitrator fees in accordance with AAA rules, except that Pinterest will pay for your reasonable ﬁling, administrative and arbitrator fees if your claim fordamages does not exceed $75,000 and is non-frivolous (as measured by the standards set forth in Federal Rule of Civil Procedure 11(b)). If your claim is for $10,000 or less, we agree that you may choose whether the arbitration will be conducted solely on the basis of documents submitted to the arbitrator, or through a telephone hearing or in-person hearing as established by the AAA rules. If your claim exceeds $10,000, the right to a hearing will be determined by the AAA rules. Regardless of the manner in which the arbitration is conducted, the arbitrator shall issue a reasoned written decision explaining the essential ﬁndings and conclusions on which the award is based, and any judgement on the award rendered by the arbitrator may be entered in any court of competent jurisdiction. Nothing in this Section shall prevent either party from seeking injunctive or other equitable relief from the courts, including for matters related to data security, intellectual property or unauthorised access to the Service. ALL CLAIMS MUST BE BROUGHT IN THE PARTIES' INDIVIDUAL CAPACITY, AND NOT AS A PLAINTIFF OR CLASS MEMBER IN ANY PURPORTED CLASS OR REPRESENTATIVE PROCEEDING, AND, UNLESS WE AGREE OTHERWISE, THE ARBITRATOR MAY NOT CONSOLIDATE MORE THAN ONE PERSON'S CLAIMS. YOU AGREE THAT, BY ENTERING INTO THESE TERMS, YOU AND PINTEREST ARE EACH WAIVING THE RIGHT TO A TRIAL BY JURY OR TO PARTICIPATE IN A CLASS ACTION.NOTHING IN THESE TERMS OF SERVICE SHALL AFFECT ANY NON- WAIVABLE STATUTORY RIGHTS THAT APPLY TO YOU. To the extentthat any claim, dispute or controversy regarding Pinterest or our Service is not arbitrable under applicable laws or otherwise, you and Pinterest both agree that any claim or dispute regarding Pinterest will be resolved exclusively in accordance with Section 12 of these Terms.If you are a consumer in the EEA, Section 11 does not apply to you."
Pinterest.docx,29,Autor,"c_law-1, c_forum-1","These Terms shall be governed by the laws of the State of California, without respect to its conﬂict of laws principles. If you are not a consumer in the EEA, the exclusive place of jurisdiction for all disputes arising from or in connection with this agreement is San Francisco County, California or the United States District Court for the Northern District of California, and our dispute will be determined under California law."
Pinterest.docx,30,Autor,"c_law1, c_forum1","If you are a consumer in the EEA, this will not deprive you of any protection you have under the law of the country where you live and access to the courts in that country."
Pinterest.docx,31,Autor,"pato4 - it seems like the provider wishes to underline its dominance over the consumer. Does not affect mutual rights and obligations, but shows the attitude towards the users.","The Bay Area is beautiful at this time of year. It doesn't matter what time of year it is – that is what is so great! Anyway, you will have to sue us here.In the EEA, this applies if you're a merchant, but not if you're a consumer. If you are a consumer in the EEA, you can sue us in your home courts."
Pinterest.docx,33,Autor,disc-1,"If a revision, in our discretion, is material, we will notify you. "
Pinterest.docx,32,Autor,contr_chg-1,"We may revise these Terms from time to time; the most current version will always be posted on our website. If a revision, in our discretion, is material, we will notify you. By continuing to access or use Pinterest once revisions have become effective, you agree to be bound by the new Terms."
Pinterest.docx,34,Autor,tran-1,"These Terms, and any rights and licences granted hereunder, may not be transferred or assigned by you, but may be assigned by Pinterest without restriction. Any attempted transfer or assignment in violation hereof shall be null and void."
Pinterest.docx,35,Autor,tran-1,"If you’re a consumer in the EEA, either you or Pinterest may assign this agreement, and any rights and licences granted under it, to a third party. In case of such an assignment by Pinterest, you are entitled to terminate the agreement with immediate effect by deactivating your account. Pinterest will provide you with reasonable notice of any such assignment."
Pinterest.docx,36,Autor,sever_0,"If any provision of these Terms is deemed invalid, that provision will be limited or eliminated to the minimum extent necessary, and the remaining provisions of these Terms will remain in full force and effect."
Google.docx,0,Autor,docu1,Privacy Policy
Google.docx,1,Autor,uncle1,If you’re under the age required to manage your own Google Account
Google.docx,2,Autor,what1,"We provide a broad range of services that are subject to these terms, including:apps and sites (like Search and Maps)platforms (like Google Shopping)integrated services (like Maps embedded in other companies’ apps or sites)devices (like Google Nest)Many of these services also include content that you can stream or interact with.Our services are designed to work together, making it easier for you to move from one activity to the next. For example, if your Calendar event includes an address, you can click on that address and Maps can show you how to get there."
Google.docx,3,Autor,uncle2,", applicable law draws distinctions between “digital content”, “services”, and “goods” in certain situations"
Google.docx,4,Autor,what2,"We’re constantly developing new technologies and features to improve our services. For example, we use artificial intelligence and machine learning to provide you with simultaneous translations, and to better detect and block spam and malware."
Google.docx,5,Autor,serv_chg-1: later enumeration is open-ended - tough to identify 'important' reasons,"As part of the continual evolution of our digital content, services, and goods, we make modifications such as adding or removing features and functionalities, increasing or decreasing usage limits, and offering new digital content or services or discontinuing old ones."
Google.docx,6,Autor,Too vague for changing serv_chg-1,We only change or stop offering services for valid reasons.
Google.docx,7,Autor,cnt_retr1,"We’ll also provide you with an opportunity to export your content from your Google Account using Google Takeout,"
Google.docx,8,Autor,docu2 (I counted 201 additional documents listed on the website),service-specific additional terms
Google.docx,9,Autor,shad_ip1,"feedback that you offer, such as suggestions to improve our services. Feedback is covered in the Service-related communications section below."
Google.docx,10,Autor,IP0,This license is for the limited purpose of:
Google.docx,11,Autor,shad_ip2,"If you already shared your content with others before removing it. For example, if you shared a photo with a friend who then made a copy of it, or shared it again, then that photo may continue to appear in your friend’s Google Account even after you remove it from your Google Account."
Google.docx,12,Autor,sugg0,"If you choose to give us feedback, such as suggestions to improve our services, we may act on your feedback without obligation to you."
Google.docx,13,Autor,uncle3,"Both the law and these terms give you the right to (1) a certain quality of service, and (2) ways to fix problems if things go wrong. If you’re a consumer, then you enjoy all legal rights granted to consumers under applicable law, as well as any additional rights provided under these terms or service-specific additional terms."
Google.docx,14,Autor,uncle4,Your national laws may provide an even longer guarantee
Google.docx,15,Autor,uncle5,These terms only limit our responsibilities as allowed by applicable law. 
Google.docx,16,Autor,ltd0,"These terms don’t limit liability for fraud, fraudulent misrepresentation, or death or personal injury caused by negligence or willful misconduct"
Google.docx,17,Autor,uncle6,subject to applicable law
Google.docx,18,Autor,uncle7,To the extent allowed by applicable law
Google.docx,19,Autor,ind0,"you’ll indemnify Google and its directors, officers, employees, and contractors for any third-party legal proceedings (including actions by government authorities) arising out of or relating to your unlawful use of the services or violation of these terms or service- specific additional terms. This indemnity covers any liability or expense arising from claims, losses, damages, judgments, fines, litigation costs, and legal fees."
Google.docx,20,Autor,uncle8,"If you’re legally exempt from certain responsibilities, including indemnification, then those responsibilities don’t apply to you under these terms"
Google.docx,21,Autor,ltd_cap0,Google’s total liability arising out of or relating to these terms is limited to the greater of (1) €500 or (2) 125% of the fees that you paid to use the relevant services in the 12 months before the breach
Google.docx,22,Autor,disc-1,"If we reasonably believe that any of your content (1) breaches these terms, service-specific additional terms or policies, (2) violates applicable law, or (3) could harm our users, third parties, or Google, then we reserve"
Google.docx,23,Autor,cnt_del0cnt_mod0,"If we reasonably believe that any of your content (1) breaches these terms, service-specific additional terms or policies, (2) violates applicable law, or (3) could harm our users, third parties, or Google, then we reserve the right to take down some or all of that content in accordance with applicable law"
Google.docx,24,Autor,acc_sus0acc_del0,Google reserves the right to suspend or terminate your access to the services or delete your Google Account if any of these things happen:
Google.docx,25,Autor,sugg-1,we reasonably believe 
Google.docx,26,Autor,com_sys0,"For more information about why we disable accounts and what happens when we do, see this Help Center page. If you believe your Google Account has been suspended or terminated in error, you can appeal."
Google.docx,27,Autor,docu3,data disclosure policies
Google.docx,28,Autor,sever0,"If it turns out that a particular term is not valid or enforceable, this will not affect any other terms"
Google.docx,30,Autor,sugg-1,If we materially change these terms 
Google.docx,29,Autor,contr_chg0,"We may update these terms and service-specific additional terms (1) to reflect changes in our services or how we do business — for example, when we add new services, features, technologies, pricing, or benefits (or remove old ones), (2) for legal, regulatory, or security reasons, or (3) to prevent abuse or harm.If we materially change these terms or service-specific additional terms, we’ll provide you with reasonable advance notice and the opportunity to review the changes, except (1) when we launch a new service or feature, or (2) in urgent situations, such as preventing ongoing abuse or responding to legal requirements. If you don’t agree to the new terms, you should remove your content and stop using the services. You can also end your relationship with us at any time by closing your Google Account."
Toggl.docx,0,Autor,docu,Data Protection Policy
Toggl.docx,1,Autor,docu,"""Data Protection Policy"" — the Supplier's data protection policy, available at https://toggl.com/track/legal/data- protection;"
Toggl.docx,2,Autor,docu,Privacy Policy
Toggl.docx,4,Autor,uncle,", to the maximum extent permitted by law"
Toggl.docx,5,Autor,uncle,if applicable
Toggl.docx,3,Autor,pato,"The User's failure to provide such notice will, to the maximum extent permitted by law, result in the following: (a) the User not being able to rely on being a consumer, i.e., he shall be deemed to have waived the respective right; (b) noconsumer law applying to the Parties' relations; and (c) the User forfeiting any and all consumer rights hereunder, including particularly, if applicable, the right to withdraw from the Agreement and the Service Plan in question."
Toggl.docx,6,Autor,as_is-1,"the Software, the Service and anything offered or delivered as a part of, in conjunction with, or by means of any Feature is provided on an ""as is"" and ""as available"" basis;"
Toggl.docx,7,Autor,acc_sus0acc_del0,") late payment may result in the suspension of Service, restriction of access to certain or all of the Features or the termination of the Agreement"
Toggl.docx,8,Autor,cnt_del0cnt_mod0,"If the Supplier reasonably believes that User Data or the User's data processing activities violate the law or otherwise conﬂict with the Agreement, it may, in its absolute discretion: (a) ask the User to take such action as the Supplier considers necessary for remedying the matter (which, where feasible and legally permitted, will be the preferred option); or (b) remove, disable, restrict access to, or delete the data concerned without being liable (neither to the User nor anyone else) for any loss, damage or other undesirable consequences resulting therefrom."
Toggl.docx,9,Autor,acc_sus0acc_del0,"The Supplier may, in its sole discretion, temporarily or permanently disable, close or restrict access to any User Account that is used for infringing on anyone's Intellectual Property or proprietary or personal rights or to perform any of the acts mentioned in section 8.7, and shall not be liable for any loss, damage or other undesirable consequences resulting therefrom."
Toggl.docx,10,Autor,cnt_retr-1,"The User, whether an Owner or not, acknowledges and agrees that if an Organization is closed (whomever by), then the Supplier has no obligation to maintain or provide Organization Data and may, unless legally prohibited, delete the same."
Toggl.docx,11,Autor,IP-1,"the Supplier shall be deemed to have been granted a non-exclusive, royalty-free, worldwide, perpetual (save as limited by law), irrevocable, freely transferable and fully sublicensable right to use, distribute, reproduce, modify, adapt, publish, translate, transmit, publicly perform, display and make available the same (in whole or in part) and to incorporate it into other items, including works and inventions, in any form or medium now known or hereafter developed. "
Toggl.docx,12,Autor,uncle,to the maximum extent permitted by applicable law
Toggl.docx,13,Autor,as_is-1,"Without prejudice to the generality of the foregoing, the Supplier in particular makes no representation and gives no warranty or guarantee: (a) that the Service is ﬁt for any particular purpose, accurate, timely, of satisfactory quality, enjoyable, available regardless of, or in any speciﬁc, jurisdiction, or non-infringing of third- party rights; (b) that access to or the operation or use of the Service will be uninterrupted, secure or error-free; (c) that any error or defect in the Service will be corrected; (d) that the Service or any means by which it is accessed or used is free of malware or other harmful components; (e) with respect to any third-party item; or (f) to anyone who is not a Customer."
Toggl.docx,14,Autor,uncle,To the extent not prohibited by applicable mandatory law
Toggl.docx,15,Autor,ltd0,"the Supplier shall not be liable (under any theory of liability), neither to the User nor anyone else, for any undesirable consequences, including any loss or damage of whatever nature, whether foreseeable or not and even if advised of the danger thereof, that result from (i) any installation, implementation, upgrade, downgrade, modiﬁcation or customisation of the Software not carried out by the Supplier, (ii) failure to use a Feature in accordance with the Documentation, the Agreement or applicable law, (iii) using a Feature in conjunction with an item not provided or approved by the Supplier, (iv) using a third-party item in conjunction with a Feature not in accordance with the relevant third-party documentation or instructions, (v) not applying an available ﬁx, patch, update, service pack or upgrade that would have avoided the harmful event, (vi) inherently dangerous application of any of the Features or anything else provided hereunder, (vii) any unauthorised accessing or use of a Customer's User Account or any Organization, (viii) any unauthorised use of any User's credentials, (ix) any communication received or transaction entered into through or by means of the Service, (x) anyone's statements or conduct on any site, page or other medium forming part of the Service, or (xi) anything attributable to anyone other than the Supplier;"
Toggl.docx,16,Autor,ltd_cap0,"the Supplier's total cumulative liability arising out of, related to, or in connection with this Agreement, the Service, the Documentation, the processing of Personal Data, or anything else, shall not exceed (i) the total ﬁnancial consideration (exclusive of value added and sales taxes and other public dues) that the User paid to the Supplier in connection with the Service during the 12 months immediately preceding the month in which the liability event (i.e., the event/s or circumstance/s underlying the Supplier's liability) occurred, or (ii) if the User had no obligation to make such payments during the period mentioned, then EUR 50 (ﬁfty euros);"
Toggl.docx,17,Autor,ind0,"The User shall defend, indemnify and hold harmless the Supplier, its ofﬁcers, directors, employees, contractors, agents and representatives from and against all claims made by and all damages, liabilities, penalties, ﬁnes, costs and expenses payable to any third party that arise from the User's or, if the User is a Customer, then his own or any Guest User's: (a) breach of any obligation, representation or warranty hereunder; (b) misuse of any Feature; or (c) infringement of anyone's Intellectual Property or proprietary or personal rights."
Toggl.docx,18,Autor,contr_chg0,"The User acknowledges that, from time to time, circumstances may arise that make it necessary or desirable to vary certain provisions of this Agreement. Such circumstances include: (a) the Supplier's launch of a new service or a modiﬁcation to the Service; (b) a signiﬁcant change in the Supplier's operating environment; (c) an order or a judgment being entered against or in favour of the Supplier; (d) a signiﬁcant corporate event, such as, e.g., the Supplier's merger, acquisition or transformation; (e) the Supplier's transfer of the enterprise or a part of the enterprise to which the Agreement pertains; (f) the ambiguity, invalidity, voidability or unenforceability of a provision herein; (g) any other event whose occurrence or expected occurrence in the Supplier's reasonable judgment necessitates an amendment hereto."
Toggl.docx,19,Autor,serv_chg-1,"Notwithstanding anything herein to the contrary, the Supplier may modify the Service or any part thereof at any time and for any reason, with or without notice. Unless otherwise expressly agreed, the use of any new features, versions, releases, updates or other modiﬁcations that the Supplier may make available in connection with the Service shall be subject to the Agreement. The User's continued use of the Service after any such modiﬁcation shall constitute his consent to the respective modiﬁcation(s)."
Toggl.docx,20,Autor,acc_del0,"Either Party may close the Customer's User Account and shall by so doing be deemed to have terminated the Agreement (which, in the civil law context, means 'cancellation', not 'withdrawal'), effective upon the closure of the account, provided that: (a) if the User Account is closed by the Supplier, the Customer must be given at least a month's notice thereof (unless section 19.6 or 20.5 applies or the User Account is closed at the Customer's request); and (b) where the User Account is closed by a Party entitled to withdraw from the Agreement, such Party has failed to notify the other that by closing the User Account he is exercising his right to withdraw (which notice must be served prior to or concurrently with closing the User Account and shall result in the Agreement being deemed to have been terminated by withdrawal)."
Toggl.docx,21,Autor,acc_del1,"Upon a Party's material breach of Agreement the other Party may terminate the Agreement forthwith. Without prejudice to any statutory provision as to what constitutes a material breach, such a breach hereof shall be deemed to have occurred if a Party, having breached any of his principal obligations hereunder or under the Agreement referenced in subsection 2.1(b), fails to discontinue or remedy such breach within 14 days (or, where exceptional circumstances render this period unreasonably short, such longer time as reasonably required) after notice from the other Party specifying the breach and requiring it to be discontinued or remedied."
Toggl.docx,22,Autor,uncle,insofar as permitted by law
Toggl.docx,23,Autor,tran-1,"The Supplier may: (a) sublicense, assign, encumber and otherwise dispose of any and all of its rights hereunder; and (b) assign this Agreement, i.e., all its rights and obligations hereunder, or cause the same to be transferred: (i) to its parent, any of its wholly- or majority-owned subsidiaries or a wholly- or majority-owned subsidiary of its parent; or (ii) to another entity speciﬁed in the deﬁnition of ""Supplier""; or (iii) as part of the Supplier's general succession (including merger, acquisition and transformation), division, transfer of the enterprise (or a substantial, coherent part of the enterprise) to which the Agreement pertains or divestiture of all or substantially all of its assets as a whole; or (iv) due to the Supplier ceasing to hold rights in the Software or the Service;"
Toggl.docx,24,Autor,c_law-1,"the Agreement, the Parties' relations and all matters concerning the Service shall be governed by Estonian law, "
Toggl.docx,25,Autor,arb-1,"all disputes arising from or otherwise concerning the Agreement or the Service (including disputes concerning the formation or validity hereof) shall be resolved by arbitration as follows: (i) the matter shall be arbitrated by the Arbitration Court of the Estonian Chamber of Commerce and Industry (ACECCI); (ii) the proceedings shall be conducted in accordance with the ACECCI's then-current arbitration rules; (iii) the seat of arbitration shall be Tallinn, Estonia; and (iv) any decision (order, judgment or other) that the ACECCI may deliver in such a dispute shall be enforceable in all jurisdictions. Each Party hereby irrevocably submits to the ACECCI's jurisdiction and waives any and all objections it may have thereto;"
Toggl.docx,26,Autor,c_forum-1,"if the above agreement as respects arbitration proves to be void or unenforceable, all disputes to which it was intended to apply shall be subject to the exclusive jurisdiction of Estonian courts, with Harju County Court in Tallinn as the court of ﬁrst instance "
Toggl.docx,27,Autor,c_law-1,"the Agreement, the Parties' relations and all matters concerning the Service shall be governed by the laws of the State of Delaware and the applicable U.S. federal law, without the United Nations Convention on Contracts for the International Sale of Goods applying to any of the foregoing;"
Toggl.docx,28,Autor,c_forum-1,"all disputes arising from or otherwise concerning the Agreement or the Service (including disputes concerning the formation or validity hereof) shall be subject to the exclusive jurisdiction of the appropriate courts in the State of Delaware (i.e., either the United States District Court for the District of Delaware or the Delaware state court having jurisdiction over the matter);"
Toggl.docx,29,Autor,sever0,"If any provision of the Agreement proves to be void by reason of it violating mandatory law, and unless the Supplier in its absolute discretion otherwise elects (in which event the following shall not apply), such provision shall be deemed to have been amended to one which is valid, achieves the purpose of the original provision as nearly as possible and maximally preserves the balance of obligations between those affected (i.e., the balance originally intended). "
FineDine.docx,0,Autor,contr_chg-1,These Terms of Service are subject to change by Bambulabs at any time and at our discretion without notice.
FineDine.docx,1,Autor,pato1,"As a result, we encourage you to consult the terms each time you use the Service."
FineDine.docx,2,Autor,docu1,the Privacy Policy
FineDine.docx,3,Autor,what1,"FineDine is an online ordering platform (“Ordering Platform”), used for ordering products (e.g. food ordering), connected to our Partner’s (e.g. Partner Restaurants) accounts which is accessed via an mobile app or a website and the restaurant control panel (“Restaurant Dashboard”)."
FineDine.docx,4,Autor,ltd0 (?),. Bambulabs does not endorse such third party services and content and in no event shall Bambulabs be responsible or liable for any products or services of such third party providers.
FineDine.docx,5,Autor,ltd0 (?),"By using the Service, you agree that you understand that Bambulabs is not responsible for any statements or omissions concerning the products contained in your order"
FineDine.docx,6,Autor,acc_del0,"Failure to do so constitutes a breach of the Terms, which may result in immediate termination of your account on our Service. "
FineDine.docx,7,Autor,IP-1shad_ip1sugg0,"However, by providing User Content to Bambulabs, you grant Bambulabs a worldwide, perpetual, irrevocable, transferrable, royalty-free license, with the right to sublicense, to use, copy, modify, create derivative works of, distribute, publicly display, publicly perform, and otherwise exploit in any manner such User Content in all formats and distribution channels now known or hereafter devised (including in connection with the Service and Bambulab’s business and on third-party sites and services), without further notice to or consent from you, and without the requirement of payment to you or any other person or entity."
FineDine.docx,8,Autor,disc-1,as determined by Bambulabs in its sole discretion
FineDine.docx,10,Autor,disc-1,", at Bambulab’s sole discretion "
FineDine.docx,9,Autor,cnt_modr0cnt_del-1,"Bambulabs may, but shall not be obligated to, review, monitor, or remove User Content, at Bambulab’s sole discretion and at any time and for any reason, without notice to you."
FineDine.docx,11,Autor,serv_chg-1,"We reserve the right to change or update information and to correct errors, inaccuracies, or omissions at any time without prior notice."
FineDine.docx,12,Autor,IP0,"By posting Content to the Service, you grant us the right and license to use, modify, perform, display, reproduce, and distribute such Content on and through the Service for marketing or promotional purposes. You retain any and all of your rights to any Content you submit, post or display on or through the Service and you are responsible for protecting those rights."
FineDine.docx,13,Autor,acc_del0cnt_del0disc-1,"We may, but have no obligation to, remove accounts and content containing what we determine as unlawful, offensive, threatening, defamatory, obscene or otherwise objectionable material."
FineDine.docx,14,Autor,cnt_del0,We will remove content that violates any party’s intellectual property or these Terms of Service
FineDine.docx,15,Autor,acc_del-1acc_sus-1ltd-1,"We may terminate or suspend your account immediately, without prior notice or liability, for any reason whatsoever, including without limitation if you breach the Terms."
FineDine.docx,16,Autor,ltd-1,"In no event shall Bambulabs, nor its directors, employees, partners, agents, suppliers, or afﬁliates, be liable for any indirect, incidental, special, consequential or punitive damages, including without limitation, loss of proﬁts, data, use, goodwill, or other intangible losses, resulting from (i) your access to or use of or inability to access or use the Service; (ii) any conduct or content of any third party on the Service; (iii) any content obtained from the Service; and (iv) unauthorized access, use or alteration of your transmissions or content, whether based on warranty, contract, tort (including negligence) or any other legal theory, whether or not we have been informed of the possibility of such damage, and even if a remedy set forth herein is found to have failed of its essential purpose"
FineDine.docx,17,Autor,uncle1,"Because some jurisdictions do not allow the exclusion or limitation of incidental or consequential damages, Bambulabs’ liability in such jurisdictions shall be limited to the extent permitted by law."
FineDine.docx,18,Autor,as_is-1,Your use of the Service is at your sole risk. The Service is provided on an “AS IS” and “AS AVAILABLE” basis. 
FineDine.docx,19,Autor,c_law-1,"These Terms shall be governed and construed in accordance with the laws of the state of Delaware, without regard to its conﬂict of law provisions. You hereby consent to binding arbitration in the State of Delaware to resolve any disputes arising under these Terms of Service"
FineDine.docx,20,Autor,arb-1,You hereby consent to binding arbitration in the State of Delaware to resolve any disputes arising under these Terms of Service.
FineDine.docx,21,Autor,sever0,"If any provision of these Terms is held to be invalid or unenforceable by a court, the remaining provisions of these Terms will remain in effect. "
FineDine.docx,22,Autor,contr_chg-1,"We reserve the right, at our sole discretion, to modify or replace these Terms at any time without notice to you."
FineDine.docx,23,Autor,disc-1,What constitutes a material change will be determined at our sole discretion
Baidu AI Cloud.docx,0,Autor,serv_chg-1,"Baidu AI Cloud provides you with the products and services (hereinafter “Baidu AI Cloud services” and “this service”) displayed on this website, and will continuously update the scope of products and services and service content. "
Baidu AI Cloud.docx,1,Autor,contr_chg0,"After you renew the agreement or order a new product or service, you shall abide by the terms of service effective at the time. The relevant content in this agreement may be updated after Baidu AI Cloud launches new products and services."
Baidu AI Cloud.docx,2,Autor,contr_chg-1,"You agree that: Baidu AI Cloud has the right to unilaterally modify the content of this service agreement and corresponding service rules at any time, and has the right to announce the modifications through push notifications, web announcements, and so on, without serving a separate notification to you"
Baidu AI Cloud.docx,3,Autor,acc_sus0acc_del0,"If the data or information you provide contains incorrect or untrue information, Baidu AI Cloud reserves the right to cancel your qualification for account registration, suspend or terminate the service to you"
Baidu AI Cloud.docx,4,Autor,ind0,At no time can you use another person’s account without the consent of the account holder. You shall assume the corresponding responsibility for the losses incurred by Baidu AI Cloud or a third party due to other people’s use of your account or due to your use of other people’s account.
Baidu AI Cloud.docx,5,Autor,ltd0,". Prior to this, Baidu AI Cloud does not assume any liability for the executed instructions and the losses caused to you."
Baidu AI Cloud.docx,6,Autor,acc_sus0disc-1,"If Baidu AI Cloud has reasonable doubts that the information provided by you is not true, and that the transaction done by you is false or your behaviors violate the service rules of Baidu AI Cloud, Baidu AI Cloud shall have the right to restrict temporarily or permanently functions, in part or whole, of all products and/or services you use with your account."
Baidu AI Cloud.docx,7,Autor,uncle,You understand and agree that the above does not cover all types of permissions or approvals by the relevant authorities for your commercial or non-commercial activities. You shall obtain the relevant permissions or approvals and comply with the requirements of relevant national and local laws and regulations enacted from time to time.
Baidu AI Cloud.docx,8,Autor,pato,Political propaganda and/or news information in violation of national regulations;
Baidu AI Cloud.docx,9,Autor,acc_del0,"You agree that Baidu AI Cloud has the right to terminate the provision of the services for you when you violate the above agreement, and does not refund any payment. You shall assume relevant legal responsibilities for any loss caused by your behaviors above to Baidu AI Cloud or other users of Baidu AI Cloud."
Baidu AI Cloud.docx,10,Autor,ind0,You shall assume relevant legal responsibilities for any loss caused by your behaviors above to Baidu AI Cloud or other users of Baidu AI Cloud.
Baidu AI Cloud.docx,11,Autor,pato2,"Baidu AI Cloud does not assume the obligation to monitor communication service, but reserves the right to check the information posted to the communication service and remove any information at its sole discretion."
Baidu AI Cloud.docx,12,Autor,acc_sus0,". Once found, your host will be forced to stop, your Baidu AI Cloud account will also be frozen immediately, and Baidu AI Cloud reserves the right to pursue your legal liability."
Baidu AI Cloud.docx,13,Autor,pato3,You shall not use services provided by Baidu AI Cloud to engage in activities not subject to internet censorship to obtain overseas illegal information for the Territory.
Baidu AI Cloud.docx,14,Autor,acc_sus0,"If you engaged in any business, including but not limited to “DNS resolution”, “security services”, “domain name proxy”, “reverse proxy”, etc., resulting in frequent attacks (including but not limited to DDoS attack) suffered by service platform of Baidu AI Cloud or other users of the platform, and you failed to correct such behavior in time, or eliminate the impact as required by Baidu, thereby causing threats to users of platform of the Service or other platforms, once found, your host will be forced to stop and your account will also be frozen immediately."
Baidu AI Cloud.docx,15,Autor,acc_del-1,"If you violate this user service agreement, Baidu AI Cloud has the right to refuse to continue to provide you with any services."
Baidu AI Cloud.docx,16,Autor,as_is-1,"Baidu AI Cloud continuously improves service quality and level. You understand that, Baidu AI Cloud cannot guarantee that the products and services provided are without defects. You agree that even if services provided by Baidu AI Cloud are defective, the defects are unavoidable considering the industrial technological level then, and they will not be regarded as default of Baidu AI Cloud. You agree to work with Baidu AI Cloud to solve the problem of service defects due to the industrial technological level."
Baidu AI Cloud.docx,17,Autor,price_chg0,"Baidu AI Cloud reserves the possibility of charging for such free services in the future, prior to which you will be notified."
Baidu AI Cloud.docx,18,Autor,acc_sus0acc_del0,Baidu AI Cloud reserves the right to force shutdown and freeze accounts in case of your abuse of system resources.
Baidu AI Cloud.docx,19,Autor,acc_sus0,"Baidu AI Cloud reserves the right to suspend the provision of resources and services when your arrearage for resources exceeds a certain number of days (see specific product documentation for detailed rules). You shall be responsible for any possible consequences caused by the interruption of services, including the data damage and loss."
Baidu AI Cloud.docx,20,Autor,uncle2,with the requirements of relevant laws
Baidu AI Cloud.docx,21,Autor,uncle3,", unless expressly agreed by laws and regulations, required by the competent authority or otherwise agreed by both parties"
Baidu AI Cloud.docx,22,Autor,cnt_retr1,"Baidu AI Cloud can only continue to store your user business data (if any) within a certain buffer period (subject to the time limit specified in the exclusive terms, product documentation, service description, etc. applicable to the service you ordered); when the buffer period expires, Baidu AI Cloud will delete all user business data, including all cached or backup copies, and no longer retain any of your user business data"
Baidu AI Cloud.docx,23,Autor,recom-1uncle,"Subject to the requirements of relevant laws and regulations, recommend to you content that may interest you, including but not limited to sending you product and service information."
Baidu AI Cloud.docx,24,Autor,docu,"The method of charging during the service period, the method of using resources, the processing of unused resources after the service expires, etc., are subject to the corresponding product or service order agreement."
Baidu AI Cloud.docx,25,Autor,acc_del0,"If you have seriously violated this agreement (including but not limited to, you have seriously violated relevant laws andregulations, or you have seriously violated any of the promises under this agreement, etc.), Baidu AI Cloud has the right to terminate the service in advance until all of your data are cleared;"
Baidu AI Cloud.docx,26,Autor,acc_del-1acc_sus-1pato4,"But in view of the limitations and relativity of network security technology and the unpredictability of these behaviors, if your website encounters such behaviors, which do damage to Baidu AI Cloud or other Baidu networks or servers (including but not limited to local, foreign and international networks, servers, etc.), or affect the smooth communication between Baidu AI Cloud and the Internet or other specific networks, servers, and Baidu AI Cloud inside communication, Baidu AI Cloud may decide to suspend or terminate the service or take other necessary protective measures."
Baidu AI Cloud.docx,27,Autor,acc_sus0acc_del0,"Baidu AI Cloud will reserve the right to suspend or terminate the provision for your services in case you violate laws and regulations issued by the state or the local government or you violate this service agreement, and will reserve the right to pursue legal liability against "
Baidu AI Cloud.docx,28,Autor,acc_del0,"Under these circumstances, your account of Baidu AI Cloud may be directly shut down, and you may neither use any products provided by Baidu via PC or Apps more due to your above-mentioned behavior, nor log in any website of Baidu again. At the same time, Baidu will terminate its provision for all services to you."
Baidu AI Cloud.docx,29,Autor,contr_chg-1,Your use of this service represents you have agreed to accept the relevant guidance and rules provided by Baidu AI Cloud service. You understand and agree that Baidu AI Cloud has the right to improve and adjust relevant rules of Baidu AI Cloud services unilaterally without asking for your consent. The service guidance and rules shall be subject to the reminder on pages (or short messages or calls sent to the mobile phone) when you use the services. Your use of Baidu AI Cloud service shall be conditioned by your agreement and compliance with the service guidance and rules.
Baidu AI Cloud.docx,30,Autor,docu,service guidance and rules.
Baidu AI Cloud.docx,31,Autor,uncle4,Where it is permitted by law
Baidu AI Cloud.docx,32,Autor,ltd-1,"Baidu AI Cloud will not be liable for any indirect, punitive, special and derivative losses (including business losses, loss in revenue, loss of profit, loss of use of data or other economic benefits) related to or arising from this agreement, no matter how such loss is caused or no matter whether such loss is resulted from the breach hereof (including the violation of guarantee) or the infringement, even though Baidu AI Cloud is informed of the possibility of such losses in advance. In addition, Baidu AI Cloud will be exempted from the responsibility for the above- mentioned losses even though the exclusive remedies as prescribed herein fail to realize the fundamental goal."
Baidu AI Cloud.docx,33,Autor,serv_chg-1,"In consideration of particularity of network services, you agree that Baidu AI Cloud may change, suspend or terminate services in part or whole at any time with legitimate reasons and will not be responsible for you therefor. However, Baidu AI Cloud will inform you of the said situation in advance as early as possible so that you can transfer and have a backup of relevant data as well as adjust businesses for the purpose of protecting your legal rights and interests"
Baidu AI Cloud.docx,34,Autor,ind0,"if any third party files any complaints, claims, lawsuits or other types of demands against you for the information and data you provide, upload or use, or your actions and work results, You understand and acknowledge that you shall solve it immediately and compensate Baidu AI Cloud for all the economic losses arising therefrom, including but not limited to all cost, compensation expenses, etc."
Baidu AI Cloud.docx,35,Autor,IP-1sugg0,"Materials provided by you to Baidu AI Cloud or materials published on any Baidu website For information you provide to Baidu AI Cloud (including feedback and suggestions), or the information you post, upload, enter or submit to any service or its associated service for view of the general public or any public or private community members (hereinafter referred to as your submission), by posting, uploading, entering, providing or submitting (hereinafter referred to as ""posting"") your submission, you grant Baidu AI Cloud and its affiliates and necessary sub-licensee the right to use the submission related to the operation of its Internet business (including but not limited to all Baidu services), including but not limited to the following rights to: copy, distribute, transmit, publicly display, publicly execute, reproduce, edit, translate and reprint your submissions; and to sublicense such rights to any provider of the service."
Baidu AI Cloud.docx,36,Autor,cnt_del-1,and Baidu AI Cloud may remove any submissions at any time at its sole discretion.
Baidu AI Cloud.docx,37,Autor,contr_chg-1,Baidu AI Cloud has the right to modify the content of this agreement at any time
Baidu AI Cloud.docx,38,Autor,c_law-1,"The conclusion, execution, interpretation of this agreement as well as dispute resolution shall be governed by Chinese laws (for the purposes of this agreement, the laws of Hong Kong Special Administrative Region, Macau Special Administrative Region and Taiwan region are not included, and conflicts of laws are not used)"
Baidu AI Cloud.docx,39,Autor,c_forum-1,People's Court of Haidian District of Beijing.
Baidu AI Cloud.docx,40,Autor,sever0,"If any agreement in the SLA is completely or partially invalid or not enforceable for whatever reason, the rest of the SLA is still valid and binding"
Epic Games.docx,0,Autor,docu1,Privacy Policy 
Epic Games.docx,1,Autor,docu2,Fan Content Policy 
Epic Games.docx,2,Autor,arb-1class-1,"THESE TERMS CONTAINS A BINDING, INDIVIDUAL ARBITRATION AND CLASS-ACTION WAIVER PROVISION. IF YOU ACCEPT THESE TERMS, YOU AND EPIC AGREE TO RESOLVE DISPUTES IN BINDING, INDIVIDUAL ARBITRATION AND GIVE UP THE RIGHT TO GO TO COURT INDIVIDUALLY OR AS PART OF A CLASS ACTION, AND EPIC AGREES TO PAY YOUR ARBITRATION COSTS FOR ALL DISPUTES OF UP TO $10,000 THAT ARE MADE IN GOOD FAITH (SEE BELOW)."
Epic Games.docx,3,Autor,docu3,Privacy Notice 
Epic Games.docx,4,Autor,contr_chg-1,We may update these Terms from time to time; you should check this page regularly to take notice of anychanges. Your continued use of the Services following the posting of revised Terms means that you accept and agree to the changes.
Epic Games.docx,5,Autor,serv_chg-1,"We may withdraw or amend the Services, and any related service or content,"
Epic Games.docx,6,Autor,acc_del-1acc_sus-1disc-1,"or restrict access (including by means of cancellation, termination, or modiﬁcation, or suspension of a user account) to all or certain users (including you) without notice and without liability to you in our reasonable discretion. "
Epic Games.docx,7,Autor,acc_sus0acc_del0,"Notwithstanding anything to the contrary herein, we may terminate or suspend access to the Services based on your breach of these Terms."
Epic Games.docx,8,Autor,uncle1,OR AS REQUIRED BY APPLICABLE LAW
Epic Games.docx,9,Autor,pato1,and you authorize Epic to charge your Payment Method for any Epic Account Balance funds or other fees incurred by you. 
Epic Games.docx,10,Autor,disc-1pato2,"Epic reserves the right to change, modify, or otherwise impose usage limits to your Epic Account Balance at any time, in its sole discretion."
Epic Games.docx,11,Autor,virtu1pato3,"Epic Account Balance funds do not constitute a personal property right and have no value outside the Services. If you are refunded for an item purchased using Epic Account Balance funds, Epic will return the funds to your Epic Account Balance. Epic Account Balance funds are non-transferable to another person and do not accrue interest."
Epic Games.docx,12,Autor,virtu2disc-1,"Epic reserves the right to suspend or terminate your Epic Account Balance if after investigation Epic determines in its sole discretion that you misused the Epic Account Balance, conducted unauthorized Epic Account Balance transactions from another user’s Epic Account Balance, or used the Epic Account Balance to conduct any fraudulent or other illegal activity."
Epic Games.docx,13,Autor,pato4disc-1,"Epic Account Balances that are deemed unclaimed property may be surrendered to the applicable authority, as required by applicable law."
Epic Games.docx,14,Autor,disc-1,in Epic’s sole judgment
Epic Games.docx,15,Autor,IP-1sugg0,"Any User Contribution that you Post will be considered non-conﬁdential and non-proprietary, and you grant Epic a nonexclusive, royalty-free, perpetual, irrevocable, and fully sublicensable right to use, copy, reproduce, modify, adapt, publish, translate, create derivative works from, distribute, and display such User Contribution throughout the world in any media; however, Epic will only share personal information that you provide in accordance with Epic’s Privacy Policy."
Epic Games.docx,16,Autor,acc_sus-1cnt_del-1ltd-1,"Epic has the right but not the obligation to monitor and edit or remove any User Contributions. Epic also has the right to terminate your access to all or part of the Services for any or no reason, including without limitation, any violation of these Terms. Epic may exercise these rights at any time, without notice or liability to you or any third party."
Epic Games.docx,17,Autor,uncle2,"Nothing in these Terms will prejudice the statutory rights that you may have as a consumer of the Services. Some countries, states, provinces or other jurisdictions do not allow the exclusion of certain warranties or the limitation of liability as stated in this section, so the below terms may not fully apply to you. Instead, in such jurisdictions, the exclusions and limitations below shall apply only to the extent permitted by the laws of such jurisdictions."
Epic Games.docx,18,Autor,as_is-1,"The Services and all information, content, materials, products (including software), and other services included on or otherwise made available to you through the Services are provided by Epic on an “as is” and “as available” basis. "
Epic Games.docx,19,Autor,uncle3,To the full extent permissible by law
Epic Games.docx,20,Autor,uncle4,To the full extent permissible by law
Epic Games.docx,21,Autor,ltd-1,"Epic will not be liable for any loss of proﬁts or any indirect, incidental, punitive, special or consequential damages arising out of or in connection with this these Terms. "
Epic Games.docx,22,Autor,uncle5,"Further, to the full extent permissible by law"
Epic Games.docx,23,Autor,ltd_cap-1,Epic’s aggregate liability arising out of or in connection with these Terms will not exceed the total amounts you have paid (if any) to Epic under this Agreement during the twelve (12) months immediately preceding the events giving rise to such liability
Epic Games.docx,24,Autor,uncle6,"This section only applies to the extent permitted by applicable law. If you are prohibited by law from entering into the indemniﬁcation obligation below, then you assume, to the extent permitted by law, all liability for all claims, demands, actions, losses, liabilities, and expenses (including attorneys’ fees, costs and expert witnesses’ fees) that are the stated subject matter of the indemniﬁcation obligation below."
Epic Games.docx,25,Autor,ind0,"You agree to defend, indemnify, and hold harmless Epic, its afﬁliates, and licensors, and their respective ofﬁcers, directors, employees, contractors, agents, licensors, and suppliers from and against any claims, liabilities, damages, judgments, awards, losses, costs, expenses, or fees (including reasonable attorneys’ fees) resulting from your User Contributions or violation of these Terms."
Epic Games.docx,26,Autor,c_law-1,"Any dispute or claim by you arising out of or related to these Terms shall be governed by North Carolina law, exclusive of its choice of law rules"
Epic Games.docx,27,Autor,c_forum-1,"For any disputes deemed not subject to binding individual arbitration, as provided in the section immediately below, you and Epic agree to submit to the exclusive jurisdiction of the Superior Court of Wake County, North Carolina, or, if federal court jurisdiction exists, the United States District Court for the Eastern District of North Carolina"
Epic Games.docx,28,Autor,uncle7,This paragraph will be interpreted as broadly as applicable law permits.
Epic Games.docx,29,Autor,class-1,THE ARBITRATION PROCEEDINGS IN THIS SECTION WILL BE CONDUCTED ON AN INDIVIDUAL BASIS ONLY.
Epic Games.docx,30,Autor,arb-1,"You and Epic agree that Disputes will be settled by binding individual arbitration conducted by the JudicialArbitration Mediation Services, Inc. (“JAMS”) subject to the U.S. Federal Arbitration Act and federal arbitration law and according to the JAMS Streamlined Arbitration Rules and Procedures effective July 1, 2014 (the “JAMS Rules”) as modiﬁed by these Terms.This means that You and Epic agree to a dispute-resolution process where we submit any Dispute to a neutral arbitrator (not a judge or jury) that makes the ﬁnal decision to resolve the Dispute. JAMS uses experienced professionals to arbitrate disputes, which helps You and Epic resolve any disputes fairly, but more quickly and efﬁciently than going to court. The arbitrator may award the same remedies to you individually as a court could, but only to the extent required to satisfy your individual claim.The arbitrator’s decision is ﬁnal, except for a limited review by courts under the U.S. Federal Arbitration Act, and can enforced like any other court order or judgment."
Epic Games.docx,31,Autor,class-1,"To the maximum extent permitted by applicable law, You and Epic agree to only bring Disputes in an individual capacity and shall not:seek to bring, join, or participate in any class or representative action, collective or class-wide arbitration, or any other action where another individual or entity acts in a representative capacity (e.g., private attorney general actions); orconsolidate or combine individual proceedings or permit an arbitrator to do so without the express consent of all parties to these Terms and all other actions or arbitrations."
Epic Games.docx,32,Autor,sever0,"If all or any provision of this Binding Individual Arbitration agreement is found invalid, unenforceable, or illegal, then You and Epic agree that the provision will be severed and the rest of these Terms shall remain in effect and be construed as if any severed provision had not been included. The sole exception is that if the Class Action Waiver is found invalid, unenforceable, or illegal, You and Epic agree that it will not be severable; this entire Binding Individual Arbitration section will be void and unenforceable and any dispute will be resolved in court subject to the venue and choice of clauses speciﬁed in these Terms. Under no circumstances shall arbitration be conducted on a class basis without Epic’s express consent."
Epic Games.docx,33,Autor,uncle8,To the fullest extent permitted by law
Epic Games.docx,34,Autor,uncle9,and other applicable law
Epic Games.docx,35,Autor,acc_del0disc-1,"Epic has adopted a policy of terminating, in appropriate circumstances as determined by Epic, users or account holders who are deemed to be repeat infringers of the copyrights of others"
Evernote.docx,0,Autor,docu,Glossary
Evernote.docx,1,Autor,docudocudocudocu,"Privacy Policy, Commercial Terms, User Guidelines, IP Compliance Program"
Evernote.docx,2,Autor,docudocu,Evernote Business Agreement or Evernote Teams Agreement
Evernote.docx,4,Autor,uncle,where required
Evernote.docx,3,Autor,contr_chg-1,"These Terms may be amended as new features, technology, or legal requirements arise, so please check back from time to time. If we make a significant change, we’ll notify you and, where required, seek your consent."
Evernote.docx,5,Autor,IP1,"Accordingly, by using the Evernote Service and uploading Content, you are granting Evernote a license to display, perform and distribute your Content and to modify (for technical purposes, e.g., making sure content is viewable on smartphones as well as computers and other devices) and reproduce such Content to enable Evernote to operate the Evernote Service. You also agree that Evernote has the right to elect not to accept, post, store, display, publish or transmit any Content in our sole discretion. "
Evernote.docx,6,Autor,Cnt_del0Cnt_mod0,"If we find that any shared Content in your account violates our Terms of Service (including by violating another person’s intellectual property or privacy rights), we reserve the right to un-share or take down such content."
Evernote.docx,7,Autor,Serv_chg-1,"We retain the right, in our sole discretion, to implement new elements as part of and/or ancillary to the Evernote Service, including changes that may affect the previous mode of operation of the Evernote Service or Evernote Software."
Evernote.docx,8,Autor,acc_del0,"Evernote account holders who are deemed repeat infringers pursuant to Evernote’s Repeat Infringer Policy will, in appropriate circumstances, be terminated pursuant to that policy"
Evernote.docx,9,Autor,uncle,Consistent with applicable law
Evernote.docx,10,Autor,acc_sus-1acc_del-1,"Evernote may act to temporarily limit your use of the Evernote Service, suspend access to your account, or close your account, with or without notice according to these Terms. Reasons for Evernote suspending or closing your account may include, without limitation: (i) breach or violation of these Terms (including the User Guidelines) or any Separate Agreement, (ii) an extended period of inactivity (determined in Evernote’s sole discretion), (iii) your nonpayment of any fees or other sums due Evernote or any other party related to your use of the Evernote Service, (iv) the discontinuance or material modification of the Evernote Service (or any part thereof) or (v) unexpected technical or security issues or problems or extensive Unsupported Use."
Evernote.docx,11,Autor,sugg0,"When you submit any ideas, suggestions, documents and/or proposals relating to the Evernote Service (or other products or services) to Evernote through the “Contact Us,” User Forum or Support interfaces or through any other channel or mechanism (collectively, “Contributions”), you acknowledge and agree that: (i) your Contributions do not contain confidential or proprietary information; (ii) Evernote is not under any obligation of confidentiality, express or implied, with respect to the Contributions; (iii) Evernote shall be entitled to use or disclose (or choose not to use or disclose) such Contributions for any purpose, in any way; (iv) Evernote may have something similar to the Contributions already under consideration or in development; (v) your Contributions automatically become the property of Evernote without any obligation of Evernote to you; and (vi) you are not entitled to any accounting, compensation or reimbursement of any kind from Evernote under any circumstances."
Evernote.docx,12,Autor,ind0,"You agree to indemnify and hold Evernote, its subsidiaries, affiliates, officers, agents, employees, advertisers, Service Providers and other partners harmless from and against any and all claims, liabilities, damages (actual and consequential), losses and expenses (including legal and other professional fees) arising from or in any way related to any third party claims relating to your use of any of the Evernote Service, any violation of these Terms of Service or any other actions connected with your use of the Evernote Service (including all actions taken under your account). In the event of such claim, we will endeavor to provide notice of the claim, suit or action to the contact information we have for the account, provided that any failure to deliver such notice to you shall not eliminate or reduce your indemnification obligation hereunder."
Evernote.docx,13,Autor,as_is-1,"To the maximum extent permitted by law, the Evernote Service Is Available “As Is.” YOU EXPRESSLY UNDERSTAND AND AGREE THAT: YOUR USE OF THE EVERNOTE SERVICE AND THE PURCHASE AND USE OF ANY SERVICES ARE ALL AT YOUR SOLE RISK.THE EVERNOTE SERVICE IS PROVIDED ON AN “AS IS” AND “AS AVAILABLE” BASIS. TO THE MAXIMUM EXTENT PERMITTED BY LAW, EVERNOTE EXPRESSLY DISCLAIMS ALL WARRANTIES AND CONDITIONS OF ANY KIND, WHETHER EXPRESS OR IMPLIED, INCLUDING, BUT NOT LIMITED TO THE IMPLIED WARRANTIES AND CONDITIONS OF MERCHANTABILITY, FITNESS FOR A PARTICULAR PURPOSE AND NON-INFRINGEMENT.EVERNOTE DOES NOT WARRANT THAT (i) THE EVERNOTE SERVICE WILL MEET ALL OF YOUR REQUIREMENTS; (ii) THE EVERNOTE SERVICE WILL BE UNINTERRUPTED, TIMELY, SECURE OR ERROR-FREE; OR (iii) ALL ERRORS IN THE EVERNOTE SOFTWARE OR EVERNOTE SERVICE WILL BE CORRECTED.ANY MATERIAL DOWNLOADED OR OTHERWISE OBTAINED THROUGH THE USE OF THE EVERNOTE SERVICE IS DONE AT YOUR OWN DISCRETION AND RISK AND YOU ARE SOLELY RESPONSIBLE FOR ANY DAMAGE TO YOUR COMPUTER OR OTHER DEVICE OR LOSS OF DATA RESULTING FROM THE DOWNLOAD OR USE OF ANY SUCH MATERIAL.NO ADVICE OR INFORMATION, WHETHER ORAL OR WRITTEN, OBTAINED BY YOU FROM EVERNOTE OR THROUGH OR FROM THE EVERNOTE SERVICE SHALL CREATE ANY WARRANTY NOT EXPRESSLY STATED IN THESE TERMS OF SERVICE."
Evernote.docx,14,Autor,ltd-1,"YOU EXPRESSLY UNDERSTAND AND AGREE THAT EVERNOTE, ITS SUBSIDIARIES, AFFILIATES, SERVICE PROVIDERS, AND LICENSORS, AND OUR AND THEIR RESPECTIVE OFFICERS, EMPLOYEES, AGENTS AND SUCCESSORS SHALL NOT BE LIABLE TO YOU FOR ANY DIRECT, INDIRECT, INCIDENTAL, SPECIAL, CONSEQUENTIAL OR EXEMPLARY DAMAGES, INCLUDING BUT NOT LIMITED TO, DAMAGES FOR LOSS OF PROFITS, GOODWILL, USE, DATA, COVER OR OTHER INTANGIBLE LOSSES (EVEN IF EVERNOTE HAS BEEN ADVISED OF THE POSSIBILITY OF SUCH DAMAGES) RESULTING FROM: (i) THE USE OR THE INABILITY TO USE THE EVERNOTE SERVICE OR TO USE PROMOTIONAL CODES OR EVERNOTE POINTS; (ii) THE COST OF PROCUREMENT OF SUBSTITUTE SERVICES RESULTING FROM ANY DATA, INFORMATION OR SERVICE PURCHASED OR OBTAINED OR MESSAGES RECEIVED OR TRANSACTIONS ENTERED INTO THROUGH OR FROM THE EVERNOTE SERVICE; (iii) UNAUTHORIZED ACCESS TO OR THE LOSS, CORRUPTION OR ALTERATION OF YOUR TRANSMISSIONS, CONTENT OR DATA; (iv) STATEMENTS OR CONDUCT OF ANY THIRD PARTY ON OR USING THE EVERNOTE SERVICE, OR PROVIDING ANY SERVICES RELATED TO THE OPERATION OF THE EVERNOTE SERVICE; (v) EVERNOTE’S ACTIONS OR OMISSIONS IN RELIANCE UPON YOUR BASIC SUBSCRIBER INFORMATION AND ANY CHANGES THERETO OR NOTICES RECEIVED THEREFROM; (vi) YOUR FAILURE TO PROTECT THE CONFIDENTIALITY OF ANY PASSWORDS OR ACCESS RIGHTS TO YOUR ACCOUNT; (vii) THE ACTS OR OMISSIONS OF ANY THIRD PARTY USING OR INTEGRATING WITH THE EVERNOTE SERVICE; (viii) ANY ADVERTISING CONTENT OR YOUR PURCHASE OR USE OF ANY ADVERTISED OR OTHER THIRD-PARTY PRODUCT OR SERVICE; (ix) THE TERMINATION OF YOUR ACCOUNT IN ACCORDANCE WITH THE TERMS OF THESE TERMS OF SERVICE; OR (x) ANY OTHER MATTER RELATING TO THE EVERNOTE SERVICE."
Evernote.docx,15,Autor,uncle,"ACCORDINGLY, ONLY THOSE LIABILITY AND OTHER LIMITATIONS WHICH ARE LAWFUL IN YOUR JURISDICTION (IF ANY) WILL APPLY TO YOU AND OUR LIABILITY IS LIMITED TO THE MAXIMUM EXTENT PERMITTED BY LAW."
Evernote.docx,16,Autor,c_law-1,"If you are a resident of the United States or Canada, these Terms and the relationship between you and Evernote (including any dispute) shall be governed in all respects by the laws of the State of California, United States of America, as they apply to agreements entered into and to be performed entirely within California between California residents, without regard to its conflict of law provisions"
Evernote.docx,17,Autor,c_law-1,"If you reside outside of the United States, Canada, and Brazil, these Terms and the relationship between you and Evernote (including any dispute) shall be governed in all respects by the laws of Switzerland and shall be considered to have been made and accepted in Switzerland, without regard to conflict of law provisions."
Evernote.docx,18,Autor,sever0,"If any provision of these Terms of Service is found by a court of competent jurisdiction to be invalid, the parties nevertheless agree that the court should endeavor to give effect to the parties’ intentions as reflected in the provision, and the other provisions of the Terms of Service remain in full force and effect."
Evernote.docx,19,Autor,c_forum-1,"), if you are a resident of the United States or Canada, you agree that any claim or dispute you may have against Evernote must be resolved exclusively by a state or federal court located in San Mateo County, California"
Evernote.docx,20,Autor,c_forum-1,"Except where our dispute is being resolved pursuant to an arbitration (as provided below), if you reside in Brazil, you agree that any claim or dispute you may have against Evernote must be resolved exclusively by the courts in São Paolo-SP, Brasil. "
Evernote.docx,21,Autor,c_forum-1,"if you are not a resident of the United States, Canada, or Brazil, you agree that any claim or dispute you may have against Evernote must be resolved exclusively by the courts in Zurich, Switzerland"
Evernote.docx,22,Autor,pato,"If you are a resident of the European Union (EU), please note that we offer this Alternative Dispute Resolution Process, but we cannot offer you the European Commission Dispute Platform as we do not have an establishment in the EU."
Evernote.docx,23,Autor,arb0,"If you reside in the United States or are otherwise subject to the US Federal Arbitration Act, you and Evernote agree that any and all disputes or claims that have arisen or may arise between us - except any dispute relating to the enforcement or validity of your, our or either of our licensors’ intellectual property rights - shall be resolved exclusively through final and binding arbitration, rather than in court, except that you may assert claims in small claims court, if your claims qualify"
Evernote.docx,24,Autor,class0,"YOU AND EVERNOTE AGREE, AS PART OF THE ARBITRATION AGREEMENT, THAT EACH OF US MAY BRING CLAIMS AGAINST THE OTHER ONLY ON AN INDIVIDUAL BASIS AND NOT AS PART OF ANY PURPORTED CLASS OR REPRESENTATIVE ACTION OR PROCEEDING. WE REFER TO THIS AS THE “PROHIBITION OF CLASS AND REPRESENTATIVE ACTIONS.” UNLESS BOTH YOU AND WE AGREE OTHERWISE, THE ARBITRATOR MAY NOT CONSOLIDATE OR JOIN YOUR OR OUR CLAIM WITH ANOTHER PERSON'S OR PARTY'S CLAIMS, AND MAY NOT OTHERWISE PRESIDE OVER ANY FORM OF A CONSOLIDATED, REPRESENTATIVE OR CLASS PROCEEDING. THE ARBITRATOR MAY ONLY AWARD RELIEF (INCLUDING MONETARY, INJUNCTIVE, AND DECLARATORY RELIEF) IN FAVOR OF THE INDIVIDUAL PARTY SEEKING RELIEF AND ONLY TO THE EXTENT NECESSARY TO PROVIDE RELIEF NECESSITATED BY THAT PARTY'S INDIVIDUAL CLAIM(S). ANY RELIEF AWARDED CANNOT AFFECT OTHER EVERNOTE USERS"
Evernote.docx,25,Autor,uncle,You agree that regardless of any statute or law to the contrary or the applicable dispute resolution process
Reddit.docx,0,Autor,docu1,Privacy Policy 
Reddit.docx,1,Autor,uncle1,and solely to the extent such a restriction is impermissible under applicable law
Reddit.docx,2,Autor,docu2,Reddit API Terms of Use
Reddit.docx,3,Autor,serv_chg-1,"We reserve the right to modify, suspend, or discontinue the Services (in whole or in part) at any time, with or without notice to you"
Reddit.docx,4,Autor,ltd-1,"You agree that we will not be liable to you or to any third party for any modification, suspension, or discontinuation of the Services or any part thereof."
Reddit.docx,5,Autor,IP-1shad_ip1,"you grant us a worldwide, royalty-free, perpetual, irrevocable, non-exclusive, transferable, and sublicensable license to use, copy, modify, adapt, prepare derivative works of, distribute, store, perform, and display Your Content and any name, username, voice, or likeness provided in connection with Your Content in all media formats and channels now known or later developed anywhere in the world. This license includes the right for us to make Your Content available for syndication, broadcast, distribution, or publication by other companies, organizations, or individuals who partner with Reddit. You also agree that we may remove metadata associated with Your Content, and you irrevocably waive any claims and assertions of moral rights or attribution with respect to Your Content."
Reddit.docx,6,Autor,sugg0,"Any ideas, suggestions, and feedback about Reddit or our Services that you provide to us are entirely voluntary, and you agree that Reddit may use such ideas, suggestions, and feedback without compensation or obligation to you."
Reddit.docx,8,Autor,docu3,Content Policy
Reddit.docx,7,Autor,cnt_del-1cnt_mod0,"However, we may, in our sole discretion, delete or remove Your Content at any time and for any reason, including for violating these Terms, violating our Content Policy, or if you otherwise create or are likely to create liability for us."
Reddit.docx,9,Autor,recom-1,"The Services may also contain sponsored Third-Party Content or advertisements. The type, degree, and targeting of advertisements are subject to change, and you acknowledge and agree that we may place advertisements in connection with the display of any Content or information on the Services, including YourContent."
Reddit.docx,10,Autor,docu4,Broadcasting Content Policy
Reddit.docx,11,Autor,docu5,Moderator Guidelines for Healthy Communities
Reddit.docx,12,Autor,virtu1,"However, some services, including Reddit Premium, and Virtual Goods, may be available for purchase (“Paid Services”)."
Reddit.docx,13,Autor,docu6,"purchasing or using Reddit Premium or our Virtual Goods, you further agree to the Reddit Premium and Virtual Goods Agreement."
Reddit.docx,14,Autor,price_chg0,Reddit may change the fees or benefits associated with the Paid Services from time to time with reasonable advance notice of material changes
Reddit.docx,15,Autor,uncle2,and other laws
Reddit.docx,16,Autor,docu7,Brand Guidelines
Reddit.docx,17,Autor,ind0,"Except to the extent prohibited by law, you agree to defend, indemnify, and hold Reddit, its affiliates, and their respective directors, officers, employees, affiliates, agents, contractors, third-party service providers, andlicensors (the “Reddit Entities”) harmless from and against any claim or demand made by any third party, and any related liability, damage, loss, and expense (including costs and attorneys’ fees) due to, arising out of, or in connection with: (a) your use of the Services, (b) your violation of these Terms, (c) your violation of applicable laws or regulations, or (d) Your Content. We reserve the right to control the defense of any matter for which you are required to indemnify us, and you agree to cooperate with our defense of these claims."
Reddit.docx,19,Autor,uncle3,to the maximum extent permissible in your country of residence
Reddit.docx,18,Autor,ltd-1,By using the Services you agree that the Reddit Entities’ liability is limited to the maximum extent permissible in your country of residence. 
Reddit.docx,20,Autor,"(?) ltd - czy to ""ratuje"" klauzulę o ograniczeniu odpowiedzialności?","This limitation of liability will not apply to any statutory liability that cannot be limited, to liability for death or personal injury caused by our negligence or willful misconduct, or if and to exclude our responsibility for something we have specifically promised to you."
Reddit.docx,21,Autor,contr_chg-1,"We may make changes to these Terms from time to time. If we make changes, we will post the revised Terms and update the Effective Date above"
Reddit.docx,22,Autor,disc-1,in our reasonable discretion
Reddit.docx,23,Autor,docu8,"If you use the self-service platform for advertising, you must also agree to our Reddit Advertising Platform Terms."
Reddit.docx,24,Autor,docu9,Reddit Gifts User Agreement
Reddit.docx,25,Autor,docu10,Embeds Terms of Use
Reddit.docx,26,Autor,uncle4,To the fullest extent permitted by applicable law
Reddit.docx,27,Autor,acc_sus-1acc_del-1,"we may suspend or terminate your Account, moderator status, or ability to access or use the Services at any time for any or no reason, including for violating these Terms or our Content Policy."
Reddit.docx,28,Autor,sever0,"If any part of these Terms is held to be invalid or unenforceable, the unenforceable part will be given effect to the greatest extent possible, and the remaining parts will remain in full force and effect. "
Reddit.docx,30,Autor,disc-1,at its sole discretion
Reddit.docx,29,Autor,trans-1,"Reddit may, without restriction, assign any of our rights and obligations under these Terms, at its sole discretion, with 30 days’ prior notice"
Slack.docx,0,Autor,docu1,"User Terms, you agree to comply with the most recent version of our acceptable use policy, which is incorporated by reference into these User Terms. If you access or u"
Slack.docx,2,Autor,docu2,as further described in our Help Centre pages
Slack.docx,1,Autor,what1,"An organisation or other third party that we refer to in these User Terms as the ‘Customer’ has invited you to a workspace (i.e. a unique domain where a group of users may access the Services, as further described in our Help Centre pages). If you are joining one of your employer’s workspaces, for example, the Customer is your employer. If you are joining a workspace created by your friend using her personal email address to work on her new start-up idea, she is our Customer and she is authorising you to join her workspace."
Slack.docx,3,Autor,"cnt_modr0: however, the Customer is the entity that can moderate the content","When an Authorised User (including you) submits content or information to the Services, such as messages or ﬁles (‘Customer Data’), you acknowledge and agree that the CustomerData is owned by the Customer and the Contract provides the Customer with many choices and control over that Customer Data."
Slack.docx,4,Autor,as_is-1,"SLACK MAKES NO REPRESENTATIONS OR WARRANTIES OF ANY KIND, WHETHER EXPRESS OR IMPLIED, TO YOU RELATING TO THE SERVICES, WHICH ARE PROVIDED TO YOU ON AN ‘AS IS’ AND ‘ AS AVAILABLE’ BASIS."
Slack.docx,5,Autor,uncle1,To the extent prohibited by applicable law
Slack.docx,6,Autor,"acc_del1acc_sus0""disable"" very unclear","We may directly step in and take what we determine to be appropriate action (including disabling your account) if the Customer does not take appropriate action or we believe that there is a credible risk of harm to us, the Services, Authorised Users or any third parties."
Slack.docx,7,Autor,ltd-1,"IN NO EVENT WILL YOU OR WE HAVE ANY LIABILITY TO THE OTHER FOR ANY LOST PROFITS OR REVENUES OR FOR ANY INDIRECT, SPECIAL, INCIDENTAL, CONSEQUENTIAL, COVER OR PUNITIVE DAMAGES HOWEVER CAUSED, WHETHER IN CONTRACT, TORT OR UNDER ANY OTHER THEORY OF LIABILITY, AND WHETHER OR NOT THE PARTY HAS BEEN ADVISED OF THE POSSIBILITY OF SUCH DAMAGES."
Slack.docx,8,Autor,ltd0,"UNLESS YOU ARE ALSO A CUSTOMER (AND WITHOUT LIMITATION TO OUR RIGHTS AND REMEDIES UNDER THE CONTRACT), YOU WILL HAVE NO FINANCIAL LIABILITY TO US FOR A BREACH OF THESE USER TERMS."
Slack.docx,9,Autor,ltd_cap-1,OUR MAXIMUM AGGREGATE LIABILITY TO YOU FOR ANY BREACH OF THE USER TERMS IS ONE HUNDRED US DOLLARS (USD $100) IN THE AGGREGATE.
Slack.docx,10,Autor,uncle2: does not make above ltd-1 a 0.,THE FOREGOING DISCLAIMERS WILL NOT APPLY TO THE EXTENT PROHIBITED BY APPLICABLE LAW AND DO NOT LIMIT EITHER PARTY’S RIGHT TO SEEK AND OBTAIN EQUITABLE RELIEF.
Slack.docx,11,Autor,uncle3,To the maximum extent permitted by law
Slack.docx,12,Autor,pato1,you hereby acknowledge and agree that consumer laws do not apply.
Slack.docx,13,Autor,uncle4,"If however any consumer laws (e.g. in Australia, the Competition and Consumer Act 2010 (Cth)) do apply and cannot otherwise be lawfully excluded, nothing in these User Terms will restrict, exclude or modify any statutory warranties, guarantees, rights or remedies that you have, and our liability is limited (at our option) to the replacement, repair or resupply ofthe Services or the pro-rata refund to the Customer of prepaid fees for your subscription covering the remainder of the term."
Slack.docx,14,Autor,pato2,"The sections titled ‘The relationship between you, the Customer and us’, ‘Limitation of liability’ and ‘Survival’, and all of the provisions under the general heading ‘General provisions’ will survive any termination or expiration of the User Terms."
Slack.docx,15,Autor,docu3,Please review our Privacy policy 
Slack.docx,16,Autor,contr_chg-1,"As our business evolves, we may change these User Terms or the acceptable use policy. If we make a material change to the User Terms or the acceptable use policy, we will provide you with reasonable notice prior to the change taking eﬀect either by emailing the email address associated with your account or by messaging you through the Services. "
Slack.docx,17,Autor,uncle6,permitted under applicable law.
Slack.docx,18,Autor,sever0,"If any provision of the User Terms is held by a court of competent jurisdiction to be contrary to law, the provision will be modiﬁed by the court and interpreted so as best to accomplish the objectives of the original provision to the fullest extent permitted by law, and the remaining provisions of the User Terms will remain in eﬀect."
Slack.docx,19,Autor,tran-1,"We may assign these User Terms in their entirety (including all terms and conditions incorporated herein by reference), without your consent, to a corporate aﬃliate or in connection with a merger, acquisition, corporate reorganisation or sale of all or substantially all of our assets."
Slack.docx,20,Autor,"uncle7, c_law-1","The User Terms, including the acceptable use policy, and any disputes arising out of or related hereto, will be governed exclusively by the same applicable governing law of the Contract, without regard to conﬂicts of laws rules or the United Nations Convention on the International Sale of Goods"
Slack.docx,21,Autor,uncle8,The courts located in the applicable venue of the Contract 
Slack.docx,22,Autor,c_forum-1,"The courts located in the applicable venue of the Contract will have exclusive jurisdiction to adjudicate any dispute arising out of or relating to the User Terms, including the acceptable use policy, or its formation, interpretation or enforcement"
Slack.docx,23,Autor,c_forum-1,Each party hereby consents and submits to the exclusive jurisdiction of such courts.
Zalando.docx,0,Autor,core1,Za pomocą www.zalando.pl i www.zalando-zircle.pl oferujemy każdemu użytkownikowi indywidualny proces zakupów i korzystania z usług dopasowanych do jego zainteresowań i potrzeb.
Zalando.docx,1,Autor,what1,"Na www.zalando.pl i www.zalando-zircle.pl sprzedajemy artykuły Zalando, artykuły ﬁrm partnerskich i artykuły Zalando-Zircle (ubrania z drugiej ręki, także nazywane „artykuły Mody Pre-Owned”). Na stronie www.zalando- zircle.pl są oferowane jedynie artykuły Mody Pre-Owned."
Zalando.docx,2,Autor,what2,"Kliknięcie przycisku „potwierdź zamówienie"" powoduje złożenie wiążącego zamówienia na produkty znajdujące się w koszyku. Złożenie zamówienia potwierdzamy drogą mailową bezpośrednio po wysłaniu przez Państwa zamówienia. Zawarcie wiążącej umowy następuje wraz z otrzymaniem przez Państwa potwierdzenia zamówienia. Prosimy zwrócić uwagę, że produkty zamówione przez Państwa wysłane zostaną po opłaceniu przez Państwa ich pełnej ceny (z zastrzeżeniem punktu 3.2 poniżej) oraz kosztów dostawy, o ile nie są one pokrywane przez nas zgodnie z punktem 2.2 poniżej."
Zalando.docx,3,Autor,tran-1,"Wyrażacie Państwo zgodę na przelew wierzytelności sprzedawcy o zapłatę ceny na rzecz pomiotu trzeciego, w tym na rzecz Zalando Payments GmbH."
Zalando.docx,4,Autor,pato1: unclear criteria for determination of the payment. Possible exploitation of consumer's will of environment protection.,W przypadku zaznaczenia na stronie podsumowania opcji rekompensaty śladu węglowego zamówienia stanowi to część warunków umownych zamówienia. Wysokość dopłaty zostanie podana przed zawarciem umowy na stronie podsumowania zamówienia.
Zalando.docx,5,Autor,pato2: too wide scope of reasons for denying the service. Software is used on every step of interacting with Zalando's services. ,"Zastrzegamy sobie prawo do odmowy przyjęcia zamówienia lub jego anulowania w przypadku gdy zostało one złożone przy użyciu: oprogramowania, robota, crawlera, spidera lub dowolnego systemu zautomatyzowanego bądź zachowania skryptowego lub dowolnych usług podmiotów trzecich wykorzystanych w celu złożenia zamówienia w imieniu użytkownika."
Zalando.docx,6,Autor,pato3,"Należy pamiętać, że 100-dniowe prawo do zwrotu nie obowiązuje w odniesieniu do rekompensaty śladuwęglowego w przypadku podjęcia decyzji o jej opłaceniu przy składaniu zamówienia"
Zalando.docx,7,Autor,core2,Zobowiązujemy się do dostarczenia Państwu produktów wolnych od wad.
Zalando.docx,8,Autor,acc_del0,Zastrzegamy sobie prawo usuwania wielokrotnych rejestracji.
moBILET.docx,0,Autor,what1,system autoryzacji i rozliczeń płatności mobilnych.
moBILET.docx,1,Autor,what2,"integralna część Systemu moBiLET, umożliwiająca zakup elektronicznego biletu i zalegalizowanie przejazdu środkami komunikacji miejskiej i podmiejskiej, dalekobieżnej, w tym kolejowej, za pomocą urządzenia mobilnego."
moBILET.docx,2,Autor,what3,"integralna część Systemu moBiLET umożliwiająca rozliczanie rzeczywistego czasu postoju w strefach płatnego parkowania oraz na parkingach prywatnych, za pomocą urządzenia mobilnego."
moBILET.docx,3,Autor,acc_sus1: notice period would be detrimental,"W razie zgłoszenia przez Użytkownika sytuacji wskazanej w pkt. 4 i/lub 5 powyżej, Konto Użytkownika zostanie natychmiast zablokowane. Ponowne odblokowanie Konta Użytkownika będzie możliwe tylko i wyłącznie przez konsultanta BOK."
moBILET.docx,4,Autor,core1,"moBiLET zobowiązany jest zapewnić ciągły dostęp do Systemu moBiLET poprzez Portal Użytkownika oraz Aplikację, jak i zapewnić bezpieczeństwo realizowanych za ich pomocą transakcji."
moBILET.docx,5,Autor,core2,moBiLET zobowiązany jest do realizacji transakcji dokonywanych przez Użytkowników w ramach Systemu moBiLET.
moBILET.docx,6,Autor,ltd0,"moBiLET nie ponosi odpowiedzialności za jakiekolwiek szkody poniesione przez Użytkownika w wyniku funkcjonowania Urządzeń, z których Użytkownik realizuje transakcje. Urządzenia muszą spełniać wymogi i standardy przewidziane dla sieci telekomunikacyjnej, w której są wykorzystywane i użytkowane zgodnie z zaleceniami producenta. moBiLET nie ponosi również odpowiedzialności względem Użytkownika niebędącego osobą fizyczną korzystającą z Systemu moBiLET w celu niezwiązanym bezpośrednio z jej działalnością zawodową lub gospodarczą za jakiekolwiek szkody poniesione przez Użytkownika wskutek użycia Aplikacji, jak również korzystania z Systemu moBiLET chyba, że szkoda wynikła z winy umyślnej moBiLET.moBiLET nie ponosi odpowiedzialności za funkcjonowanie interfejsów oraz łączy telekomunikacyjnych, które nie są jego własnością lub nie są przez niego obsługiwane, w szczególności interfejsów służących do wykonywania transakcji przez Użytkownika."
moBILET.docx,8,Autor,uncle1,niezgodnie z obowiązującymi przepisami prawa
moBILET.docx,7,Autor,acc_sus0,"W przypadku, gdy moBILET poweźmie uzasadnione podejrzenie, iż Konto Użytkownika jest lub może zostać wykorzystane do nadużyć, lub niezgodnie z obowiązującymi przepisami prawa, lub z postanowieniami Umowy, moBiLET zastrzega sobie prawo do zablokowania Konta Użytkownika, co będzie oznaczać brak możliwości realizacji jakichkolwiek usług za pośrednictwem danego Konta Użytkownika."
moBILET.docx,9,Autor,what4,"System   moBiLET   umożliwia   Użytkownikowi   zalegalizowanie   przejazdu   środkami   komunikacji   miejskiej i podmiejskiej, przejazdu środkami komunikacji dalekobieżnej, w tym kolejowej poprzez zakup biletu w postaci zapisu elektronicznego oraz jego obsługę na Urządzeniu. Wybór organizatora, przewoźnika, rodzaju biletu, ilości biletów, relacji oraz odpowiedniej taryfy, następuje za pośrednictwem Aplikacji i wymaga weryfikacji szczegółów danego biletu przez Użytkowania. Użytkownik otrzyma potwierdzenie na swoje Urządzenie, które będzie zawierać wszystkie informacje dotyczące rodzaju biletu, czasu, ważności, itp."
moBILET.docx,10,Autor,uncle2,Opłaty za bilety dostępne w Systemie moBILET są określone w aktualnej taryfie przewozu osób i bagażu danego przewoźnika lub organizatora.
moBILET.docx,11,Autor,what5,"System moBiLET umożliwia Użytkownikowi zalegalizowanie postoju w strefie płatnego parkowania oraz na parkingach prywatnych, poprzez rozpoczęcie, przedłużenie oraz zakończenie naliczania rzeczywistego czasu postoju za pomocą Aplikacji. Wybór miasta, strefy, parkingu, maksymalnego czasu naliczania oraz numeru rejestracyjnego pojazdu, następuje za pośrednictwem Aplikacji i wymaga weryfikacji szczegółów danego postoju przez Użytkowania. Użytkownik otrzyma potwierdzenie na swoje Urządzenie, które będzie zawierać wszystkie informacje dotyczące miasta, strefy, czasu ważności itp."
moBILET.docx,12,Autor,uncle3,Opłaty za postój w danej strefie płatnego parkowania są określone w aktualnej uchwale odpowiedniego organu jednostki samorządu terytorialnego. Opłaty za postój na parkingu poza pasem drogowym określa regulamin danego parkingu.
moBILET.docx,13,Autor,acc_del1,Każda ze stron jest uprawniona do rozwiązania Umowy za wypowiedzeniem ze skutkiem na koniec miesiąca kalendarzowego.
moBILET.docx,14,Autor,acc_del1,Umowa może ulec rozwiązaniu bez wypowiedzenia w przypadkach przewidzianych niniejszym Regulaminem.
moBILET.docx,15,Autor,contr_chg-1: notice period not precised,moBiLET jest uprawniony do jednostronnego wprowadzenia zmian lub uzupełnień w każdym czasie w niniejszym Regulaminie.
moBILET.docx,16,Autor,uncle4,odpowiednie przepisy powszechnie obowiązującego prawa na terytorium Rzeczpospolitej Polskiej.
Blik.docx,0,Autor,what,"The BLIK payment scheme is a payment scheme within the meaning of the Act of 19 August 2011 on payment services (Journal of Laws No. 199, item 1175, as amended) operated by Polski Standard Płatności Sp. z o.o. as a payment organisation, closely linked with the BLIK Mobile Payments System operated by Polski Standard Płatności Sp. z o.o. as an operator of the payment system within the meaning of the Act of 24 August 2001 on settlement finality in payment and securities settlement systems and the rules for monitoring these systems (Journal of Laws No. 123, item 1351, as amended)."
Blik.docx,1,Autor,docu,"price list of services provided by PSP, attached as appendix no. 1 to the Regulation"
Blik.docx,2,Autor,com_sys0,"PSP shall process complaints and other notifications pertaining to the BLIK Scheme and the BLIK System based on the Ognivo system operated by KIR. In special cases (e.g. failure of the Ognivo system), the Participant shall be able to make the complaint or submit other notification to PSP via electronic mail or other communication system specified in the agreement concluded by and between PSP and the Participant or the Cooperating Scheme."
Blik.docx,3,Autor,acc_sus0(business only),"Upon receiving the decision of the PFSA or another competent supervisory authority on suspending the activities of the Participant, or in the case of triggering the Settlement guarantee due to lack of sufficient funds on the account of the Issuer, PSP shall initiate the procedure for excluding the Participant from the BLIK Scheme and the BLIK System"
Blik.docx,4,Autor,Acc_del1,"After one month of the event referred to in section 1, the Participant will be excluded from the BLIK Scheme and the BLIK System if the Participant fails to effectively implement the steps aimed at restoring or obtaining necessary authorisations or activities necessary for eliminating the circumstances posing a risk of triggering the Settlement guarantee."
Blik.docx,5,Autor,Acc_sus1Acc_del1(business only),"If the Participant fails to eliminate the irregularities indicated in the warning within the time limit set, PSP may temporarily suspend the Participant’s access to the particular functionality of the BLIK Scheme, temporary suspend the Participant’s right as the Participant of the BLIK Scheme and the BLIK System, or exclude the Participant from the BLIK Scheme and the BLIK System."
Blik.docx,6,Autor,Acc_sus0(business only),"PSP shall have the right to temporarily block the Participant from using the services provided within the framework of the BLIK Scheme and the BLIK System, in the case of:"
Blik.docx,7,Autor,uncle,within the scope permitted by law
Blik.docx,8,Autor,price_chg0,"PSP will, unilaterally and independently, determine the amount of fees due to Issuers and Acquirers for the execution of Mobile Transactions within the framework of the BLIK Scheme, and clearing thereof in the BLIK System. Fees, referred to in the previous sentence, will be charged by PSP as part of Clearing made for each Mobile Transaction."
Blik.docx,9,Autor,price_chg0,"PSP shall be fully free to determine the amount of fees due to Issuers and Acquirers, change these fees, as well as differentiate these fees depending on the type of Mobile Transactions, based on justified, objective and verifiable criteria."
Blik.docx,10,Autor,contr_chg-1,"Provisions of the Regulations can be amended by PSP unilaterally, whereas such amendments shall be effective subject to notifying Participants of amendments sufficiently in advance, while ensuring a two- month period for adjustment. PSP shall unilaterally amend provisions of the Terms in Conditions in each case taking into account applicable legal regulations and provisions of the Agreement on Participation."
Blik.docx,11,Autor,uncle,and appropriate provisions of universal law
Blik.docx,12,Autor,what,"The BLIK payment system is a payment system within the meaning of the Act of 24 August 2001 on the settlement finality in payment and securities settlement systems and the rules for monitoring these systems (Journal of Laws No. 123, item 1351, as amended), operated by Polski Standard Płatności Sp. z o.o. as an operator of this payment system, closely linked with the BLIK Mobile Payment Scheme being a payment scheme within the meaning of the Act of 19 August 2011 on payment services (Journal of Laws No. 199, item 1175, as amended) operated by Polski Standard Płatności Sp. z o.o. as a payment organisation."
Blik.docx,13,Autor,docu,Appendix no. 2 
Blik.docx,14,Autor,uncle,and appropriate provisions of universal law
Blik.docx,15,Autor,docu1-5,"Appendix no. 1 – Price Lists of the BLIK Payment SystemPrice List of the BLIK Payment System – IssuerPrice List of the BLIK Payment System – AcquirerAppendix no. 2 – Fees due to Issuers and AcquirersAppendix no. 3 – Technical Specification for Participants (STdU)Appendix no. 4 – Operational Procedures for Participants (POdU)POdU – Settlement guarantee processingPOdU – Processing of clearing and reconciliation filesPOdU – Processing of notifications, inquiries and complaints pertaining to mobile paymentsPOdU – Processing of the Acquirer’s counter positionPOdU – Communication between PSP and Participants in the case of reporting a suspicious BLIK TransactionAppendix no. 5 – Functionality Table"
Twitter.docx,0,Autor,docu,Privacy Policy
Twitter.docx,1,Autor,docu,Twitter Rules and Policies
Twitter.docx,2,Autor,IP-1,"By submitting, posting or displaying Content on or through the Services, you grant us a worldwide, non- exclusive, royalty-free license (with the right to sublicense) to use, copy, reproduce, process, adapt, modify, publish, transmit, display and distribute such Content in any and all media or distribution methods now known or later developed (for clarity, these rights include, for example, curating, transforming, and translating). This license authorizes us to make your Content available to the rest of the world and to let others do the same. You agree that this license includes the right for Twitter to provide, promote, and improve the Services and to make Content submitted to or through the Services available to other companies, organizations or individuals for the syndication, broadcast, distribution, Retweet, promotion or publication of such Content on other media and services, subject to our terms and conditions for such Content use. Such additional uses by Twitter, or other companies, organizations or individuals, is made with no compensationpaid to you with respect to the Content that you submit, post, transmit or otherwise make available through the Services as the use of the Services by you is hereby agreed as being sufﬁcient compensation for the Content and grant of rights herein."
Twitter.docx,3,Autor,shad_ip,"Twitter has an evolving set of rules for how ecosystem partners can interact with your Content on the Services. These rules exist to enable an open ecosystem with your rights in mind. You understand that we may modify or adapt your Content as it is distributed, syndicated, published, or broadcast by us and our partners and/or make changes to your Content in order to adapt the Content to different media."
Twitter.docx,4,Autor,docu,"Please review the Twitter Rules and Policies (and, for Periscope, the Periscope Community Guidelines at "
Twitter.docx,5,Autor,serv_chg-1,"Our Services evolve constantly. As such, the Services may change from time to time, at our discretion. "
Twitter.docx,6,Autor,cnt_del-1cnt_mod0,"We may also remove or refuse to distribute any Content on the Services, limit distribution or visibility of any Content on the service, suspend or terminate users, and reclaim usernames without liability to you."
Twitter.docx,7,Autor,docu,our Developer Agreement (https://developer.twitter.com/en/developer-terms/agreement) and Developer
Twitter.docx,8,Autor,docu,Policy (
Twitter.docx,9,Autor,docu,Vulnerability Reporting Program 
Twitter.docx,10,Autor,docu,"If you use advertising features of the Services, you must agree to our Twitter Master Services Agreement ("
Twitter.docx,11,Autor,docu,"If you use Super Hearts, Coins, or Stars on Periscope, you must agree to our Super Hearts Terms ("
Twitter.docx,12,Autor,sugg0,"Any feedback, comments, or suggestions you may provide regarding Twitter, or the Services is entirely voluntary and we will be free to use such feedback, comments or suggestions as we see ﬁt and without any obligation to you"
Twitter.docx,13,Autor,acc_sus-1acc_del-1disc-1,"We may suspend or terminate your account or cease providing you with all or part of the Services at any time for any or no reason, including, but not limited to, if we reasonably believe"
Twitter.docx,14,Autor,uncle, to the maximum extent permitted under applicable law
Twitter.docx,15,Autor,as_is-1,"THE TWITTER ENTITIES DISCLAIM ALL WARRANTIES AND CONDITIONS, WHETHER EXPRESS OR IMPLIED, OF MERCHANTABILITY, FITNESS FOR A PARTICULAR PURPOSE, ORNON-INFRINGEMENT. The Twitter Entities make no warranty or representation and disclaim all responsibility and liability for: (i) the completeness, accuracy, availability, timeliness, security or reliability of the Services or any Content; (ii) any harm to your computer system, loss of data, or other harm that results from your access to or use of the Services or any Content; (iii) the deletion of, or the failure to store or to transmit, any Content and other communications maintained by the Services; and (iv) whether the Services will meet your requirements or be available on an uninterrupted, secure, or error-free basis. No advice or information, whether oral or written, obtained from the Twitter Entities or through the Services, will create any warranty or representation not expressly made herein."
Twitter.docx,16,Autor,uncle,TO THE MAXIMUM EXTENT PERMITTED BY APPLICABLE LAW
Twitter.docx,17,Autor,ltd-1,"THE TWITTER ENTITIES SHALL NOT BE LIABLE FOR ANY INDIRECT, INCIDENTAL, SPECIAL, CONSEQUENTIAL OR PUNITIVE DAMAGES, OR ANY LOSS OF PROFITS OR REVENUES, WHETHER INCURRED DIRECTLY OR INDIRECTLY, OR ANY LOSS OF DATA, USE, GOODWILL, OR OTHER INTANGIBLE LOSSES, RESULTING FROM (i) YOUR ACCESS TO OR USE OF OR INABILITY TO ACCESS OR USE THE SERVICES; (ii) ANY CONDUCT OR CONTENT OF ANY THIRD PARTY ON THE SERVICES, INCLUDING WITHOUT LIMITATION, ANY DEFAMATORY, OFFENSIVE OR ILLEGAL CONDUCT OF OTHER USERS OR THIRD PARTIES; (iii) ANY CONTENT OBTAINED FROM THE SERVICES; OR (iv) UNAUTHORIZED ACCESS, USE OR ALTERATION OF YOUR TRANSMISSIONS OR CONTENT"
Twitter.docx,18,Autor,ltd_cap-1,". IN NO EVENT SHALL THE AGGREGATE LIABILITY OF THE TWITTER ENTITIES EXCEED THE GREATER OF ONE HUNDRED U.S. DOLLARS (U.S. $100.00) OR THE AMOUNT YOU PAID TWITTER, IF ANY, IN THE PAST SIX MONTHS FOR THE SERVICES GIVING RISE TO THE CLAIM. THE LIMITATIONS OF THIS SUBSECTION SHALL APPLY TO ANY THEORY OF LIABILITY, WHETHER BASED ON WARRANTY, CONTRACT, STATUTE, TORT (INCLUDING NEGLIGENCE) OR OTHERWISE, AND WHETHER OR NOT THE TWITTER ENTITIES HAVE BEEN INFORMED OF THE POSSIBILITY OF ANY SUCH DAMAGE, AND EVEN IF A REMEDY SET FORTH HEREIN IS FOUND TO HAVE FAILED OF ITS ESSENTIAL PURPOSE."
Twitter.docx,19,Autor,serv_chg-1,"We may revise these Terms from time to time. The changes will not be retroactive, and the most current version of the Terms, which will always be at twitter.com/tos, will govern our relationship with you. We will try to notify you of material revisions, for example via a service notiﬁcation or an email to the email associated with your account. By continuing to access or use the Services after those revisions become effective, you agree to be bound by the revised Terms."
Twitter.docx,20,Autor,c_law-1c_forum-1,"The laws of the State of California, excluding its choice of law provisions, will govern these Terms and any dispute that arises between you and Twitter. All disputes related to these Terms or the Services will be brought solely in the federal or state courts located in San Francisco County, California, United States, and you consent to personal jurisdiction and waive any objection as to inconvenient forum."
Twitter.docx,21,Autor,sever0,"In the event that any provision of these Terms is held to be invalid or unenforceable, then that provision will be limited or eliminated to the minimum extent necessary, and the remaining provisions of these Terms will remain in full force and effect. Twitter’s failure to enforce any right or provision of these Terms will not be deemed a waiver of such right or provision."
Twitter.docx,22,Autor,cnt_del0cnt_mod0,"We reserve the right to remove Content that violates the User Agreement, including for example, copyright or trademark violations or other intellectual property misappropriation, impersonation, unlawful conduct, or harassment. Information regarding speciﬁc policies and the process for reporting or appealing violations can be found in our Help Center (https://help.twitter.com/en/rules-and-policies/twitter-report-violation#speciﬁc- violations and https://help.twitter.com/en/managing-your-account/suspended-twitter-accounts)."
Twitter.docx,23,Autor,IP-1,"By submitting, posting or displaying Content on or through the Services, you grant us a worldwide, non- exclusive, royalty-free license (with the right to sublicense) to use, copy, reproduce, process, adapt, modify, publish, transmit, display and distribute such Content in any and all media or distribution methods now known or later developed (for clarity, these rights include, for example, curating, transforming, and translating). This license authorizes us to make your Content available to the rest of the world and to let others do the same. You agree that this license includes the right for Twitter to provide, promote, and improve the Services and to make Content submitted to or through the Services available to other companies, organizations or individuals for the syndication, broadcast, distribution, Retweet, promotion or publication of such Content on other media and services, subject to our terms and conditions for such Content use. Such additional uses by Twitter, or other companies, organizations or individuals, is made with no compensation paid to you with respect to the Content that you submit, post, transmit or otherwise make available through the Services as the use of the Services by you is hereby agreed as being sufﬁcient compensation for the Content and grant of rights herein."
Twitter.docx,24,Autor,shad_ip2,"Twitter has an evolving set of rules for how ecosystem partners can interact with your Content on the Services. These rules exist to enable an open ecosystem with your rights in mind. You understand that we may modify or adapt your Content as it is distributed, syndicated, published, or broadcast by us and our partners and/or make changes to your Content in order to adapt the Content to different media."
Twitter.docx,25,Autor,serv_chg-1,Our
Twitter.docx,26,Autor,cnt_del-1acc_sus-1acc_del-1,"We may also remove or refuse to distribute any Content on the Services, limit distribution or visibility of any Content on the service, suspend or terminate users, and reclaim usernames without liability to you"
Twitter.docx,27,Autor,acc_sus-1acc_del-1disc-1,"We may suspend or terminate your account or cease providing you with all or part of the Services at any time for any or no reason, including, but not limited to, if we reasonably believe"
Twitter.docx,29,Autor,uncle,liability is limited to the maximum extent permissible in your country of residence.
Twitter.docx,28,Autor,ltd0unclepato,"By using the Services you agree that Twitter, its parents, afﬁliates, related companies, ofﬁcers, directors, employees, agents representatives, partners and licensors, liability is limited to the maximum extent permissible in your country of residence."
Twitter.docx,30,Autor,contr_chg-1,"We may revise these Terms from time to time. The changes will not be retroactive, and the most current version of the Terms, which will always be at twitter.com/tos, will govern our relationship with you. "
Twitter.docx,31,Autor,sever0,"In the event that any provision of these Terms is held to be invalid or unenforceable, then that provision will be limited or eliminated to the minimum extent necessary, and the remaining provisions of these Terms will remain in full force and eﬀect"
ABEMA.docx,0,Autor,docu1,Privacy Policy.
ABEMA.docx,1,Autor,"serv_chg0: ""necessary"", however vague, is a ground for judiciary interpretation","If necessary, we may add new services to the Service, change the contents or name of the Service, and the User shall use the Service upon prior consent to these changes."
ABEMA.docx,2,Autor,pato1cnt_retr-1,"When the User terminates the use of the Service or we terminate the operation of the Service, we reserve the right, in our sole discretion to delete all User Information and will not respond to requests to return such information."
ABEMA.docx,3,Autor,serv_chg-1price_chg0,"We may at our discretion, change the price of any feature of the Service that is free or charged. Users shall give advance consent that if they do not agree to such changes, they may not be able to use all or part of the Service."
ABEMA.docx,4,Autor,ltd0,We shall not be liable for the use of the Partner Services by the User 
ABEMA.docx,5,Autor,serv_chg0contr_chg0disc-1,"Users shall agree in advance that Abema may change the terms of use of the Contents as necessary and that Abema may take measures deemed necessary, such as deleting or suspending the use of the relevant Contents, depending on the content of such changes in the terms of use."
ABEMA.docx,6,Autor,uncle1,"violate laws, public order and morals"
ABEMA.docx,7,Autor,acc_sus0,"In the event that we deem that a User has engaged in any of the prohibited activities set forth in the preceding paragraph, we may suspend the use of all or part of the Service, restrict the use of the Service, "
ABEMA.docx,8,Autor,pato2,or take any other measures deemed appropriate by us.
ABEMA.docx,9,Autor,recom-1,"We may, without the prior consent of the User, categorize or rank the Service in a manner we deem as appropriate. In addition, we may, at any time, provide the Users with diﬀerent types of services according to the categorization or ranking, and in diﬀerent forms for each User."
ABEMA.docx,11,Autor,pato3as_is-1,"We do not warrant the legality, accuracy, appropriateness, validity, morality, or existence of rights or licensing with respect to any information contained in the Service."
ABEMA.docx,12,Autor,ltd0,"in the event that the content of the advertisement information delivered through the Service violates the rights of the User or third parties, or in the event disputes arises due to infringement of the rights, we shall not be liable for such infringement or disputes, except in cases of willful misconduct or gross negligence on our part."
ABEMA.docx,13,Autor,ltd0,"We shall not be liable for any and all damages (including, but not limited to, damages resulting from loss of information, etc.) incurred by the User due to the suspension, discontinuation, or termination of the Service in accordance with Article8, Paragraph 1, or changes to the Service in accordance with Article 1, Paragraph 2, except in cases where we were intentionally or grossly negligent."
ABEMA.docx,14,Autor,ltd-1: not limited liability for personal injury suffered without the negligence or intention of the provider,"We shall not be liable for any damages incurred by the User arising from the use of the Service other than those listed in the preceding paragraphs, except in cases where we were intentionally or grossly negligent."
ABEMA.docx,15,Autor,contr_chg-1,We may revise these Terms and Conditions at any time.
ABEMA.docx,16,Autor,c_forum-1,All lawsuits and other disputes relating to these Terms and Conditions shall be subject to the exclusive jurisdiction of the Tokyo Summary Court or the Tokyo District Court in the ﬁrst instance.
ABEMA.docx,17,Autor,c_law-1,These Terms and Conditions shall be governed by Japanese law and construed in accordance with the Japanese law.
Zoom.docx,0,Autor,docu,Services Description 
Zoom.docx,1,Autor,serv_chg-1,"Zoom may, in its sole discretion, discontinue the Services or modify the features of the Services from time to time without prior notice"
Zoom.docx,2,Autor,"not as_is, because not a final product","Beta versions are provided AS IS, may contain bugs, errors or other defects, and Your use of a Beta version is at Your sole risk."
Zoom.docx,3,Autor,cnt_del0cnt_mod0,"Although Zoom is not responsible for any Content, Zoom may delete any Content, at any time without notice to You, if Zoom becomes aware that it violates any provision of this Agreement, or any law. "
Zoom.docx,4,Autor,acc_del0cnt_del0,"trust@zoom.us. Zoom may investigate any complaints and violations that come to its attention and may take any (or no) action that it believes is appropriate, including, but not limited to issuing warnings, removing the content or terminating accounts and/or User proﬁles."
Zoom.docx,5,Autor,acc_del0,Your access may be terminated without warning if we believe that You are under the age of 16 or are otherwise ineligible.
Zoom.docx,6,Autor,price_chg0,"Zoom may change prices at any time, including changing from a free service to a paid service and charging for Services that were previously oﬀered free of charge; provided, however, that Zoom will provide you with prior notice "
Zoom.docx,7,Autor,acc_del0,"If You fail to comply with any provision of this Agreement, Zoom may terminate this Agreement immediately and retain any fees previously paid by You. "
Zoom.docx,8,Autor,as_is-1,"YOU UNDERSTAND AND AGREE THAT THE SERVICES ARE PROVIDED “AS IS” AND ZOOM, ITS AFFILIATES, SUPPLIERS AND RESELLERS EXPRESSLY DISCLAIM ALL WARRANTIES OF ANY KIND, EXPRESS OR IMPLIED, INCLUDING WITHOUT LIMITATION ANY WARRANTY OF MERCHANTABILITY, FITNESS FOR A PARTICULAR PURPOSE OR NON-INFRINGEMENT. ZOOM, ITS AFFILIATES, SUPPLIERS AND RESELLERS MAKE NO WARRANTY OR REPRESENTATION REGARDING THE RESULTS THAT MAY BE OBTAINED FROM THE USE OF THE SERVICES, REGARDING THE ACCURACY OR RELIABILITY OF ANY INFORMATION OBTAINED THROUGH THE SERVICES OR THAT THE SERVICES WILL MEET ANY USER’S REQUIREMENTS, OR BE UNINTERRUPTED, TIMELY, SECURE OR ERROR FREE. USE OF THE SERVICES IS AT YOUR SOLE RISK. ANY MATERIAL AND/OR DATA DOWNLOADED OR OTHERWISE OBTAINED THROUGH THE USE OF THE SERVICES IS AT YOUR OWN DISCRETION AND RISK. YOU WILL BE SOLELY RESPONSIBLE FOR ANY DAMAGE TO YOU RESULTING FROM THE USE OF THE SERVICES. THE ENTIRE RISK ARISING OUT OF USE OR PERFORMANCE OF THE SERVICES REMAINS WITH YOU. ZOOM DOES NOT ASSUME ANY RESPONSIBILITY FOR RETENTION OF ANY USER INFORMATION OR COMMUNICATIONS BETWEEN USERS. ZOOM CANNOT GUARANTEE AND DOES NOT PROMISE ANY SPECIFIC RESULTS FROM USE OF THE SERVICES. USE IS AT YOUR OWN RISK."
Zoom.docx,9,Autor,ind0,"You agree to indemnify, defend and hold harmless Zoom, its aﬃliates, oﬃcers, directors, employees, consultants, agents, suppliers and Resellers from any and all third party claims, liability, damages and/or costs (including, but not limited to, attorneys’ fees) arising from Your use of the Services, Your violation of this Agreement or the infringement or violation by You or any other user of Your account, of any intellectual property or other right of any person or entity or applicable law"
Zoom.docx,10,Autor,uncle,PERMITTED BY APPLICABLE LAW
Zoom.docx,11,Autor,ltd-1,"IN NO EVENT WILL ZOOM OR ITS AFFILIATES, SUPPLIERS OR RESELLERS BE LIABLE FOR ANY SPECIAL, INCIDENTAL, INDIRECT, EXEMPLARY OR CONSEQUENTIAL DAMAGES WHATSOEVER (INCLUDING, WITHOUT LIMITATION, DAMAGES FOR LOSS OF BUSINESS PROFITS, BUSINESS INTERRUPTION, LOSS OF BUSINESS INFORMATION, OR ANY OTHER PECUNIARY LOSS OR DAMAGE) ARISING OUT OF THE USE OF OR INABILITY TO USE THE SERVICES OR THE PROVISION OF OR FAILURE TO PROVIDE TECHNICAL OR OTHER SUPPORT SERVICES, WHETHER ARISING IN TORT (INCLUDING NEGLIGENCE) CONTRACT OR ANY OTHER LEGAL THEORY, EVEN IF ZOOM, ITS AFFILIATES, SUPPLIERS OR RESELLERS HAVE BEEN ADVISED OF THE POSSIBILITY OF SUCH DAMAGES."
Zoom.docx,12,Autor,ltd_cap-1,"IN ANY CASE, ZOOM’S, ITS AFFILIATES’, SUPPLIERS’ AND RESELLERS’ MAXIMUM CUMULATIVE LIABILITY AND YOUR EXCLUSIVE REMEDY FOR ANY CLAIMS ARISING OUT OF OR RELATED TO THIS AGREEMENT WILL BE LIMITEDTO THE AMOUNT ACTUALLY PAID BY YOU FOR THE SERVICES (IF ANY) IN THE TWELVE (12) MONTHS PRECEDING THE EVENT OR CIRCUMSTANCES GIVINGRISE TO SUCH CLAIM"
Zoom.docx,13,Autor,uncle,"Because some states and jurisdictions do not allow the exclusion or limitation of liability, the above limitation may not apply to You"
Zoom.docx,14,Autor,arb0class0,". If You are located in the United States, You agree to resolve disputes only on an individual basis, through arbitration pursuant to the provisions of Exhibit A. The parties expressly waive any right to bring any action, lawsuit, or proceeding as a class or collective action, private attorney general action, or any other proceeding in which any party acts or proposes to act in a representative capacity"
Zoom.docx,15,Autor,docu2,Zoom’s Privacy Statement
Zoom.docx,16,Autor,c_law-1,"This Agreement shall be governed by and construed under the laws of the State of California, U.S.A., as applied to agreements entered into and to be performed in California by California residents. "
Zoom.docx,17,Autor,c_forum-1,"the Parties consent to the exclusive jurisdiction and venue of the state courts located in and serving Santa Clara County, California and the federal courts in the Northern District of California."
Zoom.docx,18,Autor,inter-1sever0,"If any provision of this Agreement is held by a court of competent jurisdiction to be illegal, invalid or unenforceable, that provision will be amended to achieve as nearly as possible the same economic eﬀect of the original provision and the remainder of this Agreement will remain in full force and eﬀect"
Zoom.docx,19,Autor,contr_chg-1,Zoom may elect to change or supplement the terms of this Agreement from time to time at its sole discretion
Yanosik.docx,0,Autor,what,Poprzez Usługę Yanosik w myśl niniejszego Regulaminu rozumie się umożliwienie Użytkownikom wymiany informacji drogowych w czasie rzeczywistym z innymi Użytkownikami systemu Yanosik za pomocą Terminala.
Yanosik.docx,1,Autor,serv_chg-1,"Neptis może modyﬁkować zakres oferowanych usług bez konieczności zmiany Regulaminu, przy czym zakres ten nie może być węższy niż powyżej"
Yanosik.docx,2,Autor,docu,Załączniku numer 1. do Regulaminu
Yanosik.docx,3,Autor,acc_del0,Neptis ma prawo rozwiązać Umowę i zaprzestać świadczenia Usługi bez obowiązku zwrotu całości lub części opłaty w następujących przypadkach:
Yanosik.docx,4,Autor,ltd0,Neptis nie ponosi odpowiedzialności:
Yanosik.docx,5,Autor,ltd_cap-1,"Odpowiedzialność Neptis dotyczy jedynie szkody rzeczywistej, a nie obejmuje utraconych przez Użytkownika korzyści i ograniczona jest do wysokości poniesionej wpłaty."
Yanosik.docx,6,Autor,com_sys0,Użytkownik jest uprawniony do składania reklamacji w sprawach dotyczących usług.
Yanosik.docx,7,Autor,contr_chg-1,Neptis ma prawo do jednostronnej zmiany Regulaminu. Zmiany Regulaminu wchodzą w życie po upływie 7 dni od daty umieszczenia zmienionego Regulaminu w witrynie WWW o następującym adresie www.Yanosik.pl.
Yanosik.docx,8,Autor,pato,Zmiany Regulaminu nie uprawniają Użytkowników do wypowiedzenia Umowy.
Yanosik.docx,9,Autor,c_law-1,Regulamin oraz Umowy o świadczenie usługi podlegają prawu polskiemu.
Yanosik.docx,10,Autor,c_forum-1,Właściwym do rozstrzygania sporów powstałych na gruncie Regulaminu bądź umów o świadczenie usługi jest sąd powszechny właściwy miejscowo dla siedziby Neptis.
Dropbox.docx,0,Autor,what1,"by providing an intuitive, uniﬁed platform to keep your content safe and accessible while helping you and those you work with stay coordinated and in sync."
Dropbox.docx,1,Autor,docu1,Our Privacy Policy explains how we collect and use your information 
Dropbox.docx,2,Autor,docu2,Acceptable Use Policy outlines your responsibilities when using our Services
Dropbox.docx,3,Autor,what2,"When you use our Services, you provide us with things like your ﬁles, content, messages, contacts, and so on (“Your Stuﬀ”)."
Dropbox.docx,4,Autor,IP1,Your Stuﬀ is yours. These Terms don’t give us any rights to Your Stuﬀ except for the limited rights that enable us to oﬀer the Services.
Dropbox.docx,5,Autor,IP1,"We need your permission to do things like hosting Your Stuﬀ, backing it up, and sharing it when you ask us to."
Dropbox.docx,6,Autor,core1,"Our Services also provide you with features like commenting, sharing, searching, image thumbnails, document previews, optical character recognition (OCR), easy sorting and organization, and personalization to help reduce busywork."
Dropbox.docx,7,Autor,IP1,"To provide these and other features, Dropbox accesses, stores, and scans Your Stuﬀ."
Dropbox.docx,8,Autor,shad_ip1,this permission extends to our aﬀiliates and trusted third parties we work with.
Dropbox.docx,9,Autor,uncle1,"You may use our Services only as permitted by applicable law, including export control laws and regulations"
Dropbox.docx,10,Autor,serv_chg-1,"From time to time, Dropbox will add additional features to enhance the user experience of our storage service at no additional charge. However, these free features may be withdrawn without further notice."
Dropbox.docx,11,Autor,uncle2,"The Services are protected by copyright, trademark, and other US and foreign laws. "
Dropbox.docx,12,Autor,sugg0,"We welcome feedback, but note that we may use comments or suggestions without any obligation to you."
Dropbox.docx,13,Autor,docu3,such notices should be reported using our Copyright Policy.
Dropbox.docx,14,Autor,"cnt_mordr0, cnt_del0",We reserve the right to delete or disable content alleged
Dropbox.docx,15,Autor,acc_del0,terminate accounts of repeat infringers
Dropbox.docx,16,Autor,what3,You can increase your storage space and add paid features to your account (turning your account into a “Paid Account”).
Dropbox.docx,17,Autor,ltd0,Refunds are only issued if required by law.
Dropbox.docx,18,Autor,acc_sus0,"If you don’t pay for your Paid Account on time, we reserve the right to suspend it"
Dropbox.docx,19,Autor,serv_chg1,remove Paid Account features
Dropbox.docx,20,Autor,contr_chg1,"We may change the fees in eﬀect on renewal of your subscription, to reﬂect factors such as changes to our product oﬀerings, changes to our business, or changes in economic conditions. We’ll give you no less than 30 days’ advance notice of these changes via a message to the email address associated with your account and you’ll have the opportunity to cancel your subscription before the new fee comes into eﬀect."
Dropbox.docx,21,Autor,"acc_sus1, acc_del1","We reserve the right to suspend or terminate your access to the Services with notice to you if:you’re in breach of these Terms,your use of the Services would cause a real risk of harm or loss to us or other users, oryou don’t have a Paid Account and haven't accessed our Services for 12 consecutive months.We’ll provide you with reasonable advance notice via the email address associated with your account to remedy the activity that prompted us to contact you and give you the opportunity to export Your Stuﬀ from our Services. If after such notice you fail to take the steps we ask of you, we’ll terminate or suspend your access to the Services."
Dropbox.docx,22,Autor,"acc_del0, acc_sus0","We won’t provide notice or an opportunity to export Your Stuﬀ before termination or suspension of access to the Services where:you’re in material breach of these Terms,doing so would cause us legal liability or compromise our ability to provide the Services to our other users, orwe're prohibited from doing so by law."
Dropbox.docx,23,Autor,uncle3,we're prohibited from doing so by law.
Dropbox.docx,24,Autor,,"If we do so, we’ll give you reasonable prior notice so that you can export Your Stuﬀ from our systems (we will give you no less than 30 days’ notice where possible under the circumstances)."
Dropbox.docx,25,Autor,as_is-1,"TO THE FULLEST EXTENT PERMITTED BY LAW, DROPBOX AND ITS AFFILIATES, SUPPLIERS AND DISTRIBUTORS MAKE NO WARRANTIES, EITHER EXPRESS OR IMPLIED, ABOUT THE SERVICES. THE SERVICES ARE PROVIDED ""AS IS."" WE ALSO DISCLAIM ANY WARRANTIES OF MERCHANTABILITY, FITNESS FOR A PARTICULARPURPOSE, AND NON-INFRINGEMENT."
Dropbox.docx,26,Autor,"uncle4, pato1","Some places don’t allow the disclaimers in this paragraph, so they may not apply to you. "
Dropbox.docx,27,Autor,uncle5,WE DON’T EXCLUDE OR LIMIT OUR LIABILITY TO YOU WHERE IT WOULD BE ILLEGAL TO DO SO
Dropbox.docx,28,Autor,ltd0,THIS INCLUDES ANY LIABILITY FOR DROPBOX’S OR ITS AFFILIATES’ FRAUD OR FRAUDULENT MISREPRESENTATION IN PROVIDING THE SERVICES
Dropbox.docx,29,Autor,uncle6,"IN COUNTRIES WHERE THE FOLLOWING TYPES OF EXCLUSIONS AREN’T ALLOWED, "
Dropbox.docx,30,Autor,ltd0,WE'RE RESPONSIBLE TO YOU ONLY FOR LOSSES AND DAMAGES THAT ARE A REASONABLY FORESEEABLE RESULT OF OUR FAILURE TO USE REASONABLE CARE AND SKILL OR OUR BREACH OF OUR CONTRACT WITH YOU. 
Dropbox.docx,31,Autor,uncle7,THIS PARAGRAPH DOESN’T AFFECT CONSUMER RIGHTS THAT CAN'T BE WAIVED OR LIMITED BY ANY CONTRACT OR AGREEMENT. 
Dropbox.docx,32,Autor,ltd0,"IF YOU ARE AN EU OR UK CONSUMER, THESE TERMS DO NOT EXCLUDE DROPBOX’S LIABILITY FOR LOSSES AND DAMAGES THAT ARE A RESULT OF OUR FAILURE TO USE REASONABLE CARE AND SKILL IN PROVIDING THE SERVICES OR OF OUR BREACH OF OUR CONTRACT WITH YOU, AS LONG AS THOSE LOSSES AND DAMAGES ARE REASONABLY FORESEEABLE."
Dropbox.docx,33,Autor,uncle8,IN COUNTRIES WHERE EXCLUSIONS OR LIMITATIONS OF LIABILITY ARE ALLOWED
Dropbox.docx,34,Autor,ltd0 - because limited to the US,"WON’T BE LIABLE FOR:ANY INDIRECT, SPECIAL, INCIDENTAL, PUNITIVE, EXEMPLARY, OR CONSEQUENTIAL DAMAGES, ORANY LOSS OF USE, DATA, BUSINESS, OR PROFITS, REGARDLESS OF LEGAL THEORY.THESE EXCLUSIONS OR LIMITATIONS WILL APPLY REGARDLESS OF WHETHER OR NOT DROPBOX OR ANY OF ITS AFFILIATES HAS BEEN WARNED OF THE POSSIBILITY OF SUCH DAMAGES."
Dropbox.docx,35,Autor,uncle9,OTHER THAN FOR THE TYPES OF LIABILITY WE CANNOT LIMIT BY LAW (AS DESCRIBED IN THIS SECTION)
Dropbox.docx,36,Autor,ltd_cap-1,WE LIMIT OUR LIABILITY TO YOU TO THE GREATER OF$20 USD OR 100% OF ANY AMOUNT YOU'VE PAID UNDER YOUR CURRENT SERVICE PLAN WITH DROPBOX.
Dropbox.docx,37,Autor,uncle10,THIS PROVISION DOES NOT APPLY TO EU CONSUMERS WHERE PROHIBITED BY APPLICABLE LAW.
Dropbox.docx,38,Autor,com_sys-1,"Before ﬁling a claim against Dropbox, you agree to try to resolve the dispute informally by sending us a written Notice of Dispute at dispute-notice@dropbox.com that includes your name, a detailed description of the dispute, and the relief you seek. We’ll try to resolve the dispute informally by contacting you via email. If a dispute is not resolved within 60 days after submission, you or Dropbox may bring a formal proceeding. If you residein the EU, the European Commission provides for an online dispute resolution platform, which you can access here: https://ec.europa.eu/consumers/odr."
Dropbox.docx,39,Autor,c_forum-1,"You and Dropbox agree that any judicial proceeding to resolve claims relating to these Terms or the Services will be brought in the federal or state courts of San Francisco County, California, subject to the mandatory arbitration provisions below. Both you and Dropbox consent to venue and personal jurisdiction in such courts."
Dropbox.docx,40,Autor,uncle11,"If you reside in a country (for example, a member state of the European Union) with laws that give consumers the right to bring disputes in their local courts, this paragraph doesn’t aﬀect those requirements."
Dropbox.docx,41,Autor,c-forum0,this paragraph doesn’t aﬀect those requirements.
Dropbox.docx,42,Autor,arb0,"You and Dropbox agree to resolve any claims relating to these Terms or the Services through ﬁnal and binding individual arbitration by a single arbitrator, except as set forth under the “Exceptions to Agreement to Arbitrate” below."
Dropbox.docx,43,Autor,pato2,"However, if you agreed to a previous version of these Terms that allowed you to opt out of arbitration, your previous choice to opt out or not opt out remains binding."
Dropbox.docx,44,Autor,c_forum-1,"If the agreement to arbitrate is found not to apply to you or your claim, you agree to the exclusive jurisdiction of the state and federal courts in San Francisco County, California to resolve your claim."
Dropbox.docx,45,Autor,class0,"You may only resolve disputes with us on an individual basis, and may not bring a claim as a plaintiﬀ or a class member in a class, consolidated, or representative action. Class arbitrations, class actions, private attorney general actions, and consolidation with other arbitrations aren’t allowed."
Dropbox.docx,46,Autor,sever0,". If any part of this “Mandatory Arbitration Provisions” section is found to be illegal or unenforceable, the remainder will remain in eﬀect, except that if a ﬁnding of partial illegality or unenforceability would allow class or representative arbitration, this “Mandatory Arbitration Provisions” section will be unenforceable in its entirety."
Dropbox.docx,47,Autor,c_law-1,These Terms will be governed by California law except for its conﬂicts of laws principles
Dropbox.docx,48,Autor,c_law0,This paragraph doesn’t override those laws.
Dropbox.docx,49,Autor,pato3,Dropbox’s failure to enforce a provision is not a waiver of its right to do so later.
Dropbox.docx,50,Autor,tran-1,"You may not assign any of your rights under these Terms, and any such attempt will be void. Dropbox may assign its rights to any of its aﬀiliates or subsidiaries, or to any successor in interest of any business associated with the Services."
Dropbox.docx,51,Autor,"contr_chg0 - service change -1, thus contract change without valid reason","We may revise these Terms from time to time to better reﬂect:changes to the law,new regulatory requirements, orimprovements or enhancements made to our Services."
Tidal.docx,0,Autor,docu,Privacy Policy 
Tidal.docx,1,Autor,contr_chg-1,"TIDAL may, in its discretion, make changes to the Agreement."
Tidal.docx,2,Autor,acc_sus-1acc_del-1disc-1,"TIDAL reserves the right to suspend or remove your account or prohibit your use of the Services, without responsibiliy or liabiliy to you, if we reasonably believe there may have been a breach of securiy on your account or if activities occur on your account that we reasonably believe seriously breach the Agreement."
Tidal.docx,3,Autor,price_chg0,"If the price of the Subscription increases later, we will provide you with written notice before the end of the billing period in which the change is made. If you do not accept the change to your Subscription, you will be entitled to terminate this Agreement."
Tidal.docx,4,Autor,"acc_sus0acc_del0cnt_del0disc-1pato (""has reasonable grounds to believe that you are likely to breach these Terms"")","If TIDAL, in its reasonable discretion, thinks you have breached the Terms, or has reasonable grounds to believe that you are likely to breach these Terms, we may take any action we think is necessary to protect the Services and the Service Content. We may:(a) restrict, suspend, or (in the case of serious breaches) terminate your right to use the Services; (b) remove your User content (as deﬁned below) from the Services; (c) investigate and take legal proceedings against you; or (d) disclose any information to law enforcement authorities we think is necessary or as required by law. These actions are not"
Tidal.docx,5,Autor,IP-1,". By submitting any User content on or through the Services, you grant to TIDAL the right to (and to permit TIDAL’s subcontractors to) store, display, stream, reproduce, promote, publicly perform, create and use derivative works of, distribute and otherwise exploit the User content on or through the Services via any and all devices known or devised in the future. "
Tidal.docx,6,Autor,cnt_del-1cnt_mod0,"We may reject, refuse to post or delete any User content for any or no reason, including User content that we consider breaches this Agreement or which may be oﬀensive, illegal or breach the rights of any third pary, or harm or threaten the safey of any third pary. We are under no obligation to you or any other person to oversee, monitor or moderate User content. We may at our option, moderate and review User content to ensure that it complies with these Terms. If we do opt to monitor the Services, we assume no responsibiliy or liabiliy to you for any User content available on the Services."
Tidal.docx,7,Autor,disc-1,in TIDAL’s reasonable opinion
Tidal.docx,8,Autor,patosugg0,"You grant TIDAL an unrestricted, irrevocable, royaly-free license to copy, distribute, and modify any such documents or other materials that you send TIDAL, and to use for any purpose any ideas, trade secrets, know-how or other conﬁdential or proprietary information disclosed in those documents or other materials, and that all of the representations and promises you make pursuant to this Agreement with respect to User content apply equally with respect to any other documents or materials that you send to TIDAL that do not constitute User content"
Tidal.docx,9,Autor,acc_del0disc-1,"If you fail to make payment or materially breach any provision of the Agreement, and such breach is not caused by circumstances on the part of TIDAL, TIDAL may, taking the interest of the user in account, deny further access to the Services."
Tidal.docx,10,Autor,uncle,NOTHING IN THESE TERMS SHALL EXCLUDE OR LIMIT ANY WARRANTIES THAT MAY NOT BE EXCLUDED OR LIMITED UNDER APPLICABLE LAW. TO THE EXTENT PERMITTED BY LAW
Tidal.docx,11,Autor,ltd-1,"WE EXCLUDE ALL OTHER CONDITIONS, WARRANTIES, REPRESENTATIONS OR OTHER TERMS WHICH MAY APPLY TO THE SERVICES OR ANY CONTENT ON THE SERVICES, WHETHER EXPRESS OR IMPLIED. IN PARTICULAR, WE DISCLAIM ALL WARRANTIES OR CONDITIONS OF FITNESS FOR A PARTICULAR PURPOSE OR NON-INFRINGEMENT. WE WILL NOT BE LIABLE FOR ANY LOSS OR DAMAGE CAUSED BY A VIRUS, DISTRIBUTED DENIAL-OF-SERVICE ATTACK, OR OTHER TECHNOLOGICALLY HARMFUL MATERIAL THAT MAY INFECT YOUR COMPUTER EQUIPMENT, COMPUTER PROGRAMS, DATA OR OTHER PROPRIETARY MATERIAL DUE TO YOUR USE OF THE SERVICES OR TO YOUR DOWNLOADING OF ANY CONTENT ON IT, OR ON ANY WEBSITE LINKED TO IT. WE WILL NOT BE LIABLE TO YOU FOR ANY LACK OF PERFORMANCE, OR THE UNAVAILABILITY OR FAILURE OF THE SERVICES, OR FOR ANY FAILURE BY US TO COMPLY WITH THESE TERMS, WHERE SUCH LACK, UNAVAILABILITY OR FAILURE ARISES FROM ANY CAUSE REASONABLY BEYOND OUR CONTROL."
Tidal.docx,12,Autor,ltd_cap-1,ANY LIABILITY WE DO HAVE FOR LOSSES YOU SUFFER IS STRICTLY LIMITED TO THE PURCHASE PRICE YOU PAID AND WE ARE NOT RESPONSIBLE FOR ANY LOSS OR DAMAGE THAT IS NOT FORESEEABLE AT THE TIME WHEN YOU BEGIN USING THE SERVICE.
Tidal.docx,13,Autor,uncle,ANY OTHER LIABILITY THAT CANNOT BE EXCLUDED BY LAW
Tidal.docx,14,Autor,ind0,"To the fullest extent permitted by applicable law, you agree to defend, indemnify, and hold TIDAL and its aﬃliated entities, and each of their present, former and future parents, predecessors, successors, assignees, subsidiaries, owners, oﬃcers and directors (whether acting in such capaciy or individually), agents and attorneys harmless from and"
Tidal.docx,15,Autor,acc_sus0acc_del0,"We may terminate this Agreement and close your account, or suspend your access to the Services, at any time without notice and without responsibiliy or liabiliy to you, in the event of your actual or suspected unauthorized use or misuse of the Services and/or Service Content, or serious breach of the Agreement"
Tidal.docx,16,Autor,acc_del0,We may terminate this Agreement and close your account at any time on reasonable notice to you if we cease to provide the Services.
Tidal.docx,17,Autor,c_law-1,"These Terms are governed by, and construed in accordance with, the laws of the State of New York without giving eﬀect to principles of conﬂicts of law "
Tidal.docx,18,Autor,c_forum1,"the courts of England and Wales shall have non-exclusive jurisdiction to resolve any claims, disputes or disagreements relating to these Terms."
Tidal.docx,19,Autor,sever0,". If any provision of this Agreement is found to be invalid by any court having competent jurisdiction, the invalidiy of such provision shall not aﬀect the validiy of any other provision of the Agreement, which shall remain in full force and eﬀect unless such deletion materially frustrates the intent of the parties, in which case this Agreement will terminate"
Krakowskie Smaki.docx,0,Autor,what1,"The aim of portal KrakowskieSmaki.pl is to receive customer orders for dishes offered by restaurants which cooperate with the portal KrakowskieSmaki.pl. Their offer is posted on the given portal and the orders from the customers are sent to the cooperating restaurants. Afterwards, the restaurants prepare the dishes and then they are delivered to the customers by KrakowskieSmaki.pl."
Krakowskie Smaki.docx,1,Autor,what2,"The purpose of KrakowskieSmaki.pl is to provide a simple and convenient service to you, showing you the offer of the partner restaurants and menu of their choice and allowing you to order meals from them.KrakowskieSmaki.pl markets meals on behalf of the partner restaurants, concludes orders on their behalf and delivers the meals to you. "
Krakowskie Smaki.docx,2,Autor,core1,We will do our best to ensure that the order is delivered by the time speciﬁed in the email and webpage
Krakowskie Smaki.docx,3,Autor,acc_sus-1 (?),The administrator of KrakowskieSmaki.pl reserves the right to block the possibility of placing orders for a particular user - this is particularly true of the user who had not received the order made by himself/herself.
Krakowskie Smaki.docx,4,Autor,pato1disc-1,KrakowskieSmaki.pl and partner restaurants reserve the right to refuse the order because of their own important reasons. The information about a possible refusal will take place by telephone or will be displayed in the message KrakowskieSmaki.pl.
Krakowskie Smaki.docx,5,Autor,contr_chg-1serv_chg-1,KrakowskieSmaki.pl may at any time make changes to the terms and conditions and run the new version of services.
Krakowskie Smaki.docx,6,Autor,c_forum-1,"The Polish courts will have jurisdiction over any claim arising from, or related to, a visit to KrakowskieSmaki.pl or use of our services."
Krakowskie Smaki.docx,7,Autor,c_law-1,These terms of use and any dispute or claim arising out of or in connection with them or their subject matter or formation (including non-contractual disputes or claims) shall be governed by and construed in accordance with the Polish law.
Krakowskie Smaki.docx,8,Autor,sever0,"If any of the resolutions hereof shall be deemed a ﬁnal ruling of the court to be invalid, the remainingprovisions shall remain in force."
LetyShops.docx,0,Autor,docu1,the terms of use of the LetyShops.com website
LetyShops.docx,1,Autor,docu2,policy for processing your personal data set out in this document
LetyShops.docx,2,Autor,what1,"The LetyShops Service is an Internet service that allows its Customers to reclaim some of their money spent on purchases made on the Advertisers’ websites after using the LetyShops.com website (this money is hereinafter referred to as the Cashback), as well as to receive informational and advertising notifications about discounts, promos, and special offers of the Service and Advertisers (the Advertiser is any person or business entity that has placed information about its products or services offered for sale to Customers on the LetyShops.com website)."
LetyShops.docx,4,Autor,disc-1,"After receiving the Commission, LetyShops credits the cashback to the Customer at the rate specified on the Advertiser’s page hosted by the LetyShops website within a reasonable time, determined at the discretion of LetyShops."
LetyShops.docx,3,Autor,what2,"In order for the cashback to be credited to You, You need to go to the chosen Advertiser’s website using the LetyShops link and make a purchase there, in compliance with the terms indicated on the LetyShops website, as well as on the website (web page) of the respective Advertiser. If the purchase is made in compliance with all the above terms, as well as the other necessary conditions stipulated by this Agreement, and no return of the product (or refusal of the service) was made, the Advertiser pays, either personally or through the affiliated network used, to the Company or any of its affiliated persons a commission: a pre-agreed cash reward that the Advertiser pays for an attracted buyer who has made an order in accordance with the terms of this Agreement (hereinafter referred to as the Commission). After receiving the Commission, LetyShops credits the cashback to the Customer at the rate specified on the Advertiser’s page hosted by the LetyShops website within a reasonable time, determined at the discretion of LetyShops. This process takes an average of thirty days (for the avoidance of doubt, the estimated period is given only for information purposes and does not bind LetyShops in any way)."
LetyShops.docx,5,Autor,ltd0,"If the Advertiser does not provide information about the purchases made by the Customer, or LetyShops does not receive the Commission, LetyShops, in turn, is entitled not to credit the cashback to the Customer until it obtains this information or the Commission, and is not liable to the Customer for the non-credited cashback in this case."
LetyShops.docx,6,Autor,uncle1,in full compliance with the legislation of the state of citizenship of the relevant Customer
LetyShops.docx,7,Autor,acc_del0,"otherwise, LetyShops reserves the right to block and delete duplicate accounts"
LetyShops.docx,8,Autor,ltd0,"In any event, LetyShops is not liable for any damage caused to the Customer in connexion with these circumstances"
LetyShops.docx,9,Autor,acc_del1,"Should a Customer of the LetyShops Service violate the terms of this Agreement, the rights of third parties, or pose a threat to the operation of the Service, LetyShops reserves the right to block the account of the Customer, subsequently delete it, and terminate the Agreement with the Customer unilaterally, under an extrajudicial procedure, through notification to the email address specified by the Customer when registering with the Service or when subsequently using it."
LetyShops.docx,10,Autor,serv_chg-1contr_chg-1,"LetyShops is entitled to make functional changes to the Service operation, change the rules of the cashback crediting, as well as supplement and modify this Agreement."
LetyShops.docx,11,Autor,ltd0,"The reasons could be computer malware or additional extensions installed in the browser. In such cases, LetyShops will not be responsible for the non-crediting of the cashback."
LetyShops.docx,12,Autor,ltd0,"The Company is not liable for the inability to receive cashback in currencies other than those specified on the site. The Company is not liable and does not compensate any additional expenses, incl. conversion rates that could be charged when withdrawing a cashback to the account opened in a currency other than selected on the site."
LetyShops.docx,13,Autor,what3,LetyShops cashback service offers our clients the opportunity to get a reward for attracting new users to LetyShops
LetyShops.docx,14,Autor,acc_del0,"If a fake referral network is detected, all its users will be blocked without the possibility of further withdrawal of the cashback and the restoration of their accounts."
LetyShops.docx,15,Autor,acc_del0,"The violation by the Customer of any provisions of paragraphs 4.1.3(a) – 4.1.3(e) entails the blocking of the Customer without the possibility of withdrawing funds and the termination of the Agreement by LetyShops unilaterally, under an extrajudicial procedure."
LetyShops.docx,16,Autor,docu4,"Current terms of the loyalty programme, including necessary terms and conditions, are specified on the user’s Personal cabinet page at https://letyshops.com/user."
LetyShops.docx,17,Autor,contr_chg-1,LetyShops reserves the right to unilaterally change the terms of the Premium account operation or terminate its operation at any time while notifying its Customers thereof.
LetyShops.docx,18,Autor,contr_chg-1,LetyShops reserves the right to unilaterally change the withdrawal conditions at any time while notifying its Customers.
LetyShops.docx,19,Autor,what4,LetyShops does not sell any products or services but is an advertising platform for Advertisers to place information about their products or services.
LetyShops.docx,20,Autor,ltd0,LetyShops will not be responsible for the quality of the products or services provided by the Advertisers. 
LetyShops.docx,21,Autor,ltd0,"LetyShops is not liable for any modification or termination of the activity of the Advertisers, presented on the LetyShops website, as well as for any influence they may have on the cashback accrual in connexion with such changes. LetyShops is not liable for any change to or termination of any special offers, promotional codes, and coupons on the Advertisers’ websites."
LetyShops.docx,22,Autor,ltd0,LetyShops is not liable for the quality of the channels of public communication networks through which access is provided to the LetyShops Service or the Advertiser’s website (services).
LetyShops.docx,24,Autor,uncle2,in accordance with the applicable law
LetyShops.docx,23,Autor,ltd-1,"  LetyShops is responsible for the non-fulfilment or improper fulfilment of the obligations assumed to credit the cashback in accordance with the applicable law, the liability of LetyShops being limited to the amount of actual damage to the Customer caused by its deliberate actions."
LetyShops.docx,25,Autor,acc_sus1acc_del1,"LetyShops reserves the right to block or delete the account of the Customer if it has not been used to make purchases for 1 (one) year from the date of making the last purchase through the LetyShops website or from the moment of registration (whichever is the more recent). The Customer will receive notification of the potential deletion of his/her account by email as well as in the personal account of the Customer. In case of deletion, all cashback accumulated in the Customer’s internal account is cancelled"
LetyShops.docx,26,Autor,tran-1,LetyShops reserves the right to transfer its rights and obligations under this Agreement in full or in part to any individual or legal entity without the need to obtain the Customer’s consent to this transfer.
LetyShops.docx,27,Autor,pato1,"LetyShops reserves the right to reject unilaterally, at its sole discretion, cashback crediting "
LetyShops.docx,28,Autor,acc_del0acc_sus0,to suspend or completely terminate the access of any Customer to the Service’s services if the Customer has breached the terms of this Agreement.
LetyShops.docx,29,Autor,acc_del0acc_sus0,Any attempt at fraud or deceit on the part of the Customer entails the blocking or deletion of his/her account.
LetyShops.docx,30,Autor,ltd0,"In the event of such occurrences, LetyShops will not be liable for cashback non-crediting and other non-performance or improper performance of its obligations under the Agreement. LetyShops reserves the right to suspend the Service and its components until the threats or errors are eliminated. "
LetyShops.docx,31,Autor,core1,LetyShops will take all reasonable efforts to eliminate the operative bugs within a reasonable time.
LetyShops.docx,32,Autor,c_law-1,This Agreement and LetyShops’ relationship with the Customers of the Service in connexion with this Agreement is governed by the law of Hungary
LetyShops.docx,33,Autor,uncle3,to the extent permitted by national conflict-of-law rules applicable to the parties of this Agreement
DingTalk.docx,0,Autor,Contr_chg-1,"In accordance with the terms of this Agreement, we have the right to from time to time amend the Agreement. "
DingTalk.docx,1,Autor,docu,DingTalk Privacy Policy
DingTalk.docx,2,Autor,contr_chg-1,DingTalk may impose such further terms and conditions and make such amendments to the Agreement as DingTalk in its sole and absolute discretion deems ﬁt from time to time
DingTalk.docx,3,Autor,uncle,maximum extent permitted under applicable law
DingTalk.docx,4,Autor,uncle,Unless otherwise required by applicable laws 
DingTalk.docx,5,Autor,acc_del0,"You understand and agree that if you fail to log in to the Application for 12 consecutive months after registration of the Account, DingTalk has the right to terminate your Account and it shall not be liable for any Losses resulting therefor"
DingTalk.docx,6,Autor,cnt_retr-1,"DingTalk has the right to permanently delete all Content, data and information associated with the Account, including but not limited to deletion of the same, and shall not be liable to you for any Losses resulting therefrom, nor shall DingTalk be obliged to retrieve such data or information for you. "
DingTalk.docx,7,Autor,pato,"adding other Users as friends, inducing other Users to add you as their friend or otherwise befriending other Users (including but not limited to forming unilateral and bilateral friend relations, the same below) for purposes beyond the ordinary communications, whether internal or external, between friends or Users (including but not limited to sending advertisements, spam, harassing information or information violating laws and regulations); andsending a large amount of information to your friends or other Users through the Services."
DingTalk.docx,8,Autor,cnt_del-1acc_sus-1acc_del-1,"DingTalk has the right to monitor, review and supervise your use of the Services and take corresponding actions, including but not limited to deleting information, suspending or terminating the Services, and reporting your actions to the relevant authorities."
DingTalk.docx,9,Autor,uncle,To the maximum extent permitted under applicable law
DingTalk.docx,10,Autor,ind0,and shall indemnify DingTalk for all Losses resulting therefro
DingTalk.docx,11,Autor,ind0,You shall indemnify DingTalk for all Losses incurred by it arising from or in connection with such acts.
DingTalk.docx,12,Autor,acc_sus0acc_del0cnt_del0cnt_mod0,"If DingTalk discovers or receives reports from others that you have breached the Agreement, DingTalk may in its sole and absolute discretion delete and/or block any Content you have made available on your Account at any time without any notice, and take any further measures as it may see ﬁt, including without limitation to its rights and remedies at law, suspending, terminating or repossessing your Account, restricting, suspending or terminating your use of all or part of the Services."
DingTalk.docx,13,Autor,patoprice_chg0,"You shall pay to DingTalk all fees imposed by the DingTalk from time to time in its sole and absolute discretion in respect of Services rendered to you provided that details of the charges are made known to you in writing or in any other manner DingTalk may determine. Such fees shall take effect from the date stated in such notice. If you disagree with such fees, you shall immediately cease all your use of the Services, otherwise if you proceed to use the Services you shall be deemed to have agreed to bear the said fees."
DingTalk.docx,14,Autor,pato,"You agree that all fees shall be due and payable by you at the times and in the manner speciﬁed by DingTalk from time to time in its sole and absolute discretion and via payment methods that are acceptable to DingTalk. All taxes, charges and other additional costs imposed in connection with such fees shall be borne by you."
DingTalk.docx,15,Autor,patoacc_sus-1acc_del-1ltd-1Complete lack of vberification requirement,"Where DingTalk’s afﬁliates and/or business partners notify DingTalk that you are in breach of your obligations or undertakings to such afﬁliates and/or business partners, DingTalk has the right to immediately take enforcement or other actions against you and/or your Account, including but not limited to suspension or termination of the provision of your Account or to your access to the Services or any part thereof, and to announce your breach via the Application or the Services. You understand and agree that DingTalk is not required to verify any such notiﬁcation with you or obtain your further consent to such actions, and DingTalk shall not be liable to you for such measures."
DingTalk.docx,16,Autor,Acc_del-1,"You agree that DingTalk has the right to suspend, terminate or procure the suspension or termination of the Services or Third Party Services or any portion thereof at any time for any reason whatsoever, without notice to you."
DingTalk.docx,17,Autor,Acc_del-1,DingTalk may immediately suspend or terminate the provision of the Services or Third Party Services to the User and request the User to make compensation for Losses if:the User breaches the obligation of registration as provided in Clause 5;the User fails to pay the corresponding service fees for the use of paid network services; orthe User violates the provisions of Clause 6 in respect of the use of Services.
DingTalk.docx,18,Autor,Serv_chg-1,"DingTalk has the right to determine at its discretion the maximum storage period of your data in the Application and the Services the amount of maximum storage space to allocate to the same. You shall keep your devices, Account, password, relevant information and Content safe. DingTalk will not be held liable for any lost or stolen data."
DingTalk.docx,19,Autor,IP1,"You hereby grant to DingTalk a worldwide, non-exclusive, limited term licence of the Intellectual Property Rights in such User Content to access, use, store, reproduce, communicate to the public, export and display the User Content, only as reasonably necessary (a) to provide, maintain and update the Services; (b) to prevent or address service, security, support or technical issues; (c) as required by law or as permitted by the DingTalk Data Policy; and (d) as expressly permitted in writing by You"
DingTalk.docx,20,Autor,Cnt_del0,"We will duly consider all Infringement Notices submitted in the above manner. In return, you agree that you shall not take any legal action or exercise any legal remedy you may have against us in respect of any such Infringing Material, unless you have ﬁrst given us the Infringement Notice and sufﬁcient opportunity to remove the Infringing Material, and thereafter we refuse or fail to remove the Infringing Material within a reasonable time. Where we remove the Infringing Material in response to your Infringement Notice, you agree not to exercise and you hereby waive, any right of action against us under applicable law which you may have in respect of any Infringing Material appearing on the Platform prior to such removal by us"
DingTalk.docx,21,Autor,As_is-1,"The Services are provided on an “as is” and “as available” basis. No warranty of any kind, implied, express or statutory, including but not limited to any warranties of title, non-infringement of third party rights, merchantability, satisfactory quality, ﬁtness for a particular purpose and freedom from computer virusor other malicious, destructive or corrupting code, agent, program or macros, is given in conjunction with the Services or any information, products and materials provided through the Services."
DingTalk.docx,22,Autor,Ltd-1,"DingTalk shall in no event nor for any reason whatsoever be liable, even if DingTalk has been advised of the possibility of such Loss, for any Loss, including direct, indirect, special, or consequential damage, or economic loss, arising from or in connection with:any access, use or the inability to access or use the Services or Third Party Services, including in connection with any maintenance, breakdown, fault or non-availability of any part of the Service;your use or misuse of the Servicesor Third Party Services;any defect, error, imperfection, fault, mistake or inaccuracy with the Servicesor Third Party Services, its contents or associated services;errors or omissions in the Content (including User Content);the use of, access to, or denial of access to Content (including User Content);any system, server or connection failure, error, omission, interruption, delay in transmission, undeliverable messages, problem with your computer (or such other access or electronic device including but not limited to cellular telephones, smart phones and personal digital assistants), computer virus or other malicious, destructive or corrupting code, agent program or macros;fees incurred by purchasing or obtaining any product, sample, data or information, or by conducting transaction through the Servicesor Third Party Services, or by other alternative acts;unauthorized storage, modiﬁcation or transmission of data;any services, products, information, data, software or other material obtained through the Services or Third Party Services, or through the use of the Servicesor Third Party Services or reliance on the Services or Third Party Services or the contents thereof;representation or act conducted by a third party through the Servicesor Third Party Services; ordamages caused by other matters relating to the Servicesor Third Party Services, including negligence."
DingTalk.docx,23,Autor,Ltd_cap,"The exclusions in this Clause 15 and the other provisions of the Agreement shall take effect to the fullest extent permitted by law. If for any reason DingTalk’s liability may not be so excluded, to the maximum extent permitted under law, the maximum aggregate liability of DingTalk in connection with your use or inability to use the Services and/or otherwise in connection with the Agreement or any breach thereof shall not exceed USD100."
DingTalk.docx,24,Autor,Ind0,You shall indemnify and hold harmless and keep DingTalk indemniﬁed in full against all and any Loss howsoever arising which may be brought against or suffered or incurred by DingTalk arising from or which is directly or indirectly related to:
DingTalk.docx,25,Autor,Cnt_del0Acc_sus0Acc_del0,"DingTalk discovers or receives reports from others that you have breached the Agreement, DingTalk shall without prejudice to its rights and remedies at law, have the right to delete and/or block your User Content at any time without any notice, and take such further measures as DingTalk deems appropriate in its sole and absolute discretion including without limitation restricting, suspending or terminating your use of your Account and Services, restricting, suspending or terminating your use of all or part of the Services (including but not limited to terminating your relationship with the relevant DingTalk Group and/or Members, deleting your contact list and restricting the addition of new Members to the relevant DingTalk Group, message delivery or addition of new friends), and holding you legally liable thereto."
DingTalk.docx,26,Autor,C_law-1,The Agreement and use of the Services shall be governed by and construed in accordance with Singapore law
DingTalk.docx,27,Autor,Arb-1,"Any dispute arising out of or in connection with this contract, including any question regarding its existence, validity or termination, shall be referred to and ﬁnally resolved by arbitration administered by the Singapore International Arbitration Centre (“SIAC”) in accordance with the Arbitration Rules of the Singapore International Arbitration Centre (""SIAC Rules"") for the time being in force, which rules are deemed to be incorporated by reference in this clause. "
DingTalk.docx,28,Autor,Sever0,"If any provision hereof is deemed invalid or unenforceable, such provision may be severed and the remaining provisions shall remain legally effective."
DingTalk.docx,29,Autor,Tran-1,You understand and consent that DingTalk may in its sole and absolute discretion transfer all of its rights and obligations herein to any third party.
GG.docx,2,Autor,what,"The provision of electronic services by Fintecom consists in providing you with certain functionalities of the Platform (in some cases together with the software necessary to use them) that have certain characteristics (hereinafter: the “Functionalities”) by sending and receiving data through teleinformation systems, at your request, without the simultaneousphysical presence of the parties, whereby the data is transmitted through public networks (hereinafter: the “Service”)."
GG.docx,3,Autor,docu,Terms of the paid provision of the Service
GG.docx,5,Autor,what2,"The Functionalities are in particular:sending text messages,sending graphical messages,sending graphical text messages,sending compressed multimedia messages,archiving the messages sent;making available the space in the resources of the Fintecom teleinformation system (hosting) to store the data (files) and to synchronize them between the teleinformation system and users’ devices,sharing the data (files) entered into the system with other Users,providing the possibility to use the applications extending the Functionalities, made available by Fintecom and third parties.On the Platform, Fintecom provides information, instructions and explanations regarding the Service or Functionalities, either in a distinguished form (among others graphic fields, pop- ups etc.) or by referring to instruction manuals, when you perform certain actions using the tools or the software made available by Fintecom as part of the Service."
GG.docx,7,Autor,docu,data entry and retention policy 
GG.docx,8,Autor,acc_sus0acc_del0,"Fintecom may permanently or temporarily cease to provide the Service or Functionality to you if:you violate the law, the Terms, rights of Fintecom or third parties, good manners, generally applicable rules of using the Internet or there is a reasonable suspicion that you did so (temporarily, until clarification is obtained);you refuse to consent to the change of the Terms of Use in time specified in Article 2(1) in the Section VIII of the Terms of Use."
GG.docx,9,Autor,acc_sus0acc_del0cnt_mod0,"Permanent or temporary cessation of the Service provision may occur, inter Alia, as a result of the following breaches:"
GG.docx,10,Autor,cnt_retr0,"Permanent cessation of the Service provision means an immediate termination of the agreement and is irreversible. Permanent cessation of the Service provision may also cause deletion of all the data that you entered into the Fintecom teleinformation system, unless:"
GG.docx,11,Autor,uncle,the law provides otherwise
GG.docx,13,Autor,acc_del0,The agreement on the provision of the Service is terminated:
GG.docx,14,Autor,acc_del1,The Service Agreement may be terminated by Fintecom if not used (understood as not logging in to the Service) continuously for the period of:
GG.docx,15,Autor,retr-1,Termination of the agreement on the provision of the Service may cause the deletion of allyour data from the Fintecom teleinformation system
GG.docx,16,Autor,uncle,the law provides otherwise
GG.docx,17,Autor,docu (1),Privacy Policy.
GG.docx,19,Autor,ltd0,Fintecom is liable to the Users for failure to perform or an improper performance of the Service to the extent pursuant to the Terms
GG.docx,20,Autor,uncle,The Terms shall be applied taking into account the rights of Users resulting from consumer laws.
GG.docx,22,Autor,docu,"License agreement for the use of the software made available by Fintecom for the purpose of providing the Service constitutes a part of the Terms, as an appendix"
GG.docx,25,Autor,contr_chg-1,Each change of the Terms will be effective:
GG.docx,26,Autor,c_law-1,"For assessing rights and obligations under the Terms, Polish law shall be applicable"
Supercell.docx,0,Autor,docu1,Privacy Policy 
Supercell.docx,1,Autor,arb0,"IMPORTANT NOTICE: For U.S. and Canadian residents, you also agree that disputes with Supercell must be resolved on an individual basis through ﬁnal and binding arbitration as described in Section 8 (“Dispute Resolution”)."
Supercell.docx,2,Autor,contr_chg-1,"Supercell reserves the right, at its discretion, to change, modify, add or remove portions of these Terms of Service, its Privacy Policy and other relevant Supercell policies at any time by posting the amended terms on the Service. "
Supercell.docx,3,Autor,pato,"Supercell reserves the right to remove or reclaim any usernames at any time and for any reason, including but not limited to claims by a third party that a username violates the third party's rights."
Supercell.docx,4,Autor,disc-1,Supercell reserves the right to determine what conduct it considers to be in violation of the rules of use or otherwise outside the intent or spirit of these Terms of Service or the Service itself.
Supercell.docx,5,Autor,acc_del0(acc_sus0?),"Supercell reserves the right to take action as a result, which may include terminating your Account and prohibiting you from using the Service in whole or in part."
Supercell.docx,6,Autor,acc_sus0acc_del0,"WITHOUT LIMITING ANY OTHER REMEDIES, SUPERCELL MAY LIMIT, SUSPEND, TERMINATE, MODIFY, OR DELETE ACCOUNTS OR ACCESS TO THE SERVICE OR PORTIONS THEREOF WITH OR WITHOUT NOTICE TO YOU (i) IF YOU ARE, OR SUPERCELL SUSPECTS THAT YOU ARE, FAILING TO COMPLY WITH THESE TERMS OF SERVICE; OR (ii) FOR ANY ACTUAL OR SUSPECTED ILLEGAL OR IMPROPER USE OF THE SERVICE. YOU CAN LOSE YOUR USER NAME AND PERSONA IN THE SERVICE AS A RESULT OF ACCOUNT TERMINATION OR LIMITATION, AS WELL AS ANY BENEFITS, PRIVILEGES, EARNED VIRTUAL ITEMS AND PURCHASED VIRTUAL ITEMS ASSOCIATED WITH YOUR USE OF THE SERVICE, AND SUPERCELL IS UNDER NO OBLIGATION TO COMPENSATE YOU FOR ANY SUCH LOSSES OR RESULTS."
Supercell.docx,7,Autor,acc_sus0acc_del0serv_chg-1disc-1,"WITHOUT LIMITING OUR OTHER REMEDIES, WE MAY LIMIT, SUSPEND OR TERMINATE THE SERVICE AND ACCOUNTS OR PORTIONS THEREOF, PROHIBIT ACCESS TO OUR GAMES AND SITES, AND THEIR CONTENT, SERVICES AND TOOLS, DELAY OR REMOVE HOSTED CONTENT, AND TAKE TECHNICAL AND LEGAL STEPS TO PREVENT USERS FROM ACCESSING THE SERVICE IF WE BELIEVE THAT THEY ARE CREATING RISK OR POSSIBLE LEGAL LIABILITIES, INFRINGING THE INTELLECTUAL PROPERTY RIGHTS OF THIRD PARTIES, OR ACTING INCONSISTENTLY WITH THE LETTER OR SPIRIT OF OUR TERMS OR POLICIES. ADDITIONALLY, WE MAY, IN APPROPRIATE CIRCUMSTANCES AND AT OUR SOLE DISCRETION, SUSPEND OR TERMINATE ACCOUNTS OF USERS WHO MAY BE REPEAT INFRINGERS OF THIRD-PARTY INTELLECTUAL PROPERTY RIGHTS."
Supercell.docx,8,Autor,acc_del1,SUPERCELL RESERVES THE RIGHT TO TERMINATE ANY ACCOUNT THAT HAS BEEN INACTIVE FOR 180 DAYS.
Supercell.docx,9,Autor,serv_chg-1,"Supercell reserves the right to stop offering and/or supporting the Service or a particular game or part of the Service at any time, at which point your right to use the Service or a part thereof will be automatically terminated. In such event, Supercell shall not be required to provide refunds, beneﬁts or other compensationto users in connection with such discontinued Service"
Supercell.docx,10,Autor,virtu,"Supercell owns, has licensed, or otherwise has rights to use all of the content that appears in the Service or in Supercell games. Notwithstanding any provision to the contrary herein, you agree that you have no right or title in or to any content that appears in the Service, including without limitation the virtual items, content, features, goods, services or currency appearing or originating in any Supercell game, whether earned in a game or purchased from Supercell, or any other attributes associated with an Account or stored on the Service."
Supercell.docx,11,Autor,disc-1,"At our discretion,"
Supercell.docx,12,Autor,pato,"By entering into these Terms of Service, you hereby provide your irrevocable consent to such monitoring and recording. You acknowledge and agree that you have no expectation of privacy concerning the transmission of any User Content, including without limitation chat text or voice communications."
Supercell.docx,13,Autor,"cnt_del-1cnt_mod0disc-1pato: you can invigilate, but you are not responsible for it?","Supercell reserves the right in its sole discretion to review, monitor, prohibit, edit, delete, disable access to or otherwise make unavailable any User Content (including without limitation your User Content) without notice for any reason or for no reason at any time. If at any time Supercell chooses, in its sole discretion, to monitor the Service, Supercell nonetheless assumes no responsibility for User Content and assumes no obligation to modify or remove any inappropriate User Content. We have the right, but not the obligation, in our sole discretion to edit, refuse to post, or remove any User Content."
Supercell.docx,14,Autor,IP-1,"You hereby grant to Supercell an irrevocable, perpetual, transferable, fully paid-up, royalty-free, worldwide license (including the right to sublicense and assign to third party) and right to copy, reproduce, ﬁx, adapt, modify, create derivative works from, manufacture, commercialize, publish, distribute, sell, license, sublicense, transfer, lease, transmit, publicly display, publicly perform, or provide access to electronically, broadcast, communicate to the public by telecommunication, display, perform, enter into computer memory, and use and practice, in any way, your User Content as well as all modiﬁed and derivative works thereof in connection with our provision of the Service, including marketing and promotions of the Service. You also hereby grant to Supercell the right to authorize others to exercise any of the rights granted to Supercell under these Terms of Service. You further hereby grant to Supercell the unconditional, irrevocable right to use and exploit your name, likeness and any other information or material included in any User Content and in connection with any User Content, without any obligation to you."
Supercell.docx,15,Autor,uncle,Except as prohibited by law
Supercell.docx,16,Autor,shad_ip,"Except as prohibited by law, you waive any rights of attribution and/or any moral rights you may have in your User Content, regardless of whether your User Content is altered or changed in any manner. Supercell does not claim any ownership rights in your User Content and nothing in these Terms of Service is intended to restrict any rights that you may have to use and exploit your User Content. Supercell has no obligation to monitor or enforce your intellectual property rights in or to your User Content."
Supercell.docx,17,Autor,virtu2,"In the Service you may purchase, with ""real world"" money, a limited, personal, non-transferable, non- sublicensable, revocable right to use (a) virtual currency, including but not limited to virtual cash or diamonds, all for use in Supercell games; (b) virtual in-game items, content or features; and (c) other goods or services (points a – c are jointly referred to as ""Virtual Items""). You are only allowed to purchase Virtual Items from us or our authorised partners through the Service, and not in any other way.Supercell may manage, regulate, control, modify or eliminate Virtual Items at any time, with or without notice. Supercell shall have no liability to you or any third party in the event that Supercell exercises any such rights.The transfer of Virtual Items is prohibited except where expressly authorized in the Service. Other than as expressly authorized in the Service, you shall not sell, purchase, redeem or otherwise transfer Virtual Items to any person or entity or attempt any of the aforesaid, including but not limited to Supercell, another user or any third party.ALL PURCHASES AND REDEMPTIONS OF VIRTUAL ITEMS MADE THROUGH THE SERVICE ARE FINAL AND NON-REFUNDABLE.The provision of Virtual Items for use in Supercell games is a service provided by Supercell that commences immediately upon acceptance by Supercell of your purchase."
Supercell.docx,18,Autor,as_is-1,"WITHOUT LIMITING SUPERCELL'S LIABILITY UNDER SECTION 7 BELOW, THE SERVICE IS PROVIDED ON AN ""AS IS"" AND ""AS AVAILABLE"" BASIS FOR YOUR USE, WITHOUT WARRANTIES OF ANY KIND, EXPRESS OR IMPLIED, INCLUDING WITHOUT LIMITATION THEWARRANTIES OF MERCHANTABILITY, FITNESS FOR A PARTICULAR PURPOSE, TITLE, NON- INFRINGEMENT, AND THOSE ARISING FROM COURSE OF DEALING OR USAGE OF TRADE. SUPERCELL DOES NOT WARRANT THAT YOU WILL BE ABLE TO ACCESS OR USE THE SERVICE AT THE TIMES OR LOCATIONS OF YOUR CHOOSING; THAT THE SERVICE WILL BE UNINTERRUPTED OR ERROR-FREE; THAT DEFECTS WILL BE CORRECTED; OR THAT THE GAME OR THE SERVICE ARE FREE OF VIRUSES OR OTHER HARMFUL COMPONENTS."
Supercell.docx,19,Autor,uncle,TO THE MAXIMUM EXTENT PERMITTED BY LAW
Supercell.docx,20,Autor,ltd-1,"SUPERCELL SHALL NOT BE LIABLE TO YOU FOR ANY INDIRECT, INCIDENTAL, CONSEQUENTIAL, SPECIAL, PUNITIVE OR OTHER SIMILAR DAMAGES, INCLUDING BUT NOT LIMITED TO LOSS OF REVENUES, LOST PROFITS, LOST DATA OR BUSINESS INTERRUPTION OR OTHER INTANGIBLE LOSSES (HOWEVER SUCH LOSSES ARE QUALIFIED), ARISING OUT OF OR RELATING IN ANY WAY TO THESE TERMS OF SERVICE OR THE SERVICE ITSELF, WHETHER BASED ON CONTRACT, TORT OR ANY OTHER LEGAL THEORY, AND WHETHER OR NOT SUPERCELL HAS BEEN ADVISED OF THE POSSIBILITY OF SUCH DAMAGES"
Supercell.docx,21,Autor,uncle,TO THE EXTENT NOT PROHIBITED BY LAW
Supercell.docx,22,Autor,ltd_cap-1,"SUPERCELL SHALL NOT BE LIABLE TO YOU FOR MORE THAN THE AMOUNT YOU HAVE PAID TO SUPERCELL IN ACCORDANCE WITH THESE TERMS OF SERVICE IN THE SIX (6) MONTHS IMMEDIATELY PRECEDING THE DATE ON WHICH YOU FIRST ASSERT A CLAIM. YOU ACKNOWLEDGE AND AGREE THAT IF YOU HAVE NOT PAID ANYTHING TO SUPERCELL DURING SUCH TIME PERIOD, YOUR SOLE REMEDY (AND SUPERCELL'S EXCLUSIVE LIABILITY) FOR ANY DISPUTE WITH SUPERCELL IS TO STOP USING THE SERVICE AND TO CANCEL YOUR ACCOUNT."
Supercell.docx,23,Autor,uncle,NOTHING IN THESE TERMS OF SERVICE SHALL AFFECT THE STATUTORY RIGHTS OF ANY CONSUMER 
Supercell.docx,24,Autor,ind0,"You agree to indemnify, defend and hold Supercell (and our ofﬁcers, directors, agents, subsidiaries, joint ventures and employees) harmless from any claim, demand, damages or other losses, including reasonable attorneys' fees, asserted by any third-party resulting from or arising out of your use of the Service, or any breach by you of these Terms of Service, however the foregoing does not apply if the infringement of rights is not attributable to your intentional or negligent behavior."
Supercell.docx,25,Autor,arb0,"You and Supercell agree to resolve any disputes exclusively in ﬁnal and binding arbitration as follows:Either you or Supercell may choose to submit any dispute for resolution exclusively by ﬁnal and binding arbitration unless the claim is within the exceptions described below. If you or Supercell brings a claim in court that can be resolved by arbitration under this section, then either party can ask the court to order the parties to resolve the claim by arbitration. The arbitrator will have the exclusive authority to decide whether any portion of Section 8 (“Dispute Resolution”) is valid or enforceable, or whether it applies to a claim.An arbitration proceeding will be held before a neutral arbitrator. This means you and Supercell agree to give up the right to resolve the dispute in a trial before a judge or jury. Arbitration has different rules than more formal lawsuits. For example, the ability to force the other side to share information may be more limited than the process called discovery in formal lawsuits. After the arbitrator decides the outcome, that decision will be ﬁnal. You or Supercell can ask the arbitrator to put a decision or award and the reasons for it in writing. Either of us can ask a court to conﬁrm or enter the arbitrator’s ﬁnal decision or award, which will make it the same as a court judgment. You and Supercell will generally not be able to change the outcome of arbitration through courts outside of very limited circumstances."
Supercell.docx,26,Autor,class0,"You and Supercell agree that we can only bring claims against each other on an individual basis. That means:You cannot bring a claim against Supercell as a plaintiff or class member in a class, collective, consolidated, or representative action.The arbitrator cannot combine any other person’s claims with yours into a single case or preside over any class, collective, consolidated, or representative arbitration proceeding.The arbitrator’s decision or award in your case will not apply to anyone else and cannot be used to decide other people’s disputes.If this section (Section 8.5 “No Class Actions”) is found to be unenforceable or invalid, then the entirety of Section 8, including Sections 8.1 to 8.6, shall be void."
Supercell.docx,27,Autor,c_law-1,"If you are a resident of the United States or Canada: (1) the United States Federal Arbitration Act (including its procedural provisions) governs the interpretation and enforcement of the agreement to arbitrate and no class actions provisions of Section 8, and (2) any dispute arising out of or related to these Terms of Service, the Privacy Policy, or the Service shall be governed in all respects by the laws of the State of California, USA without regard to conﬂict of law provisions."
Supercell.docx,28,Autor,c_law-1,"If you are a resident outside of the United States and Canada, you agree that any claim or dispute arising out of or related to these Terms of Service, the Privacy Policy, or the Service shall be governed by the laws of Finland without regard to conﬂict of law provisions."
Supercell.docx,29,Autor,c_forum-1,"If you are a resident of the United States or Canada, you agree that any claim or dispute you may have against Supercell that is not subject to arbitration under Section 8 must be resolved exclusively by a federal or state court located in San Francisco, California. You and Supercell consent to venue and personal jurisdiction in San Francisco, California for all such claims or disputes."
Supercell.docx,30,Autor,c_forum-1,"If you are a resident outside of the United States and Canada, you agree that any claim or dispute you may have against Supercell must be resolved exclusively by a court located in Helsinki, Finland."
Supercell.docx,31,Autor,sever0,"You and Supercell agree that if any portion of these Terms of Service or of the Supercell Privacy Policy is found illegal or unenforceable, in whole or in part by any court of competent jurisdiction, such provision shall, as to such jurisdiction, be ineffective solely to the extent of such determination of invalidity or unenforceability without affecting the validity or enforceability thereof in any other manner or jurisdiction and without affecting the remaining provisions of the terms, which shall continue to be in full force and effect."
Supercell.docx,32,Autor,trans-1,"Supercell may assign or delegate these Terms of Service and/or the Supercell Privacy Policy, in whole or in part, to any person or entity at any time with or without your consent. You may not assign or delegate any rights or obligations under the Terms of Service or Privacy Policy without Supercell's prior written consent, and any unauthorized assignment and delegation by you is ineffective."
Supercell.docx,33,Autor,ltd-1pato,"You acknowledge that the rights granted and obligations made under these Terms of Service to Supercell are of a unique and irreplaceable nature, the loss of which shall irreparably harm Supercell and which cannot be replaced by monetary damages alone so that Supercell shall be entitled to injunctive or other equitable relief (without the obligations of posting any bond or surety or proof of damages) in the event of any breach or anticipatory breach by you.You irrevocably waive all rights to seek injunctive or other equitable relief, or to enjoin or restrain the operation of the Service or any Supercell game, exploitation of any advertising or other materials issued in connection therewith, or exploitation of the Service or any content or other material used or displayed through the Service and agree to limit your claims to claims for monetary damages, limited by Section 7 (if any)."
Microsoft.docx,0,Autor,docu,"Your Privacy. Your privacy is important to us. Please read the Microsoft Privacy Statement (https://go.microsoft.com/fwlink/?LinkId=521839) (the ""Privacy Statement"") as"
Microsoft.docx,1,Autor,IP1,"To the extent necessary to provide the Services to you and others, to protect you and the Services, and to improve Microsoft products and services, you grant to Microsoft a worldwide and royalty-free intellectual property license to use Your Content, for example, to make copies of, retain, transmit, reformat, display, and distribute via communication tools Your Content on the Services. If you publish Your Content in areas of the Service where it is available broadly online without restrictions, Your Content may appear in demonstrations or materials that promote the Service. Some of the Services aresupported by advertising"
Microsoft.docx,2,Autor,Recom0,"Controls for how Microsoft personalizes advertising are available at https://choice.live.com. We do not use what you say in email, chat, video calls or voice mail, or your documents, photos or other personal files to target advertising to you. Our advertising policies are covered in detail in the Privacy Statement."
Microsoft.docx,3,Autor,Acc_sus0Acc_del0Cnt_del0Cnt_mod0,"If you violate these Terms, we may, in our sole discretion, stop providing Services to you or we may close your Microsoft account. We may also block delivery of a communication (like email, file sharing or instant message) to or from the Services in an effort to enforce these Terms, or we may remove or refuse to publish Your Content for any reason. "
Microsoft.docx,4,Autor,docu,here
Microsoft.docx,5,Autor,docu,account activity policy 
Microsoft.docx,6,Autor,acc_sus0,". If we reasonably suspect that your Microsoft account is at risk of being used by a third party fraudulently (for example, as a result of an account compromise), Microsoft may suspend your account until you can reclaim ownership. Based on the nature of the compromise, we may be required to disable access to some or all of Your Content. "
Microsoft.docx,8,Autor,uncle,unless we are required by law 
Microsoft.docx,7,Autor,pato: what does “disassociate” mean exactly?,"Second, we’ll delete Data or Your Content associated with your Microsoft account or will otherwise disassociate it from you and your Microsoft account (unless we are required by law to keep it, return it, or transfer it to you or a third party identified by you"
Microsoft.docx,9,Autor,docu,subject   to   the   terms   available 
Microsoft.docx,10,Autor,serv_chg-1,"We may change these Terms at any time, and we’ll tell you when we do. "
Microsoft.docx,11,Autor,serv_chg-1,"Additionally, there may be times when we need to remove or change features or functionality of the Service or stop providing a Service or access to Third-Party Apps and Services altogether."
Microsoft.docx,12,Autor,uncle,Except to the extent required by applicable law
Microsoft.docx,13,Autor,uncle,unless otherwise required by law
Microsoft.docx,14,Autor,price_chg0,". We may change the price of the Services at any time and if you have a recurring purchase, we will notify you by email, or other reasonable manner, at least 15 days before the price change. If you do not agree to the price change, you must cancel and stop using the Services before the price change takes effect. If there is a fixed term and price for your Service offer, that price will remain in force for the fixed term"
Microsoft.docx,15,Autor,docu,governed       by       the       Microsoft       Gift        Card        Terms        and Conditions (https://support.microsoft.com/help/10562/microsoft-account-gift-card-terms-
Microsoft.docx,16,Autor,uncle,"Laws applicable in your country may also limit your liability for any fraudulent, erroneous or unauthorized transactions from your bank account"
Microsoft.docx,17,Autor,c_law-1and recurring further,"For free or paid consumer Skype-branded Services, if you live outside of Europe, the Middle East and Africa, Luxembourg law governs the interpretation of these Terms and claims for their breach, regardless of conflict of law principles."
Microsoft.docx,18,Autor,c_forum-1and recurring further,"). If you live outside of Europe, the Middle East and Africa, you and we irrevocably agree to the exclusive jurisdiction and venue of the Luxembourg courts for all disputes arising out of or relating to the consumer Skype-branded Services"
Microsoft.docx,19,Autor,c_law-1,"For free and paid Services, the laws of Ireland govern the interpretation of these Terms and claims for their breach, regardless of conflict of laws principles. "
Microsoft.docx,20,Autor,c_forum-1,You and we irrevocably agree to the exclusive jurisdiction and venue of the courts of Ireland for all disputes arising out of or relating to these Terms or the Services.
Microsoft.docx,21,Autor,uncle,"Your local consumer laws may require some local laws to govern or give you the right to resolve disputes in another forum despite these Terms. If so, the choice of law and forum provisions in section 10 apply as much as your local consumer laws allow."
Microsoft.docx,22,Autor,as_is-1,"MICROSOFT, AND OUR AFFILIATES, RESELLERS, DISTRIBUTORS, AND VENDORS, MAKE NO WARRANTIES, EXPRESS OR IMPLIED, GUARANTEES OR CONDITIONS WITH RESPECT TO YOUR USE OF THE SERVICES. YOU UNDERSTAND THAT USE OF THE SERVICES IS AT YOUR OWN RISK AND THAT WE PROVIDE THE SERVICES ON AN ""AS IS"" BASIS ""WITH ALL FAULTS"" AND ""AS AVAILABLE."" MICROSOFT DOESN'T GUARANTEE THE ACCURACY OR TIMELINESS OF THE SERVICES"
Microsoft.docx,23,Autor,uncle,"YOU MAY HAVE CERTAIN RIGHTS UNDER YOUR LOCAL LAW. NOTHING IN THESE TERMS IS INTENDED TO AFFECT THOSE RIGHTS, IF THEY ARE APPLICABLE"
Microsoft.docx,24,Autor,uncle,TO THE EXTENT PERMITTED UNDER YOUR LOCAL LAW
Microsoft.docx,25,Autor,uncle,"), to the extent permitted by the applicable law"
Microsoft.docx,26,Autor,ltd_cap-1,"you agree that your exclusive remedy is to recover, from Microsoft or any affiliates, resellers, distributors, Third-Party Apps and Services providers, and vendors, direct damages up to an amount equal to your Services fee for the month during which the loss or breach occurred (or up to USD$10.00 if the Services are free)."
Microsoft.docx,27,Autor,uncle,To the extent permitted by the applicable law
Microsoft.docx,28,Autor,ltd-1,", you can't recover any (i) consequential losses or damages; (ii) loss of actual or anticipated profits (whether direct or indirect);(iii) loss of actual or anticipated income (whether direct or indirect); (iv) loss of contract or business or other losses or damages arising from your use of the Services in a non- personal capacity; (v) special, indirect, incidental or punitive losses or damages; and (vi) to the extent permitted by law, direct losses or damages in excess of the caps specified in section 12.a above. These limitations and exclusions apply if this remedy doesn't fully compensate you for any losses or fails of its essential purpose or if we knew or should have known about the possibility of the damage"
Microsoft.docx,29,Autor,uncle,"To the maximum extent permitted by law,"
Microsoft.docx,30,Autor,IP1 (it does not seem to overrule the general provision),"As part of building the Xbox Services community, you grant to Microsoft, its affiliates and sublicensees a free and worldwide right, to use, modify, reproduce, distribute, broadcast, share and display Your Content or your name, gamertag, motto, or avatar that you posted for any Xbox Services."
Microsoft.docx,31,Autor,virtu,"Game Currency or Virtual Goods. The Xbox Services may include a virtual, game currency (like gold, coins or points) that may be purchased from or on behalf of Microsoft using actual monetary instruments if you have reached the age of ""majority"" where you live. The Xbox Services may also include virtual, digital items or goods that may be purchased from or on behalf of Microsoft using actual monetary instruments or using game currency. Game currency and virtual goodsmay never be redeemed for actual monetary instruments, goods or other items of monetary value from Microsoft or any other party. Other than a limited, personal, revocable, non-transferable, non-sublicensable license to use the game currency and virtual goods in the Xbox Services only, you have no right or title in or to any such game currency or virtual goods appearing or originating in the Xbox Services, or any other attributes associated with use of the Services or stored within the Xbox Services. Microsoft may at any time regulate, control, modify and/or eliminate the game currency and/or virtual goods associated with any one or more Xbox games or apps as it sees fit in its sole discretion to the maximum extent permitted by your local laws."
Microsoft.docx,32,Autor,what,"Store. ""Store"" refers to a Service that allows you to browse, download, purchase, and rate and review applications (the term “application” includes games) and other digital content. "
Microsoft.docx,33,Autor,what,"Parents and kids can use Microsoft family features, including Microsoft Family Safety, to build trust based on a shared understanding of what behaviors, websites, apps, games, physical locations, and spending is right in their fami"
Microsoft.docx,34,Autor,uncle,"under any applicable local or national rules, regulations or law"
Microsoft.docx,35,Autor,docu,Broadcast  TOS
Microsoft.docx,36,Autor,docu,Fair usage policies 
Microsoft.docx,37,Autor,price_chg0,charged once per call) and a per-minute rate as set out on www.skype.com/go/allrates. Call charges will be deducted from your Skype Credit balance. Microsoft may change its calling rates at any time by posting such change at www.skype.com/go/allrates. The new rate will apply to your next call after publication of the new rates. Please check the latest rates before you make your call. 
Microsoft.docx,38,Autor,docu,https://aka.ms/useterms 
Microsoft.docx,39,Autor,docu,go.microsoft.com/?linkid=9710837
Microsoft.docx,40,Autor,docu,Usage  Rules  
Microsoft.docx,41,Autor,cnt_del0cnt_mod0,the right to close your account and delete or disable access to Your Content on OneDrive.
Microsoft.docx,42,Autor,what,"Microsoft Rewards (the ""Program"") enables you to earn redeemable points for activities such as qualified searches, acquisitions, and other offers from Microsoft. Offers may vary by market"
Microsoft.docx,43,Autor,uncle,To the extent permitted by applicable law
Microsoft.docx,44,Autor,tran-1,"we may assign these Terms, subcontract our obligations under these Terms, or sublicense our rights under these Terms, in whole or in part, at any time without notice to you"
Microsoft.docx,45,Autor,uncle,All parts of these Terms apply to the maximum extent permitted by relevant law
Microsoft.docx,47,Autor,uncle,to the extent enforceable 
Microsoft.docx,46,Autor,sever0,"If a court or arbitrator holds that we can't enforce a part of these Terms as written, we may replace those terms with similar terms to the extent enforceable under the relevant law, but the rest of these Terms won't change. "
Microsoft.docx,48,Autor,period-1,"Any claim related to these Terms or the Services must be filed in court (or arbitration if section 10.d applies) within one year of the date you could first file the claim, unless your local law requires a longer time to file claims. If not filed within that time, then it's permanently barred."
Microsoft.docx,49,Autor,sugg0,"If you give to Microsoft any idea, proposal, suggestion or feedback, including without limitation ideas for new products, technologies, promotions, product names, product feedback and product improvements (""Feedback""), you give to Microsoft, without charge, royalties or other obligation to you, the right to make, have made, create derivative works, use, share and commercialize your Feedback in any way and for any purpose"
BlaBlaCar.docx,0,Autor,docu,Privacy Policy 
BlaBlaCar.docx,1,Autor,docu,Cookies Policy
BlaBlaCar.docx,2,Autor,acc_del1acc_sus1,"In the event that any Member fails to comply with any of the Conditions, BlaBlaCar reserves the right, but not the obligation at its own discretion, to withdraw the User Account in question and suspend or withdraw all Services to that Member without notice"
BlaBlaCar.docx,3,Autor,contr_chg-1,yBlaBlaCar reserves the right to modify the Conditions at any time
BlaBlaCar.docx,4,Autor,serv_chg-1,"BlaBlaCar may varor amend the Services provided through the Site, the Site functionality and/ or the “look and feel” of the Site at any time without notice and without liability to Members."
BlaBlaCar.docx,5,Autor,what,Neither BlaBlaCar nor the Site provides any transport services. The Site is a communications platform for Members to transact with one another. 
BlaBlaCar.docx,6,Autor,acc_sus0,Any breach of these Conditions will give rise to immediate suspension of such Member’s User Account and they may be restricted from accessing any further Services.
BlaBlaCar.docx,7,Autor,serv_chg-1,nyPlease note that BlaBlaCar reserves the right to change any aspect of the Site or the Service which may include adding new services (which may require payment) or withdrawing any existing Services. BlaBlaCar does not guarantee that the Site will be functional at all times and Services may be suspended during such period when the Site is not in operation. BlaBlaCar will not be liable to aof the Members in case where the Site is non-operational.
BlaBlaCar.docx,8,Autor,docu,Good Conduct Charter 
BlaBlaCar.docx,9,Autor,"a hole? Currently, the page with ToS is dead: https://blog.blablacar.co.uk/terms-and-conditions","BlaBlaCar reserves the right, but not the obligation at its own discretion, to suspend immediately the account of a user including the money displayed and to make aware to competent authorities any"
BlaBlaCar.docx,10,Autor,pato,"BlaBlaCar may review, scan, and moderate the messages the Members exchange with each others through the Site in particular for fraud prevention, customer support purposes, enforcement of the contracts entered into with BlaBlaCar’s members (such as the Conditions) and ensure compliance with applicable law. For example, in order to prevent the circumventing of its Booking Service, BlaBlaCar may scan and analyse messages sent through the platform to check that they do not include any contact details or references to other website.By using the Site and accepting the T&C’s, the Member agrees that BlaBlaCar, in its sole discretion, may review, analyse and moderate the messages exchanged through the Site."
BlaBlaCar.docx,11,Autor,ltd-1,"BlaBlaCar will not be liable to any Member for any business, ﬁnancial or economic loss or for any consequential or indirect loss such as lost reputation, lost bargain, lost proﬁt, lost of anticipated savings or lost opportunity arising as a result of the services provided by BlaBlaCar (whether suffered or incurred as a result of the BlaBlaCar’s negligence or otherwise) except in the case of fraud, wilful concealment or theft."
BlaBlaCar.docx,12,Autor,ltd_cap-1,"RBlaBlaCar’s liability to any Member for all losses in respect of any Trip is capped at the sum of IN 1,000/- (Indian Rupees One Thousand only)."
BlaBlaCar.docx,13,Autor,period-1,Trip
BlaBlaCar.docx,14,Autor,ind0,"Members will indemnify and hold harmless BlaBlaCar, its subsidiaries, afiliates and their respective oficers, directors, agents and employees, from any claim or demand, or actions including reasonable attorney’s fees, made by any third party or penalty imposed due to or arising out of your breach of these Conditions or any document incorporated by reference, or your violation of any law, rules, regulations or the rights of a third party."
BlaBlaCar.docx,15,Autor,acc_sus0acc_del0,"In the event of non-compliance on your part with all or some of the Conditions, you acknowledge and accept that BlaBlaCar can at any time, without prior notiﬁcation, interrupt or suspend, temporarily or permanently, all or part of the service or your access to the Site (including in particular your User Account)."
BlaBlaCar.docx,16,Autor,IP-1,"By displaying content on this Site, Members expressly grant a license to BlaBlaCar to display the content and to use it for any of our other business purposes."
BlaBlaCar.docx,17,Autor,C_law-1,These terms shall be governed by the law of India 
BlaBlaCar.docx,18,Autor,c_forum-1,and any disputes arising in relation to these terms shall be subject to the jurisdiction of the Courts of New Delhi.
Sympatia.pl.docx,0,Autor,core1,". Pakiet ten pozwala m.in. na: korzystanie z wyszukiwarki (z wyjątkiem wyszukiwania nowych Proﬁli), przeglądanie Proﬁli którymi dany Użytkownik jest zainteresowany (dostępność uzależniona od ustawionych kryteriów na Proﬁlu lub blokad wprowadzonych przez danych Użytkowników), dodawanie wybranych osób do Listy ulubionych, dodawanie wybranych osób do Czarnej Listy, wysyłanie Oczek, wysłanie jednej wiadomości na dobę, zabawę w „Bingo!” (pod warunkiem spełnienia warunków zabawy);"
Sympatia.pl.docx,1,Autor,core2,"Pakiet ten – poza funkcjami Pakietu Darmowego i w zależności od wybranego okresu trwania Abonamentu - pozwala dodatkowo m.in. na: ﬁltrowanie tylko nowych Proﬁli w wyszukiwarce; wysyłanie dodatkowych wiadomości; możliwość podglądu osób, które odwiedziły dany Proﬁl; możliwość podglądu osób, które polubiły dany Proﬁl w zabawie w „Bingo!”; możliwość blokowania dostępu do Proﬁlu osobom bez zdjęcia (dostępność uzależniona od rodzaju Pakietu Premium); możliwość decydowania, kto odwiedza dany Proﬁl (dostępność uzależniona od rodzaju Pakietu Premium), korzystanie z dodatkowej funkcjonalności wideoczatów."
Sympatia.pl.docx,2,Autor,what1,"Podstawowym przedmiotem Serwisu jest udostępnianie w sieci Internet systemu (aplikacja i inne narzędzia informatyczne) prezentacji i wymiany informacji o Użytkownikach, prowadzonego i utrzymywanego przez Administratora, w celu umożliwienia w ten sposób nawiązywania znajomości pomiędzy Użytkownikami. Za pośrednictwem Serwisu świadczone są lub mogą być świadczone w przyszłości, odpłatne i nieodpłatne usługi na rzecz Użytkowników związane z przedmiotem Serwisu."
Sympatia.pl.docx,3,Autor,what2,"Za pośrednictwem Serwisu Użytkownicy mają możliwość prezentowania w Proﬁlu swoich danych, informacji i innych treści o sobie i od siebie, wraz z wizerunkiem osobistym znajdującym się na przekazanych do Serwisu zdjęciach, a także korzystania z innych usług Serwisu pozwalających na zawieranie znajomości między Użytkownikami, dzięki specjalnym kanałom komunikacji, przeszukiwaniu Bazy Proﬁli według zadanych kryteriów, przeglądaniu Proﬁli Użytkowników, przesyłania wiadomości lub zdjęć oraz przechowywania otrzymanych wiadomości lub zdjęć w ramach usługi komunikatora internetowego itp."
Sympatia.pl.docx,4,Autor,serv_chg1,"zmieniany (rozszerzany lub ograniczany) przez Administratora, co dotyczy również możliwości dodawania lub usuwania poszczególnych usług. "
Sympatia.pl.docx,5,Autor,what3,"Serwis Sympatia.pl został stworzony w celu umożliwienia Użytkownikom zawierania znajomości, utrzymywania kontaktów towarzyskich, sympatii, za pomocą rozwiązań technologicznych, spełniających najwyższe wymagania i potrzeby. Użytkownicy Serwisu mają możliwość zawarcia nowych znajomości, utrzymywania kontaktów towarzyskich, przyjacielskich, bliskich, porozumiewania się za pomocą funkcjonalności Serwisu zróżnicowanymi w zależności od wyboru Pakietu Darmowego lub Pakietu Premiumczy określonych Dodatkowych usług płatnych."
Sympatia.pl.docx,6,Autor,recom-1,"do prezentowania Użytkownikowi przez Administratora reklam produktów i usług Administratora lub Zaufanych Partnerów Administratora, dopasowanych do zainteresowań Użytkownika."
Sympatia.pl.docx,7,Autor,docu,Polityce Prywatności
Sympatia.pl.docx,8,Autor,IP0,"oświadcza, że udziela Administratorowi bezterminowej i nieodpłatnej licencji na korzystanie, utrwalanie i zwielokrotnianie udostępnionych przez Użytkownika Materiałów dowolną techniką, w celach autopromocyjnych, informacyjnych, statystycznych oraz publikacji w takich mediach jak Internet, prasa;"
Sympatia.pl.docx,9,Autor,Ind0,"zobowiązuje się w przypadku skierowania przez podmioty trzecie jakichkolwiek roszczeń do Administratora, odnośnie naruszania jakichkolwiek praw do opublikowanych Materiałów, w szczególności wizerunku osobistego osób trzecich, złożyć pisemne oświadczenie odpowiedniej treści, które uwolni Administratora od jakiejkolwiek odpowiedzialności w tym zakresie, a także, w razie konieczności, wstąpić do sprawy w miejsce Administratora lub przystąpić do sprawy po jego stronie jako interwenient uboczny, zwracając przy tym Administratorowi na jego pierwsze żądanie wszelkie poniesione przez Administratora wydatki związane z postępowaniem sądowym, w tym w szczególności wydatki poniesione na opłacenie zastępstwa procesowego, doradztwa prawnego oraz zasądzonych odszkodowań."
Sympatia.pl.docx,10,Autor,acc_sus0,"zablokować Konto i Proﬁl Użytkownika, jeżeli podawane treści lub informacje będą niedozwolone ze względu na polskie lub międzynarodowe przepisy prawa, treść Regulaminu oraz dobre obyczaje lub moralność."
Sympatia.pl.docx,11,Autor,acc_sus0cnt_mod0,"Administrator zastrzega sobie prawo odmówienia zgody na publikację zdjęć z możliwością zablokowania Proﬁlu Użytkownika, jeżeli zdjęcie będzie większe niż 5 MB, lub jeżeli zdjęcie będzie słabej jakości (widoczne piksele, rozmycie) lub nie będzie spełniać niezbędnych warunków technicznych Serwisu – tj. będzie zapisane w pliku innym niż .jpg, .bmp, png."
Sympatia.pl.docx,12,Autor,acc_sus0,Administrator ma prawo odmówić publikacji zdjęcia głównego niezgodnego z Regulaminem bądź nałożenia blokady za umieszczenie zdjęcia niezgodnego z Regulaminem.
Sympatia.pl.docx,13,Autor,acc_del0,"Jeżeli Użytkownik nie loguje się do zawieszonego Konta, to Konto zostanie automatycznie usunięte zgodnie z § 6 pkt 2b."
Sympatia.pl.docx,14,Autor,acc_sus0,"W przypadku gdy Użytkownik narusza postanowienia Regulaminu, Administrator może zablokować Konto lub poszczególne usługi Serwisu (np. Proﬁl) wraz z podaniem na łamach Serwisu stosownej informacji w tym zakresie dostępnej dla wszystkich Użytkowników"
Sympatia.pl.docx,15,Autor,acc_del1,"Konto może ponadto zostać usunięte przez Administratora, po uprzednim, dodatkowym poinformowaniu Użytkownika, co spowoduje bezpowrotne usunięcie Konta i Proﬁlu z Bazy Proﬁli, jeżeli:Użytkownik stale lub rażąco narusza postanowienia Regulaminu, a w szczególności korzysta z Serwisu w sposób sprzeczny z jego przeznaczeniem opisanym w § 5 ust. 1;Użytkownik nie zalogował się ani razu do Serwisu przez okres 12 miesięcy od ostatniego zalogowania, pomimo otrzymania przypomnienia o konieczności zalogowania się do Serwisu;Użytkownik posiada więcej niż jedno Konto - w takim przypadku usunięte mogą zostać wszystkie Konta Użytkownika;Użytkownik nie zaakceptuje zmian wprowadzanych przez Administratora w Regulaminie;Użytkownik w okresie 3 miesięcy od zablokowania Konta lub innych poszczególnych usług Serwisu przez Administratora, nie dokona działań niezbędnych do usunięcia przyczyn stanowiących podstawę zablokowania;Użytkownik ingeruje w struktury Serwisu, do których taki Użytkownik nie ma udzielonego dostępu."
Sympatia.pl.docx,16,Autor,com_sys0,"Zakłócenia w funkcjonowaniu Serwisu oraz reklamacje dotyczące usługi świadczonej w Serwisie należy zgłaszać Administratorowi zgodnie z pkt 2 poniżej, o ile nic innego nie postanowiono w odrębnych regulaminach świadczenia danej usługi, z którą reklamacja jest związana."
Sympatia.pl.docx,17,Autor,sugg0,"Administrator zastrzega sobie prawo do anonimowej publikacji treści kierowanych przez Użytkowników do zespołu obsługi Serwisu, a dotyczących kwestii związanych z funkcjonowaniem Serwisu (FAQ), udzielanymi poradami."
Sympatia.pl.docx,18,Autor,contr_chg1,"Administrator zastrzega sobie, w zakresie w jakim dopuszczalne jest to zgodnie z obowiązującymi przepisami, prawo do dokonywania zmian i modyﬁkacji Regulaminu w przypadku zaistnienia ważnych przyczyn, za które uważa się"
Sympatia.pl.docx,19,Autor,sever0,Nieważność jednego z postanowień Regulaminu nie ma wpływu na ważność pozostałych jego postanowień.
Sympatia.pl.docx,20,Autor,serv_chg1,"Administrator zastrzega sobie prawo, iż w przypadku aktualizacji nowych wersji Aplikacji w związku z koniecznością jej całkowitej lub częściowej przebudowy lub/i przepisaniem kodu Aplikacji wynikającymi ze zmieniających się wymagań oraz rekomendacji technicznych, zakres Pakietu Darmowego lub Pakietu Premium może ulec zmianie"
Sympatia.pl.docx,21,Autor,serv_chg1,. Użytkownik zostanie poinformowany uprzednio o zmianach. 
Sympatia.pl.docx,22,Autor,com_sys0,Każdemu Użytkownikowi Aplikacji przysługuje prawo do złożenia reklamacji w sprawach związanych z funkcjonowaniem Usługi w Aplikacji.
Sympatia.pl.docx,23,Autor,price_chg0,"zastrzega sobie prawo do zmiany cen usług płatnych (Pakiet Premium, Dodatkowe Usługi Płatne) znajdujących się w ofercie Serwisu, przeprowadzania czasowych akcji promocyjnych i rabatowych, w tym wprowadzania do nich zmian. Zmiany takie nie wpływają na uprzednio zakupiony przez Użytkowników dostęp do usług płatnych (Pakiet Premium, Dodatkowe Usługi Płatne). "
Glovo.docx,0,Autor,what,"Glovo is a technology company whose main activity is the development and management of a technology platform through which certain local stores in a number of territories can offer their products and/or services by means of a mobile or web application on the platform (hereinafter, the “APP”) and, in an ancillary manner, where applicable and if so requested through the APP by users of the APP and consumers of the said local stores, act as an intermediary in the planned or immediate delivery of the products."
Glovo.docx,1,Autor,docu,Privacy Policy 
Glovo.docx,2,Autor,docu,Cookie Policy
Glovo.docx,3,Autor,disc-1,"if Glovo considers that there are well founded reasons to doubt the truthfulness, "
Glovo.docx,4,Autor,IP-1,"Furthermore, by registering on the Platform and agreeing to these Terms, the User grants Glovo, in relation to the content that he/she may provide, a worldwide, irrevocable, and transferable licence, free of charge, with the right to sub-license, use, copy, modify, create derivative works, distribute, publicise and exploit it in any way that may be deemed appropriate by Glovo, with or without any further communication to the User and without having to pay any amounts for such uses."
Glovo.docx,5,Autor,Serv_chg-1,"Users can register for the Platform, and use it, free of charge, although this is subject to review by Glovo at any time. "
Glovo.docx,6,Autor,Price_chg-1,Glovo reserves the right to change the prices on the Platform at any time. Such changes shall take effect immediately after publication
Glovo.docx,7,Autor,pato,"Glovo reserves the right to cancel an order without having to provide a just cause. In the event of cancellation without just cause at Glovo’s instance, the User shall be entitled to a refund of the amount paid."
Glovo.docx,8,Autor,acc_sus0,"If payment for the service can for any reason not be taken from the User, the User’s account shall be blocked until the situation has been rectified and the debt has been settled."
Glovo.docx,9,Autor,pato2,"In accordance with the current legislation, Glovo does not sell or advertise medicines for human use through the Platform. Mandataries act as agents of those Users who order, through the Platform, non-prescription drugs for human use for collection."
Glovo.docx,10,Autor,acc_sus0acc_del0cnt_del0cnt_mod0,"Glovo will check such reports as soon as possible and will take any steps that it may deem appropriate, reserving the right to remove and/or suspend any User from the Platform for breach of these General Terms of Use."
Glovo.docx,11,Autor,acc_sus0,", Glovo may launch an internal investigation to ascertain the facts, take any legal action that may be necessary and/or block the User or Mandatary in question until any potential investigation has been completed. "
Glovo.docx,12,Autor,acc_sus0cnt_del0disc-1,"Notwithstanding the foregoing, Glovo reserves the right to fully or partly restrict certain Users’ access to the Platform, as well as to cancel, suspend, block or remove certain types of content, by means of suitable technological tools, if it becomes aware, or there are signs, that the activity or the information stored is illegal or harmful to a third party’s rights or property"
Glovo.docx,13,Autor,as_is-1,"Glovo gives no warranties regarding the authenticity, accuracy, novelty, reliability, lawfulness or non-infringement of third-party rights by Mandataries. In this regard, Users state that they understand that GLOVO is a technology platform whose main activity is intermediation"
Glovo.docx,14,Autor,contr_chg-1,"Glovo reserves the right to amend these General Terms of Use, the Privacy Policy and the Cookie Policy at any time and without prior notice. "
Glovo.docx,15,Autor,serv_chg-1,"In addition, Glovo reserves the right to update, amend or delete the information contained on its Platform, at any time and without the need for prior notice, with regard to its layout, presentation and access conditions, without thereby accepting any liability in relation thereto"
Glovo.docx,16,Autor,sever0,"If any of the clauses of these General Terms are found to be voidable or void by operation of law, such clause(s) shall be deemed not to have been included. Such declaration of nullity will not cause the other clauses to be void, and these shall remain valid and effective between the Parties."
Glovo.docx,17,Autor,c_law-1c_forum1,"The relationship between Glovo and the User shall be governed and construed in accordance with the General Terms, whose construction, validity and enforcement shall be governed by Spanish law; and any disputes shallbe submitted to the Courts of Barcelona unless the User requests that they be submitted to the courts applicable to his/her home address."
Glovo.docx,18,Autor,price_chg0,"Glovo reserves the right to change the fees at any time after informing its subscribers. Once such notification has been given, Glovo may charge the new rates"
Glovo.docx,19,Autor,acc_del0disc-1,"Should Glovo detect any signs of misuse or inappropriate and/or fraudulent use of the GLOVOPRIME account, it may automatically and without prior notice deactivate the subscription, as well as, in addition and at any time, the User’s account, reserving the right to take any legal action based on the seriousness of the circumstances under consideration"
Glovo.docx,20,Autor,c_law-1,"The relationship between Glovo and each GLOVOPRIME subscriber shall be governed by, and construed in accordance with, these Terms and Conditions, whose construction, validity and enforcement shall be governed by Spanish law"
Glovo.docx,21,Autor,c_forum1,and any disputes shall be submitted to the Courts of Barcelona unless the User requests the involvement of the courts applicable to his/her home address.
Skyscanner.docx,0,Autor,what1,"Skyscanner (“us”, “we” or “our” as the context requires) provides online travel search services (including ﬂight, hotel and car hire price comparison) and other travel related services (the “Services”) to travellers throughout the world via our websites, apps and other platforms (the “Platforms”)."
Skyscanner.docx,1,Autor,docu1,"These terms and conditions (“Terms”) govern your access to and use of our Services and Platforms, together with our privacypolicy, "
Skyscanner.docx,2,Autor,docu2,cookie policy 
Skyscanner.docx,3,Autor,docu3,community guidelines
Skyscanner.docx,4,Autor,IP-1,"you hereby grant Skyscanner and the Skyscanner Group Companies a non- exclusive, perpetual, royalty-free, worldwide, transferrable and sub-licensable right to host, use, reproduce both electronically and otherwise, publicly display, distribute, modify, adapt, publish, translate, and create derivative works from any and all such User Content (in accordance with our privacy policy) including for the purposes of advertising and marketing our Services and Platforms. For example, we may make User Content available to our business partners or other Skyscanner Group Companies to display on their own sites. "
Skyscanner.docx,5,Autor,sugg0,"If you provide us with any suggestions, comments, improvements, ideas or other feedback (“Feedback”), you hereby irrevocably assign ownership of all intellectual property rights subsisting in that feedback to us and acknowledge that we can use and share such Feedback for any purpose at our discretion."
Skyscanner.docx,6,Autor,"pato1: how so, if the software helps finding fights?",Your use of the Services and Platforms is entirely at your own risk.
Skyscanner.docx,7,Autor,as_is-1,"We provide the Services and Platforms on an ‘as is’ basis and expressly disclaim all warranties, conditions and guarantees of any kind, whether express or implied, including but not limited to, the implied warranties of title, non-infringement, merchantability and accuracy, as well as any warranties implied by usage of trade, course of dealing or course of performance"
Skyscanner.docx,8,Autor,pato2: the consumer should be able to decide if she creates a Linked Travel Arrangementuncle1,Where you have used our Platforms to book two or more related travel products within a 24-hour period (for example a ﬂight and hotel booked separately but within 24 hours of each other) then this may be classiﬁed as a “Linked Travel Arrangement” depending on where you are located and the applicable consumer protection laws that apply.
Skyscanner.docx,9,Autor,ltd-1,"To the maximum extent permitted by law, we (together with our ofﬁcers, directors, employees, representatives, afﬁliates, providers and third parties) do not accept any liability for (a) any inaccuracies or omissions in the content displayed on or via our Services or Platforms; or (b) any act of god, accident, delay or any special, exemplary, punitive, indirect, incidental or consequential loss or damage of any kind (including, without limitation, lost proﬁts or lost savings), whether based in contract, tort (including negligence), strict liability or otherwise, incurred by you arising out of or in connection with your access to, use of, or inability to access or use, our Services or Platforms or their contents."
Skyscanner.docx,10,Autor,ltd_cap-1,"Subject to these Terms and to the extent permitted by law, our maximum aggregate liability to you arising out of or in connection with these Terms or your access to, use of, or inability to access or use, our Services or Platforms shall be limited to the sum of £100 (one hundred pounds sterling)."
Skyscanner.docx,11,Autor,"(?) does it ""fix"" ltd?",(a) our liability in respect of death or personal injury caused by our negligence or for our fraud or fraudulent misrepresentation; 
Skyscanner.docx,12,Autor,uncle2,any other liability that cannot be excluded by law; or (c) your statutory rights
Skyscanner.docx,13,Autor,acc_del-1,"Skyscanner may in its absolute discretion immediately terminate any agreement with you under these Terms at any time upon notice to you and/or, if you have a log-in account, by cancelling your membership and your access to your account and removing any User Content you have uploaded to our Services or Platforms. "
Skyscanner.docx,14,Autor,acc_sus-1,"Skyscanner may suspend your access and use in whole or in part without notice at any time, for example to prevent you from uploading any User Content, without incurring any liability to you whatsoever."
Skyscanner.docx,15,Autor,sever-1,The invalidity or unenforceability of any provision (in whole or part) of these Terms shall not affect the validity or enforceability of the remaining provisions (in whole or part). The whole or part of any provision which is held by a court of competent jurisdiction to be invalid or unenforceable shall be deemed deleted from these Terms
Skyscanner.docx,16,Autor,uncle3,to the extent permitted 
Skyscanner.docx,17,Autor,c_law-1,in accordance with the laws of England and Wales 
Skyscanner.docx,18,Autor,c_forum0,you are deemed to have submitted to the non-exclusive jurisdiction of the courts of England and Wales
Gett.docx,0,Autor,docu1,“Privacy Policy” 
Gett.docx,1,Autor,ltd-1,"Notwithstanding the provisions of Condition 2.1, Gett does not guarantee availability nor uninterrupted or error free use of the App and shall not be liable for any damage, loss, claims, costs or expenses resulting from or as a consequence of scheduled or unscheduled downtime, unavailability or slowness."
Gett.docx,2,Autor,pato1,Drivers may cancel their provision of Transportation Services at any time.
Gett.docx,3,Autor,pato2disc-1,"in all other cases, the Fee estimated by Gett acting reasonably"
Gett.docx,4,Autor,acc_sus0,suspend your access to the Services;
Gett.docx,5,Autor,acc_del0,permanently delete your Customer Account and access to the Services
Gett.docx,6,Autor,pato3,"If during the provision of the Transportation Service you soil the Driver’s vehicle, you will be charged an additional soiling fee in accordance with the relevant local published hackney carriage fees."
Gett.docx,7,Autor,docu2,Cancellation Policy 
Gett.docx,8,Autor,disc-1, Gett’s absolute discretion any refund that it may determine to provide to you will be credited
Gett.docx,9,Autor,disc-1,at its sole discretion
Gett.docx,10,Autor,serv_chg-1disc-1,"Gett reserves the right, at its sole discretion, to change, alter, suspend or indefinitely close the App and/or your access to the Services. From time to time, Gett may also restrict access to some or all parts of the Services and/or the App."
Gett.docx,11,Autor,uncle1,"Nothing in these Conditions excludes or limits Gett’s liability for death or personal injury arising from Gett’s negligence, or its fraud or fraudulent misrepresentation, or any other liability that cannot be excluded or limited by English law."
Gett.docx,12,Autor,as_is-1,"The material displayed on the App is provided without any guarantees, conditions or warranties as to its accuracy. You must bear the risks associated with the use of the App, the Services and the internet."
Gett.docx,13,Autor,uncle2,To the fullest extent permitted by law
Gett.docx,14,Autor,pato4,"all conditions, warranties and other terms which might otherwise be implied by statute, common law or the law of equity in it provision of the Services and/or use of the App; and"
Gett.docx,15,Autor,ltd-1,any liability arising under or in connection with:
Gett.docx,16,Autor,pato5,"Loss or damage is foreseeable if either it is obvious that it will happen or, if at the time these Conditions were accepted, both we and you knew it might happen."
Gett.docx,17,Autor,ltd_cap-1,"Subject to the remainder of this Condition 9, Gett’s total liability to you in connection with these Conditions and the Services, however arising whether caused by tort (including negligence), breach of contract or otherwise, shall be limited to the Fees payable by you in relation to the Order in which the liability arose."
Gett.docx,18,Autor,acc_sus-1acc_del-1disc-1,"Gett is entitled to terminate its provision of the Services to you or your licence to use the App, with immediate effect, by disabling your account or otherwise preventing you from accessing or using the App, at its sole discretion."
Gett.docx,19,Autor,contr_chg-1disc-1,"Gett reserves the right, in its sole discretion, to vary these Conditions at any time. "
Gett.docx,20,Autor,trans-1,"However, if necessary, Gett may freely assign its rights and obligations without your consent and without the need to notify you before assigning them."
Gett.docx,21,Autor,sever0,"If any part of these Conditions are disallowed or found to be ineffective by any court or regulator, the other provisions shall continue to apply to the maximum extent permitted by law."
Gett.docx,22,Autor,c_law-1,"These Conditions, and any non-contractual obligations arising out of them, are governed and construed in accordance with the law of England and Wales "
Gett.docx,23,Autor,c_forum-1,"any proceedings resulting out of these terms of use, and any non-contractual obligations arising out of them, the Privacy Policy, Services and/or the use of the App shall be held in the Courts of England and Wales."
Gett.docx,24,Autor,uncle3,These Conditions are without prejudice to your statutory rights.
ALBICLA.docx,0,Autor,what,"ALBICLA jest bezpłatnym serwisem społecznościowym umożliwiającym wolną od cenzury wymianę myśli, idei, opinii."
ALBICLA.docx,1,Autor,cnt_mod0,"Nie ingerujemy w udostępniane przez użytkowników treści, chyba że naruszają one prawo."
ALBICLA.docx,2,Autor,pato,"Osób, których Konto Użytkownika na ALBICLA zostało wcześniej zablokowane z uwagi na naruszenie Regulaminu"
ALBICLA.docx,3,Autor,docu,Polityką Prywatności
ALBICLA.docx,4,Autor,what2,".       ALBICLA jest serwisem społecznościowym dla każdego, niezależnie od wyznawanych poglądów. ALBICLA nie stosuje cenzury treści. Wolność wypowiedzi jest nadrzędną wartością przyświecającą ALBICLA."
ALBICLA.docx,5,Autor,core,Jeżeli Użytkownik nie narusza zasad ALBICLA to jego Konto Użytkownika nie zostanie zablokowane a udostępnione treści nie zostaną zablokowane.
ALBICLA.docx,6,Autor,acc_sus0,Każdy Użytkownik może posiadać tylko jedno Konto. W przypadku założenia kilku Kont z wykorzystaniem tych samych danych Usługodawca ma prawo do zablokowania Kont i wezwania Użytkownika do złożenia wyjaśnień
ALBICLA.docx,7,Autor,acc_sus0,"W przypadku otrzymania zgłoszenia o naruszeniu Regulaminu przez Użytkownika lub powzięcia tej informacji samodzielnie przez Usługodawcę, Usługodawca ma prawo zablokować Użytkownikowi dostęp do ALBICLA."
ALBICLA.docx,8,Autor,serv_chg-1,".       Usługodawca ma prawo do dokonywania zmian w oprogramowaniu, wprowadzania dodatkowych usług, usuwaniu usług, zmian w wyglądzie ALBICLA a także w każdym elemencie systemu ALBICLA. "
ALBICLA.docx,9,Autor,ltd-1,W żadnym wypadku Usługodawca nie ponosi odpowiedzialności względem Użytkownika za szkody wynikłe z wprowadzonych zmian.
ALBICLA.docx,10,Autor,ltd-1,Usługodawca nie ponosi odpowiedzialności za szkody wynikające z:
ALBICLA.docx,11,Autor,ltd-1,")      niepoprawnego funkcjonowania ALBICLA niebędącego winą umyślną Usługodawcy, na przykład problemów technologicznych, wadliwego funkcjonowania ALBICLA lub braku funkcjonalności;"
ALBICLA.docx,12,Autor,serv_chg-1,"Usługodawca ma prawo do dokonywania zmian w oprogramowaniu, wprowadzania dodatkowych Usług, usuwaniu Usług, zmian w wyglądzie poszczególnych części systemu ALBICLA."
ALBICLA.docx,13,Autor,ltd-1,.       Użytkownikowi nie przysługują żadne roszczenia związane z utraconymi danymi w związku z korzystaniem z ALBICLA.
ALBICLA.docx,14,Autor,com_sys0,".       Reklamacje związane z funkcjonowaniem ALBICLA należy składać drogą elektroniczną bądź listownie na adres Usługodawcy.2.       W celu ułatwienia i przyśpieszenia rozpatrywania reklamacji zaleca się podanie w treści reklamacji takich informacji jak adres e-mail, rodzaj i datę wystąpienia nieprawidłowości oraz danych kontaktowych.3.       Rozpatrzenie reklamacji związanej z funkcjonowaniem ALBICLA następuje niezwłocznie, nie później niż w terminie 30 dni roboczych."
ALBICLA.docx,15,Autor,c_forum0,".       Ewentualne spory powstałe pomiędzy Usługodawcą a Użytkownikiem niebędącym jednocześnie konsumentem w rozumieniu art. 22[1] kodeksu cywilnego z dnia 23 kwietnia 1964 r. (Dz.U. Nr 16, poz. 93 ze zm.), zostają poddane sądowi właściwemu ze względu na siedzibę Usługodawcy."
ALBICLA.docx,16,Autor,contr_chg-1,"Usługodawca zastrzega sobie prawo do dokonywania zmian Regulaminu i jego Załączników, o czym Użytkownik zostanie powiadomiony czy to poprzez wiadomość mailową wysłaną na adres mailowy podany przy Rejestracji czy też w formie wyświetlenia informacji o zmianie Regulaminu lub jego załączników w serwisie ALBICLA."
ALBICLA.docx,17,Autor,c_law-1,W przypadku wątpliwości interpretacyjnych związanych z postanowieniami Regulaminu decyduje prawo polskie.
EA.docx,0,Autor,acc_sus0acc_del0,You are responsible for the activity on your EA Account. Your EA Account may be suspended or terminated if someone else uses it to engage in activity that violates this Agreement.
EA.docx,1,Autor,uncle,if allowed by law
EA.docx,2,Autor,virtu,"We refer to these virtual points, coins or currencies as ""EA Virtual Currency"". When you obtain EA Virtual Currency from us or our authorized partners, you receive a personal, limited, non-assignable, non-exclusive, revocable license to access and select the Entitlements that EA expressly makes available to you.EA Virtual Currency has no monetary value and has no value outside of our products and services. EA Virtual Currency cannot be sold, traded, transferred, or exchanged for cash; it only may be redeemed for Entitlements available for the EA Service. EA Virtual Currency is non-refundable, and you are not entitled to a refund for any unused EA Virtual Currency. Once you redeem EA Virtual Currency for an Entitlement, that Entitlement is not returnable, exchangeable, or refundable. If you live in Japan, you agree to use any EA Virtual Currency within 180 days from the date of purchase."
EA.docx,3,Autor,serv_chg-1,"From time to time, EA may update, change or modify an EA Service, Content or Entitlements, without notice to you. These updates and modiﬁcations may be required in order to continue to use EA Services."
EA.docx,4,Autor,cnt_del0acc_sus0acc_del0cnt_mod0,"EA may also take actions on your EA Account and Entitlements without notice to you to protect you or EA, such as preventing unauthorized access, resetting EA Account passwords, suspending EA Account access, deleting data or removing EA Accounts from EA Services. Your availability to EA Services may also be affected in response to actual or suspected Rules of Conduct violations, as further described in Section 6."
EA.docx,5,Autor,cnt_del-1cnt_mod0disc-1,"EA may, in its sole discretion, remove, edit or disable UGC for any reason, including if EA reasonably determines that UGC violates this Agreement. EA does not assume any responsibility or liability for UGC,for removing it, or not removing it or other Content. EA does not pre-screen all UGC and does not endorse or approve any UGC available on EA Services."
EA.docx,6,Autor,IP-1,"When you contribute UGC, you grant to EA, its licensors and licensees a non-exclusive, perpetual, transferable, worldwide, sublicensable license to use, host, store, reproduce, modify, create derivative works, publicly perform, publicly display or otherwise transmit and communicate the UGC, or any portion of it, in any manner or form and in any medium or forum, whether now known or later devised, without notice, payment or attribution of any kind to you or any third party. You also grant to all other users who can access and use your UGC on an EA Service the right to use, copy, modify, display, perform, create derivative works from, and otherwise communicate and distribute your UGC on or through the relevant EA Service without further notice, attribution or compensation to you."
EA.docx,7,Autor,acc_sus0acc_del0,"If you or someone using your EA Account violates these rules and fails to remedy this violation after a warning, EA may take action against you, including revoking access to certain or all EA Services, Content or Entitlements, or terminating your EA Account as described in Section 8. In case of severe violations, EA may take these actions without issuing a prior warning"
EA.docx,8,Autor,cnt_del-1cnt_mod0disc-1,"EA may, in its discretion, monitor or record online activity or Content on EA Services and may remove any Content from any EA Service at its discretion. Remember that your communications and your UGC in an EA Service are public and will be seen by others."
EA.docx,9,Autor,acc_del0,We also may terminate your License and your EA Account if we determine you have been cheating.
EA.docx,10,Autor,acc_del0,"EA may terminate your access and use of any EA Services or your EA Account if EA determines that you have violated this Agreement or that there has been otherwise unlawful, improper or fraudulent use of EA Services on your EA Account."
EA.docx,11,Autor,acc_sus0cnt_del0cnt_mod0,"Instead of termination and prior to any termination, EA may issue you a warning, suspend or alter your access to a particular EA Service or your EA Account, remove or revoke Entitlements at an EA Account or device level, remove or delete any Content which is in violation with this Agreement, or ban your device or machine from accessing speciﬁc EA Services. "
EA.docx,12,Autor,serv_chg-1,"EA may terminate any EA Service at any time by giving at least thirty days' notice either via email (if available), within the affected EA Service, or on the service updates page of EA's website (https://www.ea.com/service-updates)."
EA.docx,13,Autor,docu,Privacy and Cookie Policy 
EA.docx,14,Autor,as_is-1,"IF YOU LIVE OUTSIDE THE EEA, UNITED KINGDOM AND SWITZERLAND, EA SERVICES ARE LICENSED AND PROVIDED ""AS IS."" YOU USE THEM AT YOUR OWN RISK. TO THE FULL EXTENT PERMITTED UNDER APPLICABLE LAW, EA GIVES NO EXPRESS, IMPLIED OR STATUTORY WARRANTIES, INCLUDING IMPLIED WARRANTIES OF MERCHANTABILITY, SATISFACTORY QUALITY, FITNESS FOR A PARTICULAR PURPOSE, NONINFRINGEMENT OF THIRD-PARTY RIGHTS, AND WARRANTIES ARISING FROM A COURSE OF DEALING, USAGE OR PRACTICE. EA DOES NOT WARRANT AGAINST INTERFERENCE WITH YOUR ENJOYMENT OF THE PRODUCT OR EA SERVICE; THAT THE EA SERVICE WILL MEET YOUR REQUIREMENTS; THAT OPERATION OF THE EA SERVICE WILL BE UNINTERRUPTED OR FREE FROM ERRORS, BUGS, CORRUPTION, LOSS, INTERFERENCE, HACKING OR VIRUSES, OR THAT EA SERVICES WILL INTEROPERATE OR BE COMPATIBLE WITH ANY OTHER SOFTWARE. "
EA.docx,15,Autor,uncle,"SERVICE OFFERED VIA THE EA APP STORE. SEE https://help.ea.com/en-us/help/account/electronic- arts-warranty-policy/ FOR MORE INFORMATION ON STATUTORY WARRANTY AND OTHER STATUTORY CONSUMER RIGHTS IN YOUR TERRITORY, AND https://help.ea.com/en-au/help/account/electronic-arts-warranty-policy/ FOR RIGHTS AVAILABLE TO AUSTRALIAN CONSUMERS."
EA.docx,16,Autor,ltd0,"IF YOU LIVE IN THE EEA, UNITED KINGDOM OR SWITZERLAND, EA AND ITS EMPLOYEES, LICENSORS AND BUSINESS PARTNERS WILL NOT BE LIABLE TO YOU FOR ANY LOSSES OR DAMAGES ARISING FROM YOUR ACTIONS OR BREACH OF THIS AGREEMENT, OR WHICH ARISE AS A RESULT OF A THIRD PARTY'S (OR ANY OTHER) ACTS OR OMISSIONS BEYOND OUR CONTROL. "
EA.docx,18,Autor,ltd_cap-1,"YOU MAY RECOVER ONLY DIRECT DAMAGES IN ANY AMOUNT NO GREATER THAN WHAT YOU ACTUALLY PAID FOR THE APPLICABLE EA SERVICE. EA DOES NOT LIMIT ITS LIABILITY FOR FRAUD, GROSS NEGLIGENCE, WILFUL MISCONDUCT, OR FOR DEATH OR PERSONAL INJURY"
EA.docx,17,Autor,ltd-1,"IF YOU LIVE OUTSIDE THE EEA, UNITED KINGDOM AND SWITZERLAND, TO THE FULL EXTENT PERMITTED BY APPLICABLE LAW, EA AND ITS EMPLOYEES, LICENSORS AND BUSINESS PARTNERS SHALL NOT BE LIABLE TO YOU FOR ANY LOSSES THAT WERE NOT CAUSED BY EA'S BREACH OF THIS AGREEMENT, OR INDIRECT, INCIDENTAL, CONSEQUENTIAL, PUNITIVE OR SPECIAL DAMAGES. THE TYPES OF EXCLUDED DAMAGES INCLUDE, FOR EXAMPLE, FINANCIAL LOSS (SUCH AS LOSS INCOME OR PROFITS), COST OF SUBSTITUTE GOODS OR SERVICES, BUSINESS INTERRUPTION OR STOPPAGE, LOSS OF DATA, LOSS OF GOODWILL, AND COMPUTER FAILURE OR MALFUNCTION. THIS LIMITATION APPLIES TO ANY CLAIM ARISING OUT OF OR RELATED TO THIS LICENSE OR EA SERVICE, WHETHER BASED IN CONTRACT, TORT, STATUTE, STRICT LIABILITY OR OTHERWISE. IT ALSO APPLIES EVEN IF EA KNEW OR SHOULD HAVE KNOWN ABOUT THE POSSIBILITY OF SUCH DAMAGE. YOU MAY RECOVER ONLY DIRECT DAMAGES IN ANY AMOUNT NO GREATER THAN WHAT YOU ACTUALLY PAID FOR THE APPLICABLE EA SERVICE. EA DOES NOT LIMIT ITS LIABILITY FOR FRAUD, GROSS NEGLIGENCE, WILFUL MISCONDUCT, OR FOR DEATH OR PERSONAL INJURY. "
EA.docx,19,Autor,uncle,"SOME JURISDICTIONS DO NOT ALLOW THE ABOVE EXCLUSIONS AND LIMITATIONS, SO SOME OR ALL OF THEM MAY NOT APPLY TO YOU."
EA.docx,20,Autor,c_law-1,"the laws of the State of California, excluding its conﬂicts-of-law rules, govern this Agreement and your use of EA Services;"
EA.docx,21,Autor,c_forum-1,"exclusive jurisdiction for any claim or action arising out of or relating to this Agreement or EA Services shall be the federal or state courts that govern San Mateo County, California"
EA.docx,22,Autor,c_law-1,"the laws of the State of California, excluding its conﬂicts-of-law rules, govern this Agreement and your use of EA Services"
EA.docx,23,Autor,c_forum-1,"for claims and disputes not subject to the arbitration agreement below, exclusive jurisdiction for any claim or action arising out of or relating to this Agreement or EA Services shall be the federal or state courts that govern San Mateo County, California, and you expressly consent to the exercise of personal jurisdiction of such courts."
EA.docx,24,Autor,contr_chg-1,"EA may modify this Agreement from time to time, so please review it frequently. For EA players who accepted a previous version of this Agreement, the revisions will become effective 30 days after posting at terms.ea.com. Your continued use of EA Services means you accept the changes. Once you accept a version of the Agreement, we will not enforce future material changes without your express agreement to them. If you are asked to accept material changes to this Agreement and you decline to do so, you may not be able to continue to use the EA Service provided"
EA.docx,25,Autor,arb-1class-1,"BY ACCEPTING THE TERMS OF THIS AGREEMENT, YOU AND EA EXPRESSLY WAIVE THE RIGHT TO A TRIAL BY JURY AND THE RIGHT TO PARTICIPATE IN A CLASS ACTION."
EA.docx,26,Autor,arb-1,"If you and EA cannot resolve a Dispute informally, you or EA may elect to have the Dispute ﬁnally and exclusively resolved by binding arbitration. Any election to arbitrate by one party shall be ﬁnal and binding on the other. The arbitration shall be administered by the American Arbitration Association under its Consumer Arbitration Rules (""AAA Consumer Rules""), which are available at www.adr.org or by calling 1- 800-778-7879, with the following modiﬁcations:"
EA.docx,27,Autor,sever0,"If any clause within this Section 15 (other than the Class Action Waiver clause in paragraph D above) is found to be unenforceable because it would preclude a particular claim or remedy (such as public injunctive relief), that claim or remedy (and only that claim or remedy) must be severed from arbitration and may be brought in court, while any remaining claims or remedies will be resolved through arbitration. If any clause within this Section 15 (other than the Class Action Waiver clause set forth in paragraph D above) is found to be unenforceable for any other reason, that clause will be severed from this Section 15 and the remainder of this Section 15 will remain in full force and effect."
EA.docx,28,Autor,docu2,to PlayStation™Network Terms of Service and User Agreement 
Aliexpress.docx,0,Autor,docu,"the “Services” hereinafter) is subject to the terms and conditions contained in this document as well as the Privacy Policy (deﬁned in clause 3.3 below), the"
Aliexpress.docx,1,Autor,docu,Product Listing Policy
Aliexpress.docx,2,Autor,contr_chg-1,"Alibaba.com may amend any Terms at any time by posting the relevant amended and restated Terms on the Sites. By continuing to access or use the Services or the Sites, you agree that the amended and restated Terms will apply to you."
Aliexpress.docx,3,Autor,price_chg0,"You must register as a member on the Sites in order to access and use some Services. Further, Alibaba.com reserves the right, without prior notice, to restrict access to or use of certain Services (or any features within the Services) to paying Users, or subject to other conditions that Alibaba.com may impose in our discretion."
Aliexpress.docx,4,Autor,serv_chg-1,"Relevant Jurisdiction Users. In respect of any AliExpress Relevant Jurisdiction Users, AliExpress Russia Holding Private Limited may launch, change, upgrade, impose conditions to, suspend, or stop any Services (or any features within the Services) without prior notice except that in case of a fee-based Service, such changes will not substantially adversely affect the ability of such paying Users to enjoy that Service."
Aliexpress.docx,5,Autor,uncle,to the extent permitted under applicable laws
Aliexpress.docx,6,Autor,IP-1,"you grant an irrevocable, perpetual, worldwide, royalty- free, and sub-licensable (through multiple tiers) license to Alibaba.com and/or its afﬁliates and their respective representative(s) to display, transmit, distribute, reproduce, publish, duplicate, adapt, modify, edit, translate, create derivative works using the User Content, remove any part of it (including, without limitation, the watermark or mark the User Content bears), and otherwise use any or all of the User Content in any form, media, or technology now known or not currently known in any manner, on the Sites, Alibaba Channels and/or Third Party Channels and for any purpose which may be beneﬁcial, whether directly or indirectly, to Alibaba.com, the operation of the Sites, the provision of any Services and Promotion Services and/or the business of the User"
Aliexpress.docx,7,Autor,uncle,To the maximum extent permitted by law
Aliexpress.docx,8,Autor,acc_del0,"Alibaba.com may cancel or terminate a User’s member account if Alibaba.com has reasons to suspect that the User has concurrently registered or is in control of two or more member accounts. Further, Alibaba.com may reject User’s application for registration for any reason."
Aliexpress.docx,9,Autor,acc_sus0acc_del0,"Member also agrees that in case of the multiple use of your account or Member’s failure to maintain the security of your account, Alibaba.com shall not be liable for any loss or damages arising from such a breach and shall have the right to suspend or terminate Member’s account without liability to the Member."
Aliexpress.docx,10,Autor,acc_del0disc-1,". If Alibaba.com reasonably believes that any of your conduct violates or threatens to violate any applicable laws and regulations, Alibaba.com may, at its sole discretion, at any time take action as it may deem appropriate in light of the circumstances, including, but not limited to, terminating the provision of Services to you, closing relevant purchase orders, and terminating your accounts, while reserving all rights it may have regarding any non-compliant actions or conduct of its members."
Aliexpress.docx,11,Autor,cnt_del-1 (p. (vi))disc-1,"Alibaba.com reserves the right in our sole discretion to remove, modify or reject any User Content (in whole or in part) that you submit to, post or display on the Sites which we reasonably believe (i) violates any applicable laws and regulations,violates the Terms hereunder, (iii) could subject Alibaba.com or our afﬁliates to liability, (iv) infringes any Third Party Rights, (v) could harm the interests of our Members, third party or Alibaba.com or our afﬁliates, or (vi) is otherwise found inappropriate in Alibaba.com’s sole discretion."
Aliexpress.docx,12,Autor,acc_sus0acc_del0disc-1cnt_del0cnt_mod0,"If any Member breaches any Terms, or if Alibaba.com has reasonable grounds to believe that a Member is in breach of any Terms, Alibaba.com shall have the right to take such disciplinary actions as it deems appropriate, including without limitation: (i) suspending or terminating the Member’s account and any and all accounts determined to be related to such account by Alibaba.com in its sole discretion without liability for any losses or damages arising out of or in connection with such suspension or termination; (ii) restricting, downgrading, suspending or terminating the subscription of, access to, or current or future use of any Service; (iii) removing any product listings or other User Content that the Member has submitted, posted or displayed, or imposing restrictions on the number of product listings or User Content that the Member may post or display; (iv) imposing other restrictions on the Member’s use of any features or functions of any Service as Alibaba.com may consider appropriate in its sole discretion; and (v) any other corrective actions, discipline or penalties as Alibaba.com may deem necessary or appropriate in its sole discretion."
Aliexpress.docx,13,Autor,uncle,to the extent permitted by applicable laws and policies
Aliexpress.docx,14,Autor,acc_sus0acc_del0disc-1Service block due to just a notice (even unverified),"at any time and in our reasonable discretion, impose limitations on, suspend or terminate the Member’s use of any Service or the Sites without being liable to the Member if Alibaba.com has received notice that theMember is in breach of any agreement or undertaking with any afﬁliate of Alibaba.com including without limitation Taobao, Alipay, China Yahoo! and such breach involves or is reasonably suspected to involve dishonest or fraudulent activities. Alibaba.com reserves the right to, but shall not be required to investigate such breach or request conﬁrmation from the Member."
Aliexpress.docx,15,Autor,Ind0,"Each Member agrees to indemnify Alibaba.com, our afﬁliates, directors, employees, agents and representatives and to hold them harmless, from any and all damages, losses, claims and liabilities (including legal costs on a full indemnity basis) which may arise from your submission, posting or display of any User Content, from your access to or use of the Sites or Services, or from your breach of the Terms or any Additional Agreements"
Aliexpress.docx,17,Autor,docu,Transaction Services Agreement
Aliexpress.docx,16,Autor,what,"Through the Sites, Alibaba.com provides electronic web-based platforms for exchanging information between buyers and sellers of products and services. Alibaba.com additionally provides electronic web-based transaction platforms for Members to place, accept, conclude, manage and fulﬁll orders for the provision of products and services online within the Sites subject to the terms of the Transaction Services Agreement.   "
Aliexpress.docx,18,Autor,acc_sus0acc_del0,"User agrees to provide all information and materials as may be reasonably required by Alibaba.com in connection with your transactions conducted on, through or as a result of use of the Sites or Services.   Alibaba.com has the right to suspend or terminate any User’s account if the User fails to provide the required information and materials without liability for any losses or damages arising out of or in connection with such suspension or termination."
Aliexpress.docx,19,Autor,ind0,"In the event that any User has a dispute with any party to a transaction, such User agrees to release and indemnify Alibaba.com (and our agents, afﬁliates, directors, ofﬁcers and employees) from all claims, demands, actions, proceedings, costs, expenses and damages (including without limitation any actual, special, incidental or consequential damages) arising out of or in connection with such dispute or the transaction."
Aliexpress.docx,20,Autor,uncle,TO THE MAXIMUM EXTENT PERMITTED BY LAW
Aliexpress.docx,21,Autor,as_is-1,"THE SERVICES PROVIDED BY ALIBABA.COM ON OR THROUGH THE SITES ARE PROVIDED ""AS IS"", ""AS AVAILABLE"" AND “WITH ALL FAULTS”, AND ALIBABA.COM HEREBY EXPRESSLY DISCLAIMS ANY AND ALL WARRANTIES, EXPRESS OR IMPLIED, INCLUDING BUT NOT LIMITED TO, ANY WARRANTIES OF CONDITION, QUALITY, DURABILITY, PERFORMANCE, ACCURACY, RELIABILITY, MERCHANTABILITY OR FITNESS FOR A PARTICULAR PURPOSE. ALL SUCH WARRANTIES, REPRESENTATIONS, CONDITIONS, AND UNDERTAKINGS ARE HEREBY EXCLUDED."
Aliexpress.docx,22,Autor,uncle,TO THE MAXIMUM EXTENT PERMITTED BY LAW
Aliexpress.docx,23,Autor,ltd-1,"Any material downloaded or otherwise obtained through the Sites or Services is done at each User's sole discretion and risk and each User is solely responsible for any damage to its own or to Alibaba.com’s computer system(s) or any loss of data that may result from the download of any such material. No advice or information, whether oral or written, obtained by any User from Alibaba.com or through or from the Sites shall create any warranty not expressly stated herein."
Aliexpress.docx,24,Autor,ind0,"Each User hereby agrees to indemnify and hold Alibaba.com, our afﬁliates, directors, ofﬁcers and employees harmless, from any and all losses, claims, liabilities (including legal costs on a full indemnity basis) which may arise from such User's access to or use of the Sites or Services (including but not limited to the submission, posting or display of such User's information and User Content on the Sites, Alibaba Channels or Third Party Channels under Promotion Services) or from your breach of any of the representations, warranties hereunder and the terms and conditions of the Terms. Each User hereby further agrees to indemnify and hold Alibaba.com, our afﬁliates, directors, ofﬁcers and employees harmless, from any andall losses, damages, claims, liabilities (including legal costs on a full indemnity basis) which may arise from User's breach of any representations and warranties made by User to Alibaba.com, including but not limited to those set forth in clause 5 hereunder."
Aliexpress.docx,25,Autor,ind0,"Each User hereby further agrees to indemnify and save Alibaba.com, our afﬁliates, directors, ofﬁcers and employees harmless, from any and all losses, damages, claims, liabilities (including legal costs on a full indemnity basis) which may arise, directly or indirectly, as a result of any claims asserted by Third Party Rights claimants or other third parties relating to the User Content, information and/or products offered or displayed on the Sites. Each User hereby further agrees that Alibaba.com is not responsible and shall have no liability to you, for any material posted by others, including defamatory, offensive or illicit material and that the risk of damages from such material rests entirely with each User. Alibaba.com reserves the right, at our own expense, to assume the exclusive defense and control of any matter otherwise subject to indemniﬁcation by you, in which event you shall cooperate with Alibaba.com in asserting any available defenses."
Aliexpress.docx,26,Autor,ltd-1,"Alibaba.com shall not be liable for any special, direct, indirect, punitive, incidental or consequential damages or any damages whatsoever (including but not limited to damages for loss of proﬁts or savings, business interruption, loss of information), whether in contract, negligence, tort, equity or otherwise or any other damages resulting from any of the following:the use or the inability to use the Sites or Services;any defect in goods, samples, data, information or services purchased or obtained from a User or any other third party through the Sites or Services;violation of Third Party Rights or claims or demands that User's manufacture, importation, exportation, distribution, offer, display, purchase, sale and/or use of products or services offered or displayed on the Sites or through the Services may violate or may be asserted to violate Third Party Rights; or claims by any party that they are entitled to defense or indemniﬁcation in relation to assertions of rights, demands or claims by Third Party Rights claimants;unauthorized access by third parties to data or private information of any User;statements or conduct of any User of the Sites or Services; or;any matters relating to the Sites or Services, however arising, including negligence."
Aliexpress.docx,27,Autor,ltd_cap-1,"Notwithstanding any of the foregoing provisions, the aggregate liability of Alibaba.com, our employees, agents, afﬁliates, representatives or anyone acting on our behalf with respect to each User for all claims arising from the access to or use of the Sites or Services during any calendar year shall be limited to the greater of (a) the amount of fees the User has paid to Alibaba.com in exchange for the access to or use of the Site or Services during the calendar year and (b) the maximum amount permitted under the applicable law"
Aliexpress.docx,28,Autor,period-1,The preceding sentence shall not preclude the requirement by the User to prove actual damages. All claims arising from the use of the Sites or Services must be ﬁled within one (1) year from the date the cause of action arose or such longer period as prescribed under the applicable law governing the Terms.
Aliexpress.docx,29,Autor,uncle,to the maximum extent permitted by law 
Aliexpress.docx,30,Autor,sever0,"If any provision of the Terms is held to be invalid or unenforceable, such provision shall be deleted and the remaining provisions shall remain valid and be enforced."
Aliexpress.docx,31,Autor,tran-1,"Alibaba.com shall have the right to assign the Terms (including all of our rights, titles, beneﬁts, interests,  and obligations and duties in the Terms to any person or entity (including any afﬁliates of Alibaba.com"
Aliexpress.docx,32,Autor,c_law-1,THIS AGREEMENT SHALL BE GOVERNED BY THE LAWS OF THE PEOPLE’S REPUBLIC OF CHINA (“PRC”)
Aliexpress.docx,33,Autor,c_forum-1,"IF YOU CONTRACT WITH HANGZHOU ALIBABA ADVERTISING CO., LTD ACCORDING TO PARAGRAPH 2.1, AND THE PARTIES TO THIS AGREEMENT HEREBY SUBMIT TO THE EXCLUSIVE JURISDICTION OF THE YUHANG BASIC PEOPLE’S COURT OF HANGZHOU"
Aliexpress.docx,34,Autor,c_forum-1,"IF YOUR CONTRACT IS WITH ALIBABA.COM HONG KONG LIMITED OR ALIBABA.COM SINGAPORE E-COMMERCE PRIVATE LIMITED, THEN THIS AGREEMENT SHALL BE GOVERNED BY LAWS OF THE HONG KONG SPECIAL ADMINISTRATIVE REGION "
Aliexpress.docx,35,Autor,c_forum-1,WITHOUT REGARD TO ITS CONFLICT OF LAW PROVISIONS; AND THE PARTIES TO THIS AGREEMENT HEREBY SUBMIT TO THE EXCLUSIVE JURISDICTION OF THE HONG KONG COURTS
Aliexpress.docx,36,Autor,uncle,EXCEPT AS OTHERWISE STIPULATED UNDER APPLICABLE LAW
Aliexpress.docx,37,Autor,c_law-1,THIS AGREEMENT SHALL BE GOVERNED BY LAWS OF THE RUSSIAN FEDERATION
Aliexpress.docx,38,Autor,c_forum,WITHOUT REGARD TO ITS CONFLICT OF LAW PROVISIONS; AND THE PARTIES TO THIS AGREEMENT HEREBY SUBMIT TO THE EXCLUSIVE JURISDICTION OF THE COURTS OF RUSSIA
Aliexpress.docx,39,Autor,uncle,EXCEPT AS OTHERWISE STIPULATED UNDER APPLICABLE LAW.
adidas.docx,0,Autor,what1,"At Runtastic, our goal is to support our users on their ﬁtness journeys and provide the best possible experience. "
adidas.docx,1,Autor,docu1,Privacy Policy 
adidas.docx,2,Autor,what2,Runtastic’s goal is to make sports enjoyable and to make a positive contribution to people’s health. 
adidas.docx,3,Autor,what3,"Personal proﬁle page, including personal details; News regarding Runtastic in short form;Mobile Health & Fitness Apps;Content, e.g. texts, pictures and videos, regarding sports, health and nutrition, that is presented by Runtastic and professional third parties (sports coaches, trainers,...);Status messages;A blog presenting company information, products and news regarding health and ﬁtness in long form; and Other content, such as:About us: Short description of Runtastic;Company oﬀers: Oﬀers of Runtastic addressed to companies; Advertising by Runtastic and/or third parties;Support for users;Privacy Policy and these T&C; Press & Media Center;Jobs; andLegal information.Apps. Applications for Apple iPhones, Android phones, and other smartphones and other devices on a global scale, that can be used both isolated on the smartphone as well as in connection with the Platform.3.2.2. Subject to the user’s consent, relevant data is transmitted from the smartphone to the Platform and shared with other social networks (e.g., Facebook), respectively. Please see our Privacy Policy"
adidas.docx,4,Autor,pato,"Runtastic reserves the right to reject users without giving reasons. In this event, any transmitted details will be deleted promptly."
adidas.docx,5,Autor,acc_sus0acc_del0,"If you provide any information that is untrue, inaccurate, not current or incomplete, or Runtastic has reasonable grounds to suspect that such information is untrue, inaccurate, not current or incomplete, Runtastic has the right to suspend or terminate your account immediately and without prior notice and to refuse any and all current or future use of the Premium Services (or any portion thereof), without the Registered User being entitled to a refund of any previously paid amount."
adidas.docx,6,Autor,acc_del0,Runtastic has the right to close or cancel the account of any Registered User in the event of any unauthorized or fraudulent use of the account.
adidas.docx,7,Autor,price_chg0,ere or in the App Stores. All prices are subject to change at Runtastic’s discretion at any time. Any price
adidas.docx,8,Autor,serv_chg0,"Runtastic reserves the right to discontinue one or more Runtastic Product. We might discontinue Runtastic Products if this is necessary to comply with changes in legislation, technical and/or safety requirements or to reﬂect changes in our company and product strategy and to respond to the market and competitive situation. All users shall be given reasonable prior notice of the discontinuation of a Runtastic Product. After the notiﬁcation, Premium Members shall be able to use the App for the duration of their current Subscription period."
adidas.docx,9,Autor,acc_del0,"Additionally, Runtastic reserves the right to terminate a user’s membership for important reasons, such as due to gross breaches of the user’s obligations as set forth in these T&C and ancillary agreements"
adidas.docx,10,Autor,cnt_retr1,"If you generated, transmitted, saved, published or otherwise made available through the Runtastic Products content, we shall, at your request, provide you with the content, which does not qualify as personal data, free of charge, within a reasonable period of time and in a common and machine-readable format after the termination becomes eﬀective"
adidas.docx,11,Autor,acc_del0acc_sus0cnt_del0cnt_mod0,"In order to ensure the proper and reliable provision of Runtastic Products, Runtastic imposes the following sanctions upon breach of user obligations by a user:warning;deletion of content;temporary deactivation of user account; and cancellation (irrevocable deactivation).The type of sanction shall depend on the purpose, impact, and type of the breach in light of Runtastic’s and the user’s interests."
adidas.docx,12,Autor,uncle,"to the extent this is required by law, or legally permissible and reasonably necessary"
adidas.docx,13,Autor,IP-1,"The user grants Runtastic the irrevocable, free, non-exclusive and unlimited right to use all content generated, transmitted, saved and published by such user. Accordingly, Runtastic shall have the right to use, irrespective of the type of usage, all content both as part of the Platform and any other activity of Runtastic or any company aﬃliated with Runtastic. This shall include the right to change and edit such content, unless such changes or edits impair material interests of the user. In this connection, the user waives, to the extent legally permissible, all intellectual property rights. However, to the extent feasible, in the event that Runtastic uses content created by a user outside the Runtastic Products, Runtastic shall note that such content was created by the user."
adidas.docx,14,Autor,cnt_del-1,"Runtastic reserves the right to delete content created by users, such as routes, photos, events or comments without giving reasons. In this event, the user shall be notiﬁed and, in the event of a breach of these T&C, may be sanctioned in accordance with Section 12 ."
adidas.docx,15,Autor,uncle,as currently provided by law
adidas.docx,16,Autor,ltd-1,"only if Runtastic has caused a certain damage willfully or with gross negligence. In the event of slight negligence, Runtastic shall not be liable to other businesses and shall be liable to consumers only for personal damages. Runtastic shall not be liable to businesses for follow-on damages, mere pecuniary losses, lost proﬁts, or damages resulting from claims of third parties."
adidas.docx,17,Autor,ltd0,"Indemniﬁcation. The user shall indemnify Runtastic for all claims raised by third parties as a result of an infringement of their rights by the user in connection with content uploaded to or any of the Runtastic Products by such user or as a result of any other usage by such user of applications available from Runtastic. The user shall bear the costs of any legal proceedings, in which Runtastic may be involved in connection with such claims, including all court costs and attorney’s fees to the extent permitted by law, unless the user was not at fault in causing such infringement."
adidas.docx,18,Autor,contr_chg-1,"General. Runtastic reserves the right to amend these T&C from time to time for a number of reasons including, without limitation, for commercial reasons, to comply with applicable law or regulations, or for customer service reasons. At any time, the then-current version of these T&C is available for viewing on the Platform as well as in the Apps."
adidas.docx,19,Autor,acc_del0,"In the event that you object to the changes, Runtastic is entitled to terminate the user contract and delete your user account, under consideration of your interests if continuing of the contractual relationship under the scope of the current terms and conditions is not possible or unreasonable for Runtastic."
adidas.docx,20,Autor,sever0,"In the event that individual provisions of these T&C shall be or become invalid, all other terms and conditions shall remain in full force and eﬀect."
adidas.docx,21,Autor,c_law0,"These T&C and all contractual relations and litigation between the users and Runtastic shall be governed by Austrian law, excluding the conﬂict of law-provisions and the United Nations Convention on Contracts for the International Sale of Goods."
adidas.docx,22,Autor,c_forum0,"Place of delivery and exclusive court of jurisdiction shall be Linz, Austria."
adidas.docx,23,Autor,docu12,You can ﬁnd thoseTerms & Conditions applicable in your country here 
Booking.com.docx,0,Autor,Sever0,"If anything in these Terms is (or becomes) invalid or, unenforceable:it will still be enforced to the fullest extent permitted by lawyou will still be bound by everything else in the Terms."
Booking.com.docx,1,Autor,uncle,To the extent permitted by law
Booking.com.docx,2,Autor,ltd-1,"we can’t be held responsible for any errors, any interruptions, or any missing bits of information - although we will do everything we can to correct/fix them as soon as we can"
Booking.com.docx,3,Autor,docu,Our values
Booking.com.docx,4,Autor,docu,Privacy and Cookies Statement
Booking.com.docx,5,Autor,docudocudocu,"the Rentalcars.com Privacy Statement, Cars.booking.com Privacy Statement, or Taxi.booking.com Privacy Statement"
Booking.com.docx,6,Autor,docu,https://www.booking.com/genius.html
Booking.com.docx,7,Autor,serv_chg-1,". We may change, suspend or end any aspect of the Wallet, Rewards and Credits. In particular, we might change:these Rewards & Wallet termswhich users we allow to have a Walletwhich Rewards or Credits we providethe expiration dates of any Rewards or Creditsany Individual Reward Criteria."
Booking.com.docx,8,Autor,docu,our criteria
Booking.com.docx,9,Autor,cnt_del-1cnt_mod0,"Just to make it clear: we’re not responsible and liable for any picture uploaded to our Platform, we’re allowed to remove any picture upon our discretion (for instance, if we detect that a picture does not meet the above criteria)."
Booking.com.docx,10,Autor,com_sys0,". If you have a query or complaint, please contact our Customer Service team. You can do this by accessing your Booking, or through our app, or through our Help Centre (where you’ll also find some useful FAQs). You can help us help you as quickly as possible - by providing:your Booking confirmation number, your contact details, your PIN code (if you have one) and the email address you used when you made your Bookinga summary of the issue, including how you’d like us to help youany supporting documents (bank statement, pictures, receipts, etc.)"
Booking.com.docx,11,Autor,acc_sus0acc_del0disc-1pato:  funny and unclear way of presenting the provision,". We have the right to stop you making any Bookings, to cancel any Bookings you’ve already made, and/or to stop you using our Platform, our Customer Service, and/or your Account. Of course, we’ll only do this if, in our opinion, there’s a good reason to - for example"
Booking.com.docx,12,Autor,uncle,To the extent permitted by mandatory consumer law
Booking.com.docx,14,Autor,uncle,to the extent permitted by law
Booking.com.docx,13,Autor,ltd0,"To the extent permitted by mandatory consumer law, we’ll only be liable for costs you incur as a direct result of a failure on our behalf. This means, to the extent permitted by law, we won’t be liable for (e.g.) any:indirect loss or indirect damageinaccurate information about a Service Providerproduct, service or action of a Service Provider or other business partnermistake in an email address, phone number or credit card number (unless it’s our fault)force majeure or event beyond our control."
Booking.com.docx,15,Autor,uncle,to the extent permitted by law:
Booking.com.docx,16,Autor,uncle,To the extent permitted by law
Booking.com.docx,17,Autor,ltd_cap-1,"the most that we, or any Service Provider, will be liable for (whether for one event or a series of connected events) is the cost of your Booking, as set out in your confirmation email."
Booking.com.docx,18,Autor,uncle,"You may be protected by mandatory consumer protection laws and regulations, which guarantee you rights that no company’s terms can overrule. In that case, our liability is determined not just by these Terms, but also by any applicable consumer protection laws and regulations."
Booking.com.docx,19,Autor,uncle,"To the extent permitted by mandatory local (consumer) law,"
Booking.com.docx,20,Autor,c_law-1,"these Terms and our services will be governed by Dutch law (for accommodations, flights or attractions) or English law (for car rentals and private/public transport)."
Booking.com.docx,21,Autor,uncle,To the extent permitted by mandatory local (consumer) law
Booking.com.docx,22,Autor,c_forum-1,"any dispute will exclusively be submitted to the competent courts in Amsterdam (for accommodations, flights or attractions) or England and Wales (for car rentals and private/public transport)."
Booking.com.docx,23,Autor,docu,We Price Match
Booking.com.docx,24,Autor,docu,How We Work
Booking.com.docx,25,Autor,ind0,"When you purchase a Flight, you agree not to do this, and to indemnify us against any airline claims for any difference between the cost of your actual journey and the cost of the full journey specified on your ticket(s)."
Booking.com.docx,27,Autor,uncle,to the fullest extent permitted by law
Booking.com.docx,26,Autor,ltd-1,"By arranging travel to or from any location, we are not guaranteeing that it is without risk – and, to the fullest extent permitted by law, we will not be liable for any resulting damages or losses."
Netflix.docx,0,Autor,what,"Netﬂix provides a personalized subscription service that allows our members to access entertainment content (""Netﬂix content"") over the Internet on certain Internet-connected TVs, computers and other devices (""Netﬂix ready devices"")."
Netflix.docx,1,Autor,what,recommendations and reviews
Netflix.docx,2,Autor,acc_sus 0,we may suspend your access to the service until we have successfully charged a validPayment Method.
Netflix.docx,3,Autor,contr_chg -1price_chg0,"We may change our subscription plans and the price of our service from time to time; however, any price changes or changes to your subscription plans will apply no earlier than 30 days following notice to you."
Netflix.docx,4,Autor,serv_chg -1,The content that may be available will vary by geographic location and will change from time to time.
Netflix.docx,5,Autor,serv_chg -1,"The Netﬂix service, including the content library, is regularly updated."
Netflix.docx,6,Autor,acc_sus 0; acc_del 0,We may terminate or restrict your use of our service if you violate these Terms of Use or are engaged in illegal or fraudulent use of the service.
Netflix.docx,7,Autor,acc_sus 0; acc_del 0,"We can terminate your account or place your account on hold in order to protect you, Netﬂix or our partners from identity theft or other fraudulent activity."
Netflix.docx,8,Autor,c_law -1,These Terms of Use shall be governed by and construed in accordance with the laws of the Netherlands.
Netflix.docx,9,Autor,uncle 1,These terms will not limit any consumer protection rights that you may be entitled to under the mandatory laws of your country of residence.
Netflix.docx,10,Autor,sugg 0; pato,"Netﬂix does not accept unsolicited materials or ideas for Netﬂix content, and is not responsible for the similarity of any of its content or programming in any media to materials or ideas transmitted to Netﬂix."
Netflix.docx,11,Autor,sever 0,"If any provision or provisions of these Terms of Use shall be held to be invalid, illegal, or unenforceable, the validity, legality and enforceability of the remaining provisions shall remain in full force and effect."
Netflix.docx,12,Autor,contr_chg -1,"Netﬂix may, from time to time, change these Terms of Use. We will notify you at least 30 days before such changes apply to you."
PAYBACK.docx,0,Autor,what1,W ramach Programu PAYBACK za czynności określone przez Partnerów Programu lub Loyalty Partner (w tym nabycie określonych produktów lub usług Partnerów Programu w ilości wskazanej na stronie internetowej Programu (www.payback.pl) w zakładce „Sklepy online” lub „Sklepy stacjonarne” zostaną przyznane punkty PAYBACK („Punkty”).
PAYBACK.docx,1,Autor,acc_sus0,W takim przypadku Państwa Konto zostanie zablokowane do czasu wyjaśnienia nieprawidłowości.
PAYBACK.docx,2,Autor,virtu1,"W związku z dokonywaniem czynności, o których mowa w pkt 2.2 niniejszych Warunków Uczestnictwa, z wykorzystaniem numeru PAYBACK, zostaną Państwu przyznane Punkty. Informacja o liczbie przyznawanych Punktów jest dostępna na stronie internetowej www.payback.pl w zakładkach „Sklepy online” lub „Sklepy stacjonarne”,."
PAYBACK.docx,3,Autor,virtu2,Punkty nie podlegają wymianie na pieniądze. Punkty nie są pieniądzem elektronicznym
PAYBACK.docx,4,Autor,virtu3,"Jeżeli nie dojdzie do nabycia towarów lub usług, za które zostały Państwu przyznane Punkty, np. gdy odstąpią Państwo od umowy, wypowiedzą ją lub uchylą się od skutków prawnych oświadczenia woli, Loyalty Partner i Partnerzy Programu zastrzegają sobie prawo do cofnięcia przyznanych Państwu Punktów. To samo dotyczy przypadków nadużyć lub błędnego zaksięgowania transakcji."
PAYBACK.docx,5,Autor,virtu4,"W przypadku zmiany prawa w powyższym zakresie Loyalty Partner zastrzega możliwość zmiany liczby Punktów, która może być jednorazowo wymieniona na Nagrody"
PAYBACK.docx,6,Autor,docu1,regulaminie zamawiania i dostawy Nagród 
PAYBACK.docx,7,Autor,virtu5,"Punkty wymieniane są zgodnie z kolejnością ich uzyskania w Programie, tzn. Punkty uzyskane przez Państwa wcześniej wymieniane są w pierwszej kolejności."
PAYBACK.docx,8,Autor,virtu6,"Jeśli nie postanowiono inaczej Punkty PAYBACK wygasają po upływie, trzydziestu sześciu miesięcy od ich przyznania , jeśli nie zostały w tym czasie wymienione na Nagrody zgodnie z zasadami Programu"
PAYBACK.docx,9,Autor,acc_del-1,"Ponadto, jeśli w okresie następujących po sobie dwunastu miesięcy w stosunku do danego Konta PAYBACK nie zostaną Państwu przyznane Punkty PAYBACK ani nie wymienią Państwo Punktów PAYBACK na Nagrody, Państwa Konto PAYBACK może zostać zamknięte, a znajdujące się na nim Punkty wygasną."
PAYBACK.docx,10,Autor,acc_sus0acc_del0,"Z ważnych powodów Loyalty Partner może zawiesić, lub wypowiedzieć Państwu uczestnictwo w Programie. Za ważne powody, o których mowa w zdaniu poprzednim uznaje się: "
PAYBACK.docx,11,Autor,com_sys0,"Możecie Państwo odwołać się od wypowiedzenia w ciągu czternastu dni od otrzymania zawiadomienia o wypowiedzeniu, wysyłając pisemne oświadczenie zawierające uzasadnienie na adres Biura Obsługi PAYBACK (Al. Konstytucji 3 Maja 11, 96-200 Rawa Mazowiecka). Loyalty Partner udzieli Państwu odpowiedzi w ciągu trzydziestu dni od dnia wpływu Państwa odwołania."
PAYBACK.docx,12,Autor,virtu7,"Zakończenie uczestnictwa w Programie prowadzi do utraty zebranych Punktów. Uczestnik, który zamierza zrezygnować z Programu, powinien uprzednio wykorzystać zgromadzone Punkty."
PAYBACK.docx,13,Autor,contr_chg0,"Niniejsze Warunki Uczestnictwa mogą zostać zmienione lub uzupełnione przez Loyalty Partner z przyczyn takich jak konieczność zapewnienia bezpiecznego i zgodnego z przepisami prawa funkcjonowania Programu, a w szczególności zapobiegania nadużyciom. "
PAYBACK.docx,14,Autor,virtu8,Podział Punktów miedzy Współuczestnikami jest możliwy w drodze powództwa o zniesienie współwłasności.
PAYBACK.docx,15,Autor,com_sys0,"Reklamacje lub informacje o nieprawidłowościach dotyczących Programu PAYBACK prosimy zgłaszać do Biura Obsługi PAYBACK – na piśmie na adres: Al. Konstytucji 3 Maja 11, 96-200 Rawa Mazowiecka lub za pomocą formularza kontaktowego na stronie www.payback.pl w zakładce „Kontakt”. Loyalty Partner rozpatrzy reklamację niezwłocznie, nie później niż w ciągu czternastu dni od daty ich otrzymania. Mogą Państwo skorzystać z pozasądowych sposobów rozpatrywania reklamacji i dochodzenia roszczeń zgodnie z zasadami określonymi na stronie www.uokik.gov.pl w zakładce „Rozstrzyganie sporów konsumenckich”(lub na stronie internetowej innego właściwego organu do spraw ochrony konsumentów)."
PAYBACK.docx,16,Autor,c_law-1: but the service is provided only for the Polish citizens,"Dla wszystkich praw i obowiązków, jakie wynikną z niniejszych Warunków Uczestnictwa, właściwe jest prawo polskie."
Yahoo.docx,0,Autor,docu,Privacy Center
Yahoo.docx,1,Autor,docu,community guidelines
Yahoo.docx,2,Autor,docu,supplemental terms
Yahoo.docx,3,Autor,ind0 (but business only),"If you are using the Services on behalf of a company, business or other entity, or if you are using the Services for commercial purposes, you and the entity will hold harmless and indemnify the Yahoo Entities (deﬁned in Section 8 below) from any suit, claim or action arising from or related to the use of the Services or violation of these Terms, including any liability or expense arising from claims (including claims for negligence), losses, damages, suits, judgments, litigation costs and attorneys’ fees."
Yahoo.docx,4,Autor,recom-1,. By using and beneﬁtting from Yahoo's Services you recognize that personalization lies at the core of many of our services. We can only provide many of these Services by using your personal data to provide personalized content and ads. Please visit our Privacy Center to learn more about personalization.
Yahoo.docx,5,Autor,cnt_del0cnt_mod0,"We may remove and refuse to display content that violates the Terms orapplicable laws or regulations, but that does not mean that we monitor the Services or review or screen any content"
Yahoo.docx,6,Autor,IP-1,"grant to us a worldwide, royalty- free, non-exclusive, perpetual, irrevocable, transferable, sublicensable license to (a) use, host, store, reproduce, modify, prepare derivative works (such as translations, adaptations, summaries or other changes), communicate, publish, publicly perform, publicly display, and distribute this content in any manner, mode of delivery or media now known or developed in the future; and (b) permit other users to access, reproduce, distribute, publicly display, prepare derivative works of, and publicly perform your content via the Services, as may be permitted by the functionality of those Services (e.g., for users to re-blog, re-post or download your content). "
Yahoo.docx,7,Autor,Serv_chg-1,"We are constantly innovating, changing and improving the Services. Unless stated differently for your country in Section 14, we may, without notice, add or remove functionalities or features, create new limits to the Services, or temporarily or permanently suspend or stop a Service."
Yahoo.docx,8,Autor,Acc_sus-1Acc_del-1,"Unless stated differently for your country in Section 14, we may temporarily or permanently suspend or terminate your account or impose limits on or restrict your access to parts or all of the Services at any time, without notice and for any reason, including, but not limited to, violation of these Terms, court order, or inactivity."
Yahoo.docx,9,Autor,uncle,TO THE FULLEST EXTENT PERMITTED BY APPLICABLE LAW
Yahoo.docx,10,Autor,as_is-1,"WE, ALONG WITH OUR PARENT COMPANIES, SUBSIDIARIES, AFFILIATES, OFFICERS, DIRECTORS, EMPLOYEES, CONTRACTORS, AGENTS, PARTNERS, LICENSORS AND DISTRIBUTORS (COLLECTIVELY YAHOO ENTITIES) DO NOT MAKE ANY REPRESENTATIONS, PROMISES, OR WARRANTIES, EXPRESS OR IMPLIED, ABOUT THE SERVICES. WE PROVIDE OUR SERVICES “AS-IS,” “WITH ALL FAULTS,” AND “AS AVAILABLE.” YOUR USE OF THE SERVICES, INCLUDING CONTENT WITHIN THE SERVICES, IS AT YOUR OWN RISK AND WE DO NOT REPRESENT, PROMISE, OR WARRANT THAT THE SERVICES WILL BE UNINTERRUPTED, TIMELY, SECURE, OR ERROR-FREE. YOU UNDERSTAND AND AGREE THAT NO DATA TRANSMISSION OVER THE INTERNET OR INFORMATION STORAGE TECHNOLOGY CAN BE GUARANTEED TO BE SECURE, AND WE EXPRESSLY DISCLAIM ANY WARRANTIES, EXPRESS OR IMPLIED, TO THAT EFFECT. WE MAKE NO COMMITMENTS, PROMISES OR WARRANTIES ABOUT THE CONTENT WITHIN THE SERVICES OR CONTENT LINKED FROM THE SERVICES, THE SUPPORT WE PROVIDE FOR THE SERVICES, THE SPECIFIC FUNCTIONS OF THE SERVICES, THE SECURITY OF THE SERVICES, OR THE SERVICES’ RELIABILITY, QUALITY, ACCURACY, AVAILABILITY, OR ABILITY TO MEET YOUR NEEDS, PROVIDE CERTAIN OUTPUTS OR ACHIEVE CERTAIN RESULTS."
Yahoo.docx,11,Autor,uncle,"SOME JURISDICTIONS PROVIDE FOR CERTAIN IMPLIED WARRANTIES, SUCH AS THE IMPLIED WARRANTY OF MERCHANTABILITY, FITNESS FOR A PARTICULAR PURPOSE AND NON-INFRINGEMENT. TO THE FULLEST EXTENT PERMITTED BY APPLICABLE LAW, WE DISCLAIM ANY AND ALL IMPLIED OR EXPRESS PROMISES OR WARRANTIES ABOUT THE SERVICES."
Yahoo.docx,12,Autor,uncle,TO THE FULLEST EXTENT PERMITTED BY APPLICABLE LAW
Yahoo.docx,13,Autor,ltd-1,"YOU AGREE ANDUNDERSTAND THAT YAHOO ENTITIES WILL NOT BE LIABLE FOR: ANY INDIRECT, SPECIAL, INCIDENTAL, CONSEQUENTIAL, TREBLE OR OTHER MULTIPLES OF DAMAGES, EXEMPLARY OR PUNITIVE DAMAGES ARISING FROM OR IN CONNECTION WITH THESE TERMS OR YOUR USE OF THE SERVICES. YAHOO ENTITIES ARE NOT RESPONSIBLE FOR ANY LOST PROFITS, LOST REVENUES, LOST BUSINESS OPPORTUNITIES, DIMINUTION IN VALUE, INCLUDING ANY ALLEGED LOSS OR DIMINUTION IN VALUE OF PERSONAL INFORMATION, OR ANY OTHER LOSSES (COLLECTIVELY, “LOSSES”) ARISING FROM OR IN CONNECTION WITH THESE TERMS OR YOUR USE OF OR ACCESS TO THE SERVICES, INCLUDING, BUT NOT LIMITED TO, LOSSES RESULTING FROM OR IN CONNECTION WITH: THE DELETION OF, ALTERATION OF, MIS-DELIVERY OF, OR FAILURE TO STORE DATA MAINTAINED OR TRANSMITTED BY THE SERVICES; THE LIMITING, SUSPENSION OR TERMINATION OF YOUR ACCOUNT; YOUR DOWNLOADING OR SHARING OF INFORMATION, INCLUDING PERSONAL INFORMATION, VIA THE SERVICES; THE UNAUTHORIZED ACCESS TO YOUR ACCOUNT OR ANY DATA MAINTAINED OR TRANSMITTED BY THE SERVICES; LINKS PROVIDED BY THE SERVICES OR THIRD PARTIES TO EXTERNAL SITES OR RESOURCES; YOUR DEALINGS WITH OR PARTICIPATION IN PROMOTIONS OF ADVERTISERS FOUND ON OR THROUGH THE SERVICES; OR ANY GOOD OR SERVICES SOLD BY SUCH ADVERTISERS. YAHOO ENTITIES WILL NOT BE LIABLE FOR PROBLEMS CAUSED BY OTHERS, THE WRONGFUL OR UNLAWFUL ACTIONS OF THIRD PARTIES, OR AN ACT OF GOD. THE LIMITATIONS AND EXCLUSIONS IN THESE TERMS WILL APPLY WHETHER OR NOT WE HAVE BEEN ADVISED OF OR SHOULD HAVE BEEN AWARE OF THE POSSIBILITY OF ANY LOSSES ARISING"
Yahoo.docx,14,Autor,uncle,TO THE FULLEST EXTENT PERMITTED BY LAW AND EXCEPT AS OTHERWISE STATED IN SECTION 14
Yahoo.docx,15,Autor,ltd_cap-1,YAHOO ENTITIES ARE NOT LIABLE IN CONNECTION WITH ANY DISPUTES THAT ARISE OUT OF OR RELATE TO THESE TERMS OR SERVICES FOR ANY AMOUNT GREATER THAN THE AMOUNT YOU PAID TO US FOR THE SERVICES.
Yahoo.docx,16,Autor,sugg0,"You agree that any recommendation, idea, proposal, suggestion, feedback or other input (“Feedback”) you submit to us related to our products, services, websites, apps, or technology may be used by us without any notice, obligation, restriction,reimbursement or compensation to you and you waive (or agree not to enforce) any and all rights that may now or in future exist (including moral and equivalent rights) in any Feedbac"
Yahoo.docx,17,Autor,price_chg0,We may change our fees and billing methods at any time. We will provide you with notice of any price increase at least thirty (30) days in advance
Yahoo.docx,18,Autor,uncle,Subject to applicable law
Yahoo.docx,19,Autor,contr_chg-1,"Unless stated differently for your country in Section 14, we may modify the Terms from time to time. Unless we indicate otherwise, modiﬁcations will be effective as of the date they are posted on this page or any successor page. You should look at the Terms regularly. We will provide notice (in accordance with Section 3(c) above) of material modiﬁcations."
Yahoo.docx,20,Autor,sever0,"If any provision (or part of a provision) of these Terms is found to be invalid,you and we nevertheless agree to give effect to the intentions as reﬂected in the provision, and the other provisions of these Terms remain in full force and effect."
Yahoo.docx,21,Autor,tran-1,"We may freely assign these Terms and all of the policies and other documents incorporated or referenced in it (including all rights, licenses, and obligations under it or them), in whole or in part and without notice, for any reason, including for the purpose of internal restructuring (for example, mergers or liquidations"
Yahoo.docx,22,Autor,arb0,"YOU AND US BOTH AGREE TO RESOLVE ANY AND ALL DISPUTES, CONTROVERSIES OR CLAIMS THAT IN ANY WAY ARISE OUT OF OR RELATE TO THESE TERMS OR FROM ANY SERVICES YOU RECEIVE FROM US (OR FROM ANY ADVERTISING FOR ANY SUCH SERVICES), INCLUDING ANY DISPUTES BETWEEN YOU AND OUR EMPLOYEES OR AGENTS (“DISPUTE(S)”), ONLY BY ARBITRATION ON AN INDIVIDUAL BASIS OR IN SMALL CLAIMS COURT. YOU UNDERSTAND THAT BY AGREEING TO THESE TERMS, ARBITRATION OR A SMALL CLAIMS ACTION WILL BE THE SOLE AND EXCLUSIVE MEANS OF RESOLVING ANY DISPUTE BETWEEN US. YOU ALSO UNDERSTAND THAT BY AGREEING TO THESE TERMS, YOUAND WE ARE GIVING UP THE RIGHT TO BRING A CLAIM IN COURT OR IN FRONT OF A JURY (EXCEPT FOR MATTERS THAT MAY BE BROUGHT IN SMALL CLAIMS COURT), AND THAT YOU AND WE ARE GIVING UP THE RIGHT TO PROCEED WITH ANY CLASS ACTION OR OTHER REPRESENTATIVE ACTION. WHILE ARBITRATION PROCEDURES MAY BE DIFFERENT THAN COURT PROCEDURES, AN ARBITRATOR CAN AWARD YOU INDIVIDUALLY THE SAME DAMAGES AND RELIEF AS A COURT, AND JUDGMENT ON THE AWARD RENDERED BY THE ARBITRATOR MAY BE ENTERED AND ENFORCED IN ANY COURT HAVING JURISDICTION THEREOF. THE PARTIES UNDERSTAND THAT ABSENT THIS MANDATORY PROVISION, THEY WOULD HAVE THE RIGHT TO SUE IN COURT AND HAVE A JURY TRIAL. THEY FURTHER UNDERSTAND THAT, IN SOME INSTANCES, THE COSTS OF ARBITRATION COULD EXCEED THE COSTS OF LITIGATION AND THE RIGHT TO DISCOVERY MAY BE MORE LIMITED IN ARBITRATION THAN IN COURT."
Yahoo.docx,23,Autor,sever0,"If any part of this agreement to arbitrate is found by a court of competent jurisdiction to be unenforceable, the court will reform the agreement to the extent necessary to cure the unenforceable part(s), and the parties will arbitrate their Dispute(s) without reference to or reliance upon the unenforceable part(s). However, if for any reason the Class Action Waiver set forth below in subsection 14.2.c cannot be enforced as to some or all of the Dispute, then the agreement to arbitrate will not apply to that Dispute or portion thereof. Any Disputes covered by any deemed unenforceable Class Action Waiver provision may only be litigated in a court of competent jurisdiction, but the remainder of the agreement to arbitrate will be binding and enforceable. To avoid any doubt or uncertainty, the parties do not agree to class arbitration or to the arbitration of any claims brought on behalf of others"
Yahoo.docx,24,Autor,class0,"THESE TERMS DO NOT ALLOW CLASS OR COLLECTIVE ARBITRATIONS, EVEN IF THE AAA PROCEDURES OR RULES WOULD. NOTWITHSTANDING ANY OTHER PROVISION OF THESE TERMS, THE ARBITRATOR MAY AWARD MONEY OR INJUNCTIVE RELIEF ONLY IN FAVOR OF THE INDIVIDUAL PARTY SEEKING RELIEF AND ONLY TO THE EXTENT NECESSARY TO PROVIDE THE RELIEF WARRANTED BY THAT PARTY'S INDIVIDUAL CLAIM. ARBITRATION OR COURT PROCEEDINGS HELD UNDER THESE TERMS CANNOT BE BROUGHT, MAINTAINED OR RESOLVED ON BEHALF OF OR BY A CLASS, AS A PRIVATE ATTORNEY-GENERAL, OR IN ANY OTHER REPRESENTATIVE CAPACITY. IN ADDITION, INDIVIDUAL PROCEEDINGS CANNOT BE COMBINED WITHOUT THE CONSENT OF ALL OFTHE PARTIES. ANY QUESTION REGARDING THE ENFORCEABILITY OR INTERPRETATION OF THIS PARAGRAPH WILL BE DECIDED BY A COURT AND NOT THE ARBITRATOR."
Yahoo.docx,25,Autor,c_law-1,". These Terms and the relationship between the parties, including any claim or dispute that might arise between the parties, whether sounding in contract, tort, or otherwise, will be governed by the laws of the State of New York without regard to its conﬂict of law provisions. In no event will the parties bring claims against one another under the laws of another jurisdiction."
Yahoo.docx,26,Autor,arb-1,"YOU AND YAHOO BOTH AGREE TO RESOLVE ANY AND ALL DISPUTES, CONTROVERSIES OR CLAIMS THAT IN ANY WAY ARISE OUT OF OR RELATETO THESE TERMS OR FROM ANY SERVICES YOU RECEIVE FROM US (OR FROM ANY ADVERTISING FOR ANY SUCH SERVICES), INCLUDING ANY DISPUTES BETWEEN YOU AND OUR EMPLOYEES OR AGENTS (“DISPUTE(S)”), ONLY BY ARBITRATION ON AN INDIVIDUAL BASIS OR IN SMALL CLAIMS COURT. YOU UNDERSTAND THAT BY AGREEING TO THESE TERMS, ARBITRATION OR A SMALL CLAIMS ACTION WILL BE THE SOLE AND EXCLUSIVE MEANS OF RESOLVING ANY DISPUTE BETWEEN US. YOU ALSO UNDERSTAND THAT BY AGREEING TO THESE TERMS, YOU AND YAHOO ARE GIVING UP THE RIGHT TO BRING A CLAIM IN COURT OR IN FRONT OF A JURY (EXCEPT FOR MATTERS THAT MAY BE BROUGHT IN SMALL CLAIMS COURT), AND THAT YOU AND YAHOO ARE GIVING UP THE RIGHT TO PROCEED WITH ANY CLASS ACTION OR OTHER REPRESENTATIVE ACTION. WHILE ARBITRATION PROCEDURES MAY BE DIFFERENT THAN COURT PROCEDURES, AN ARBITRATOR CAN AWARD YOU INDIVIDUALLY THE SAME DAMAGES AND RELIEF AS A COURT, AND JUDGMENT ON THE AWARD RENDERED BY THE ARBITRATOR MAY BE ENTERED AND ENFORCED IN ANY COURT HAVING JURISDICTION THEREOF. THE PARTIES UNDERSTAND THAT ABSENT THIS MANDATORY PROVISION, THEY WOULD HAVE THE RIGHT TO SUE IN COURT AND HAVE A JURY TRIAL. THEY FURTHER UNDERSTAND THAT, IN SOME INSTANCES, THE COSTS OF ARBITRATION COULD EXCEED THE COSTS OF LITIGATION AND THE RIGHT TO DISCOVERY MAY BE MORE LIMITED IN ARBITRATION THAN IN COURT."
Yahoo.docx,27,Autor,class-1,"THESE TERMS DO NOT ALLOW CLASS OR COLLECTIVE ARBITRATIONS, EVEN IF THE AAA PROCEDURES OR RULES WOULD. NOTWITHSTANDING ANY OTHER PROVISION OF THESE TERMS, THE ARBITRATOR MAY AWARD MONEY OR INJUNCTIVE RELIEF ONLY IN FAVOR OF THE INDIVIDUAL PARTY SEEKING RELIEF AND ONLY TO THE EXTENT NECESSARY TO PROVIDE THE RELIEF WARRANTED BY THAT PARTY'S INDIVIDUAL CLAIM. ARBITRATION OR COURT PROCEEDINGS HELD UNDER THESE TERMS CANNOT BE BROUGHT, MAINTAINED OR RESOLVED ON BEHALF OF OR BY A CLASS, AS A PRIVATE ATTORNEY-GENERAL, OR IN ANY OTHER REPRESENTATIVE CAPACITY. IN ADDITION, INDIVIDUAL PROCEEDINGS CANNOT BE COMBINED WITHOUT THE CONSENT OF ALL OF THE PARTIES. ANY QUESTION REGARDING THE ENFORCEABILITY OR INTERPRETATION OF THIS PARAGRAPH WILL BE DECIDED BY A COURT AND NOT THE ARBITRATOR."
Yahoo.docx,28,Autor,c_law-1,"These Terms and the relationship between the parties, including any claim or dispute that might arise between the parties, whether sounding in contract, tort, or otherwise, will be governed by the laws of the State of New York withoutregard to its conﬂict of law provisions. In no event will the parties bring claims against one another under the laws of another jurisdiction."
Yahoo.docx,29,Autor,c_forum-1,"If for any reason a Dispute proceeds in court rather than through arbitration, all such Disputes (regardless of theory) arising out of or relating to these Terms, or the relationship between you and us, will be brought exclusively in the courts located in the county of New York, New York or the U.S. District Court for the Southern District of New York. In such cases, you and we agree to submit to the personal jurisdiction of the courts located within the county of New York, New York or the Southern District of New York, and agree to waive any and all objections to the exercise of jurisdiction over the parties by such courts and to venue in such courts."
The Witcher - Monster Slayer.docx,0,Autor,"arb_0, uncle_1","Depending on where you live, there are important rules regarding liability and dispute resolution (including mandatory arbitration and waiver of jury trial if you live in the USA)."
The Witcher - Monster Slayer.docx,1,Autor,docu_1,SPOKKO’s Privacy Policy explains what information is collected to provide you with access to TWMS and how it’s protected.
The Witcher - Monster Slayer.docx,2,Autor,docu_2,"Our Fan Content Guidelines explain what stuff you can make regarding TWMS (e.g. fan art, community sites)."
The Witcher - Monster Slayer.docx,3,Autor,docu_1 and docu_2 again,Fan Content Guidelines and SPOKKO Privacy Policy
The Witcher - Monster Slayer.docx,4,Autor,uncle_2,"please ask your parent(s) or guardian(s) to review and approve this Agreement on your behalf (because in some countries people under a certain age cannot legally enter fully into contracts like this Agreement), plus they should supervise your use of TWMS."
The Witcher - Monster Slayer.docx,5,Autor,"pato_1; ""cool"" decorum of the ToS may lead to suggestions that the user can ignore the law","We know it sounds kind of silly – no, it is not our own invention, but actually a legal requirement."
The Witcher - Monster Slayer.docx,6,Autor,pato_2 - seems like a hidden advertisement within the text of an Agreement,We would love for you to invite your friends to play too 
The Witcher - Monster Slayer.docx,7,Autor,pato (acc_del_-1?),"In order to protect TWMS, TWMS users and ourselves, SPOKKO reserves the right if really necessary to reject any user account if it would breach this Agreement or other legal rules linked to in this document."
The Witcher - Monster Slayer.docx,8,Autor,"serv_chg_0, ltd_-1","As part of these patches, updates or changes, we may need to impose limits on, or remove/restrict access to, certain game features (without notice or liability). We need these rights in order to keep TWMS running efficiently."
The Witcher - Monster Slayer.docx,9,Autor,uncle_3,". TWMS and its Intellectual Property Rights are protected by copyright, trademark and other intellectual property laws worldwide"
The Witcher - Monster Slayer.docx,10,Autor,"acc_sus 0, acc_del 0","Please read the rules below and the Fan Content Guidelines carefully since failure to follow them (particularly those in relation to cheating) will be considered a material breach of this Agreement, which could lead to cancellation or suspension of your access to TWMS."
The Witcher - Monster Slayer.docx,11,Autor,pato 3 (acc_del -1?),In particularly serious cases we retain the right to prohibit your future access to the game.
The Witcher - Monster Slayer.docx,12,Autor,"pato 5: there is no basis for such limiting the use of the software. What is ""entertainment""?",Only use TWMS for your personal enjoyment and not for any commercial or political purposes.
The Witcher - Monster Slayer.docx,13,Autor,Ltd -1,"Your use of TWMS is at your own risk; to the maximum extent permitted by applicable law, SPOKKO, its affiliates, partners and licensors disclaim all liability related to any injury, death or property damage that may occur during your use of TWMS."
The Witcher - Monster Slayer.docx,14,Autor,uncle 4,". Geographic/regional restrictions. We ask you to follow any applicable geographic or regional, language or location-based restrictions, requirements or rules regarding TWMS."
The Witcher - Monster Slayer.docx,15,Autor,"pato 4: it seems that the 'friendly' right column is designed to divert the user's attention from the binding clauses of the agreement. This text does not cover the most important elements of the clause, like waiver of liability. Instead it focuses on the obligations of the consumer.",TWMS is here for your personal enjoyment – please use it for this purpose only. Please don't hack the game. Being nice and kind to each other while we game together is the right thing to do!
The Witcher - Monster Slayer.docx,16,Autor,cnt_del 0,"If you do share Shared User Content, then it is at your responsibility and risk. SPOKKO has the right (but not the obligation) to check and remove any inappropriate or illegal Shared User Content."
The Witcher - Monster Slayer.docx,17,Autor,ltd -1,SPOKKO does not assume any responsibility or liability for Shared User Content.
The Witcher - Monster Slayer.docx,18,Autor,IP0,"So, when you make your Shared User Content available through TWMS you give us a non-exclusive, permanent, irrevocable, worldwide, sub-licensable, royalty-free licence to use, modify, reproduce, create derivative works from, distribute, transmit, communicate and publicly display/perform your Shared User Content in connection with TWMS."
The Witcher - Monster Slayer.docx,19,Autor,virtu 1,"TWMS allows you to purchase virtual, in-game digital items and content including but not limited to cosmetic and in-game enhancements, campaigns and other downloadable content (“Virtual Goods”). You may at our discretion be able to buy certain Virtual Goods with “real world” money, or virtual currencies such as ‘ingredients’ (which you can earn by playing the game), ‘items’ (which you can earn through the TWMS in-game crafting system and/or also by playing the game) or ‘Gold’ (which you can purchase with “real world” money (we will refer to them together as “Virtual Currency”). Only TWMS users can use Virtual Goods and Virtual Currency."
The Witcher - Monster Slayer.docx,20,Autor,virtu 2,"any content purchased in an in-game store will be purchased from SPOKKO through your platform’s operator and may be subject to legal documents presented to you by the respective operator. You agree to the pricing, payment and billing policies applicable to them, as notified to you at the time of purchase. All prices are visible in the in-game store. They’re inclusive of legally applicable sales taxes/VAT. You can pay using payment methods supported by your chosen platform."
The Witcher - Monster Slayer.docx,21,Autor,virtu 3,"Virtual Goods and Virtual Currency are digital items only with no cash-value or real world existence and cannot be ‘bought’, ‘sold’, gifted, transferred or redeemed, whether or not for other Virtual Goods, Virtual Currency, ‘real world’ money, goods, services or items of monetary value. Trading Virtual Goods or Currency is prohibited (unless we specifically permit otherwise in TWMS). Your right to use any Virtual Goods and Virtual Currency that you obtain is limited to a limited, non-exclusive, non-assignable, non-transferable, non-sublicensable, revocable licence to use such Virtual Goods and Virtual Currency solely for your personal entertainment and non-commercial use in TWMS only. You have no property interest or right or title in any Virtual Goods or Virtual Currency, which remain SPOKKO’s property."
The Witcher - Monster Slayer.docx,22,Autor,srv_chg -1,"Virtual Goods and Virtual Currency do not expire, but we reserve the right to change or amend that if necessary."
The Witcher - Monster Slayer.docx,23,Autor,srv_chg -1price_chg0,"The existence of a particular offer for Virtual Goods or Virtual Currency is not a commitment by us to maintain or continue to make the Virtual Goods or Virtual Currency or that offer available in the future. The scope, variety and type of Virtual Goods and Virtual Currency that you may obtain can change at any time and we have the right to manage, regulate, control, modify or remove Virtual Currency or Virtual Goods in our sole discretion if we consider any of this necessary for the ongoing operation of TWMS or for other legitimate reason"
The Witcher - Monster Slayer.docx,24,Autor,ltd -1,we will have no liability to you or anyone for the exercise of such rights.
The Witcher - Monster Slayer.docx,25,Autor,"Pato 6- lack of contact provided, effectively making the feedback impossible",just contact the support team via [•]
The Witcher - Monster Slayer.docx,26,Autor,sugg 0,we are not in any way obliged to reimburse you financially (or in any other fashion).
The Witcher - Monster Slayer.docx,27,Autor,core 2,We warrant that: (i) we have the right to enter into this Agreement and to grant you the licence to use TWMS in section 3; (ii) we will take reasonable care with TWMS and your use of it and (iii) we will use reasonable endeavors to comply with applicable laws in performing our obligations to you under this Agreement.
The Witcher - Monster Slayer.docx,28,Autor,uncle 5,or countries whose laws specifically prohibit the following liability limitations
The Witcher - Monster Slayer.docx,29,Autor,ltd -1,OUR DISCLAIMERS
The Witcher - Monster Slayer.docx,30,Autor,as_is -1,"TWMS is otherwise provided to you on an ""as is"", “AS AVAILABLE”"
The Witcher - Monster Slayer.docx,31,Autor,ltd-1,OUR LIABILITY LIMITATION
The Witcher - Monster Slayer.docx,32,Autor,ltd_cap -1,OUR LIABILITY CAP
The Witcher - Monster Slayer.docx,33,Autor,ind 0,YOUR INDEMNITY TO US
The Witcher - Monster Slayer.docx,34,Autor,ltd_-1,INJUNCTIVE RELIEF
The Witcher - Monster Slayer.docx,35,Autor,acc_sus 1; acc_del 1 - contact about the account suspension or deletion mentioned laterShould earlier sus and del clauses be changed to 1?,"Our termination rights. SPOKKO may cancel or suspend your access to TWMS if you materially breach this Agreement, which includes but is not limited to a breach of this Agreement which is serious and/or which could cause real harm to TWMS, TWMS users, SPOKKO, CD PROJEKT RED or other matters governed under this Agreement."
The Witcher - Monster Slayer.docx,36,Autor,ltd -1,"If SPOKKO cancels or suspends your account under this section, then we will not have any obligations or liabilities to you at all."
The Witcher - Monster Slayer.docx,37,Autor,pato 7 - lack of information where the notice will be published,[•]
The Witcher - Monster Slayer.docx,38,Autor,ltd-1,"In this case, we will not have any future obligations or liabilities to you (this does not affect any pre-existing obligations or liabilities."
The Witcher - Monster Slayer.docx,39,Autor,c_law -1,GOVERNING LAW
The Witcher - Monster Slayer.docx,40,Autor,c_forum -1,under the jurisdiction of the courts of Poland
The Witcher - Monster Slayer.docx,42,Autor,pato 8 - lack of address of the support service,[•]
The Witcher - Monster Slayer.docx,41,Autor,com_sys -1,"If you have concerns or issues with us, we hope we can resolve them quickly and amicably through TWMS support service accessible at [•] "
The Witcher - Monster Slayer.docx,43,Autor,com_sys -1,We and you both agree to make reasonable and good faith efforts to resolve any dispute between us informally. Normally we would suggest that this dispute resolution period lasts 30 days unless exceptional circumstances exist.
The Witcher - Monster Slayer.docx,44,Autor,arb 0,"We and you agree to resolve all disputes and claims between us in individual binding arbitration. This includes without limitation any claims arising from this Agreement, any part of the relationship between you and SPOKKO. This section applies whether the dispute or claim is based in contract, tort, statute, fraud, unfair competition, misrepresentation or any other legal doctrine."
The Witcher - Monster Slayer.docx,45,Autor,class 0,"To the maximum extent permitted by the national or state law applicable, you and we agree not under any circumstances to bring or participate in a class or representative action, private attorney general action or collective arbitration. That means, to the full extent permitted by law, (1) no arbitration shall be joined with any other; (2) there is no right or authority for any dispute to be arbitrated on a class-action basis or to utilize class action procedures; and (3) there is no right or authority for any dispute to be brought in a purported representative capacity on behalf of the general public or any other persons."
The Witcher - Monster Slayer.docx,46,Autor,uncle 6,In case you are entitled to a warranty under laws applicable in your jurisdiction
The Witcher - Monster Slayer.docx,47,Autor,sever 0,"If any part of this Agreement is found not to be legally enforceable, this will not affect any other part of it."
The Witcher - Monster Slayer.docx,48,Autor,uncle 7,"Please remember that we are subject to various laws and we may be required to comply with law enforcement or other legal requirements, including import/export controls."
The Witcher - Monster Slayer.docx,49,Autor,uncle 8 - even if it does not bind it does not depend on the agreement between the parties,You and we agree that the UN Convention on Contracts for the International Sale of Goods does not apply to TWMS or this Agreement.
The Witcher - Monster Slayer.docx,50,Autor,tran -1,"We can assign, subcontract or transfer this Agreement to a third party or another member of our group if necessary for the support of TWMS, as part of any reorganization or merger or for other business reasons. We will notify you if this happens."
The Witcher - Monster Slayer.docx,51,Autor,contr_chg 0,"We may change this Agreement if we think it is necessary, e.g. for legal reasons or to reflect changes in TWMS. If so, we will make the changed Agreement available online and make reasonable efforts to tell you about it (by e.g. sending you a notice in the game and asking you to accept the change)."
Telegram.docx,0,Autor,docu1,Privacy Policy 
Telegram.docx,1,Autor,serv_chg-1,We reserve the right to update these Terms of Service later.
Hotels.com.docx,0,Autor,Contr_cht-1,"Hotels.com reserves the right to change the terms, conditions, and notices contained in or referred to in these terms and conditions and under which this website/these services are offered at any time and suppliers may change supplier rules and restrictions referred to in these terms and conditions at any time, and you agree to accept and be bound by those terms that are in effect at the time of your relevant use of this website and its facilities including when any travel reservation is made by you (as applicable)"
Hotels.com.docx,1,Autor,docu,here to view our current Privacy Statement
Hotels.com.docx,2,Autor,recom0,"There are many travel options available on our sites and we want to make your search results as relevant as possible. That’s why we offer lots of ways to help you search for and plan your travel.Our site uses complex, dynamic algorithms to ensure your search results are ordered efficiently.On the search results page, you can select how to sort the results we display, and also use filter options to see only those search results that meet your chosen preferences. If you don’t decide to use these features, then you’ll see our chosen default sort order which orders results as follows:for AccommodationResults are ordered starting with the most relevant and competitive offers based on a range of factors, including a property’s offered price compared to its historical prices, its guest rating, number of reviews, number of bookings to date, and location (relative to your destination search).They are also further differentiated by traveller satisfaction factors, including the rangeand quality of images and information provided for properties, the number of guest relocations and the number of refunds due to complaints about stays, property availability on our sites, and the overall price competitiveness for our travellers.In addition, how much we are paid (eg: commissions from accommodation or compensation on bookings) when you book a property and such booking is completed is one of the factors taken into consideration when determining the relative order of properties with similar offers in our search results listings. What we are paid recognisesthe part we play in listing the property on our site, facilitating the booking and facilitating your stay at the property. Where we are displaying properties with a similar offer, then a booking from which we are paid more commission or compensation will feature higher in our search results listing compared to other properties with similar offers where we are paid less commission or compensation on the booking.for Things to DoResults are ordered by taking into account factors such as price, searched-for experiences, location including distance from accommodation options, traveller reviews and local research. In addition, they may also take into account number of bookings to date and compensation we may earn on a booking.for FlightsResults are ordered lowest to highest price. Where two flights have the same price, the shorter flight is listed first.for Combined Searches and Vacation PackagesResults are ordered by the criteria outlined above for each individual component.If you select a specific sort order option such as those prioritising price, deals, guest reviews, property class or rating, distance from centre, etc., the results list will be ordered with a focus on your selected priorities, using the factors described above as they relate to your search. This will also be the case for some pages that showcase offers in a destination or for a style of accommodation, etc.If you apply a filter, the results list will be presented using the factors described above as they relate to your search, filtered by the specific feature(s) and amenity(ies) you’ve selected. We’re constantly updating our systems and testing new ways to refine your results to make them as relevant as possible to accommodate your needs."
Hotels.com.docx,3,Autor,uncle,depending on applicable law
Hotels.com.docx,4,Autor,uncle,in certain jurisdictions
Hotels.com.docx,5,Autor,uncle,In some jurisdictions
Hotels.com.docx,6,Autor,c_law-1,"If you have any questions about these Hotels.com Rewards terms and conditions or your rights and obligations, these will be governed, and construed in accordance with, the laws of Ireland."
Hotels.com.docx,7,Autor,uncle,The Program is void where prohibited by law
Hotels.com.docx,8,Autor,shad_ip1IP-1,"You disclaimany proprietary rights you may have in such User Reviews, and the same may be freely used, copied, distributed and made available in any medium and in any form by Hotels.com or its affiliates without your permission. Where this posting facility is offered, you expressly agree only to submit User Reviews that are appropriate to that service, complying with these terms and conditions and also any accompanying guidelines made available on this website."
Hotels.com.docx,9,Autor,IP-1,"You grant Hotels.com and its subsidiaries and corporate affiliates (collectively, the ""Hotels.com Companies"") and the affiliated, co-branded and/or linked website partners through whom we provide service (collectively, the ""Hotels.com Affiliates""), a nonexclusive, royalty-free, perpetual, transferable, irrevocable and fully sub-licensable right to:use, reproduce, modify, adapt, translate, distribute, publish, create derivative works from and publicly display and perform such User Reviews throughout the world in any media, now known or hereafter devised; anduse the name that you submit in connection with such User Reviews. You acknowledge that the Hotels.com Companies may choose to provide attribution of your User Reviews (for example, listing your name and hometown on a property review that you submit) at our discretion, and that such User Reviews may be shared with our supplier partners."
Hotels.com.docx,10,Autor,Shad_ip2,". You expressly waive any and all ‘moral rights’ (including rights of attribution or integrity) that may subsist in your User Reviews and agree that you have no objection to the publication, use, modification, deletion or exploitation of your User Reviews by us, the Hotels.com Affiliates, Hotels.com Companies or any of our partners or licensees."
Hotels.com.docx,11,Autor,Cnt_del-1Cnt_mod0Disc-1,"Hotels.com reserves the right for any reason in its sole discretion to refuse to post or remove (without notice) any Reviews or User Reviews. Amongst other things, this includes situations where Hotels.com receives a third party complaint and/or has reason to believe that there has been a breach of these terms and conditions or review/photo submission guidelines."
Hotels.com.docx,12,Autor,Acc_del0Cnt_del0Cnt_mod0,"Upon receipt of a Notice, Hotels.com will take appropriate action, including informing the supplier or user that posted the allegedly infringing use of the complaint with a request to consider and respond to the complaint, removal of clearly infringing designations from the listing or website and/or termination of the account of the Hotels.com user in appropriate circumstances."
Hotels.com.docx,13,Autor,Com_sys0,"Hotels.com is here to provide assistance to you in respect of any queries or complaints you may have in relation to your booking of a service via the website. In the event you raise a complaint and/or are entitled to compensation from the provider of the travel service following a problem with your booked service then Hotels.com will assist you and (where relevant) the third party provider of the travel service in an effort to try to resolve the problem.Queries or requests for information or complaints during a trip and post travel can be sent to the email address, or you can call customer services at the details set out, in the ‘contact us’ portal under ‘Support & FAQs’ on the website which will receive complaints on behalf of the providers of the relevant travel services.Please raise any issues you experience during their trip via the number or email referred to above (or as soon as reasonably practicable) so that measures can be taken to resolve the problem and help limit the damage suffered by you. For ease of resolution, you are encouraged to raise any complaint(s) within 30 days of the end of a trip.Complaints about loss of, theft of or damage to luggage, clothing or personal belongings that were not under your control during the stay should be addressed to the property or relevant provider of the travel service.Any hard copy complaints should be directed either to the relevant provider of the travel services using the address provided in their rules and restrictions or to Hotels.com.The European Commission’s Online Dispute Resolution Platform is available at http://ec.euro pa.eu/odr."
Hotels.com.docx,14,Autor,Ltd-1,"In respect of any damages you suffer resulting from your use of the website (but excluding any damages relating to a travel service booked via the website (which shall be as set out in Section 20.2 below)) then subject to the limitations set out in these terms and conditions, you agree that neither Hotels.com nor its affiliates will be liable for any direct, indirect, punitive, special, incidental or consequential losses or damages from the use of the website, any delay or inability to use the website, or from your use of links from the website. In respect of liability for Hotels.com obligations under these terms and conditions, or if Hotels.com is found liable for any loss or damage under these terms and conditions (excluding any liability set out in Section 20.2 which shall be subject to the limitations in that section), then Hotels.com. shall only be liable to you for direct damages that were:reasonably foreseeable by both you and Hotels.com;actually suffered or incurred by you; anddirectly attributable to the actions of Hotels.com,"
Hotels.com.docx,15,Autor,Ltd_cap-1,"and in the event of any liability of Hotels.com, such liability will in no event exceed, in the aggregate, the greater of (a) the cost paid by you for the travel services in question, or (b) one-hundred dollars (US$100.00) or the equivalent in local currency."
Hotels.com.docx,16,Autor,As_is-1,"Except as expressly set out in these terms and conditions, all the information, software, or services displayed on the website is provided without any warranty (either express or implied) or implied term of any kind, including but not limited to any implied warranties or implied terms of satisfactory quality, fitness for a particular purpose or non-infringement. Allsuch implied terms and warranties are excluded. The inclusion or offering of services on this website does not constitute any endorsement or recommendation of such services by Hotels.com or any of its affiliates."
Hotels.com.docx,17,Autor,uncle,then to the extent permitted by law 
Hotels.com.docx,18,Autor,ltd_cap-1,"and in the event of any liability of Hotels.com under this Section 20.2, such liability will in no event exceed, in the aggregate, the cost paid by you to Hotels.com for the service in question."
Hotels.com.docx,19,Autor,uncle,"You have certain statutory rights. The exclusions and limitations contained in these terms and conditions apply only to the extent permitted by law. Nothing in these terms and conditions shall, be deemed to limit or exclude Hotels.com liability for fraud, personal injury or death caused by Hotels.com’s negligence."
Hotels.com.docx,20,Autor,ind0,"You agree to defend and indemnify Hotels.com, its affiliates, and/or their respective suppliers and any of their officers, directors, employees and agents from and against any claims, causes of action, demands, recoveries, losses, damages, fines, penalties or other costs or expenses of any kind or nature including but not limited to reasonable legal and accounting fees, brought by third parties as a result of: (a)your breach of these terms and conditions or the rules and restrictions/documents referenced herein;(b) your violation of any law or the rights of a third party; or (c)your use of this website."
Hotels.com.docx,21,Autor,sever0,"If any part of these terms and conditions is determined to be invalid or unenforceable pursuant to applicable law including, but not limited to, the warranty disclaimers and liability limitations set forth above, then the invalid or unenforceable provision will be deemed superseded by a valid, enforceable provision that most closely matches the intent of the original provision and these terms and conditions shall continue in effect."
Hotels.com.docx,22,Autor,c_law-1,This agreement is governed by the laws of Ireland. 
Hotels.com.docx,23,Autor,c_forum-1,You hereby consent to the exclusive jurisdiction and venue of the Irish courts in all disputes arising out of or relating to the use of this website
Hotels.com.docx,24,Autor,unclepato,"Use of this website is unauthorized in any jurisdiction that does not give effect to all provisions of these terms and conditions, including, without limitation, this section."
Hotels.com.docx,25,Autor,uncle,as permitted by any local law
Hotels.com.docx,26,Autor,uncle,except to the extent that such actions cannot be prohibited by law
Hotels.com.docx,27,Autor,tran-1,"We may transfer, assign, charge, sub-contract or otherwise dispose of these Mobile App Policies and terms of use, or any of our rights or obligations arising under these, at any time."
